recording_id,fold,true_label,pred_label,prob_ASD,prob_NORMAL,prob_PDA,prob_PFO,prob_VSD
ZCH0001,2,NORMAL,NORMAL,1.519201305200113e-05,0.9998780488967896,2.4506263798684813e-05,1.8161410935135791e-06,8.049192547332495e-05
ZCH0002,1,NORMAL,NORMAL,6.824090814916417e-05,0.9998703002929688,9.219352250511292e-06,1.407774198014522e-05,3.8137495721457526e-05
ZCH0003,0,NORMAL,NORMAL,6.939511877135374e-06,0.9999643564224243,2.4849844066920923e-06,2.479766635588021e-06,2.371338996454142e-05
ZCH0004,4,NORMAL,NORMAL,1.7883043256006204e-05,0.9999600648880005,4.521884022778977e-07,5.758889528806321e-06,1.5893027011770755e-05
ZCH0005,2,NORMAL,NORMAL,2.7207084713154472e-05,0.9999487400054932,1.891492843242304e-06,9.754508027981501e-07,2.1212816136539914e-05
ZCH0006,3,NORMAL,NORMAL,0.025422336533665657,0.9739654660224915,6.86816856614314e-05,9.224722452927381e-05,0.0004511914448812604
ZCH0007,1,NORMAL,NORMAL,0.00010267074685543776,0.9997830986976624,1.836669434851501e-05,3.9183400076581165e-05,5.675453940057196e-05
ZCH0008,0,NORMAL,NORMAL,5.811901701235911e-06,0.9999383687973022,7.893805559433531e-06,1.831546910580073e-06,4.6165318053681403e-05
ZCH0009,1,NORMAL,NORMAL,0.001059804460965097,0.9986086487770081,6.316869985312223e-05,0.00014616096450481564,0.0001221633137902245
ZCH0010,1,NORMAL,NORMAL,0.0002121245488524437,0.9997262358665466,3.9663245843257755e-06,8.496657756040804e-06,4.9242207751376554e-05
ZCH0011,4,NORMAL,NORMAL,0.021598437801003456,0.9780582189559937,9.198609404847957e-06,3.1793926609680057e-05,0.0003022720920853317
ZCH0012,2,NORMAL,NORMAL,1.452756805520039e-05,0.9999418258666992,1.5328118934121449e-06,1.7374682101944927e-06,4.027138857054524e-05
ZCH0013,4,NORMAL,NORMAL,1.0605765055515803e-05,0.9999735355377197,2.704273924791778e-07,4.532866569206817e-06,1.1089694453403354e-05
ZCH0014,2,NORMAL,NORMAL,1.3480918823916e-05,0.9999504089355469,1.3926654673923622e-06,2.207583747804165e-06,3.247929998906329e-05
ZCH0015,1,NORMAL,NORMAL,4.630953844753094e-05,0.9998828172683716,7.632223059772514e-06,1.096732376026921e-05,5.2261082601035014e-05
ZCH0016,1,NORMAL,NORMAL,1.251953472092282e-05,0.9999370574951172,1.936898343046778e-06,2.609321199997794e-06,4.5893884816905484e-05
ZCH0017,0,NORMAL,ASD,0.5670569539070129,0.43229979276657104,2.750564817688428e-05,1.708848685666453e-05,0.0005985976895317435
ZCH0018,0,NORMAL,NORMAL,8.347540278919041e-05,0.999859094619751,5.223236712481594e-06,1.344012616755208e-05,3.868713974952698e-05
ZCH0019,0,NORMAL,NORMAL,6.48807372272131e-06,0.9999536275863647,1.7029095715770382e-06,1.5178859484876739e-06,3.6773464671568945e-05
ZCH0020,1,NORMAL,NORMAL,3.927260695490986e-05,0.9998912811279297,3.8679577301081736e-06,6.992734142841073e-06,5.864059130544774e-05
ZCH0021,3,NORMAL,NORMAL,0.00019219066598452628,0.999646782875061,8.571024409320671e-06,2.284366564708762e-05,0.0001295095426030457
ZCH0022,4,NORMAL,NORMAL,2.801730443025008e-05,0.9998643398284912,8.277434631054348e-07,6.855653919046745e-05,3.827938053291291e-05
ZCH0023,4,NORMAL,NORMAL,0.00024323676188942045,0.9997327923774719,3.2136767913470976e-07,6.384729204000905e-06,1.7190928701893426e-05
ZCH0024,4,NORMAL,NORMAL,1.6476931705255993e-05,0.9999672174453735,3.640176373664872e-07,5.431831596069969e-06,1.0529187420615926e-05
ZCH0025,1,NORMAL,NORMAL,0.0006190203712321818,0.9985005855560303,3.1796331313671544e-05,0.00019531464204192162,0.0006532243569381535
ZCH0026,0,NORMAL,NORMAL,3.454192892604624e-06,0.999920129776001,3.3843602977867704e-06,2.2044810066290665e-06,7.093693420756608e-05
ZCH0027,1,NORMAL,NORMAL,5.767151742475107e-05,0.9998853206634521,8.502987839165144e-06,1.9092207367066294e-05,2.949336703750305e-05
ZCH0028,1,NORMAL,NORMAL,0.0001482268125982955,0.9995841383934021,1.767213143466506e-05,0.0001819135941332206,6.807053432567045e-05
ZCH0029,0,NORMAL,NORMAL,6.573773134732619e-06,0.9999791383743286,1.4523405980071402e-06,1.3896737982577179e-06,1.1453410479589365e-05
ZCH0030,0,NORMAL,NORMAL,3.3387898383807624e-06,0.9999687671661377,4.108074335817946e-06,1.406438627782336e-06,2.246227813884616e-05
ZCH0031,4,NORMAL,NORMAL,2.8813936296501197e-05,0.9999175071716309,1.5939592685754178e-06,1.73613825609209e-05,3.4665408747969195e-05
ZCH0032,4,NORMAL,NORMAL,6.485063931904733e-05,0.9998915195465088,2.1285158879891242e-07,1.56883161253063e-05,2.7687843612511642e-05
ZCH0033,4,NORMAL,NORMAL,7.2114053182303905e-06,0.9999798536300659,2.0166083913863986e-07,7.727918273303658e-06,4.9824816414911766e-06
ZCH0034,4,NORMAL,NORMAL,8.832803723635152e-05,0.9998146891593933,1.8709390587900998e-06,1.440418873244198e-05,8.064132271101698e-05
ZCH0035,4,NORMAL,NORMAL,2.088473593175877e-05,0.9999533891677856,4.877236960965092e-07,1.0093152013723738e-05,1.5184741641860455e-05
ZCH0036,4,NORMAL,NORMAL,2.4878883778001182e-05,0.999963641166687,1.8600114515265886e-07,3.2282912343362113e-06,8.03250713943271e-06
ZCH0037,4,NORMAL,NORMAL,1.8672983060241677e-05,0.9999511241912842,8.345641049345431e-07,8.316962521348614e-06,2.0934103304171003e-05
ZCH0038,0,NORMAL,VSD,2.7663687433232553e-05,0.0007023774087429047,1.4652985100838123e-06,6.249471766750503e-07,0.9992678761482239
ZCH0039,2,NORMAL,NORMAL,0.00040027088834904134,0.9989801049232483,9.12324248929508e-05,6.726790616085054e-06,0.0005216960562393069
ZCH0040,3,NORMAL,PDA,0.3200860023498535,0.09164487570524216,0.5778126120567322,0.0018775168573483825,0.008578958921134472
ZCH0041,0,NORMAL,NORMAL,2.9293212264747126e-06,0.9999656677246094,2.739997853495879e-06,1.7288682556682033e-06,2.678966302482877e-05
ZCH0042,4,NORMAL,NORMAL,2.5072811695281416e-05,0.999932050704956,5.240320319899183e-07,2.8334321541478857e-05,1.4111436939856503e-05
ZCH0043,0,NORMAL,NORMAL,8.640883606858552e-06,0.999966025352478,4.383804025565041e-06,2.2897938833921216e-06,1.8768994777929038e-05
ZCH0044,3,NORMAL,NORMAL,0.00045385959674604237,0.9838865399360657,4.436601739143953e-05,0.00015012122457847,0.01546507328748703
ZCH0045,1,NORMAL,NORMAL,1.1211782293685246e-05,0.9999350309371948,1.987108362300205e-06,2.9011853257543407e-06,4.885453017777763e-05
ZCH0046,3,NORMAL,NORMAL,0.00017011309682857245,0.9995867609977722,1.4110007214185316e-05,2.5699555408209562e-05,0.00020326502271927893
ZCH0047,3,NORMAL,NORMAL,0.0005595342954620719,0.9987108707427979,6.229634891496971e-05,0.00010160163219552487,0.0005657104775309563
ZCH0048,1,NORMAL,NORMAL,4.031948992633261e-05,0.9999109506607056,5.7636671044747345e-06,8.146877007675357e-06,3.496372664812952e-05
ZCH0049,0,NORMAL,NORMAL,7.92629271018086e-06,0.9999655485153198,1.540987227599544e-06,1.6990902622637805e-06,2.3371503630187362e-05
ZCH0050,2,NORMAL,NORMAL,1.4764809748157859e-05,0.9999690055847168,5.236038305156399e-07,9.299043881583202e-07,1.4785440725972876e-05
ZCH0051,2,NORMAL,NORMAL,1.2185892956040334e-05,0.9999215602874756,6.0690445025102235e-06,1.6579776911385125e-06,5.849741864949465e-05
ZCH0052,2,NORMAL,NORMAL,1.9289196643512696e-05,0.9999449253082275,2.19016010305495e-06,1.6222703607127187e-06,3.1999989005271345e-05
ZCH0053,1,NORMAL,NORMAL,0.0001136429636972025,0.9997978806495667,1.5742583855171688e-05,2.132774534402415e-05,5.144893657416105e-05
ZCH0054,0,NORMAL,NORMAL,0.011819681152701378,0.947028398513794,0.00010929749259958044,2.4005765226320364e-05,0.041018590331077576
ZCH0055,0,NORMAL,NORMAL,9.87925614026608e-06,0.999948263168335,4.509563495957991e-06,3.870455657306593e-06,3.3503398299217224e-05
ZCH0056,4,NORMAL,NORMAL,0.006820604670792818,0.9931237101554871,7.903242362772289e-07,2.157451308448799e-05,3.329940591356717e-05
ZCH0057,2,NORMAL,NORMAL,0.0006256323540583253,0.9993521571159363,2.564715373409854e-07,3.96321820517187e-06,1.797617005649954e-05
ZCH0058,0,NORMAL,NORMAL,1.2746299944410566e-05,0.999893069267273,5.815779786644271e-06,4.8892861741478555e-06,8.338595216628164e-05
ZCH0059,0,NORMAL,NORMAL,0.001231457688845694,0.9652093052864075,0.00014465868298429996,0.03339236602187157,2.218239205831196e-05
ZCH0060,0,NORMAL,NORMAL,1.236004118254641e-05,0.9999321699142456,4.959470061294269e-06,5.75048625250929e-06,4.4706288463203236e-05
ZCH0061,2,NORMAL,NORMAL,1.2850214261561632e-05,0.9999358654022217,1.5698090010118904e-06,1.84005966730183e-06,4.788816295331344e-05
ZCH0062,1,NORMAL,NORMAL,6.970125832594931e-05,0.9996803998947144,3.090259269811213e-05,7.33995038899593e-05,0.00014560416457243264
ZCH0063,1,NORMAL,NORMAL,0.0009012790978886187,0.9982447624206543,3.214403841411695e-05,0.00018795720825437456,0.0006339564570225775
ZCH0064,3,NORMAL,ASD,0.9590120911598206,0.027997026219964027,0.00024533827672712505,0.010985787957906723,0.0017598082777112722
ZCH0065,4,NORMAL,NORMAL,0.00018587922386359423,0.9820589423179626,2.0863972167717293e-06,0.01736646145582199,0.00038653926458209753
ZCH0066,1,NORMAL,NORMAL,0.00024305208353325725,0.9995941519737244,9.657544978836086e-06,8.86938432813622e-05,6.443175516324118e-05
ZCH0067,1,NORMAL,NORMAL,4.3647589336615056e-05,0.9998784065246582,1.3789499462291133e-05,2.9527072911150753e-05,3.454077159403823e-05
ZCH0068,2,NORMAL,NORMAL,0.002591376658529043,0.9959521293640137,3.269887383794412e-05,0.0007906844257377088,0.0006331854965537786
ZCH0069,4,NORMAL,NORMAL,1.6336549379047938e-05,0.9999632835388184,4.122197481137846e-07,5.560059435083531e-06,1.4426816051127389e-05
ZCH0070,1,NORMAL,NORMAL,0.00012374314246699214,0.9994608759880066,4.237830944475718e-05,0.0002853682090062648,8.756596071179956e-05
ZCH0071,4,NORMAL,NORMAL,2.4432642021565698e-05,0.9999353885650635,1.0828873655555071e-06,1.5476985936402343e-05,2.3659642465645447e-05
ZCH0072,0,NORMAL,NORMAL,1.2384998626657762e-05,0.9999532699584961,2.931632025138242e-06,3.557642457963084e-06,2.7768224754254334e-05
ZCH0073,3,NORMAL,NORMAL,0.00026573645300231874,0.9995023012161255,1.2620384950423613e-05,2.7863430659635924e-05,0.00019147142302244902
ZCH0074,3,NORMAL,NORMAL,0.0005557974800467491,0.9992949962615967,1.0045084309240337e-05,2.866784416255541e-05,0.00011044162965845317
ZCH0075,2,NORMAL,NORMAL,3.537393786245957e-05,0.9998935461044312,7.549300789833069e-06,4.4691801122098695e-06,5.9090449212817475e-05
ZCH0076,4,NORMAL,NORMAL,0.0006608174298889935,0.9985652565956116,1.5870238712523133e-05,3.909221413778141e-05,0.0007191681070253253
ZCH0077,4,NORMAL,NORMAL,1.0760733857750893e-05,0.9999722242355347,3.6718603269036976e-07,6.137529453553725e-06,1.0654901416273788e-05
ZCH0078,4,NORMAL,NORMAL,1.7019954611896537e-05,0.9999587535858154,6.205977456374967e-07,5.9808594414789695e-06,1.759579754434526e-05
ZCH0079,4,NORMAL,NORMAL,3.696213025250472e-05,0.9999287128448486,7.114431355148554e-07,8.643371984362602e-06,2.4899354684748687e-05
ZCH0080,3,NORMAL,NORMAL,0.0004587118746712804,0.8366277813911438,0.00018625178199727088,0.0008571381913498044,0.16187027096748352
ZCH0081,1,NORMAL,NORMAL,2.9387372705969028e-05,0.9999204874038696,5.8346172409073915e-06,4.753717803396285e-06,3.945673233829439e-05
ZCH0082,1,NORMAL,NORMAL,0.0002211521059507504,0.9995809197425842,1.3194308849051595e-05,6.557423330377787e-05,0.00011917662050109357
ZCH0083,1,NORMAL,NORMAL,0.00012284389231353998,0.9997286200523376,1.248446187673835e-05,2.8260101316845976e-05,0.00010776458657346666
ZCH0084,0,NORMAL,NORMAL,2.4313007088494487e-05,0.9999325275421143,6.861901056254283e-06,3.887354523612885e-06,3.2251919037662446e-05
ZCH0085,0,NORMAL,NORMAL,8.933627213991713e-06,0.9999699592590332,1.7975303308048751e-06,2.1067532998131355e-06,1.721519038255792e-05
ZCH0086,4,NORMAL,NORMAL,2.784913704090286e-05,0.9999113082885742,2.860893118850072e-06,1.4420894331124146e-05,4.3460942833917215e-05
ZCH0087,0,NORMAL,NORMAL,2.357362063776236e-05,0.9998912811279297,8.504368452122435e-06,8.801815965853166e-06,6.785394361941144e-05
ZCH0088,2,NORMAL,NORMAL,3.9141406887210906e-05,0.9998446702957153,2.4018247131607495e-05,2.7949249670200516e-06,8.943969442043453e-05
ZCH0089,3,NORMAL,NORMAL,0.00020854569447692484,0.999549925327301,1.4358700354932807e-05,4.360496313893236e-05,0.00018344708951190114
ZCH0090,3,NORMAL,NORMAL,0.00016724978922866285,0.9996756315231323,1.0036374078481458e-05,2.3559414330520667e-05,0.00012357078958302736
ZCH0091,4,NORMAL,NORMAL,3.2329113309970126e-05,0.9999256134033203,1.004659907266614e-06,7.594046110170893e-06,3.353105057612993e-05
ZCH0092,1,NORMAL,NORMAL,0.00026458018692210317,0.9995599389076233,1.805485771910753e-05,0.00011821422231150791,3.921469033230096e-05
ZCH0093,0,NORMAL,NORMAL,1.195001823361963e-05,0.99994957447052,2.53434063779423e-06,2.630807784953504e-06,3.336973531986587e-05
ZCH0094,0,NORMAL,NORMAL,1.40572119562421e-05,0.9999511241912842,3.079216639889637e-06,2.383272658335045e-06,2.9266022465890273e-05
ZCH0095,4,NORMAL,NORMAL,8.367962436750531e-06,0.9999799728393555,2.0345660800558107e-07,5.947915269644e-06,5.446663635666482e-06
ZCH0096,3,NORMAL,NORMAL,0.00023677984427195042,0.9995550513267517,1.1806147995230276e-05,3.342646959936246e-05,0.0001629263279028237
ZCH0097,3,NORMAL,NORMAL,0.0002118478441843763,0.9995662569999695,1.0962230589939281e-05,2.793415478663519e-05,0.00018306801212020218
ZCH0098,2,NORMAL,NORMAL,0.005994035396724939,0.993582546710968,9.168629730993416e-06,7.608682608406525e-06,0.00040676569915376604
ZCH0099,1,NORMAL,NORMAL,7.179070234997198e-05,0.9998370409011841,1.2863938536611386e-05,3.792825373238884e-05,4.038304177811369e-05
ZCH0100,1,NORMAL,NORMAL,0.0001341594906989485,0.9997814297676086,1.0515762369323056e-05,2.858938751160167e-05,4.527099008555524e-05
ZCH0101,4,NORMAL,NORMAL,2.082982609863393e-05,0.9999529123306274,5.485087513079634e-07,9.131555998465046e-06,1.6448937458335422e-05
ZCH0102,4,NORMAL,NORMAL,2.115050665452145e-05,0.9999548196792603,4.0538023426961445e-07,1.0660405678208917e-05,1.3131607374816667e-05
ZCH0103,2,NORMAL,NORMAL,0.0007455383311025798,0.9990736246109009,6.906293037900468e-06,8.792337212071288e-06,0.00016512925503775477
ZCH0104,3,NORMAL,NORMAL,0.00042722668149508536,0.9992440938949585,2.657969162100926e-05,7.661833660677075e-05,0.0002254549035569653
ZCH0105,0,NORMAL,NORMAL,1.2890863217762671e-05,0.9999642372131348,1.979753506020643e-06,2.1658668174495688e-06,1.8747387002804317e-05
ZCH0106,1,NORMAL,PFO,0.0010141259990632534,0.12650802731513977,0.00026705453637987375,0.8720201253890991,0.0001906062534544617
ZCH0107,1,NORMAL,NORMAL,4.131161767872982e-05,0.9998877048492432,4.193931545160012e-06,9.559751561027952e-06,5.7201188610633835e-05
ZCH0108,3,NORMAL,PFO,0.004176033195108175,0.3054443895816803,0.0013539835345000029,0.6759222149848938,0.013103346340358257
ZCH0109,4,NORMAL,NORMAL,2.516691165510565e-05,0.9761800765991211,2.475343535479624e-06,0.023495875298976898,0.00029648005147464573
ZCH0110,2,NORMAL,NORMAL,7.98668697825633e-05,0.9997671246528625,4.22785933551495e-06,2.5422627913940232e-06,0.00014630681835114956
ZCH0111,4,NORMAL,NORMAL,0.000656505289953202,0.999262273311615,1.274632268177811e-06,8.068363968050107e-06,7.177236693678424e-05
ZCH0112,2,NORMAL,NORMAL,0.0003159142506774515,0.9996440410614014,1.6790882000350393e-06,9.323150152340531e-06,2.9089467716403306e-05
ZCH0113,0,NORMAL,NORMAL,0.00011826748232124373,0.9998387098312378,3.7049264847155428e-06,3.585715830922709e-06,3.576919698389247e-05
ZCH0114,2,NORMAL,PDA,0.02403227426111698,0.06677611172199249,0.8969351053237915,0.00011463661940069869,0.012141845189034939
ZCH0115,2,NORMAL,NORMAL,1.8138845916837454e-05,0.9999637603759766,6.916030201864487e-07,1.1090237421740312e-06,1.629042708373163e-05
ZCH0116,2,NORMAL,NORMAL,0.001034971559420228,0.9988294243812561,1.0484389349585399e-05,2.2957674445933662e-05,0.00010210716573055834
ZCH0117,3,NORMAL,NORMAL,0.0005709524266421795,0.9970986843109131,9.116617729887366e-05,0.0002796717453747988,0.00195957045070827
ZCH0118,4,NORMAL,NORMAL,1.4868951438984368e-05,0.9999346733093262,9.91509637060517e-07,3.2063624530564994e-05,1.740973129926715e-05
ZCH0119,1,NORMAL,NORMAL,0.001798773417249322,0.9976189732551575,0.00010440249025123194,0.0003274062473792583,0.00015039739082567394
ZCH0120,1,NORMAL,NORMAL,6.258101348066702e-05,0.9998835325241089,7.273165010701632e-06,1.4020502021594439e-05,3.259830191382207e-05
ZCH0121,3,NORMAL,NORMAL,0.00019198536756448448,0.999569833278656,2.968086482724175e-05,3.548407039488666e-05,0.0001729880750644952
ZCH0122,4,NORMAL,NORMAL,9.132863488048315e-05,0.9993957281112671,2.2045944660931127e-06,4.936823825119063e-05,0.0004613509227056056
ZCH0123,3,NORMAL,NORMAL,0.00016712622891645879,0.999664306640625,8.377560334338341e-06,2.5343630113638937e-05,0.00013492049765773118
ZCH0124,1,NORMAL,NORMAL,0.0001563706318847835,0.9997466206550598,1.6415790014434606e-05,2.5278588509536348e-05,5.524879816221073e-05
ZCH0125,1,NORMAL,NORMAL,4.913693555863574e-05,0.9998959302902222,1.153609628090635e-05,2.300034429936204e-05,2.0441560991457663e-05
ZCH0126,2,NORMAL,NORMAL,2.145362122973893e-05,0.9999364614486694,2.3488075839850353e-06,2.0414834125404013e-06,3.77048781956546e-05
ZCH0127,3,NORMAL,NORMAL,0.00020330472034402192,0.9994949102401733,2.162297096219845e-05,4.206286757835187e-05,0.00023818058252800256
ZCH0128,0,NORMAL,NORMAL,2.9876932785555255e-06,0.9999593496322632,5.686643817170989e-06,1.115691475206404e-06,3.08983690047171e-05
ZCH0129,4,NORMAL,NORMAL,2.08646943065105e-05,0.9999183416366577,1.3924613995186519e-06,2.122000114468392e-05,3.816596290562302e-05
ZCH0130,1,NORMAL,NORMAL,0.000300411629723385,0.9995742440223694,1.603495365998242e-05,1.6986399714369327e-05,9.224504901794717e-05
ZCH0131,2,NORMAL,NORMAL,1.103991689888062e-05,0.9999542236328125,1.1409003946027951e-06,1.315566009907343e-06,3.220897269784473e-05
ZCH0132,3,NORMAL,VSD,0.00119396997615695,0.2867606580257416,0.0006331506883725524,0.0005453862249851227,0.7108668088912964
ZCH0133,2,NORMAL,NORMAL,0.00016281944408547133,0.9997971653938293,5.394228082877817e-06,4.9078107622335665e-06,2.9739272576989606e-05
ZCH0134,2,NORMAL,NORMAL,0.0006872256053611636,0.9992910623550415,9.08308436464722e-07,1.2172316701253294e-06,1.9524597519193776e-05
ZCH0135,4,NORMAL,NORMAL,2.37249732890632e-05,0.9999425411224365,1.4856447023703367e-06,1.0210254004050512e-05,2.200964627263602e-05
ZCH0136,0,NORMAL,NORMAL,1.5123099728953093e-05,0.9999579191207886,2.7150761070515728e-06,2.737286649789894e-06,2.148839848814532e-05
ZCH0137,0,NORMAL,NORMAL,8.521898053004406e-06,0.999955415725708,3.532594291755231e-06,2.4667856450832915e-06,3.0089799111010507e-05
ZCH0138,1,NORMAL,NORMAL,2.905216570070479e-05,0.9999374151229858,4.5226593101688195e-06,8.521591553289909e-06,2.0499925085459836e-05
ZCH0139,2,NORMAL,NORMAL,0.0021351338364183903,0.9967581629753113,6.74285502100247e-06,1.07948767436028e-06,0.0010988529538735747
ZCH0140,2,NORMAL,ASD,0.8350576162338257,0.12298829853534698,0.00024140112509485334,0.04031495004892349,0.0013977722264826298
ZCH0141,2,NORMAL,NORMAL,0.00017331309209112078,0.9997636675834656,2.9275020096974913e-07,1.8865529227696243e-06,6.091368413763121e-05
ZCH0142,1,NORMAL,NORMAL,2.1649510017596185e-05,0.999895453453064,1.8323994481761474e-06,3.6001192711410113e-06,7.750584336463362e-05
ZCH0143,3,NORMAL,NORMAL,0.00028709109756164253,0.9994481205940247,1.0906287570833229e-05,3.260894663981162e-05,0.0002211655373685062
ZCH0144,1,NORMAL,NORMAL,4.608658855431713e-05,0.9998785257339478,8.347029506694525e-06,1.0740749530668836e-05,5.62689128855709e-05
ZCH0145,3,NORMAL,NORMAL,0.0002540208224672824,0.9994860887527466,1.9367385903024115e-05,4.078279380337335e-05,0.00019974882889073342
ZCH0146,3,NORMAL,NORMAL,0.00013336217671167105,0.9996896982192993,1.542574136692565e-05,2.9076452847220935e-05,0.00013257129467092454
ZCH0147,0,NORMAL,NORMAL,4.655338671000209e-06,0.9999631643295288,4.341218755143927e-06,2.2503545551444404e-06,2.557061452534981e-05
ZCH0148,3,NORMAL,NORMAL,0.00015882131992839277,0.9994761347770691,2.180971932830289e-05,3.684086914290674e-05,0.00030643289210274816
ZCH0149,3,NORMAL,NORMAL,0.00024291337467730045,0.9991713762283325,3.730918251676485e-05,6.084149572416209e-05,0.00048764192615635693
ZCH0150,1,NORMAL,NORMAL,6.947797373868525e-05,0.9998438358306885,7.362769792962354e-06,3.089762685704045e-05,4.833674029214308e-05
ZCH0151,4,NORMAL,NORMAL,1.4896504580974579e-05,0.9999721050262451,3.092216616096266e-07,5.365432571124984e-06,7.287146672751987e-06
ZCH0152,1,NORMAL,NORMAL,0.0001771497627487406,0.9997382760047913,8.203071956813801e-06,2.253725688206032e-05,5.3879746701568365e-05
ZCH0153,4,NORMAL,NORMAL,3.8422425859607756e-05,0.9999216794967651,7.453518833244743e-07,1.6824540580273606e-05,2.2391714082914405e-05
ZCH0154,2,NORMAL,NORMAL,2.0673811377491802e-05,0.9999276399612427,1.1071296285081189e-05,1.2489656455727527e-06,3.949048186768778e-05
ZCH0155,2,NORMAL,NORMAL,2.2319254640024155e-05,0.9998754262924194,4.150185759499436e-06,2.0836287148995325e-06,9.612359281163663e-05
ZCH0156,0,NORMAL,NORMAL,5.664393938786816e-06,0.9999700784683228,2.8548631689773174e-06,1.3983542430651141e-06,1.9876111764460802e-05
ZCH0157,3,NORMAL,NORMAL,0.00024036987451836467,0.9991376399993896,4.6296128857648e-05,7.7045478974469e-05,0.0004985994892194867
ZCH0158,1,NORMAL,NORMAL,0.0004732650122605264,0.9979618787765503,8.023514237720519e-05,0.0012319452362135053,0.0002528340555727482
ZCH0159,0,NORMAL,NORMAL,2.116241375915706e-05,0.9987084865570068,3.5442183161649154e-06,3.822956841759151e-06,0.0012629438424482942
ZCH0160,0,NORMAL,NORMAL,5.1457878726068884e-05,0.9999191761016846,4.195683231955627e-06,4.285925570002291e-06,2.0838759155594744e-05
ZCH0161,0,NORMAL,NORMAL,7.21399055692018e-06,0.9999692440032959,2.2575543425773503e-06,2.6331986191507895e-06,1.8644443116500042e-05
ZCH0162,3,NORMAL,NORMAL,0.0003359407710377127,0.9993440508842468,3.691716483444907e-05,6.499822484329343e-05,0.00021804145944770426
ZCH0163,1,NORMAL,NORMAL,6.216445763129741e-05,0.9998645782470703,1.2956488717463799e-05,1.7844555259216577e-05,4.2303749069105834e-05
ZCH0164,0,NORMAL,NORMAL,2.8968879632884637e-05,0.9999141693115234,1.5119612726266496e-05,7.861212907300796e-06,3.387997639947571e-05
ZCH0165,4,NORMAL,NORMAL,1.5846921087359078e-05,0.9999568462371826,8.186423769984685e-07,8.589288881921675e-06,1.7890781236928888e-05
ZCH0166,1,NORMAL,NORMAL,0.00025039896718226373,0.9995638728141785,1.9189317754353397e-05,5.711644553230144e-05,0.00010956064943457022
ZCH0167,2,NORMAL,NORMAL,0.00011236211867071688,0.9998595714569092,9.905194247039617e-07,9.035932180267991e-07,2.6073194021591917e-05
ZCH0168,0,NORMAL,NORMAL,3.1783060876477975e-06,0.9999717473983765,3.518141284075682e-06,1.2912411193610751e-06,2.0160596250207163e-05
ZCH0169,0,NORMAL,NORMAL,5.677727585862158e-06,0.9999685287475586,4.523822553892387e-06,1.380775074721896e-06,1.9774022803176194e-05
ZCH0170,4,NORMAL,NORMAL,1.4587743862648495e-05,0.9999603033065796,6.311091169663996e-07,8.08585809863871e-06,1.641436574573163e-05
ZCH0171,3,NORMAL,NORMAL,0.00016724978922866285,0.9996756315231323,1.0036374078481458e-05,2.3559414330520667e-05,0.00012357078958302736
ZCH0172,1,NORMAL,NORMAL,3.7638612411683425e-05,0.9999197721481323,7.1990089054452255e-06,1.1253183402004652e-05,2.42361165874172e-05
ZCH0173,0,NORMAL,NORMAL,2.1805849428346846e-06,0.999969482421875,2.2252395410760073e-06,8.338840302712924e-07,2.5294883016613312e-05
ZCH0174,4,NORMAL,NORMAL,2.232719270978123e-05,0.9995653033256531,1.4776038597119623e-06,0.0003310473111923784,7.999579975148663e-05
ZCH0175,4,NORMAL,PFO,3.4525118053352344e-07,0.00033618626184761524,8.138294305126692e-08,0.9996609687805176,2.328211849089712e-06
ZCH0176,1,NORMAL,NORMAL,0.0001226952881552279,0.9997418522834778,2.4545235646655783e-05,3.199690399924293e-05,7.88538163760677e-05
ZCH0177,0,NORMAL,NORMAL,8.231680112658069e-06,0.9999610185623169,1.8689390799409011e-06,3.970128545915941e-06,2.4972690880531445e-05
ZCH0178,1,NORMAL,NORMAL,0.00023973354836925864,0.9995525479316711,2.9523052944568917e-05,3.3374653867213055e-05,0.00014478595403488725
ZCH0179,1,NORMAL,NORMAL,5.1712362619582564e-05,0.9998819828033447,1.1521434316819068e-05,1.932560007844586e-05,3.541291880537756e-05
ZCH0180,3,NORMAL,NORMAL,0.0019645344000309706,0.9971721768379211,8.316236198879778e-05,0.00011644110054476187,0.0006636313628405333
ZCH0181,2,NORMAL,NORMAL,9.614253031031694e-06,0.9999555349349976,1.215236170537537e-05,5.136800496075011e-07,2.222713374067098e-05
ZCH0182,4,NORMAL,NORMAL,2.2724680093233474e-05,0.9999594688415527,3.419521306113893e-07,5.9628555391100235e-06,1.147494276665384e-05
ZCH0183,3,NORMAL,NORMAL,0.4949652850627899,0.4961584806442261,0.004228256177157164,0.0008702467894181609,0.003777675097808242
ZCH0184,1,NORMAL,NORMAL,0.00043684052070602775,0.9992678761482239,8.741314377402887e-05,7.689277117606252e-05,0.00013100323849357665
ZCH0185,4,NORMAL,NORMAL,0.00041671504732221365,0.9990290403366089,3.663315510493703e-06,3.366021337569691e-05,0.000516925472766161
ZCH0186,4,NORMAL,NORMAL,1.5883111700532027e-05,0.9999643564224243,4.396082431412651e-07,5.01942395203514e-06,1.4291480511019472e-05
ZCH0187,1,NORMAL,NORMAL,6.919084989931434e-05,0.9998531341552734,1.5070580957399216e-05,3.3888085454236716e-05,2.8710977858281694e-05
ZCH0188,2,NORMAL,NORMAL,1.5624507796019316e-05,0.9998784065246582,6.987475353525952e-05,1.0117802275999566e-06,3.520680911606178e-05
ZCH0189,1,NORMAL,NORMAL,0.00022548899869434536,0.9995982050895691,3.467381247901358e-05,3.6649777030106634e-05,0.00010497508628759533
ZCH0190,1,NORMAL,NORMAL,7.317694689845666e-05,0.9998480081558228,9.160409717878792e-06,1.7053682313417085e-05,5.2545874495990574e-05
ZCH0191,0,NORMAL,NORMAL,1.225515006808564e-05,0.999950647354126,3.3458820780651877e-06,3.4040569971693913e-06,3.0244322260841727e-05
ZCH0192,4,NORMAL,NORMAL,1.662928298173938e-05,0.9999651908874512,4.924950758322666e-07,5.394938852987252e-06,1.2223274097777903e-05
ZCH0193,3,NORMAL,NORMAL,0.0010369363008067012,0.9980440139770508,9.23985498957336e-05,0.00020170713833067566,0.0006249319994822145
ZCH0194,3,NORMAL,NORMAL,0.0004467009275685996,0.9992691874504089,2.3280043023987673e-05,4.699430428445339e-05,0.00021386648586485535
ZCH0195,2,NORMAL,NORMAL,1.7127238606917672e-05,0.9999387264251709,3.564134431144339e-06,9.246023751074972e-07,3.95161951018963e-05
ZCH0196,4,NORMAL,NORMAL,2.497557579772547e-05,0.99994957447052,1.105539126911026e-06,6.012131052557379e-06,1.840703589550685e-05
ZCH0197,3,NORMAL,NORMAL,0.04745902493596077,0.9487828016281128,8.74688194016926e-05,0.0009587531094439328,0.002712053246796131
ZCH0198,3,NORMAL,NORMAL,0.0023749659303575754,0.9949801564216614,0.0006736334762535989,0.0002183748729294166,0.0017529979813843966
ZCH0199,0,NORMAL,NORMAL,1.789316229405813e-05,0.9999421834945679,3.821194241027115e-06,3.7688253087253543e-06,3.2309861126122996e-05
ZCH0200,1,NORMAL,NORMAL,6.797226524213329e-05,0.9998311996459961,1.6570731531828642e-05,3.354669388500042e-05,5.0788759835995734e-05
ZCH0201,0,NORMAL,NORMAL,1.5311039533116855e-05,0.9997783303260803,7.75090666138567e-06,4.006512608611956e-05,0.00015866660396568477
ZCH0202,4,NORMAL,NORMAL,2.7243799195275642e-05,0.9999345541000366,7.926057605800452e-07,8.875692401488777e-06,2.8475442377384752e-05
ZCH0203,3,NORMAL,NORMAL,0.00022435579739976674,0.9993999004364014,3.1168878194876015e-05,6.228144775377586e-05,0.00028227767325006425
ZCH0204,0,NORMAL,NORMAL,1.0903486327151768e-05,0.999963641166687,2.9362097393459408e-06,3.0834191875328543e-06,1.9383422113605775e-05
ZCH0205,1,NORMAL,NORMAL,0.0005700616165995598,0.9988100528717041,8.594536484451964e-05,0.00016430240066256374,0.00036960464785806835
ZCH0206,2,NORMAL,NORMAL,1.0838750313268974e-05,0.9999673366546631,1.0894457318499917e-06,1.963968998097698e-06,1.884485209302511e-05
ZCH0207,0,NORMAL,NORMAL,9.991071237891447e-06,0.9999704360961914,2.5406782242498593e-06,3.868489784508711e-06,1.3176359971112106e-05
ZCH0208,4,NORMAL,NORMAL,2.0145542293903418e-05,0.9999618530273438,3.0792074312557816e-07,5.677223725797376e-06,1.1921980330953375e-05
ZCH0209,3,NORMAL,NORMAL,0.0006415064563043416,0.9990377426147461,1.816733492887579e-05,7.705172902205959e-05,0.00022539051133207977
ZCH0210,2,NORMAL,NORMAL,2.1516028937185183e-05,0.9999393224716187,3.159261495966348e-06,9.734482091516838e-07,3.4909109672298655e-05
ZCH0211,4,NORMAL,NORMAL,6.583602225873619e-05,0.9997884631156921,2.8332344754744554e-06,2.180050069000572e-05,0.00012112031254218891
ZCH0212,1,NORMAL,NORMAL,0.00017412098532076925,0.9996592998504639,1.676437932474073e-05,7.652134809177369e-05,7.323922909563407e-05
ZCH0213,3,NORMAL,NORMAL,0.006628517527133226,0.992638111114502,5.540068377740681e-05,0.0001275512477150187,0.000550535973161459
ZCH0214,0,NORMAL,NORMAL,5.556666110351216e-06,0.9999821186065674,1.267169977836602e-06,1.8927270275526098e-06,9.089006198337302e-06
ZCH0215,0,NORMAL,NORMAL,6.334435965982266e-06,0.9999746084213257,1.6757155663071899e-06,2.029120651059202e-06,1.5427460311912e-05
ZCH0216,4,NORMAL,NORMAL,1.8191971321357414e-05,0.9999605417251587,3.6938317293788714e-07,7.781993190292269e-06,1.3154695807315875e-05
ZCH0217,4,NORMAL,NORMAL,1.933710700541269e-05,0.9999480247497559,7.460733968400746e-07,6.967894478293601e-06,2.5080722480197437e-05
ZCH0218,2,NORMAL,NORMAL,1.8261322111357003e-05,0.9999411106109619,1.0960307918139733e-05,2.340069613637752e-06,2.7271998987998813e-05
ZCH0219,2,NORMAL,NORMAL,1.889057966764085e-05,0.9999390840530396,6.224019216460874e-06,2.118496468028752e-06,3.369804471731186e-05
ZCH0220,3,NORMAL,NORMAL,0.00015664234524592757,0.9994716048240662,3.004227801284287e-05,3.5104025300825015e-05,0.000306600151816383
ZCH0221,4,NORMAL,NORMAL,1.6776790289441124e-05,0.9999614953994751,2.268124603688193e-07,9.57247266342165e-06,1.1927048035431653e-05
ZCH0222,0,NORMAL,NORMAL,8.077648999460507e-06,0.9999725818634033,1.8536330799179268e-06,2.2720155357092153e-06,1.5146329133131076e-05
ZCH0223,0,NORMAL,NORMAL,6.081140327296453e-06,0.9999432563781738,2.5921933684003307e-06,2.2150818494992564e-06,4.5763488742522895e-05
ZCH0224,3,NORMAL,NORMAL,0.00015265043475665152,0.9995063543319702,2.3394257368636318e-05,3.974377250415273e-05,0.00027790787862613797
ZCH0225,0,NORMAL,NORMAL,1.643527502892539e-05,0.9999420642852783,4.175896265223855e-06,3.5398450108914403e-06,3.378341716597788e-05
ZCH0226,0,NORMAL,NORMAL,9.53278777160449e-06,0.999962329864502,3.164388317600242e-06,4.691296453529503e-06,2.02640330826398e-05
ZCH0227,0,NORMAL,NORMAL,1.1665122656268068e-05,0.999947190284729,3.561963012543856e-06,2.8981899049540516e-06,3.4653614420676604e-05
ZCH0228,0,NORMAL,NORMAL,5.125212283019209e-06,0.9999796152114868,1.439611878595315e-06,1.6465331782455905e-06,1.2165652151452377e-05
ZCH0229,2,NORMAL,NORMAL,0.003453630954027176,0.9964848756790161,6.039009804226225e-06,1.475331464462215e-05,4.0723785787122324e-05
ZCH0230,0,NORMAL,NORMAL,1.5076550880621653e-05,0.9998983144760132,5.029882231610827e-06,5.304565092956182e-06,7.623564306413755e-05
ZCH0231,0,NORMAL,NORMAL,2.9061118311801692e-06,0.9999817609786987,1.2617863376362948e-06,7.820910354894295e-07,1.3204472452343907e-05
ZCH0232,2,NORMAL,NORMAL,2.2688700482831337e-05,0.9999371767044067,1.966666786756832e-06,1.6185891809072928e-06,3.655625187093392e-05
ZCH0233,3,NORMAL,NORMAL,0.0037007243372499943,0.9947583079338074,7.561964594060555e-05,0.0001863560755737126,0.0012788409367203712
ZCH0234,1,NORMAL,NORMAL,0.0014624780742451549,0.9981946349143982,1.1840739716717508e-05,0.0002502744900994003,8.080481347860768e-05
ZCH0235,4,NORMAL,NORMAL,1.3045690138824284e-05,0.9999679327011108,3.449115411058301e-07,8.11382142273942e-06,1.0616321560519282e-05
ZCH0236,2,NORMAL,NORMAL,1.6491785572725348e-05,0.9999583959579468,8.537749636161607e-07,1.1139105708934949e-06,2.3192998924059793e-05
ZCH0237,2,NORMAL,NORMAL,2.6992205675924197e-05,0.9999445676803589,1.0056278370029759e-06,1.7567589338796097e-06,2.575658254500013e-05
ZCH0238,2,NORMAL,NORMAL,3.0972762033343315e-05,0.999914288520813,7.1430149546358734e-06,1.6017623920561164e-06,4.600528336595744e-05
ZCH0239,2,NORMAL,ASD,0.7184763550758362,0.281257301568985,1.6404854932261514e-06,3.744293644558638e-05,0.0002273036225233227
ZCH0240,4,NORMAL,NORMAL,1.63322729349602e-05,0.9999675750732422,2.7039951078222657e-07,5.412948212324409e-06,1.0486151950317435e-05
ZCH0241,0,NORMAL,NORMAL,0.00019262127170804888,0.9997712969779968,4.1917119233403355e-06,7.264924079208868e-06,2.4710649086046033e-05
ZCH0242,3,NORMAL,NORMAL,0.00018096061830874532,0.9994834661483765,2.334658711333759e-05,4.284363240003586e-05,0.00026926049031317234
ZCH0243,3,NORMAL,NORMAL,0.00034911351394839585,0.9992837309837341,3.793604992097244e-05,5.2049417718080804e-05,0.0002772044390439987
ZCH0244,2,NORMAL,NORMAL,0.0003213229647371918,0.999534010887146,1.0846685654541943e-05,5.116502507007681e-06,0.00012870033970102668
ZCH0245,2,NORMAL,NORMAL,1.503775729361223e-05,0.9999520778656006,6.67074687044078e-07,3.1248780487658223e-06,2.905373003159184e-05
ZCH0246,4,NORMAL,NORMAL,1.4030950296728406e-05,0.9999618530273438,3.22554143394882e-07,1.08710819404223e-05,1.282546145375818e-05
ZCH0247,0,NORMAL,NORMAL,6.179810952744447e-06,0.9999740123748779,1.5566689626211883e-06,1.9197145775251556e-06,1.6318879715981893e-05
ZCH0248,4,NORMAL,NORMAL,4.4690765207633376e-05,0.9998480081558228,3.2449274840473663e-06,1.9302877262816764e-05,8.474107744405046e-05
ZCH0249,3,NORMAL,NORMAL,0.00018815502698998898,0.9996509552001953,1.05926819742308e-05,2.811980630212929e-05,0.00012209689884912223
ZCH0250,4,NORMAL,NORMAL,1.8996426661033183e-05,0.9999628067016602,3.6631516309171275e-07,5.216698809817899e-06,1.26199165606522e-05
ZCH0251,3,NORMAL,NORMAL,0.0006282994290813804,0.9987072944641113,3.6088909837417305e-05,6.26733381068334e-05,0.0005658015725202858
ZCH0252,1,NORMAL,NORMAL,0.0013562875101342797,0.9983251690864563,4.307471499487292e-06,0.00021515424305107445,9.910473454510793e-05
ZCH0253,4,NORMAL,NORMAL,2.7129419322591275e-05,0.9999282360076904,1.4163498462949065e-06,9.742710972204804e-06,3.3350825106026605e-05
ZCH0254,4,NORMAL,NORMAL,1.5230651115416549e-05,0.9999653100967407,2.893728208164248e-07,6.784488050470827e-06,1.2432081348379143e-05
ZCH0255,2,NORMAL,NORMAL,2.8813597964472137e-05,0.9999401569366455,2.716390099521959e-06,5.863836918251764e-07,2.7655332814902067e-05
ZCH0256,4,NORMAL,NORMAL,2.0643419702537358e-05,0.9999405145645142,1.543356233923987e-06,1.9121269360766746e-05,1.8285079931956716e-05
ZCH0257,3,NORMAL,NORMAL,0.0002959675621241331,0.9993971586227417,2.106228203047067e-05,4.315036130719818e-05,0.00024269479035865515
ZCH0258,2,NORMAL,NORMAL,3.1561274226987734e-05,0.9999076128005981,1.6478346651638276e-06,3.072111212532036e-06,5.5981348850764334e-05
ZCH0259,2,NORMAL,PDA,0.0015640710480511189,0.3560478687286377,0.634860634803772,4.127666397835128e-05,0.007486195303499699
ZCH0260,3,NORMAL,NORMAL,0.0004528870340436697,0.9991195797920227,1.3103456694807392e-05,7.996241765795276e-05,0.00033455603988841176
ZCH0261,1,NORMAL,NORMAL,0.00013793419930152595,0.9997377991676331,1.4756682503502816e-05,4.43836506747175e-05,6.521803879877552e-05
ZCH0262,4,NORMAL,NORMAL,1.32576660689665e-05,0.9999651908874512,5.00746239140426e-07,7.594861017423682e-06,1.346215412922902e-05
ZCH0263,1,NORMAL,NORMAL,4.650613118428737e-05,0.999882698059082,8.108620932034682e-06,1.5870080460445024e-05,4.681307837017812e-05
ZCH0264,0,NORMAL,NORMAL,6.753001343895448e-06,0.9999768733978271,1.3399619547271868e-06,1.9922424598917132e-06,1.3029331967118196e-05
ZCH0265,0,NORMAL,NORMAL,0.0005735783488489687,0.999099612236023,0.00016317653353326023,2.1327019567252137e-05,0.00014234396803658456
ZCH0266,4,NORMAL,NORMAL,1.4359673514263704e-05,0.9999656677246094,2.573181347997888e-07,9.86552367976401e-06,9.929841326083988e-06
ZCH0267,3,NORMAL,NORMAL,0.0004436398157849908,0.9988491535186768,3.588857362046838e-05,0.00011625658225966617,0.000555102713406086
ZCH0268,4,NORMAL,NORMAL,3.671760350698605e-05,0.9999001026153564,1.2650000371650094e-06,2.41942561842734e-05,3.7623089156113565e-05
ZCH0269,0,NORMAL,NORMAL,7.3029909799515735e-06,0.9999685287475586,1.9523333776305662e-06,3.0945520848035812e-06,1.9191393221262842e-05
ZCH0270,3,NORMAL,ASD,0.9702069163322449,0.026854457333683968,0.0006592582212761045,0.0014258130686357617,0.0008535084198229015
ZCH0271,3,NORMAL,NORMAL,0.0002523684233892709,0.9992904663085938,1.5737145076855086e-05,5.983504161122255e-05,0.0003815164091065526
ZCH0272,1,NORMAL,NORMAL,0.0003317035152576864,0.9995191097259521,3.0915364277461777e-06,0.00012429490743670613,2.1837444364791736e-05
ZCH0273,3,NORMAL,NORMAL,0.002099802019074559,0.9963668584823608,6.672615563729778e-05,0.00014693124103359878,0.0013196083018556237
ZCH0274,4,NORMAL,NORMAL,1.6653935745125636e-05,0.9999617338180542,2.0266685396563844e-07,1.5073467693582643e-05,6.3661791500635445e-06
ZCH0275,3,NORMAL,NORMAL,0.0004220957634970546,0.9991869330406189,3.154869409627281e-05,6.422701699193567e-05,0.00029510832973755896
ZCH0276,3,NORMAL,NORMAL,0.0006276374333538115,0.9989892840385437,1.8086759155266918e-05,7.43173441151157e-05,0.0002907078596763313
ZCH0277,3,NORMAL,NORMAL,0.00022963561059441417,0.9994651675224304,1.5712137610535137e-05,4.745097612612881e-05,0.00024206357193179429
ZCH0278,2,NORMAL,NORMAL,7.327331695705652e-05,0.9997822642326355,6.734215276082978e-06,4.505801825871458e-06,0.00013318071432877332
ZCH0279,4,NORMAL,NORMAL,2.028212657023687e-05,0.9999402761459351,1.3938977190264268e-06,9.893612514133565e-06,2.81597222056007e-05
ZCH0280,2,NORMAL,NORMAL,3.1652627512812614e-05,0.9999061822891235,5.48192565474892e-06,3.2758025554358028e-06,5.3459945775102824e-05
ZCH0281,0,NORMAL,NORMAL,5.720574790757382e-06,0.9999641180038452,2.246597659905092e-06,1.5253388028213521e-06,2.639625199662987e-05
ZCH0282,1,NORMAL,NORMAL,6.692542956443503e-05,0.9998705387115479,8.140070349327289e-06,1.438338676962303e-05,4.008082396467216e-05
ZCH0283,0,NORMAL,NORMAL,5.200598025112413e-06,0.9999681711196899,2.8606466457858915e-06,2.168673972846591e-06,2.1560999812209047e-05
ZCH0284,2,NORMAL,NORMAL,2.7633077479549684e-05,0.9999419450759888,1.6778308236098383e-06,4.111314865440363e-06,2.4709070203243755e-05
ZCH0285,3,NORMAL,NORMAL,0.000685441424138844,0.9988406300544739,2.8034513888997026e-05,8.26305549708195e-05,0.00036325023393146694
ZCH0286,3,NORMAL,NORMAL,0.00030154912383295596,0.9993767142295837,2.8492986530181952e-05,3.792503775912337e-05,0.00025546003598719835
ZCH0287,0,NORMAL,NORMAL,2.3276847059605643e-05,0.9999440908432007,3.1307979497796623e-06,1.0098286111315247e-05,1.947355121956207e-05
ZCH0288,4,NORMAL,NORMAL,2.2780557628721e-05,0.9999310970306396,1.690496105766215e-06,5.615663212665822e-06,3.88949119951576e-05
ZCH0289,2,NORMAL,NORMAL,4.373335832497105e-05,0.9998568296432495,7.093045041983714e-06,2.0128300093347207e-06,9.017941920319572e-05
ZCH0290,4,NORMAL,NORMAL,2.786872755677905e-05,0.9999477863311768,4.1272750195275876e-07,6.363705324474722e-06,1.7661068341112696e-05
ZCH0291,3,NORMAL,NORMAL,0.0038532267790287733,0.9942939877510071,0.0004323457833379507,0.0005065255681984127,0.0009138553286902606
ZCH0292,4,NORMAL,NORMAL,1.3641520126839168e-05,0.9999629259109497,5.72745932458929e-07,6.9249249463609885e-06,1.592627086210996e-05
ZCH0293,4,NORMAL,NORMAL,1.4781470781599637e-05,0.9999628067016602,5.210520725995593e-07,6.827212018833961e-06,1.5176226042967755e-05
ZCH0294,2,NORMAL,NORMAL,1.9432403860264458e-05,0.999906063079834,3.1643246529711178e-06,3.0059218261158094e-06,6.829373887740076e-05
ZCH0295,1,NORMAL,NORMAL,0.00040742685087025166,0.9993990659713745,1.933619842020562e-06,0.00013945350656285882,5.2061288442928344e-05
ZCH0296,4,NORMAL,NORMAL,1.8491147784516215e-05,0.999962568283081,3.1938503752826364e-07,5.718782176700188e-06,1.28935971588362e-05
ZCH0297,0,NORMAL,NORMAL,8.924918802222237e-06,0.9999502897262573,3.5440864394331584e-06,2.8855483833467588e-06,3.430346987443045e-05
ZCH0298,4,NORMAL,NORMAL,0.0005158624844625592,0.9706627130508423,0.0037981474306434393,0.010633569210767746,0.014389715157449245
ZCH0299,3,NORMAL,NORMAL,0.0014398475177586079,0.9978780746459961,3.9049893530318514e-05,0.00010791156091727316,0.0005351774743758142
ZCH0300,1,NORMAL,NORMAL,0.0003849233326036483,0.9994317889213562,4.5064180085319094e-06,0.00011872960021719337,5.9961013903375715e-05
ZCH0301,0,NORMAL,NORMAL,1.05239923868794e-05,0.9999562501907349,3.143653430015547e-06,4.9785644478106406e-06,2.512426181056071e-05
ZCH0302,2,NORMAL,NORMAL,2.1169782485230826e-05,0.9999569654464722,1.348534624412423e-06,1.106003878703632e-06,1.9416685972828418e-05
ZCH0303,3,NORMAL,NORMAL,0.0001798443408915773,0.9994785189628601,2.061171835521236e-05,4.157633884460665e-05,0.0002795119653455913
ZCH0304,0,NORMAL,NORMAL,7.455235390807502e-06,0.9998959302902222,3.5828172713081585e-06,4.381745839054929e-06,8.858661749400198e-05
ZCH0305,3,NORMAL,NORMAL,0.002084234729409218,0.9965332746505737,3.638969064923003e-05,0.00016823163605295122,0.001177871017716825
ZCH0306,1,NORMAL,NORMAL,0.0005551050999201834,0.9992407560348511,1.7668655345914885e-05,1.4962509339966346e-05,0.00017151059000752866
ZCH0307,4,NORMAL,NORMAL,0.00028925659717060626,0.9953187108039856,8.785758041085501e-07,0.00435939384624362,3.174840458086692e-05
ZCH0308,1,NORMAL,NORMAL,0.00011383023957023397,0.9997726082801819,1.586336838954594e-05,3.845482206088491e-05,5.92105025134515e-05
ZCH0309,2,NORMAL,NORMAL,2.5099659978877753e-05,0.9998902082443237,1.4150621154840337e-06,1.743287157296436e-06,8.146946493070573e-05
ZCH0310,4,NORMAL,NORMAL,1.800456448108889e-05,0.9999470710754395,9.943486247721012e-07,9.755268365552183e-06,2.4226079403888434e-05
ZCH0311,4,NORMAL,NORMAL,1.6465102817164734e-05,0.9999022483825684,1.4568217920896132e-06,5.7181510783266276e-05,2.2590837033931166e-05
ZCH0312,1,NORMAL,NORMAL,0.0003098621091339737,0.9992504715919495,5.637398498947732e-05,0.00018452192307449877,0.00019876845180988312
ZCH0313,3,NORMAL,NORMAL,0.0016630273312330246,0.9975587129592896,4.176012589596212e-05,0.0001252729125553742,0.0006112337578088045
ZCH0314,2,NORMAL,NORMAL,2.616588790260721e-05,0.9999170303344727,2.5385227218066575e-06,1.2020499298159848e-06,5.303787111188285e-05
ZCH0315,2,NORMAL,NORMAL,3.5568446037359536e-05,0.9999020099639893,3.161377208016347e-06,4.981020538252778e-06,5.419026274466887e-05
ZCH0316,3,NORMAL,NORMAL,0.00016615825006738305,0.9996625185012817,1.8051441657007672e-05,1.9815781342913397e-05,0.00013353647955227643
ZCH0317,4,NORMAL,NORMAL,1.337737194262445e-05,0.9999301433563232,5.965931109130906e-07,3.1178245990304276e-05,2.4617707822471857e-05
ZCH0318,1,NORMAL,NORMAL,0.0018795377109199762,0.9975270628929138,3.1539871997665614e-05,0.00040314419311471283,0.00015872126095928252
ZCH0319,2,NORMAL,NORMAL,1.3247832612250932e-05,0.9999537467956543,1.8856702581615536e-06,1.273304633286898e-06,2.9745380743406713e-05
ZCH0320,1,NORMAL,NORMAL,0.0003991904086433351,0.9992848038673401,1.7705800928524695e-05,4.294641257729381e-05,0.00025527901016175747
ZCH0321,2,NORMAL,NORMAL,1.7565318557899445e-05,0.9999407529830933,1.2668998579101753e-06,1.9848905594699318e-06,3.836954783764668e-05
ZCH0322,0,NORMAL,NORMAL,7.1660892899672035e-06,0.999968409538269,1.9839137621602276e-06,1.941589744092198e-06,2.0468483853619546e-05
ZCH0323,3,NORMAL,NORMAL,0.0002947627508547157,0.9994989633560181,1.2431225513864774e-05,3.0511408112943172e-05,0.00016339517605956644
ZCH0324,4,NORMAL,NORMAL,0.0002709567197598517,0.9996281862258911,5.548602075577946e-07,8.355703175766394e-05,1.6639731256873347e-05
ZCH0325,2,NORMAL,NORMAL,2.1503326934180222e-05,0.9999266862869263,3.4922472877951805e-06,2.048038822977105e-06,4.6423225285252556e-05
ZCH0326,3,NORMAL,NORMAL,0.0005473768687807024,0.99905925989151,1.7516009393148124e-05,5.078944013803266e-05,0.00032518806983716786
ZCH0327,3,NORMAL,NORMAL,0.00039061042480170727,0.9991714954376221,2.8859545636805706e-05,6.1009130149614066e-05,0.0003481103922240436
ZCH0328,2,NORMAL,NORMAL,1.4126025234872941e-05,0.9999620914459229,3.3400256143067963e-06,5.404353373705817e-07,1.977170722966548e-05
ZCH0329,2,NORMAL,NORMAL,1.0763394129753578e-05,0.9993916749954224,2.6712004910223186e-05,9.906907507684082e-07,0.000569903408177197
ZCH0330,3,NORMAL,NORMAL,0.0001565031270729378,0.999552309513092,2.3667320419917814e-05,3.449132418609224e-05,0.00023308426898438483
ZCH0331,2,NORMAL,NORMAL,0.00014853428001515567,0.9992378950119019,0.00025755068054422736,3.45195417139621e-06,0.00035264293546788394
ZCH0332,4,NORMAL,NORMAL,2.1346369976527058e-05,0.9999420642852783,1.1903731547135976e-06,7.0567280090472195e-06,2.8396554625942372e-05
ZCH0333,2,NORMAL,NORMAL,5.434040576801635e-05,0.9999250173568726,2.499687070667278e-06,2.638655132614076e-06,1.555405106046237e-05
ZCH0334,1,NORMAL,NORMAL,0.3075522780418396,0.691773533821106,2.6857319426198956e-06,0.0006235587643459439,4.791390892933123e-05
ZCH0335,2,NORMAL,NORMAL,0.0034204961266368628,0.9956448078155518,3.892355380230583e-06,0.0005440926179289818,0.0003866465704049915
ZCH0336,2,NORMAL,NORMAL,8.905032882466912e-05,0.999895453453064,7.593385475956893e-07,1.87493787962012e-06,1.2921941561216954e-05
ZCH0337,2,NORMAL,NORMAL,0.0008447605068795383,0.999026894569397,2.737377508310601e-05,6.08521713729715e-06,9.486255294177681e-05
ZCH0338,1,NORMAL,NORMAL,3.7666584830731153e-05,0.999922513961792,5.875586793990806e-06,8.665718269185163e-06,2.5284938601544127e-05
ZCH0339,1,NORMAL,NORMAL,0.0003651601145975292,0.9993626475334167,1.7093589121941477e-05,7.110790465958416e-05,0.0001840575278038159
ZCH0340,2,NORMAL,NORMAL,0.0002534053346607834,0.999645471572876,1.4081786503084004e-05,4.696935775427846e-06,8.247015648521483e-05
ZCH0341,0,NORMAL,NORMAL,2.945248161267955e-05,0.9997332692146301,1.2038967724947724e-05,0.00011982549767708406,0.0001055261236615479
ZCH0342,1,NORMAL,NORMAL,8.207582141039893e-05,0.9998134970664978,1.8333163097850047e-05,4.135348353884183e-05,4.465424353838898e-05
ZCH0343,1,NORMAL,NORMAL,0.0018962095491588116,0.9974485039710999,4.687080217991024e-05,0.00013316285912878811,0.00047528144204989076
ZCH0344,2,NORMAL,NORMAL,2.3657075871597044e-05,0.9999051094055176,1.095889001589967e-05,1.7179066844619229e-06,5.865487764822319e-05
ZCH0345,1,NORMAL,NORMAL,0.00010861580813070759,0.9997478127479553,1.693255762802437e-05,4.359783633844927e-05,8.311977580888197e-05
ZCH0346,2,NORMAL,NORMAL,1.401639838150004e-05,0.999937891960144,4.698197699326556e-06,1.321250238106586e-06,4.2105515603907406e-05
ZCH0347,3,NORMAL,NORMAL,0.00045223956112749875,0.9992151260375977,1.660244379309006e-05,5.117346518090926e-05,0.0002647596993483603
ZCH0348,4,NORMAL,NORMAL,2.2886637452756986e-05,0.9999428987503052,1.5774031680848566e-06,1.334972148470115e-05,1.925712058437057e-05
ZCH0349,0,NORMAL,NORMAL,1.342020641459385e-05,0.999934196472168,2.803606093948474e-06,3.957422904932173e-06,4.554620318231173e-05
ZCH0350,2,NORMAL,NORMAL,0.01883384771645069,0.9809942245483398,5.6968285207403824e-05,5.8359669310448226e-06,0.00010907978139584884
ZCH0351,4,NORMAL,NORMAL,2.0587496692314744e-05,0.9999514818191528,9.947891612682724e-07,7.3854203037626576e-06,1.9530851204763167e-05
ZCH0352,2,NORMAL,VSD,0.0006359850522130728,0.49150553345680237,0.0015331836184486747,9.258120371669065e-06,0.506316065788269
ZCH0353,3,NORMAL,NORMAL,0.00026591168716549873,0.9974276423454285,4.143179830862209e-05,6.400237907655537e-05,0.0022011632099747658
ZCH0354,0,NORMAL,NORMAL,1.4583501979359426e-05,0.999687671661377,4.8231463551928755e-06,2.4428300093859434e-06,0.0002906565205194056
ZCH0355,4,NORMAL,NORMAL,2.3741900804452598e-05,0.9999499320983887,5.498913537849148e-07,7.3875717134797014e-06,1.830477594921831e-05
ZCH0356,1,NORMAL,NORMAL,0.00017955084331333637,0.9995036125183105,8.50503274705261e-05,5.943214273429476e-05,0.0001722958404570818
ZCH0357,4,NORMAL,NORMAL,0.000189155776752159,0.9997217059135437,6.691877842968097e-07,6.25232860329561e-05,2.58729141933145e-05
ZCH0358,0,NORMAL,NORMAL,1.3492553080141079e-05,0.9998880624771118,3.2798602660477627e-06,1.6822841644170694e-06,9.34303825488314e-05
ZCH0359,3,NORMAL,NORMAL,0.001250079832971096,0.9963470101356506,0.00016229641914833337,0.00018582497432362288,0.002054814947769046
ZCH0360,3,NORMAL,NORMAL,0.0003094420535489917,0.9990432858467102,5.369907376007177e-05,7.345422636717558e-05,0.0005201323074288666
ZCH0361,4,NORMAL,NORMAL,1.8291641026735306e-05,0.9999587535858154,4.6140195308908005e-07,8.373092896363232e-06,1.4230918168323115e-05
ZCH0362,2,NORMAL,NORMAL,7.305501640075818e-05,0.9998636245727539,2.7228240924159763e-06,2.3247700937645277e-06,5.8118199376622215e-05
ZCH0363,1,NORMAL,NORMAL,0.0003350603801663965,0.9994584918022156,2.2482354324893095e-05,6.181991193443537e-05,0.00012207700638100505
ZCH0364,3,NORMAL,NORMAL,0.00022359995637089014,0.9995375871658325,1.7160122297354974e-05,3.787074456340633e-05,0.0001837214222177863
ZCH0365,0,NORMAL,NORMAL,1.2251008229213767e-05,0.999958872795105,1.1533550150488736e-06,1.8590210402180674e-06,2.5708313842187636e-05
ZCH0366,2,NORMAL,NORMAL,5.937067908234894e-05,0.9998763799667358,3.4973941183125135e-06,3.2809637104946887e-06,5.7434055634075776e-05
ZCH0367,4,NORMAL,NORMAL,3.622306030592881e-05,0.9999324083328247,4.886301780970825e-07,1.4359263332153205e-05,1.654267543926835e-05
ZCH0368,4,NORMAL,NORMAL,0.00023401390353683382,0.9996274709701538,2.154969479306601e-06,2.808583121804986e-05,0.00010819934686878696
ZCH0369,4,NORMAL,NORMAL,9.090643288800493e-05,0.9998880624771118,2.77764485190346e-07,8.182524652511347e-06,1.2539245290099643e-05
ZCH0370,1,NORMAL,NORMAL,4.1233728552469984e-05,0.9998792409896851,5.664533091476187e-06,9.571857845003251e-06,6.428219057852402e-05
ZCH0371,2,NORMAL,NORMAL,0.00021851251949556172,0.6494494676589966,0.3495897352695465,1.2894643987237941e-05,0.0007294839015230536
ZCH0372,1,NORMAL,NORMAL,0.00027932485681958497,0.9976556301116943,1.6925072486628778e-05,6.253614992601797e-05,0.0019855457358062267
ZCH0373,0,NORMAL,NORMAL,1.4470607311523054e-05,0.999881386756897,3.6887399801344145e-06,3.888736046064878e-06,9.657487680669874e-05
ZCH0374,4,NORMAL,NORMAL,1.0429560461489018e-05,0.9999741315841675,3.0940279316382657e-07,6.091869636293268e-06,9.059165677172132e-06
ZCH0375,2,NORMAL,NORMAL,0.018905114382505417,0.865264892578125,0.11461307108402252,0.0004443812067620456,0.0007726132171228528
ZCH0376,4,NORMAL,NORMAL,3.820631900453009e-05,0.999942421913147,5.202083457334084e-07,9.487522220297251e-06,9.336362381873187e-06
ZCH0377,3,NORMAL,NORMAL,0.00024382901028729975,0.9995354413986206,1.5653758964617737e-05,4.195547808194533e-05,0.00016322995361406356
ZCH0378,3,NORMAL,NORMAL,0.00030159016023389995,0.9992125034332275,3.5028384445467964e-05,6.52866656309925e-05,0.00038563154521398246
ZCH0379,1,NORMAL,NORMAL,0.014834897592663765,0.9846614003181458,4.107457243662793e-06,0.00042706765816546977,7.259107223944739e-05
ZCH0380,4,NORMAL,NORMAL,5.505450826603919e-05,0.9999029636383057,1.9926274035242386e-06,1.5897865523584187e-05,2.401937308604829e-05
ZCH0381,3,NORMAL,NORMAL,0.0002616032725200057,0.9993084669113159,2.500156006135512e-05,5.587331543210894e-05,0.0003490472736302763
ZCH0382,4,NORMAL,NORMAL,2.6565699954517186e-05,0.9999417066574097,4.294706741347909e-07,1.4299091162683908e-05,1.6938683984335512e-05
ZCH0383,3,NORMAL,NORMAL,0.003080053487792611,0.9964472651481628,3.095692954957485e-05,8.316802995977923e-05,0.0003586578241083771
ZCH0384,1,NORMAL,NORMAL,0.00017011808813549578,0.9995560050010681,5.816706470795907e-05,5.1903924031648785e-05,0.00016375879931729287
ZCH0385,2,NORMAL,NORMAL,0.0001029510167427361,0.9997950196266174,4.7872945287963375e-06,5.7116380958177615e-06,9.151807898888364e-05
ZCH0386,0,NORMAL,NORMAL,8.600404726166744e-06,0.9999635219573975,1.7258811340070679e-06,2.001051370825735e-06,2.4256973119918257e-05
ZCH0387,4,NORMAL,NORMAL,3.218189885956235e-05,0.9999393224716187,2.0142547896284668e-07,7.96937911218265e-06,2.0245235646143556e-05
ZCH0388,0,NORMAL,NORMAL,2.9580091904790606e-06,0.9999686479568481,2.111797357429168e-06,1.5243598454617313e-06,2.4713759557926096e-05
ZCH0389,4,NORMAL,NORMAL,1.6649970348225906e-05,0.9999525547027588,3.0664398309454555e-07,8.038595296966378e-06,2.2438300220528618e-05
ZCH0390,3,NORMAL,NORMAL,0.000576829188503325,0.9991301894187927,1.2660183529078495e-05,4.1811992559814826e-05,0.00023851980222389102
ZCH0391,3,NORMAL,NORMAL,0.0015807641902938485,0.9978140592575073,9.295080963056535e-05,6.6359993070364e-05,0.00044591884943656623
ZCH0392,0,NORMAL,NORMAL,3.2951975299511105e-05,0.9995976090431213,1.712298740130791e-06,1.4988193470344413e-05,0.0003527493099682033
ZCH0393,2,NORMAL,NORMAL,2.9837285183020867e-05,0.9999097585678101,1.1664657222354435e-06,2.02139153770986e-06,5.719628097722307e-05
ZCH0394,4,NORMAL,NORMAL,2.1938201825832948e-05,0.9999357461929321,8.150711892085383e-07,1.136639912147075e-05,3.0101780794211663e-05
ZCH0395,0,NORMAL,NORMAL,9.708708239486441e-05,0.9469383955001831,0.0002394798066234216,2.752666659944225e-05,0.052697617560625076
ZCH0396,1,NORMAL,NORMAL,0.0002199246664531529,0.9995848536491394,3.5693926747626392e-06,0.00011424753756728023,7.734844257356599e-05
ZCH0397,0,NORMAL,NORMAL,1.3641848454426508e-05,0.9999555349349976,2.8334593480394688e-06,6.418144948838744e-06,2.1619571271003224e-05
ZCH0398,1,NORMAL,NORMAL,4.781263487529941e-05,0.9999071359634399,6.508265869342722e-06,1.0719076271925587e-05,2.7799056624644436e-05
ZCH0399,1,NORMAL,NORMAL,0.0001067826451617293,0.9997952580451965,8.655720193928573e-06,2.741343814705033e-05,6.183631194289774e-05
ZCH0400,3,NORMAL,NORMAL,0.0018492054659873247,0.9954865574836731,8.492666529491544e-05,0.00034096548915840685,0.0022382335737347603
ZCH0401,4,NORMAL,NORMAL,2.2724680093233474e-05,0.9999594688415527,3.419521306113893e-07,5.9628555391100235e-06,1.147494276665384e-05
ZCH0402,3,NORMAL,NORMAL,0.0003930352395400405,0.999251663684845,1.819942372094374e-05,6.105635111453012e-05,0.00027604433125816286
ZCH0403,2,NORMAL,NORMAL,0.0003893749963026494,0.9991527795791626,0.00015158300811890513,5.440206678031245e-06,0.0003007851482834667
ZCH0404,0,NORMAL,NORMAL,2.8604887120309286e-05,0.9999390840530396,5.306719685904682e-06,3.134938197035808e-06,2.3842430891818367e-05
ZCH0405,1,NORMAL,NORMAL,0.0001646631717449054,0.999625563621521,2.870003845600877e-05,5.457696533994749e-05,0.00012644610251300037
ZCH0406,1,NORMAL,NORMAL,0.4607922434806824,0.5266100168228149,9.408737969351932e-05,0.0027472630608826876,0.00975638534873724
ZCH0407,3,NORMAL,NORMAL,0.0004814532876480371,0.9989054203033447,7.331714004976675e-05,0.00010823488264577463,0.0004315721453167498
ZCH0408,0,NORMAL,NORMAL,1.0245078556181397e-05,0.9999648332595825,2.7419901016401127e-06,2.199338041464216e-06,2.0007573766633868e-05
ZCH0409,2,NORMAL,NORMAL,0.0006663752719759941,0.9977349042892456,0.0005374012980610132,5.932323620072566e-05,0.0010019269539043307
ZCH0410,1,NORMAL,NORMAL,0.0007910360000096262,0.9987523555755615,3.6711376196763013e-06,0.00036561297019943595,8.731199341127649e-05
ZCH0411,0,NORMAL,PFO,0.09854740649461746,0.11217638105154037,0.00017054766067303717,0.7861546874046326,0.0029509884770959616
ZCH0412,2,NORMAL,NORMAL,0.0032896138727664948,0.992198646068573,4.851005087402882e-06,1.488274961047864e-06,0.004505322780460119
ZCH0413,3,NORMAL,NORMAL,0.000735907640773803,0.9986177682876587,2.4601184122730047e-05,0.00012555513239931315,0.0004961077938787639
ZCH0414,0,NORMAL,NORMAL,1.2334988241491374e-05,0.9999068975448608,2.6894101665675407e-06,4.438614723767387e-06,7.365990313701332e-05
ZCH0415,1,NORMAL,NORMAL,0.00019988171698059887,0.9996360540390015,1.626714765734505e-05,3.27343623212073e-05,0.00011503708810778335
ZCH0416,2,NORMAL,NORMAL,2.3895478079793975e-05,0.9999432563781738,1.4680783806397812e-06,2.2636827452515718e-06,2.923256943176966e-05
ZCH0417,0,NORMAL,NORMAL,1.7170832506963052e-05,0.9999573230743408,1.787270207387337e-06,2.6844361400435446e-06,2.0963181668776087e-05
ZCH0418,4,NORMAL,NORMAL,6.22890584054403e-05,0.9998613595962524,1.1185607036168221e-06,3.154747901135124e-05,4.3620133510557935e-05
ZCH0419,4,NORMAL,NORMAL,3.072528124903329e-05,0.9999208450317383,1.5067727190398728e-06,1.7209878933499567e-05,2.966937972814776e-05
ZCH0420,2,NORMAL,NORMAL,1.980941124202218e-05,0.999923586845398,1.3252702046884224e-05,9.723408993522753e-07,4.24239769927226e-05
ZCH0421,1,NORMAL,NORMAL,0.21696802973747253,0.745893120765686,5.157117357157404e-06,0.03704190254211426,9.17572615435347e-05
ZCH0422,0,NORMAL,NORMAL,6.691244925605133e-05,0.9995699524879456,0.00016173190670087934,1.7215228581335396e-05,0.00018425450252834707
ZCH0423,1,NORMAL,NORMAL,0.0011983708245679736,0.9983149766921997,4.2946896428475156e-05,4.7002107748994604e-05,0.0003966822405345738
ZCH0424,2,NORMAL,NORMAL,0.000433979817898944,0.9993600249290466,2.1824798750458285e-06,5.323292498360388e-06,0.0001985066191991791
ZCH0425,0,NORMAL,NORMAL,7.109463240340119e-06,0.9999457597732544,2.066845581794041e-06,2.7467535801406484e-06,4.230306876706891e-05
ZCH0426,1,NORMAL,NORMAL,4.084132524440065e-05,0.9998586177825928,2.7909848085982958e-06,4.341215571912471e-06,9.346658043796197e-05
ZCH0427,3,NORMAL,NORMAL,0.0005610191146843135,0.999037504196167,3.8961276004556566e-05,7.785498746670783e-05,0.0002846161078196019
ZCH0428,3,NORMAL,NORMAL,0.00015794461069162935,0.9996567964553833,1.3493498954630923e-05,2.4923130695242435e-05,0.0001469749113311991
ZCH0429,1,NORMAL,NORMAL,0.00012212588626425713,0.9997089505195618,2.0292851331760176e-05,3.9987953641684726e-05,0.00010857616871362552
ZCH0430,4,NORMAL,NORMAL,1.9744642486330122e-05,0.9999569654464722,5.401883527156315e-07,7.1383483373210765e-06,1.5482162780244835e-05
ZCH0431,0,NORMAL,NORMAL,0.00023085060820449144,0.9994493126869202,0.00021225333330221474,2.1722369638155214e-05,8.587563934270293e-05
ZCH0432,1,NORMAL,NORMAL,0.00022313007502816617,0.9996111989021301,2.3205671823234297e-05,4.5897399104433134e-05,9.662697993917391e-05
ZCH0433,4,NORMAL,NORMAL,2.2526897737407126e-05,0.9999136924743652,2.2925341909285635e-06,2.6530822651693597e-05,3.487714275252074e-05
ZCH0434,0,NORMAL,NORMAL,1.2470683941501193e-05,0.9999423027038574,7.981268026924226e-06,3.3126816560979933e-06,3.3826203434728086e-05
ZCH0435,2,NORMAL,NORMAL,2.313386539753992e-05,0.9999547004699707,3.6372503586790117e-07,9.707886192700244e-07,2.0850056898780167e-05
ZCH0436,2,NORMAL,NORMAL,0.007699304725974798,0.9832828044891357,3.091885810135864e-05,3.436323368077865e-06,0.008983436971902847
ZCH0437,3,NORMAL,NORMAL,0.000811260542832315,0.9987064599990845,2.0960111214662902e-05,7.432280835928395e-05,0.0003870619984809309
ZCH0438,4,NORMAL,NORMAL,2.281572960782796e-05,0.9999566078186035,2.3033237539493712e-07,6.555595518875634e-06,1.3885569387639407e-05
ZCH0439,2,NORMAL,NORMAL,0.0012670388678088784,0.9986317753791809,2.9505508791771717e-05,2.1978248696541414e-06,6.954267882974818e-05
ZCH0440,1,NORMAL,NORMAL,7.973099127411842e-05,0.9998419284820557,9.820776540436782e-06,2.0162380678812042e-05,4.8389691073680297e-05
ZCH0441,2,NORMAL,NORMAL,1.3367852261580992e-05,0.9999498128890991,1.4602948112951708e-06,1.1456696711320546e-06,3.418734922888689e-05
ZCH0442,3,NORMAL,NORMAL,0.0018336718203499913,0.9962829947471619,0.0002563874877523631,0.00027231936110183597,0.0013546313857659698
ZCH0443,0,NORMAL,NORMAL,0.002152267610654235,0.9967172741889954,0.0005045919097028673,0.00013398946612142026,0.0004917830228805542
ZCH0444,0,NORMAL,NORMAL,2.3683613108005375e-05,0.9998294115066528,1.7171552826766856e-05,7.351900421781465e-06,0.0001222395512741059
ZCH0445,0,NORMAL,NORMAL,9.326290637545753e-06,0.9999589920043945,4.106279448023997e-06,3.243530045438092e-06,2.4460356144118123e-05
ZCH0446,0,NORMAL,NORMAL,2.565208706073463e-05,0.9998931884765625,8.535887900507078e-06,2.4928549464675598e-05,4.767741484101862e-05
ZCH0447,0,NORMAL,NORMAL,1.7988642866839655e-05,0.9999511241912842,4.665802862291457e-06,2.6123777843167773e-06,2.3594557205797173e-05
ZCH0448,2,NORMAL,NORMAL,0.0004963027313351631,0.9994428753852844,2.4826417757140007e-06,1.1128884125355398e-06,5.721812340198085e-05
ZCH0449,0,NORMAL,NORMAL,1.2277432688279077e-05,0.9999629259109497,3.260118546677404e-06,2.1223042949714e-06,1.9440240066614933e-05
ZCH0450,4,NORMAL,NORMAL,3.094193743891083e-05,0.999908447265625,1.092006982617022e-06,1.0572519386187196e-05,4.88359437440522e-05
ZCH0451,0,NORMAL,NORMAL,1.0076440958073363e-05,0.9999728202819824,1.7757498653736548e-06,2.4368202957703033e-06,1.2917716048832517e-05
ZCH0452,2,NORMAL,NORMAL,9.274910553358495e-05,0.9998261332511902,4.475566129258368e-06,4.976521267963108e-06,7.165168790379539e-05
ZCH0453,0,NORMAL,NORMAL,3.874820322380401e-06,0.9999806880950928,1.6044403992054868e-06,1.3116758736941847e-06,1.2464074643503409e-05
ZCH0454,0,NORMAL,NORMAL,0.00021845000446774065,0.9995239973068237,5.14849216415314e-06,5.158127169124782e-05,0.0002009300806093961
ZCH0455,3,NORMAL,NORMAL,0.0002834784099832177,0.9989804625511169,6.54187097097747e-05,5.241242979536764e-05,0.0006183614605106413
ZCH0456,1,NORMAL,NORMAL,0.00010842168558156118,0.9997748732566833,1.2052957572450396e-05,2.278245119669009e-05,8.192595123546198e-05
ZCH0457,4,NORMAL,NORMAL,4.8167617933359e-05,0.9998444318771362,2.8043705242453143e-06,1.4886792996549048e-05,8.963606524048373e-05
ZCH0458,4,NORMAL,NORMAL,0.0004934193566441536,0.999272882938385,2.0625377601390937e-06,3.035884401469957e-05,0.0002012700424529612
ZCH0459,3,NORMAL,NORMAL,8.987767796497792e-05,0.9998316764831543,5.429044449556386e-06,1.027852158586029e-05,6.270231824601069e-05
ZCH0460,1,NORMAL,NORMAL,2.8631016903091222e-05,0.9999176263809204,9.032574780576397e-06,8.0230120147462e-06,3.674087565741502e-05
ZCH0461,4,NORMAL,NORMAL,1.7798149201553315e-05,0.9999518394470215,1.365088792226743e-06,7.728210221102927e-06,2.1340734747354873e-05
ZCH0462,1,NORMAL,NORMAL,0.00046729613677598536,0.9991042017936707,1.2631370736926328e-05,2.6190560674876906e-05,0.00038971161120571196
ZCH0463,0,NORMAL,NORMAL,4.661662842408987e-06,0.9999790191650391,1.8762805211736122e-06,9.557484190736432e-07,1.3455718544719275e-05
ZCH0464,2,NORMAL,NORMAL,2.091093483613804e-05,0.9998956918716431,1.1233762961637694e-05,1.3697836038772948e-06,7.091112638590857e-05
ZCH0465,0,NORMAL,NORMAL,9.587081876816228e-06,0.999962568283081,2.818601842591306e-06,3.055032721022144e-06,2.1992416805005632e-05
ZCH0466,4,NORMAL,NORMAL,1.881112802948337e-05,0.9999500513076782,1.3314349871507147e-06,7.810410352249164e-06,2.188806865888182e-05
ZCH0467,1,NORMAL,NORMAL,0.00011055790673708543,0.9998511075973511,7.739572538412176e-06,5.102355316921603e-06,2.5371853553224355e-05
ZCH0468,2,NORMAL,NORMAL,0.00015252588491421193,0.9998124241828918,6.714208211633377e-07,3.031150072274613e-06,3.1382543966174126e-05
ZCH0469,4,NORMAL,PFO,3.370009608261171e-06,0.0007239306578412652,4.753438247462327e-07,0.9992578625679016,1.426607104804134e-05
ZCH0470,0,NORMAL,NORMAL,0.00020499466336332262,0.9992806315422058,5.278586741042091e-06,2.8448994271457195e-06,0.0005063252174295485
ZCH0471,2,NORMAL,NORMAL,1.9602352040237747e-05,0.9999464750289917,3.0137707653921098e-06,1.761730004545825e-06,2.9173763323342428e-05
ZCH0472,2,NORMAL,NORMAL,0.00028907693922519684,0.9995521903038025,5.717346084566088e-06,5.110678102937527e-05,0.00010193053458351642
ZCH0473,2,NORMAL,NORMAL,2.072683309961576e-05,0.9999332427978516,1.0445444331708131e-06,2.455308276694268e-06,4.240310954628512e-05
ZCH0474,1,NORMAL,NORMAL,2.400293124082964e-05,0.9999096393585205,5.002958005206892e-06,7.153036676754709e-06,5.422205867944285e-05
ZCH0475,0,NORMAL,NORMAL,1.2599801948454115e-06,0.9999760389328003,3.5798425415123347e-06,7.694651458223234e-07,1.831173176469747e-05
ZCH0476,3,NORMAL,NORMAL,0.00023177918046712875,0.9996165037155151,1.12549014374963e-05,2.4970422600745223e-05,0.00011551845818758011
ZCH0477,2,NORMAL,ASD,0.9924948215484619,0.004098064731806517,4.989391891285777e-05,0.0030265424866229296,0.0003306467260699719
ZCH0478,2,NORMAL,NORMAL,1.8031098079518415e-05,0.9999520778656006,1.8814710074366303e-06,1.351450464426307e-06,2.6670939405448735e-05
ZCH0479,1,NORMAL,NORMAL,3.220414509996772e-05,0.999903678894043,5.300836164678913e-06,7.646376616321504e-06,5.125128154759295e-05
ZCH0480,1,NORMAL,NORMAL,2.8995060347369872e-05,0.9999210834503174,6.394353476935066e-06,8.650322342873551e-06,3.4860735468100756e-05
ZCH0481,1,NORMAL,NORMAL,3.134918006253429e-05,0.9999196529388428,6.682681942038471e-06,7.347327482420951e-06,3.489241498755291e-05
ZCH0482,1,NORMAL,NORMAL,5.3365874919109046e-05,0.9998795986175537,9.388219950778875e-06,2.3599979613209143e-05,3.3994052500929683e-05
ZCH0483,3,NORMAL,NORMAL,0.0005045220605097711,0.9990676045417786,3.351119448780082e-05,8.487769082421437e-05,0.0003095665015280247
ZCH0484,0,NORMAL,NORMAL,6.9346701820904855e-06,0.9999692440032959,3.761630523513304e-06,1.9917449662898434e-06,1.804162639018614e-05
ZCH0485,2,NORMAL,NORMAL,0.00010683608707040548,0.9997614026069641,2.3247960143635282e-06,4.462704055185895e-06,0.00012497277930378914
ZCH0486,2,NORMAL,NORMAL,1.7949374523595907e-05,0.9999344348907471,5.732146291848039e-06,1.5150135368457995e-06,4.03282065235544e-05
ZCH0487,2,NORMAL,NORMAL,1.629648068046663e-05,0.9999308586120605,4.934892785968259e-06,2.2269243800110416e-06,4.562430694932118e-05
ZCH0488,1,NORMAL,NORMAL,6.893420504638925e-05,0.999864935874939,1.220180911332136e-05,1.6581725503783673e-05,3.747512892005034e-05
ZCH0489,4,NORMAL,NORMAL,7.935812027426437e-05,0.9998416900634766,9.50594312598696e-07,1.1746554264391307e-05,6.617472536163405e-05
ZCH0490,3,NORMAL,NORMAL,0.00018203970103058964,0.9996267557144165,1.4260003808885813e-05,2.3132037313189358e-05,0.0001536892232252285
ZCH0491,4,NORMAL,NORMAL,2.5289891709689982e-05,0.9999228715896606,1.3960218439024175e-06,1.1513887329783756e-05,3.881984594045207e-05
ZCH0492,2,NORMAL,PDA,1.1801395885413513e-05,0.008917932398617268,0.9910529255867004,3.023546071290184e-07,1.7028873116942123e-05
ZCH0493,3,NORMAL,NORMAL,0.0004846449592150748,0.9990556836128235,2.3205764591693878e-05,6.930631934665143e-05,0.0003671265149023384
ZCH0494,1,NORMAL,NORMAL,0.0004763910546898842,0.9991616010665894,1.9692151909112e-05,3.1888983357930556e-05,0.0003103831841144711
ZCH0495,1,NORMAL,NORMAL,0.00010273850057274103,0.9998124241828918,1.0536547051742673e-05,3.098754314123653e-05,4.34038374805823e-05
ZCH0496,0,NORMAL,NORMAL,4.068937414558604e-06,0.9999692440032959,6.910909633006668e-06,2.9493348847609013e-06,1.679742672422435e-05
ZCH0497,0,NORMAL,NORMAL,1.0105961337103508e-05,0.9999608993530273,2.683936145331245e-06,2.237641865576734e-06,2.393702197878156e-05
ZCH0498,3,NORMAL,NORMAL,0.00029866123804822564,0.9985418319702148,2.980263343488332e-05,5.817746932734735e-05,0.0010715058306232095
ZCH0499,3,NORMAL,NORMAL,0.0044018179178237915,0.9930928945541382,0.00020261564350221306,0.00047353163245134056,0.00182913348544389
ZCH0500,3,NORMAL,NORMAL,0.0010329456999897957,0.9946198463439941,0.00012525729835033417,0.0001505232066847384,0.004071373492479324
ZCH0501,0,NORMAL,NORMAL,6.015540748194326e-06,0.9999719858169556,2.1942587409284897e-06,2.9593957151519135e-06,1.697323750704527e-05
ZCH0502,2,NORMAL,NORMAL,9.10195831238525e-06,0.9999545812606812,2.234593239336391e-06,1.8061632545141038e-06,3.230055881431326e-05
ZCH0503,0,NORMAL,NORMAL,0.012598386034369469,0.9873684048652649,2.391447651461931e-06,4.221049039188074e-06,2.6614017770043574e-05
ZCH0504,3,NORMAL,NORMAL,0.0005166124319657683,0.9989945292472839,5.075342414784245e-05,0.00012025192700093612,0.000317906349664554
ZCH0505,0,NORMAL,NORMAL,0.0036495893727988005,0.6995667219161987,3.484619810478762e-05,2.927881541836541e-05,0.296719491481781
ZCH0506,3,NORMAL,NORMAL,0.0001930705038830638,0.999632716178894,1.6053245417424478e-05,3.198932245140895e-05,0.0001262516889255494
ZCH0507,1,NORMAL,NORMAL,4.9686215788824484e-05,0.9998840093612671,1.0367340109951328e-05,1.6649988538119942e-05,3.9218764868564904e-05
ZCH0508,3,NORMAL,NORMAL,0.0003621733922045678,0.9991374015808105,5.067269739811309e-05,7.402637129416689e-05,0.00037568461266346276
ZCH0509,1,NORMAL,NORMAL,0.00046203506644815207,0.9993025064468384,2.388335451541934e-05,4.0565471863374114e-05,0.0001709654607111588
ZCH0510,1,NORMAL,NORMAL,0.0004311296797823161,0.9993135929107666,4.576216088025831e-05,3.689175355248153e-05,0.00017263360496144742
ZCH0511,3,NORMAL,VSD,0.0020308380480855703,0.3433645963668823,9.160973422694951e-05,0.00016844371566548944,0.6543445587158203
ZCH0512,3,NORMAL,NORMAL,0.0057532996870577335,0.977220892906189,0.00011070226173615083,0.0008226729114539921,0.016092408448457718
ZCH0513,2,NORMAL,NORMAL,1.014605732052587e-05,0.9999743700027466,7.829053743080294e-07,1.5247596820699982e-06,1.3153710824553855e-05
ZCH0514,2,NORMAL,NORMAL,1.8318460206501186e-05,0.9999303817749023,2.71871681434277e-06,2.7986131954094162e-06,4.575198545353487e-05
ZCH0515,3,NORMAL,NORMAL,0.00014791455760132521,0.999731719493866,9.385658813698683e-06,1.938306559168268e-05,9.149055404122919e-05
ZCH0516,2,NORMAL,NORMAL,0.0035764588974416256,0.9868965744972229,0.00031768876942805946,0.0006653053569607437,0.008544070646166801
ZCH0517,1,NORMAL,NORMAL,8.36588951642625e-05,0.9997794032096863,1.0018622560892254e-05,2.1515726984944195e-05,0.00010531321458984166
ZCH0518,1,NORMAL,NORMAL,0.00034971674904227257,0.9994012117385864,1.1146790711791255e-05,0.00016158899234142154,7.636090595042333e-05
ZCH0519,3,NORMAL,NORMAL,0.00016479149053338915,0.9996292591094971,1.7460904928157106e-05,3.0658349714940414e-05,0.00015778503438923508
ZCH0520,3,NORMAL,NORMAL,0.009331542067229748,0.9876142740249634,6.93476467859e-05,0.00023081099789123982,0.002754072891548276
ZCH0521,3,NORMAL,NORMAL,0.0003377790853846818,0.9991437196731567,5.228285226621665e-05,0.00010957686754409224,0.0003565872320905328
ZCH0522,3,NORMAL,NORMAL,0.0004984732368029654,0.999022364616394,2.6931431420962326e-05,9.043480531545356e-05,0.0003618125629145652
ZCH0523,0,NORMAL,NORMAL,2.0563935322570615e-05,0.9998307228088379,8.296551095554605e-05,7.6019482548872475e-06,5.8040845033247024e-05
ZCH0524,3,NORMAL,NORMAL,0.08680841326713562,0.9090130925178528,0.00019492083811201155,0.00044192231143824756,0.003541704500094056
ZCH0525,0,NORMAL,NORMAL,7.328781066462398e-05,0.9990049004554749,6.944493179616984e-06,2.603148459456861e-05,0.0008889354066923261
ZCH0526,1,NORMAL,NORMAL,0.00035612957435660064,0.9993076324462891,2.9920187444076873e-05,0.00013623503036797047,0.00017004759865812957
ZCH0527,1,NORMAL,NORMAL,0.015085502527654171,0.9838995933532715,0.00018598994938656688,0.00020350914564915001,0.0006253526662476361
ZCH0528,3,NORMAL,NORMAL,0.0009089051163755357,0.9983000159263611,6.0023707192158327e-05,0.00010823656339198351,0.0006228613783605397
ZCH0529,2,NORMAL,ASD,0.6117575764656067,0.31721001863479614,0.051213983446359634,0.01724216341972351,0.0025762193836271763
ZCH0530,2,NORMAL,NORMAL,0.00017469625163357705,0.9997370839118958,5.148032869328745e-06,9.50230605667457e-06,7.353286491706967e-05
ZCH0531,4,NORMAL,NORMAL,0.04567514732480049,0.9540947675704956,2.6135198822885286e-06,2.1149984604562633e-05,0.0002062855928670615
ZCH0532,0,NORMAL,NORMAL,8.153668022714555e-05,0.9997785687446594,1.92227912521048e-06,1.533187173663464e-06,0.0001365150383207947
ZCH0533,4,NORMAL,NORMAL,2.5315972379758023e-05,0.9998941421508789,5.825447715324117e-07,6.430160283343866e-05,1.5691066437284462e-05
ZCH0534,3,ASD,NORMAL,0.0012785108992829919,0.9947505593299866,0.002379168989136815,0.00028075368027202785,0.001310988562181592
ZCH0535,2,ASD,PFO,0.0005155284889042377,0.0025820203591138124,0.0013330848887562752,0.7832189202308655,0.21235047280788422
ZCH0536,4,ASD,ASD,0.9992235898971558,0.0003248791617807001,1.749603939060762e-06,1.598960443516262e-05,0.00043384675518609583
ZCH0537,2,ASD,PFO,0.024776460602879524,0.0005675084539689124,0.016351966187357903,0.8424299955368042,0.11587399989366531
ZCH0538,4,ASD,VSD,5.574916212935932e-05,0.00249731307849288,0.011782394722104073,0.05455799400806427,0.9311065673828125
ZCH0539,1,ASD,PFO,0.0001650718186283484,0.09971317648887634,5.0703507440630347e-05,0.8999398946762085,0.00013110865256749094
ZCH0540,2,ASD,ASD,0.9995433688163757,0.0003312825574539602,8.654711564304307e-06,3.4188942663604394e-05,8.248540689237416e-05
ZCH0541,2,ASD,ASD,0.9328294992446899,0.06555158644914627,0.0015493420651182532,1.8983366771863075e-06,6.771137122996151e-05
ZCH0542,4,ASD,VSD,4.579250526148826e-05,0.0002633518888615072,1.662393333390355e-05,5.545117164729163e-05,0.9996187686920166
ZCH0543,1,ASD,NORMAL,0.01589645817875862,0.9763264060020447,7.777692189847585e-06,2.034767749137245e-05,0.007748940959572792
ZCH0544,2,ASD,ASD,0.9649450778961182,0.0008279868634417653,0.032754894345998764,0.00013959546049591154,0.0013324528699740767
ZCH0545,1,ASD,VSD,0.00021598432795144618,0.0004950755392201245,0.0003768347960431129,0.002195823471993208,0.9967162609100342
ZCH0546,3,ASD,PFO,0.01676027663052082,0.029411867260932922,0.0011090137995779514,0.930816113948822,0.021902823820710182
ZCH0547,0,ASD,ASD,0.9753293991088867,0.000737148686312139,7.137444481486455e-05,0.023728037253022194,0.00013401432079263031
ZCH0548,4,ASD,VSD,0.0005676504806615412,0.015678144991397858,0.14505907893180847,0.217481330037117,0.6212137937545776
ZCH0549,4,ASD,NORMAL,2.754969500529114e-05,0.9982545971870422,4.91286555188708e-05,2.6579667974147014e-05,0.0016420579049736261
ZCH0550,4,ASD,VSD,0.0001843908685259521,0.0013793493853881955,0.00017412632587365806,0.0007616932271048427,0.997500479221344
ZCH0551,0,ASD,VSD,0.006647032685577869,0.0003979065513703972,6.1065948102623224e-06,3.967565135098994e-05,0.99290931224823
ZCH0552,2,ASD,ASD,0.9727266430854797,0.0010620709508657455,0.0006245123804546893,0.0029321261681616306,0.022654632106423378
ZCH0553,1,ASD,NORMAL,0.0005734661244787276,0.9980394244194031,3.9609330997336656e-05,0.0003845111932605505,0.0009629824198782444
ZCH0554,0,ASD,VSD,0.021216874942183495,0.04591375216841698,0.0001879352203104645,0.011575969867408276,0.9211055040359497
ZCH0555,2,ASD,ASD,0.9985218644142151,0.00020598557603079826,7.787315553287044e-05,0.0008186651975847781,0.0003756909864023328
ZCH0556,2,ASD,VSD,0.0003194386954419315,0.000552141631487757,3.879753785440698e-05,8.832496678223833e-05,0.9990013241767883
ZCH0557,0,ASD,NORMAL,0.0003623966476880014,0.9538325071334839,0.00010730107896961272,0.04500007629394531,0.0006976493750698864
ZCH0558,1,ASD,ASD,0.9971791505813599,0.002199177397415042,2.354826392547693e-06,8.639553016109858e-06,0.0006106618675403297
ZCH0559,4,ASD,ASD,0.99803227186203,0.0009349228930659592,9.661150215833914e-06,2.827692878781818e-05,0.0009949227096512914
ZCH0560,2,ASD,NORMAL,7.179177191574126e-05,0.9997690320014954,4.709831773652695e-05,4.141967110626865e-06,0.0001079305075109005
ZCH0561,2,ASD,NORMAL,9.658373892307281e-05,0.9818493723869324,0.017683183774352074,8.769414307607803e-06,0.00036219367757439613
ZCH0562,3,ASD,ASD,0.9698446393013,0.004288299474865198,0.0008793352753855288,0.019276725128293037,0.005710961297154427
ZCH0563,2,ASD,ASD,0.7688036561012268,0.0344594269990921,0.00032660129363648593,0.00044617228559218347,0.19596415758132935
ZCH0564,4,ASD,PFO,2.345362190681044e-06,0.00018254049064125866,1.856866163052473e-07,0.9997875094413757,2.7382888220017776e-05
ZCH0565,4,ASD,PFO,3.084343916270882e-05,0.0012105029309168458,4.69940403036162e-07,0.9987207055091858,3.7487541703740135e-05
ZCH0566,3,ASD,VSD,0.028652949258685112,0.0028014930430799723,0.007681121118366718,0.09397716820240021,0.8668872714042664
ZCH0567,4,ASD,VSD,3.803317667916417e-06,0.0003203301166649908,6.7007182224188e-05,3.763611675822176e-05,0.9995712637901306
ZCH0568,1,ASD,PFO,0.001211161958053708,0.014934639446437359,3.327390368212946e-05,0.9837000966072083,0.0001207707537105307
ZCH0569,2,ASD,PFO,0.00930126290768385,0.08283393085002899,0.0005245234933681786,0.8999173045158386,0.007422990165650845
ZCH0570,0,ASD,VSD,0.011906305328011513,0.004884696565568447,0.0008584857569076121,0.35512685775756836,0.6272236108779907
ZCH0571,1,ASD,PFO,0.0011396626941859722,0.00013404723722487688,3.6176081721350783e-06,0.998598039150238,0.00012464725296013057
ZCH0572,1,ASD,PFO,0.012828310020267963,0.00024804763961583376,1.789548150554765e-06,0.9867464900016785,0.0001753957913024351
ZCH0573,0,ASD,PFO,0.2579600214958191,0.0004898756742477417,7.768545765429735e-05,0.6143287420272827,0.1271437108516693
ZCH0574,4,ASD,VSD,0.004204790573567152,0.22377705574035645,0.0017994449008256197,0.001710196491330862,0.7685084342956543
ZCH0575,1,ASD,NORMAL,0.20961472392082214,0.6832553744316101,0.0006460186559706926,0.0006670557777397335,0.10581688582897186
ZCH0576,0,ASD,PDA,0.0015330397291108966,0.0024989743251353502,0.9820824861526489,0.0007826286600902677,0.01310284435749054
ZCH0577,1,ASD,PFO,0.06870872527360916,0.007735269609838724,0.00015777543012518436,0.9144326448440552,0.008965637534856796
ZCH0578,0,ASD,PFO,0.0016463631764054298,0.00010710222704801708,1.3069404303678311e-05,0.9981256127357483,0.00010775525151984766
ZCH0579,3,ASD,ASD,0.8850436806678772,0.028479868546128273,0.007642646785825491,0.031752340495586395,0.047081515192985535
ZCH0580,1,ASD,VSD,0.004192952997982502,0.00010002734779845923,2.2211208488442935e-05,0.02155236154794693,0.9741324186325073
ZCH0581,4,ASD,PFO,5.495279538081377e-07,2.3177819912234554e-06,1.1224939200360495e-08,0.9999946355819702,2.5315100629086373e-06
ZCH0582,3,ASD,NORMAL,0.062310125678777695,0.925670325756073,0.00010074806777993217,0.0008902622503228486,0.011028466746211052
ZCH0583,0,ASD,NORMAL,2.3330574549618177e-05,0.9998587369918823,3.1177762593870284e-06,4.142797024542233e-06,0.00011057930532842875
ZCH0584,3,ASD,ASD,0.7352772355079651,0.2632142901420593,0.00032796827144920826,0.000575019046664238,0.000605494249612093
ZCH0585,4,ASD,VSD,4.082137820660137e-06,0.00024597515584900975,0.0005616834387183189,4.535379775916226e-05,0.9991428852081299
ZCH0586,2,ASD,ASD,0.9918762445449829,0.0029553270433098078,1.3105332072882447e-06,0.005065582692623138,0.00010153909533983096
ZCH0587,3,ASD,NORMAL,0.0023540803231298923,0.9666047692298889,0.0037650305312126875,0.00035383101203478873,0.026922205463051796
ZCH0588,4,ASD,NORMAL,0.0009319875971414149,0.894626259803772,0.002154961694031954,0.0004804304044228047,0.10180637240409851
ZCH0589,2,ASD,VSD,0.011654457077383995,0.023791983723640442,0.004377730190753937,0.003818374825641513,0.9563574194908142
ZCH0590,1,ASD,PFO,0.03275591507554054,0.007980533875524998,0.020595233887434006,0.9385279417037964,0.00014031582395546138
ZCH0591,0,ASD,NORMAL,4.5733628212474287e-05,0.9998809099197388,5.943272299191449e-06,7.042588549666107e-06,6.0293714341241866e-05
ZCH0592,0,ASD,VSD,0.048851437866687775,0.004271305166184902,0.0006235199980437756,0.0011367086553946137,0.9451169967651367
ZCH0593,0,ASD,PFO,0.0026037944480776787,0.2631550133228302,0.00012508865620475262,0.7331247329711914,0.0009913998655974865
ZCH0594,3,ASD,NORMAL,0.006603580433875322,0.9923818707466125,4.7456560423597693e-05,0.00014711642870679498,0.000819931214209646
ZCH0595,3,ASD,ASD,0.5132712125778198,0.4346936345100403,0.0010169396409764886,0.00415101507678628,0.046867191791534424
ZCH0596,0,ASD,NORMAL,2.297395985806361e-05,0.9998496770858765,6.984806077525718e-06,6.549111276399344e-05,5.478618913912214e-05
ZCH0597,4,ASD,PFO,0.00019973472808487713,0.2733837962150574,5.867320578545332e-05,0.7205045223236084,0.005853284616023302
ZCH0598,4,ASD,PFO,0.00023459405929315835,0.03217747062444687,1.0003504939959385e-06,0.967475414276123,0.00011154864478157833
ZCH0599,2,ASD,PFO,0.25515609979629517,0.0011096039088442922,0.054402124136686325,0.6871718168258667,0.0021604413632303476
ZCH0600,1,ASD,ASD,0.9604375958442688,0.038764193654060364,2.3574034457851667e-06,0.0007703081937506795,2.5480021577095613e-05
ZCH0601,3,ASD,ASD,0.9891355037689209,0.0007606546278111637,0.0005803910316899419,0.0007368882070295513,0.008786586113274097
ZCH0602,1,ASD,PFO,0.004328490234911442,0.0014436985366046429,0.0005336422473192215,0.9615657329559326,0.03212849795818329
ZCH0603,0,ASD,NORMAL,8.307722055178601e-06,0.9999418258666992,3.952006863983115e-06,3.260783842051751e-06,4.268277552910149e-05
ZCH0604,3,ASD,NORMAL,0.002319006947800517,0.99648118019104,7.848211680538952e-05,0.0002485543955117464,0.0008728030952624977
ZCH0605,3,ASD,NORMAL,0.08551398664712906,0.8950408101081848,0.0010494778398424387,0.013683946803212166,0.004711817484349012
ZCH0606,2,ASD,ASD,0.9758706092834473,0.0015555985737591982,2.0712945115519688e-05,0.022144898772239685,0.00040819673449732363
ZCH0607,1,ASD,PFO,0.01821237802505493,0.0015500327572226524,1.697651532595046e-05,0.9793425798416138,0.0008780473144724965
ZCH0608,3,ASD,PFO,0.007390927989035845,0.14385643601417542,0.0011540850391611457,0.8411604762077332,0.006438111886382103
ZCH0609,0,ASD,PFO,0.00011615913535933942,0.00010066847607959062,4.597123279381776e-06,0.999749481678009,2.90508887701435e-05
ZCH0610,3,ASD,NORMAL,0.0006239290814846754,0.997894823551178,8.7066633568611e-05,0.00017247268988285214,0.001221667043864727
ZCH0611,4,ASD,ASD,0.999188244342804,0.0007394395070150495,8.421545203418646e-07,4.4321201130514964e-05,2.7119840524392202e-05
ZCH0612,3,ASD,ASD,0.9782233834266663,0.0049385009333491325,0.000543246220331639,0.0020053787156939507,0.014289399608969688
ZCH0613,2,ASD,PDA,0.31390056014060974,0.025281142443418503,0.44349852204322815,0.20943351089954376,0.007886259816586971
ZCH0614,1,ASD,NORMAL,0.14533363282680511,0.6564221978187561,0.00024950868100859225,0.1803652048110962,0.017629390582442284
ZCH0615,3,ASD,ASD,0.7903645038604736,0.18990470468997955,0.001745900372043252,0.004004776477813721,0.013980215415358543
ZCH0616,3,ASD,PFO,0.006882858462631702,0.008279805071651936,0.00030535541009157896,0.9772002100944519,0.007331759203225374
ZCH0617,2,ASD,ASD,0.994709849357605,0.00454710004851222,3.0344368497026153e-05,1.3017275705351494e-05,0.0006995971198193729
ZCH0618,2,ASD,ASD,0.9706106185913086,0.028618544340133667,0.00032533728517591953,6.381644197972491e-06,0.0004391376278363168
ZCH0619,1,ASD,ASD,0.9990893602371216,0.0002257457235828042,8.536507812095806e-05,0.0005476863007061183,5.184353722142987e-05
ZCH0620,2,ASD,NORMAL,0.0021446109749376774,0.9978196620941162,3.625722456490621e-06,8.109510417853016e-06,2.402347126917448e-05
ZCH0621,3,ASD,NORMAL,0.021236687898635864,0.9771080017089844,0.00010622967238305137,0.0002453538472764194,0.0013038160977885127
ZCH0622,0,ASD,NORMAL,0.00025678807287476957,0.998166024684906,9.555002179695293e-06,1.1640103366516996e-05,0.001556070172227919
ZCH0623,1,ASD,NORMAL,0.0001460390049032867,0.9997774958610535,5.921730917179957e-06,3.197647674824111e-05,3.863604797516018e-05
ZCH0624,3,ASD,NORMAL,0.007248918060213327,0.9913314580917358,0.00032535888021811843,0.00027981377206742764,0.000814466446172446
ZCH0625,3,ASD,NORMAL,0.0006085408385843039,0.9990087747573853,2.726666753005702e-05,7.941514923004434e-05,0.00027597908047027886
ZCH0626,2,ASD,ASD,0.9069949984550476,0.008748756721615791,0.00320502114482224,0.002672830829396844,0.07837845385074615
ZCH0627,2,ASD,ASD,0.9937533736228943,0.0032639415003359318,0.0007177230436354876,0.0020252198446542025,0.00023964542197063565
ZCH0628,0,ASD,PFO,0.006188192870467901,0.001105493400245905,0.00020002122619189322,0.9909119606018066,0.0015943805919960141
ZCH0629,1,ASD,NORMAL,0.0010562160750851035,0.998445451259613,8.374502067454159e-05,0.00016743040760047734,0.00024710793513804674
ZCH0630,0,ASD,PFO,0.001353955245576799,0.010693904012441635,0.00010816421854542568,0.9874402284622192,0.00040375691605731845
ZCH0631,4,ASD,NORMAL,0.00013118596689309925,0.969789445400238,2.668957449714071e-06,0.029907310381531715,0.00016938977933023125
ZCH0632,0,ASD,ASD,0.9971725344657898,0.0006295361090451479,1.737787351885345e-05,0.0020544116850942373,0.0001260729186469689
ZCH0633,4,ASD,PFO,2.718716700655932e-07,0.0003678179928101599,6.305539841378049e-07,0.9995456337928772,8.571551734348759e-05
ZCH0634,0,ASD,PFO,0.11532678455114365,0.004513028543442488,0.0001435718877473846,0.8666734099388123,0.013343184255063534
ZCH0635,3,ASD,ASD,0.9641774296760559,0.01718166656792164,0.004972561728209257,0.0058860983699560165,0.007782120257616043
ZCH0636,4,ASD,VSD,0.0009093318367376924,0.42232879996299744,1.2724524822260719e-05,0.04905997961759567,0.5276891589164734
ZCH0637,4,ASD,VSD,0.004343042150139809,0.0012594814179465175,4.547876233118586e-05,0.003691161284223199,0.9906608462333679
ZCH0638,0,ASD,ASD,0.9999728202819824,1.52766915562097e-05,1.0701113524191896e-06,2.4675910026417114e-06,8.321697350766044e-06
ZCH0639,1,ASD,PFO,0.08877041190862656,0.014907978475093842,0.0009006429463624954,0.8936048150062561,0.001816204166971147
ZCH0640,4,ASD,PDA,0.00040453168912790716,0.001453981501981616,0.9950863718986511,0.0016255363589152694,0.0014296318404376507
ZCH0641,0,ASD,ASD,0.8728770017623901,0.11883886158466339,0.0016480906633660197,0.0004471685388125479,0.006188845261931419
ZCH0642,1,ASD,ASD,0.9337943196296692,0.06598972529172897,1.7751784980646335e-05,6.600735650863498e-05,0.00013229659816715866
ZCH0643,2,ASD,ASD,0.9946711659431458,0.00035350280813872814,6.188575935084373e-05,1.99503410840407e-05,0.004893494304269552
ZCH0644,3,ASD,NORMAL,0.0011181653244420886,0.9980642199516296,3.925247074221261e-05,0.00027026020688936114,0.0005080658011138439
ZCH0645,2,ASD,NORMAL,0.00014552635548170656,0.999810516834259,2.9346429073484614e-06,8.592636731918901e-06,3.239609213778749e-05
ZCH0646,1,ASD,ASD,0.8799935579299927,0.11927741765975952,5.0136401114286855e-05,0.0003902795142494142,0.0002886592992581427
ZCH0647,3,ASD,NORMAL,0.002622433938086033,0.9962887763977051,4.0749877371126786e-05,0.00010774256952572614,0.0009402230498380959
ZCH0648,1,ASD,NORMAL,0.003047017613425851,0.9958577752113342,0.00013686333841178566,0.0002885239664465189,0.0006698269280605018
ZCH0649,0,ASD,ASD,0.6747645735740662,0.31486642360687256,6.468263018177822e-05,0.0001492705341661349,0.010155017487704754
ZCH0650,0,ASD,NORMAL,0.00010841388575499877,0.9998382329940796,8.58851672091987e-06,3.4832903565984452e-06,4.12821646023076e-05
ZCH0651,4,ASD,NORMAL,0.00023669283837080002,0.9997262358665466,1.4979881370891235e-06,1.1559554877749179e-05,2.39459695876576e-05
ZCH0652,1,ASD,NORMAL,0.0101318359375,0.9046724438667297,0.0016090397257357836,0.0831274688243866,0.00045920582488179207
ZCH0653,1,PDA,VSD,0.000535010127350688,0.00016089774726424366,4.500895374803804e-05,9.617189789423719e-06,0.9992493987083435
ZCH0654,4,PDA,VSD,2.252081139886286e-05,0.0003061348688788712,0.00013192990445531905,3.790211121668108e-05,0.9995014667510986
ZCH0655,4,PDA,VSD,0.0014018755173310637,0.41703400015830994,0.011241043917834759,0.07871001213788986,0.4916130602359772
ZCH0656,2,PDA,VSD,0.003058165544643998,0.0007735240506008267,0.00010813507105922326,0.0001969769800780341,0.9958631992340088
ZCH0657,0,PDA,VSD,1.7445843695895746e-05,6.739851232850924e-05,5.931959094596095e-06,9.075728485186119e-06,0.9999001026153564
ZCH0658,3,PDA,PDA,0.012469948269426823,0.005033425521105528,0.9749992489814758,0.0026000398211181164,0.00489726010710001
ZCH0659,3,PDA,NORMAL,0.018230965360999107,0.9796577095985413,0.00014017632929608226,0.0004704101011157036,0.0015008364571258426
ZCH0660,4,PDA,VSD,6.006414332659915e-05,0.0006619524792768061,0.00010581995593383908,4.4350948883220553e-05,0.9991278052330017
ZCH0661,0,PDA,VSD,2.4753335310379043e-05,0.00014191382797434926,4.927426743961405e-06,3.9588226172782015e-06,0.9998244643211365
ZCH0662,2,PDA,VSD,0.13530026376247406,0.0029011054430156946,0.053833406418561935,0.00040849647484719753,0.8075567483901978
ZCH0663,2,PDA,NORMAL,0.01004735752940178,0.6446632742881775,0.2618262469768524,0.00038080045487731695,0.0830824002623558
ZCH0664,2,PDA,VSD,0.008313794620335102,0.11351484805345535,0.006044792477041483,2.697817217267584e-05,0.8720995783805847
ZCH0665,2,PDA,ASD,0.9976557493209839,0.0010875895386561751,1.6544030586373992e-05,0.0009798364480957389,0.0002602114691399038
ZCH0666,4,PDA,ASD,0.9362683892250061,0.0005641194293275476,1.6283757986457204e-06,0.06309539824724197,7.045741222100332e-05
ZCH0667,4,PDA,VSD,7.186416769400239e-05,0.0029189116321504116,0.009703731164336205,0.1460120677947998,0.8412933945655823
ZCH0668,1,PDA,NORMAL,0.006859826855361462,0.9886873960494995,4.79292339150561e-06,2.3528391466243193e-05,0.0044243428856134415
ZCH0669,1,PDA,PFO,0.008093842305243015,0.2139122635126114,0.1792525351047516,0.5982165932655334,0.0005248131928965449
ZCH0670,0,PDA,ASD,0.9996097683906555,0.00035139996907673776,2.9953773719171295e-06,1.2090542441001162e-05,2.377818054810632e-05
ZCH0671,0,PDA,VSD,0.0009850753704085946,0.00022519660706166178,1.358480949420482e-05,0.000594147015362978,0.9981820583343506
ZCH0672,2,PDA,VSD,0.0350215882062912,0.003262203186750412,0.038444191217422485,0.0017641434678807855,0.9215078949928284
ZCH0673,3,PDA,NORMAL,0.0013540579238906503,0.9981350898742676,3.891271990141831e-05,0.00013858101738151163,0.0003333300119265914
ZCH0674,0,PDA,NORMAL,2.5347701011924073e-05,0.9997809529304504,1.2822320968552958e-05,2.3023503672447987e-05,0.00015775690553709865
ZCH0675,1,PDA,VSD,0.3607887029647827,0.034931279718875885,7.208753959275782e-05,2.588329698482994e-05,0.6041820645332336
ZCH0676,1,PDA,PFO,0.41941723227500916,0.005098811816424131,0.00022270363115239888,0.5661001801490784,0.009161119349300861
ZCH0677,1,PDA,VSD,0.00025529807317070663,0.00011813279706984758,1.0568769539531786e-05,7.826003638911061e-06,0.9996082186698914
ZCH0678,3,PDA,VSD,0.14866340160369873,0.13342013955116272,0.005080653820186853,0.15120211243629456,0.5616337060928345
ZCH0679,0,PDA,PFO,0.0012851323699578643,0.004835774190723896,8.174139657057822e-05,0.9818224906921387,0.01197479385882616
ZCH0680,4,PDA,VSD,0.00019396345305722207,0.0035869539715349674,0.00022856154828332365,0.0002242515329271555,0.995766282081604
ZCH0681,0,PDA,VSD,1.6895210137590766e-05,0.0004964421968907118,1.4439377082453575e-05,4.068410817126278e-06,0.9994681477546692
ZCH0682,3,PDA,VSD,0.0921643078327179,0.03847086802124977,0.336966872215271,0.0017641271697357297,0.530633807182312
ZCH0683,3,PDA,VSD,0.0002403308026259765,0.008993684314191341,0.0001316624111495912,0.0002561750588938594,0.9903781414031982
ZCH0684,1,PDA,NORMAL,0.001055833068676293,0.9987145662307739,3.0273036827566102e-05,3.698095679283142e-05,0.00016236372175626457
ZCH0685,1,PFO,PFO,0.0015637647593393922,0.00020546471932902932,1.1154819731018506e-05,0.9980802536010742,0.00013927332474850118
ZCH0686,1,PFO,NORMAL,0.0005567657644860446,0.9988576173782349,1.946380507433787e-05,6.173356814542785e-05,0.0005044955760240555
ZCH0687,2,PFO,PFO,0.3188451826572418,0.0018279440701007843,5.086297824163921e-05,0.6792362332344055,3.975044091930613e-05
ZCH0688,2,PFO,ASD,0.5738360285758972,0.009272485040128231,0.014842675998806953,0.34733790159225464,0.054710857570171356
ZCH0689,2,PFO,NORMAL,9.060594311449677e-05,0.9997604489326477,5.068302925792523e-05,5.243704799795523e-05,4.589742093230598e-05
ZCH0690,4,PFO,PFO,0.11418592184782028,0.047401003539562225,0.00019495018932502717,0.570608913898468,0.267609179019928
ZCH0691,2,PFO,PFO,0.0035944166593253613,0.008927471935749054,6.664903048658744e-05,0.94621741771698,0.041194044053554535
ZCH0692,3,PFO,ASD,0.8454256057739258,0.05739285424351692,0.0037383493036031723,0.06401418894529343,0.02942897193133831
ZCH0693,0,PFO,ASD,0.999745786190033,5.725397204514593e-05,3.4149632028857013e-06,0.00017561583081260324,1.786090615496505e-05
ZCH0694,3,PFO,PFO,0.03758484870195389,0.008108921349048615,0.000859428197145462,0.9451971054077148,0.008249656297266483
ZCH0695,2,PFO,PFO,0.13879463076591492,0.013707708567380905,0.0037842977326363325,0.8318872451782227,0.011826037429273129
ZCH0696,1,PFO,PFO,1.0759869837784208e-05,0.00028944254154339433,4.398063992994139e-06,0.9996860027313232,9.435215361008886e-06
ZCH0697,4,PFO,VSD,8.043166417337488e-06,0.0005650707171298563,0.000733914494048804,0.00028398653375916183,0.9984089732170105
ZCH0698,4,PFO,PFO,3.7576025988528272e-06,0.00123059272300452,1.1608221228698312e-07,0.9987508058547974,1.4769836525374558e-05
ZCH0699,3,PFO,PFO,0.11472385376691818,0.0406251959502697,0.0010250760242342949,0.8299609422683716,0.013664884492754936
ZCH0700,1,PFO,PFO,4.2495259549468756e-05,0.00047411976265721023,6.399337962648133e-06,0.9994530081748962,2.399027653154917e-05
ZCH0701,2,PFO,VSD,0.1248544231057167,0.053560540080070496,0.14030088484287262,0.016459288075566292,0.6648248434066772
ZCH0702,3,PFO,ASD,0.8182498812675476,0.00966720562428236,0.0041622593998909,0.008152976632118225,0.1597677618265152
ZCH0703,0,PFO,ASD,0.9994064569473267,0.0004406581574585289,2.1239886336843483e-05,7.485621608793736e-05,5.67823663004674e-05
ZCH0704,1,PFO,ASD,0.7405003309249878,0.00030465866439044476,7.461999484803528e-05,0.06366243958473206,0.19545798003673553
ZCH0705,4,PFO,ASD,0.6126312017440796,0.07761602103710175,0.00011167748016305268,0.30020326375961304,0.009437833912670612
ZCH0706,0,PFO,ASD,0.9935484528541565,0.0034917930606752634,1.2996858458791394e-05,0.002830294892191887,0.0001165303765446879
ZCH0707,3,PFO,PFO,0.012867026962339878,0.005605160258710384,0.0009173217695206404,0.9740583300590515,0.006552109029144049
ZCH0708,1,PFO,NORMAL,0.0007770206429995596,0.9935227632522583,0.00018780207028612494,0.0052581289783120155,0.00025415097479708493
ZCH0709,2,PFO,PFO,0.11415281146764755,0.005169994197785854,0.0020759273320436478,0.8731270432472229,0.0054742759093642235
ZCH0710,2,PFO,ASD,0.8784978985786438,0.0030615790747106075,0.048137642443180084,0.05714491382241249,0.01315801590681076
ZCH0711,4,PFO,NORMAL,0.03797338157892227,0.8053825497627258,5.7222252507926896e-05,0.15352125465869904,0.0030655653681606054
ZCH0712,2,PFO,PFO,0.09203343093395233,0.0008173899259418249,8.535587403457612e-05,0.9061900973320007,0.0008737475145608187
ZCH0713,4,PFO,PFO,3.4473612231522566e-06,2.1956836917524925e-06,2.9647185328940395e-07,0.9999898672103882,4.205671302770497e-06
ZCH0714,2,PFO,ASD,0.8473801612854004,0.0007497679907828569,0.0030217135790735483,9.398069232702255e-05,0.14875441789627075
ZCH0715,2,PFO,PFO,0.0034397239796817303,0.07958477735519409,9.526836947770789e-05,0.9140645265579224,0.002815676387399435
ZCH0716,2,PFO,PFO,0.0007507976843044162,0.0010106797562912107,8.79960680322256e-06,0.9971362352371216,0.0010934971505776048
ZCH0717,0,PFO,PFO,2.6904215701506473e-05,9.784919529920444e-05,7.277350960066542e-06,0.9989136457443237,0.000954269606154412
ZCH0718,3,PFO,ASD,0.7187063097953796,0.03326331824064255,0.003075342159718275,0.22010193765163422,0.024853073060512543
ZCH0719,0,PFO,NORMAL,0.000595517223700881,0.7372310757637024,0.00025278268731199205,0.2601796090602875,0.0017410850850865245
ZCH0720,1,PFO,PFO,0.0020810735877603292,0.29178109765052795,0.00012529551167972386,0.7058635950088501,0.00014892156468704343
ZCH0721,4,PFO,PFO,0.010718096978962421,0.0012473964598029852,3.431660297792405e-05,0.9844910502433777,0.0035091559402644634
ZCH0722,1,PFO,NORMAL,0.00014506810111925006,0.9975656270980835,4.8468347813468426e-05,0.0020991219207644463,0.0001415871229255572
ZCH0723,0,PFO,NORMAL,0.010123873129487038,0.8152775764465332,0.0002835087652783841,0.1732494980096817,0.0010655896039679646
ZCH0724,0,PFO,ASD,0.7586135864257812,0.03812352567911148,0.0003275738563388586,0.20198002457618713,0.0009553247946314514
ZCH0725,4,PFO,PFO,2.3859814973548055e-05,2.4090239094221033e-05,8.417277541639123e-08,0.999946117401123,5.838819561176933e-06
ZCH0726,1,PFO,PFO,4.804789932677522e-05,6.123656930867583e-05,7.317628387681907e-06,0.9998270869255066,5.642679025186226e-05
ZCH0727,2,PFO,ASD,0.7087066173553467,0.0004764198965858668,0.10695388913154602,0.017531253397464752,0.16633179783821106
ZCH0728,0,PFO,ASD,0.9159541726112366,0.0012800615513697267,0.00011916777293663472,0.08187871426343918,0.0007678989204578102
ZCH0729,1,PFO,ASD,0.412054181098938,0.26962149143218994,0.00012820320262107998,0.28408780694007874,0.03410834074020386
ZCH0730,0,PFO,ASD,0.9458799362182617,0.01824854128062725,8.415026968577877e-05,0.03534160181879997,0.00044577859807759523
ZCH0731,1,PFO,PFO,0.04115520417690277,0.17972856760025024,6.974547886784421e-06,0.7790595889091492,4.973101385985501e-05
ZCH0732,1,PFO,PFO,0.05047984421253204,0.0457681380212307,5.435652201413177e-05,0.8447446823120117,0.0589529313147068
ZCH0733,0,PFO,PFO,0.000900199927855283,8.531679486623034e-05,1.4207090316631366e-05,0.9979236125946045,0.0010766417253762484
ZCH0734,3,PFO,ASD,0.5646757483482361,0.4027949571609497,0.00037963950308039784,0.002824621507897973,0.029325004667043686
ZCH0735,3,PFO,ASD,0.8613533973693848,0.12200485914945602,0.0005509646725840867,0.005508451722562313,0.010582385584712029
ZCH0736,1,PFO,PFO,0.0017822704976424575,8.278883615275845e-05,2.697570380405523e-06,0.9979585409164429,0.00017368355474900454
ZCH0737,4,PFO,PFO,5.675211468769703e-06,3.251575253671035e-05,6.607815805637074e-08,0.9999496936798096,1.2003154552076012e-05
ZCH0738,4,PFO,ASD,0.999021053314209,0.0009258794598281384,2.558033429522766e-07,3.509944872348569e-05,1.7733706044964492e-05
ZCH0739,4,PFO,ASD,0.6617712378501892,0.00018120420281775296,1.1661387361527886e-05,0.33786994218826294,0.00016602086543571204
ZCH0740,4,PFO,PFO,3.4006893656624015e-06,7.975228800205514e-05,1.4852063578985053e-08,0.9999164342880249,3.772606191887462e-07
ZCH0741,3,PFO,PFO,0.08716090768575668,0.07999207079410553,0.004764415789395571,0.8077760934829712,0.020306508988142014
ZCH0742,0,PFO,NORMAL,0.0015492977108806372,0.8964677453041077,0.00010195928189205006,0.0001702537265373394,0.10171078890562057
ZCH0743,3,PFO,NORMAL,0.4268757700920105,0.5673540830612183,0.0002990117354784161,0.0030489240307360888,0.002422147896140814
ZCH0744,0,PFO,PFO,0.0839058980345726,0.00025362169253639877,4.36306327173952e-05,0.9154227375984192,0.0003740655956789851
ZCH0745,2,PFO,NORMAL,0.13753093779087067,0.8463088274002075,0.001837942749261856,0.00046059064334258437,0.013861710205674171
ZCH0746,3,PFO,VSD,0.3985596001148224,0.17012649774551392,0.0020096052903681993,0.012216837145388126,0.41708746552467346
ZCH0747,3,PFO,NORMAL,0.023230643942952156,0.8938390612602234,0.0017945190193131566,0.03268874064087868,0.048447106033563614
ZCH0748,3,PFO,VSD,0.034170959144830704,0.010196691378951073,0.0016729573253542185,0.0014088875614106655,0.95255047082901
ZCH0749,4,PFO,PFO,4.104942854610272e-05,0.06838218867778778,1.016815167531604e-05,0.9311919212341309,0.0003746509610209614
ZCH0750,1,PFO,PFO,0.009928977116942406,0.0019491341663524508,7.566570729977684e-06,0.9880379438400269,7.647519669262692e-05
ZCH0751,3,PFO,ASD,0.973310649394989,0.0033123118337243795,0.0013545999536290765,0.0014376105973497033,0.020584838464856148
ZCH0752,0,PFO,PFO,0.0023013586178421974,4.153628469794057e-05,8.447641448583454e-06,0.9975390434265137,0.00010966588160954416
ZCH0753,0,PFO,PFO,1.706869443296455e-05,5.348853665054776e-05,5.426428742794087e-06,0.9998953342437744,2.872689947253093e-05
ZCH0754,4,PFO,NORMAL,5.9188794693909585e-05,0.9954433441162109,1.6455755030619912e-05,4.708930282504298e-05,0.00443386472761631
ZCH0755,0,VSD,PDA,0.10110651701688766,0.004873974248766899,0.5982697010040283,0.029392745345830917,0.26635703444480896
ZCH0756,3,VSD,VSD,0.00048715865705162287,0.0035193972289562225,0.0003793336800299585,0.00046320981346070766,0.9951509237289429
ZCH0757,3,VSD,VSD,0.0003790458431467414,0.002882579807192087,0.00040564240771345794,0.0005514782387763262,0.9957813024520874
ZCH0758,3,VSD,VSD,0.003520241240039468,0.005142185837030411,0.0025058479513972998,0.0009169953991658986,0.9879146814346313
ZCH0759,2,VSD,VSD,0.00017562462016940117,0.0001261773140868172,9.230012437910773e-06,1.243412134499522e-05,0.9996765851974487
ZCH0760,3,VSD,VSD,0.0004593268968164921,0.002877000952139497,0.00030163454357534647,0.00039540816214866936,0.9959666728973389
ZCH0761,4,VSD,VSD,1.0312339327356312e-05,0.00017885840497910976,6.235161890799645e-06,1.2728332876577042e-05,0.9997919201850891
ZCH0762,2,VSD,VSD,0.00018927085329778492,0.00015186035307124257,1.3991412743052933e-05,1.584938945597969e-05,0.999629020690918
ZCH0763,0,VSD,VSD,2.0571555069182068e-05,6.146190571598709e-05,1.8914435031547328e-06,4.725487542600604e-06,0.9999113082885742
ZCH0764,1,VSD,VSD,3.537586235324852e-05,5.567878906731494e-05,4.020013875560835e-06,7.39578399588936e-06,0.9998974800109863
ZCH0765,1,VSD,VSD,9.019282151712105e-05,8.20908899186179e-05,1.726338086882606e-05,3.573124558897689e-05,0.9997747540473938
ZCH0766,4,VSD,VSD,1.8583428754936904e-05,0.000244379771174863,1.1204949259990826e-05,1.0259475857310463e-05,0.9997155070304871
ZCH0767,1,VSD,VSD,1.4867948266328312e-05,2.5041437766049057e-05,2.8180725166748744e-06,1.5024317008283106e-06,0.9999557733535767
ZCH0768,4,VSD,VSD,2.0904658413201105e-06,0.00012823603174183518,1.6811265595606528e-05,3.271233435953036e-05,0.9998201727867126
ZCH0769,0,VSD,VSD,1.699098720564507e-05,6.237858178792521e-05,2.882719854824245e-06,4.881974746240303e-06,0.9999128580093384
ZCH0770,0,VSD,VSD,1.272324789169943e-05,6.196019967319444e-05,2.959887524411897e-06,3.7082843391544884e-06,0.9999186992645264
ZCH0771,1,VSD,VSD,0.0003853496164083481,0.00010411030962131917,8.976277968031354e-06,6.348720489768311e-05,0.9994381070137024
ZCH0772,0,VSD,VSD,9.699891052150633e-06,5.418529690359719e-05,1.2318357676122105e-06,2.464937097101938e-06,0.9999324083328247
ZCH0773,1,VSD,VSD,3.8961254176683724e-05,8.393132884521037e-05,9.613899237592705e-06,6.008529453538358e-06,0.999861478805542
ZCH0774,2,VSD,VSD,0.00014539630501531065,0.00017213003593496978,1.3715716704609804e-05,1.0316206498828251e-05,0.999658465385437
ZCH0775,4,VSD,VSD,1.917920417326968e-05,0.00021520791051443666,0.01045306771993637,0.003340129740536213,0.9859724044799805
ZCH0776,1,VSD,VSD,0.00011874415213242173,0.00011802610970335081,1.1380531759641599e-05,4.78650072182063e-05,0.9997039437294006
ZCH0777,2,VSD,VSD,7.195770012913272e-05,0.00015039296704344451,0.00012857670662924647,7.174619895522483e-06,0.9996418952941895
ZCH0778,1,VSD,VSD,0.0003057277062907815,3.941126851714216e-05,1.3357215721043758e-05,3.656122134998441e-05,0.9996050000190735
ZCH0779,2,VSD,VSD,0.00013959170610178262,0.00018818344688042998,2.5248566089430824e-05,1.2758200682583265e-05,0.9996341466903687
ZCH0780,4,VSD,VSD,2.624192893563304e-05,0.00027924784808419645,2.7228575163462665e-06,1.716190490697045e-05,0.9996746778488159
ZCH0781,3,VSD,VSD,0.0006911671371199191,0.00251339515671134,0.0001283986639464274,0.0005615273839794099,0.9961054921150208
ZCH0782,3,VSD,VSD,0.07596699148416519,0.20926226675510406,0.03594217076897621,0.005627434700727463,0.6732011437416077
ZCH0783,2,VSD,VSD,0.00010460885096108541,5.17152038810309e-05,1.6010208128136583e-05,5.107311153551564e-06,0.9998225569725037
ZCH0784,4,VSD,VSD,1.923290801641997e-05,0.00019761004659812897,5.053329005022533e-06,2.5203498807968572e-05,0.999752938747406
ZCH0785,0,VSD,VSD,5.965954642306315e-06,6.536208093166351e-05,2.1562977963185403e-06,2.4169687549147056e-06,0.9999240636825562
ZCH0786,3,VSD,VSD,0.0003135047445539385,0.0049454993568360806,0.00031086101080290973,0.0003485526249278337,0.9940815567970276
ZCH0787,4,VSD,VSD,2.9179194825701416e-05,0.0002347098634345457,3.640852082753554e-05,7.60927505325526e-05,0.9996235370635986
ZCH0788,0,VSD,VSD,1.0183714039158076e-05,6.378890248015523e-05,1.3913812608734588e-06,2.0855420643783873e-06,0.999922513961792
ZCH0789,3,VSD,VSD,0.001958048902451992,0.006239266600459814,0.0011849983129650354,0.0006745152059011161,0.9899431467056274
ZCH0790,2,VSD,VSD,0.00033193753915838897,0.0075126998126506805,6.147125532152131e-06,3.25191613228526e-05,0.9921167492866516
ZCH0791,4,VSD,VSD,5.777225851488765e-06,0.00017785072850529104,5.260623220237903e-05,1.1270137292740401e-05,0.9997524619102478
ZCH0792,4,VSD,VSD,2.401582241873257e-05,0.00018770399037748575,5.90115132581559e-06,1.3851707080902997e-05,0.9997685551643372
ZCH0793,3,VSD,VSD,0.0003569969267118722,0.001977039035409689,0.00011570280912565067,0.0003911891544703394,0.9971591234207153
ZCH0794,0,VSD,VSD,0.00011880793317686766,0.004552958533167839,9.724120900500566e-05,2.4394073989242315e-05,0.9952065348625183
ZCH0795,2,VSD,VSD,0.08628999441862106,0.003445227863267064,0.004893136210739613,0.00042607501382008195,0.9049455523490906
ZCH0796,3,VSD,VSD,0.00040537925087846816,0.00476105185225606,0.0010801663156598806,0.00039120062137953937,0.9933621883392334
ZCH0797,3,VSD,VSD,0.0006547504453919828,0.0038021435029804707,0.0004400415054988116,0.0004583304689731449,0.9946447610855103
ZCH0798,2,VSD,VSD,0.0009833654621616006,0.0005281033809296787,0.00020238499564584345,0.003914212808012962,0.9943718910217285
ZCH0799,2,VSD,VSD,7.104967517079785e-05,0.00028277497040107846,2.4708602722967044e-05,6.836931424913928e-05,0.9995530247688293
ZCH0800,0,VSD,VSD,1.802734004741069e-05,8.31620127428323e-05,2.148167141058366e-06,5.212243650021264e-06,0.9998914003372192
ZCH0801,3,VSD,VSD,0.00041952315950766206,0.00179039326030761,0.0007726196781732142,0.0008114006486721337,0.9962060451507568
ZCH0802,2,VSD,ASD,0.9989156723022461,0.0004039212071802467,6.434100941987708e-05,0.0004951104638166726,0.00012092585529899225
ZCH0803,1,VSD,ASD,0.4761436879634857,0.10525121539831161,6.253193714655936e-05,0.00047746594646014273,0.41806507110595703
ZCH0804,4,VSD,VSD,5.835672709508799e-06,7.783925684634596e-05,6.617727876800927e-07,2.779767419269774e-05,0.9998878240585327
ZCH0805,1,VSD,ASD,0.9999076128005981,4.080552389496006e-05,3.303003904875368e-05,8.103565960482229e-06,1.0500022654014174e-05
ZCH0806,1,VSD,PDA,0.0008133332594297826,0.047278281301259995,0.928206741809845,0.016422076150774956,0.007279564160853624
ZCH0807,4,VSD,VSD,1.3027770364715252e-05,0.00039471054333262146,7.362309406744316e-05,7.818347512511536e-05,0.9994404911994934
ZCH0808,3,VSD,VSD,0.0003841152647510171,0.0020349998958408833,0.00036237025051377714,0.0004567650321405381,0.9967617392539978
ZCH0809,0,VSD,VSD,4.008448013337329e-05,7.686988828936592e-05,7.89929890743224e-06,1.641271410335321e-05,0.9998587369918823
ZCH0810,3,VSD,VSD,0.0019686880987137556,0.0026869960129261017,0.028326431289315224,0.0009377263486385345,0.9660801291465759
ZCH0811,4,VSD,VSD,2.2125897885416634e-05,0.00021423849102575332,3.1924241739034187e-06,1.4332265891425777e-05,0.9997461438179016
ZCH0812,0,VSD,PFO,2.8980435672565363e-05,0.0005120208370499313,5.0059452405548654e-06,0.9993985891342163,5.545387102756649e-05
ZCH0813,2,VSD,PFO,0.023449890315532684,0.024182027205824852,0.0002937686222139746,0.8064897656440735,0.1455845981836319
ZCH0814,1,VSD,VSD,0.000285882008029148,3.51089438481722e-05,2.052435547739151e-06,3.482376632746309e-05,0.9996421337127686
ZCH0815,3,VSD,VSD,0.05293471738696098,0.007993544451892376,0.0007896713796071708,0.0016281966818496585,0.9366538524627686
ZCH0816,3,VSD,VSD,0.0003949432575609535,0.0025436568539589643,0.00015137367881834507,0.00034872881951741874,0.9965613484382629
ZCH0817,2,VSD,NORMAL,0.00011338634067215025,0.8463463187217712,0.1337490975856781,2.0571076674968936e-05,0.019770562648773193
ZCH0818,3,VSD,ASD,0.9790620803833008,0.007530078291893005,0.000654469127766788,0.0009799301624298096,0.011773426085710526
ZCH0819,4,VSD,ASD,0.9947865009307861,0.0012163788778707385,2.7225451049162075e-07,0.002715875394642353,0.0012810432817786932
ZCH0820,0,VSD,VSD,0.0002362932573305443,0.00041248140041716397,1.724716457829345e-05,0.00034785698517225683,0.9989860653877258
ZCH0821,1,VSD,VSD,0.0002405995619483292,1.4922969057806768e-05,2.5195820398948854e-06,6.717965879943222e-05,0.9996747970581055
ZCH0822,1,VSD,VSD,0.00032578210812062025,0.00021680690406356007,0.00018468372581992298,1.3534365280065686e-05,0.9992591738700867
ZCH0823,4,VSD,VSD,2.0071916878805496e-05,7.06400751369074e-05,3.4453416901669698e-06,0.0002682613267097622,0.9996376037597656
ZCH0824,1,VSD,VSD,0.0002639854501467198,0.003049697494134307,2.8825210392824374e-05,5.844293627887964e-05,0.996599018573761
ZCH0825,2,VSD,ASD,0.7031046748161316,0.05524415895342827,0.23250338435173035,0.0016103044617921114,0.007537447847425938
ZCH0826,3,VSD,VSD,0.0017427959246560931,0.01262250728905201,0.00046156265307217836,0.00036281035863794386,0.9848102927207947
ZCH0827,4,VSD,VSD,8.111658826237544e-05,0.0003894973488058895,3.275379867773154e-06,0.01888732612133026,0.9806388020515442
ZCH0828,4,VSD,VSD,2.892884185712319e-05,0.0002860846580006182,6.501157713501016e-06,1.4335259947984014e-05,0.9996641874313354
ZCH0829,0,VSD,VSD,0.07405957579612732,9.325797873316333e-05,5.9089412388857454e-05,0.00115352519787848,0.9246345162391663
ZCH0830,1,VSD,PFO,0.0024068234488368034,0.0010185069404542446,0.0003745392896234989,0.5176244378089905,0.4785756468772888
ZCH0831,2,VSD,VSD,0.00013878657773602754,4.4869033445138484e-05,2.6545007131062448e-05,6.387269877450308e-06,0.999783456325531
ZCH0832,0,VSD,VSD,3.4667322324821725e-05,0.00013255912926979363,3.833034043054795e-06,4.969263954990311e-06,0.9998239874839783
ZCH0833,0,VSD,VSD,2.253107595606707e-05,0.00010762648889794946,4.624997018254362e-06,4.595609425450675e-06,0.9998606443405151
ZCH0834,0,VSD,VSD,0.000342961517162621,0.013552432879805565,0.00010127884161192924,1.2241418517078273e-05,0.9859910607337952
ZCH0835,4,VSD,VSD,2.3881662855274044e-05,0.0002511165221221745,8.740244993532542e-06,2.5071509298868477e-05,0.9996912479400635
ZCH0836,0,VSD,VSD,0.00011010113666998222,0.0002623270556796342,4.827890370506793e-05,0.0026275936979800463,0.996951699256897
ZCH0837,3,VSD,VSD,0.0003745084395632148,0.0031616666819900274,0.00019345890905242413,0.00032746116630733013,0.9959428906440735
ZCH0838,1,VSD,VSD,9.879315621219575e-05,9.506228525424376e-05,2.6318663003621623e-05,1.9627805158961564e-05,0.9997602105140686
ZCH0839,2,VSD,VSD,0.00023198140843305737,9.550981485517696e-05,1.2447868357412517e-05,1.3558541468228213e-05,0.9996465444564819
ZCH0840,2,VSD,VSD,0.00027526268968358636,0.00022433701087720692,5.813336611026898e-05,4.12423542002216e-05,0.9994009733200073
ZCH0841,4,VSD,VSD,2.9529432140407152e-05,0.0002297835162607953,5.188646809983766e-06,1.4682858818559907e-05,0.9997207522392273
ZCH0842,1,VSD,VSD,0.00016044086078181863,4.596308644977398e-05,8.941195119405165e-05,8.084448199952021e-05,0.9996232986450195
ZCH0843,4,VSD,PFO,0.00011006499698851258,0.0006664651446044445,3.279132943134755e-05,0.8950868248939514,0.10410378873348236
ZCH0844,0,VSD,VSD,0.0003778988611884415,0.00026911060558632016,4.869270014751237e-06,0.002506246557459235,0.9968419075012207
ZCH0845,2,VSD,VSD,0.04444465413689613,0.0011556765530258417,0.0006271056481637061,0.0002306615497218445,0.9535419344902039
ZCH0846,2,VSD,PDA,0.06847678124904633,0.08073166012763977,0.8501763343811035,0.00010515479516470805,0.0005100996932014823
ZCH0847,2,VSD,VSD,0.06204250827431679,0.0048212152905762196,1.325516768702073e-05,0.0023894186597317457,0.9307336211204529
ZCH0848,3,VSD,ASD,0.9749201536178589,0.019191717728972435,0.001976713305339217,0.0027792295441031456,0.001132238656282425
ZCH0849,2,VSD,VSD,0.0005200064624659717,0.0007140507805161178,0.0004332828975748271,0.0003895730769727379,0.997943103313446
ZCH0850,0,VSD,VSD,0.0007275532116182148,0.3382214605808258,0.001954482402652502,7.266752072609961e-05,0.6590238809585571
ZCH0851,4,VSD,VSD,1.0589697012619581e-05,0.0002104058803524822,3.448382267379202e-05,2.6355004592915066e-05,0.9997181296348572
ZCH0852,3,VSD,VSD,0.00013941193174105138,0.014330445788800716,0.0001722044253256172,0.00011486407311167568,0.9852430820465088
ZCH0853,1,VSD,VSD,0.000740600167773664,0.00020992248028051108,1.0475433555257041e-05,3.5462984669720754e-05,0.9990035891532898
ZCH0854,4,VSD,VSD,1.1401787560316734e-05,9.640901407692581e-05,6.561307372976444e-07,9.48738306760788e-06,0.9998819828033447
ZCH0855,0,VSD,NORMAL,0.00022060764604248106,0.8815109729766846,0.0001029076156555675,7.655076478840783e-05,0.11808914691209793
ZCH0856,2,VSD,VSD,0.00012127730587963015,3.701727109728381e-05,4.7788757910893764e-06,4.395563792058965e-06,0.9998325109481812
ZCH0857,3,VSD,VSD,0.0006066547939553857,0.020033659413456917,0.002583961933851242,0.0006370056071318686,0.976138710975647
ZCH0858,1,VSD,VSD,0.00010345084592700005,4.8579004214843735e-05,2.7567821234697476e-06,7.823178748367354e-06,0.9998373985290527
ZCH0859,3,VSD,VSD,0.0022541582584381104,0.023718301206827164,0.00033965721377171576,0.001102210022509098,0.9725856781005859
ZCH0860,0,VSD,VSD,1.3716722605749965e-05,5.708938624593429e-05,7.885847480793018e-06,4.470481599128107e-06,0.9999167919158936
ZCH0861,4,VSD,VSD,6.390926955646137e-06,6.169029074953869e-05,2.797194156300975e-06,9.068745384865906e-06,0.9999200105667114
ZCH0862,0,VSD,VSD,1.886852078314405e-05,0.0015094608534127474,2.3254240204551024e-06,7.193289093265776e-07,0.9984685778617859
ZCH0863,0,VSD,NORMAL,0.0003212126321159303,0.9983383417129517,3.304755955468863e-05,3.004251811944414e-05,0.0012773958733305335
ZCH0864,2,VSD,VSD,2.8768015909008682e-05,0.001060948590748012,9.348442108603194e-05,5.871876851415436e-07,0.9988162517547607
ZCH0865,4,VSD,VSD,0.00043555311276577413,0.010415093041956425,0.0010435784934088588,0.0007607645820826292,0.9873450398445129
ZCH0866,3,VSD,VSD,0.0007310820510610938,0.0032237679697573185,0.00019254522339906543,0.00047188258031383157,0.9953807592391968
ZCH0867,1,VSD,ASD,0.5606555342674255,0.08870355784893036,0.0006542567862197757,0.14427904784679413,0.2057076096534729
ZCH0868,1,VSD,NORMAL,0.0341133289039135,0.6292529106140137,0.00011618042481131852,0.0002811414888128638,0.3362363874912262
ZCH0869,4,VSD,VSD,7.083425771270413e-06,0.00013316499826032668,4.242986506142188e-06,7.290234862011857e-06,0.9998482465744019
ZCH0870,0,VSD,PFO,4.662304127123207e-05,0.00014299953181762248,6.866092007840052e-06,0.9997555613517761,4.7902642108965665e-05
ZCH0871,0,VSD,VSD,0.0012577914167195559,0.0005461926339194179,1.1756556887121405e-05,1.7783373550628312e-05,0.9981665015220642
ZCH0872,2,VSD,VSD,0.00011218275176361203,0.00010660379484761506,1.4882313735142816e-05,3.0038858312764205e-05,0.9997362494468689
ZCH0873,1,VSD,PFO,0.22120647132396698,0.03678622096776962,2.0500354366959073e-05,0.7418767213821411,0.00011008072760887444
ZCH0874,1,VSD,NORMAL,0.19334140419960022,0.7069655656814575,0.0002975777315441519,0.00877092033624649,0.09062454104423523
ZCH0875,2,VSD,PFO,0.015647729858756065,0.012852604500949383,0.00022258269018493593,0.969487190246582,0.001789892092347145
ZCH0876,2,VSD,PFO,0.040908798575401306,0.0789322555065155,0.0008045000722631812,0.8783779740333557,0.0009764008573256433
ZCH0877,1,VSD,ASD,0.6750413179397583,0.06843668967485428,0.00014554313383996487,0.0017290953546762466,0.25464731454849243
ZCH0878,1,VSD,NORMAL,8.467581210425124e-05,0.9997909665107727,1.1784140042436775e-05,2.7664895242196508e-05,8.499093382852152e-05
ZCH0879,1,VSD,VSD,8.65659603732638e-05,0.0005443597328849137,2.1926236968283774e-06,7.622408702445682e-06,0.9993593096733093
ZCH0880,0,VSD,VSD,1.4584667951567098e-05,7.923721568658948e-05,2.90357797894103e-06,4.141028966841986e-06,0.99989914894104
ZCH0881,0,VSD,VSD,5.4971010285953525e-06,0.00012410998169798404,3.561106268534786e-06,2.8517961254692636e-06,0.9998639822006226
ZCH0882,4,VSD,VSD,2.0633087842725217e-05,0.0003789583861362189,1.665372656134423e-05,2.462831798766274e-05,0.9995591044425964
ZCH0883,2,VSD,VSD,0.006733620073646307,0.0006551085971295834,0.0007936586625874043,0.00022604649711865932,0.9915915727615356
ZCH0884,3,VSD,VSD,0.0003649696591310203,0.0027284412644803524,0.0002104922168655321,0.000320340070175007,0.9963757395744324
ZCH0885,3,VSD,VSD,0.0019128911662846804,0.2222975790500641,0.0009372559143230319,0.000746126810554415,0.7741061449050903
ZCH0886,2,VSD,PFO,0.23448018729686737,0.0012716607889160514,0.0034708394668996334,0.6595342755317688,0.1012430191040039
ZCH0887,4,VSD,PFO,1.3735981383433682e-06,0.00016871443949639797,2.7994183255941607e-06,0.9990806579589844,0.0007464222144335508
ZCH0888,2,VSD,VSD,0.0008837560890242457,0.0003112683189101517,4.192651613266207e-05,2.7170766770723276e-05,0.9987358450889587
ZCH0889,4,VSD,VSD,1.3519718777388334e-05,0.00016368794604204595,2.5990657377406023e-06,1.695717037364375e-05,0.9998032450675964
ZCH0890,0,VSD,VSD,2.9442393497447483e-05,8.74505058163777e-05,4.989653007214656e-06,1.6409227100666612e-05,0.9998617172241211
ZCH0891,1,VSD,VSD,2.951844726339914e-05,8.587921183789149e-05,1.0672139978851192e-05,1.1132440704386681e-05,0.999862790107727
ZCH0892,0,VSD,VSD,6.186703103594482e-05,8.690486720297486e-05,1.3349922483030241e-05,1.1427334356994834e-05,0.9998264908790588
ZCH0893,0,VSD,VSD,1.762889041856397e-05,5.357163172448054e-05,3.77168566956243e-06,4.251943209965248e-06,0.9999207258224487
ZCH0894,1,VSD,VSD,5.631263047689572e-05,9.552462142892182e-05,2.6163315851590596e-05,5.188044815440662e-05,0.9997701048851013
ZCH0895,1,VSD,VSD,3.0250630516093224e-05,7.045177335385233e-05,6.482950993813574e-06,1.0092669072037097e-05,0.999882698059082
ZCH0896,0,VSD,NORMAL,0.00010413691052235663,0.6194151639938354,0.0003392161743249744,5.916297232033685e-05,0.3800823986530304
ZCH0897,4,VSD,VSD,2.3341239284491166e-05,0.0002276859013363719,8.382005944440607e-06,2.3590717319166288e-05,0.9997169375419617
ZCH0898,4,VSD,PFO,4.843815304411692e-07,0.00048284183139912784,3.133149220957421e-05,0.9935198426246643,0.005965580232441425
ZCH0899,1,VSD,VSD,7.919442577986047e-05,0.00013129337457939982,9.510162271908484e-06,8.242939657066017e-05,0.9996975660324097
ZCH0900,3,VSD,ASD,0.9873538613319397,0.00515688955783844,0.0007750947843305767,0.0005023120320402086,0.006211854051798582
ZCH0901,3,VSD,VSD,0.001144492533057928,0.008667310699820518,0.002035011537373066,0.0005178333958610892,0.9876353144645691
ZCH0902,0,VSD,VSD,0.00035067484714090824,0.0007778904982842505,1.6366968338843435e-05,0.0008041110122576356,0.9980509281158447
ZCH0903,4,VSD,VSD,5.190933734411374e-05,0.00021445107995532453,1.5251467630150728e-05,1.1312805327179376e-05,0.999707043170929
ZCH0904,3,VSD,VSD,0.000361703074304387,0.002991420216858387,0.00014970502525102347,0.0003150195989292115,0.9961821436882019
ZCH0905,3,VSD,VSD,0.0006053336546756327,0.013665388338267803,0.00138855108525604,0.00044817273737862706,0.983892560005188
ZCH0906,1,VSD,ASD,0.9972324967384338,0.00011085109872510657,0.0002956511452794075,0.0001118423679145053,0.0022492457646876574
ZCH0907,4,VSD,VSD,2.5120836653513834e-05,0.0002705312508624047,1.6332835002685897e-05,1.5818011888768524e-05,0.9996721744537354
ZCH0908,1,VSD,NORMAL,0.0003011676308233291,0.9994487166404724,3.809328700299375e-05,7.260603888425976e-05,0.00013943889643996954
ZCH0909,3,VSD,ASD,0.9343549609184265,0.01940041407942772,0.0025764424353837967,0.0012739647645503283,0.04239422455430031
ZCH0910,4,VSD,NORMAL,0.00011534483928699046,0.9984807372093201,3.115500294370577e-05,0.0004198203678242862,0.0009529117378406227
ZCH0911,2,VSD,VSD,0.0001942954258993268,5.2701587264891714e-05,0.0001960455992957577,2.2792912204749882e-05,0.9995341300964355
ZCH0912,3,VSD,VSD,0.0007616430521011353,0.004991879221051931,0.0028597943019121885,0.0005789385759271681,0.9908077120780945
ZCH0913,0,VSD,VSD,0.00017271297110710293,0.000243785121710971,0.00011757565516745672,0.0019975961185991764,0.9974683523178101
ZCH0914,0,VSD,VSD,1.4660726264992263e-05,8.25453971629031e-05,2.131918336090166e-06,3.23655740430695e-06,0.9998973608016968
ZCH0915,1,VSD,NORMAL,0.0395672470331192,0.9589082598686218,2.615610537759494e-05,8.247925143223256e-05,0.001415701350197196
ZCH0916,3,VSD,VSD,0.0003961675683967769,0.0018346557626500726,0.00018891526269726455,0.0004361154278740287,0.9971441626548767
ZCH0917,0,VSD,VSD,5.145138857187703e-05,0.00025381450541317463,4.719976641354151e-05,1.6641870388411917e-05,0.9996309280395508
ZCH0918,3,VSD,VSD,0.0014432594180107117,0.003103893483057618,0.013609047047793865,0.0005798742640763521,0.9812638759613037
ZCH0919,4,VSD,VSD,1.8163573258789256e-05,0.0004287992196623236,1.9160625015501864e-05,7.013967115199193e-05,0.9994637370109558
ZCH0920,1,VSD,PFO,0.005857502110302448,0.30913683772087097,0.0027496980037540197,0.6817312836647034,0.0005247104563750327
ZCH0921,0,VSD,VSD,0.006402154453098774,0.09282266348600388,7.33996566850692e-05,8.994357631308958e-05,0.9006117582321167
ZCH0922,3,VSD,VSD,0.00035222465521655977,0.0022029122337698936,0.000230693825869821,0.0004056413017679006,0.9968084692955017
ZCH0923,2,VSD,VSD,0.005125631578266621,0.005095768719911575,0.0027976364362984896,0.00014112038479652256,0.986839771270752
ZCH0924,4,VSD,VSD,2.508756779207033e-06,0.00019900845654774457,8.16420197224943e-06,2.8149740955996094e-06,0.9997875094413757
ZCH0925,1,VSD,VSD,0.0035602098796516657,0.06947996467351913,0.00019387608335819095,0.0005942018469795585,0.9261717796325684
ZCH0926,2,VSD,VSD,0.00027383427368476987,0.0002485704026184976,4.515412001637742e-05,9.86289160209708e-06,0.999422550201416
ZCH0927,2,VSD,NORMAL,8.334877929883078e-05,0.9998136162757874,1.076657554222038e-06,3.5248785934527405e-06,9.845888416748494e-05
ZCH0928,4,VSD,VSD,3.6541612189466832e-06,0.00031841418240219355,1.2396506463119294e-05,3.3722018997650594e-05,0.9996317625045776
ZCH0929,2,VSD,VSD,0.00033478386467322707,0.00040268429438583553,0.0018284203251823783,1.6916381355258636e-05,0.9974172115325928
ZCH0930,4,VSD,VSD,4.212029671180062e-05,0.0003935550048481673,3.00370084005408e-05,2.0620189388864674e-05,0.9995136260986328
ZCH0931,1,VSD,VSD,0.00014347012620419264,5.806521585327573e-05,1.0370476957177743e-05,9.650660103943665e-06,0.9997784495353699
ZCH0932,3,VSD,VSD,0.00101433543022722,0.005141811911016703,0.0028373191598802805,0.0004458664625417441,0.9905607104301453
ZCH0933,3,VSD,PDA,0.030391601845622063,0.41239723563194275,0.5465553998947144,0.0012501598102971911,0.009405646473169327
ZCH0934,4,VSD,VSD,1.3871228475181852e-05,0.00012590110418386757,1.0283575647918042e-05,9.1995034381398e-06,0.9998407363891602
ZCH0935,0,VSD,VSD,1.6071940990514122e-05,0.00021169883257243782,9.747846888785716e-06,3.335808060001e-06,0.9997591376304626
ZCH0936,0,VSD,VSD,1.1103014003310818e-05,7.055247260723263e-05,5.9577005231403746e-06,4.184931640338618e-06,0.9999082088470459
ZCH0937,2,VSD,VSD,0.00015777692897245288,0.00016590811719652265,1.224588504555868e-05,1.5635832824045792e-05,0.9996484518051147
ZCH0938,1,VSD,NORMAL,0.000613369804341346,0.9809398055076599,7.59951290092431e-05,6.821248098276556e-05,0.01830269582569599
ZCH0939,1,VSD,NORMAL,0.009682667441666126,0.9689467549324036,0.020343594253063202,0.0002125516621163115,0.0008143875747919083
ZCH0940,2,VSD,VSD,4.726271072286181e-05,0.00010414316056994721,4.593983612721786e-05,8.301444722746965e-06,0.9997944235801697
ZCH0941,2,VSD,NORMAL,6.525711069116369e-05,0.9639338254928589,0.021855613216757774,2.6790152332978323e-05,0.014118468388915062
