recording_id,fold,true_label,pred_label,prob_ASD,prob_NORMAL,prob_PDA,prob_PFO,prob_VSD
ZCH0001,2,NORMAL,NORMAL,7.379443559329957e-05,0.9995926022529602,0.00011606295447563753,1.3003697858948726e-05,0.00020463336841203272
ZCH0002,1,NORMAL,NORMAL,0.010777288116514683,0.9866122007369995,0.0006092714029364288,0.0002139702410204336,0.0017873357282951474
ZCH0003,0,NORMAL,NORMAL,5.518607213161886e-05,0.9998626708984375,1.229222834808752e-05,3.500905222608708e-05,3.4843113098759204e-05
ZCH0004,4,NORMAL,NORMAL,6.97643990861252e-05,0.9997294545173645,6.849123019492254e-05,4.362456820672378e-05,8.863533730618656e-05
ZCH0005,2,NORMAL,NORMAL,0.0004662433930207044,0.9990108013153076,7.617734809173271e-05,0.00010407323861727491,0.0003425887553021312
ZCH0006,3,NORMAL,NORMAL,8.409904694417492e-06,0.9999862909317017,5.557672011491377e-07,1.204442128255323e-06,3.487303274596343e-06
ZCH0007,1,NORMAL,NORMAL,0.00569214578717947,0.9911566972732544,0.0002064703730866313,0.0020188665948808193,0.0009258802165277302
ZCH0008,0,NORMAL,NORMAL,0.00013665255391970277,0.9992244243621826,9.930887244991027e-06,1.4004233889863826e-05,0.0006149432738311589
ZCH0009,1,NORMAL,NORMAL,0.08481211960315704,0.8901302814483643,0.002489738864824176,0.013029290363192558,0.00953870452940464
ZCH0010,1,NORMAL,NORMAL,0.012033997103571892,0.9854494333267212,0.001184363616630435,0.0002446581784170121,0.0010874553117901087
ZCH0011,4,NORMAL,NORMAL,0.009515974670648575,0.9889425039291382,0.0004292921512387693,5.455419886857271e-05,0.001057660672813654
ZCH0012,2,NORMAL,NORMAL,0.00016561411030124873,0.9996390342712402,5.2904732001479715e-05,4.69181286462117e-05,9.548959496896714e-05
ZCH0013,4,NORMAL,NORMAL,0.00011945259757339954,0.9975426197052002,6.805198063375428e-05,7.0991474785842e-05,0.002198861911892891
ZCH0014,2,NORMAL,NORMAL,2.850649252650328e-05,0.9997264742851257,3.0447510653175414e-05,3.844704679067945e-06,0.00021080608712509274
ZCH0015,1,NORMAL,NORMAL,0.0007886257371865213,0.997521698474884,0.00013961843797005713,0.00010396828292869031,0.001446097856387496
ZCH0016,1,NORMAL,NORMAL,1.825074832595419e-05,0.999908447265625,2.243831659143325e-05,7.930890205898322e-06,4.294830796425231e-05
ZCH0017,0,NORMAL,NORMAL,0.04573039710521698,0.9516591429710388,3.2911279959080275e-06,0.0015832005301490426,0.001023949240334332
ZCH0018,0,NORMAL,NORMAL,0.16394101083278656,0.8294602036476135,6.618862244067714e-05,0.00632067397236824,0.00021199556067585945
ZCH0019,0,NORMAL,NORMAL,2.1805493815918453e-05,0.9999535083770752,5.978883109492017e-06,6.293297701631673e-06,1.2377905477478635e-05
ZCH0020,1,NORMAL,NORMAL,0.00011184536560904235,0.999561607837677,3.658041532617062e-05,1.2871352737420239e-05,0.00027702830266207457
ZCH0021,3,NORMAL,NORMAL,1.0116616067534778e-05,0.9999771118164062,8.354681995115243e-07,4.351965799287427e-06,7.519121027144138e-06
ZCH0022,4,NORMAL,NORMAL,0.00044641646672971547,0.9969708919525146,0.00018750641902443022,0.0019295152742415667,0.0004656731034629047
ZCH0023,4,NORMAL,NORMAL,0.22039759159088135,0.7788937091827393,7.679947884753346e-05,0.0001062175288097933,0.0005257238517515361
ZCH0024,4,NORMAL,NORMAL,9.539368329569697e-05,0.9997155070304871,7.018337782938033e-05,5.893827983527444e-05,5.993497688905336e-05
ZCH0025,1,NORMAL,NORMAL,0.007189668715000153,0.9525463581085205,0.0031423419713974,0.01582617312669754,0.02129554934799671
ZCH0026,0,NORMAL,NORMAL,4.573411206365563e-05,0.9998828172683716,1.2057937055942602e-05,1.6840129319461994e-05,4.259117122273892e-05
ZCH0027,1,NORMAL,NORMAL,0.002396786119788885,0.9967376589775085,0.00017559007392264903,0.0003708384756464511,0.0003190034767612815
ZCH0028,1,NORMAL,NORMAL,0.09537003189325333,0.8981379270553589,0.00024466964532621205,0.005300676450133324,0.0009467558120377362
ZCH0029,0,NORMAL,NORMAL,2.3406566469930112e-05,0.9999034404754639,7.95438427303452e-06,3.7718597013736144e-05,2.7582727852859534e-05
ZCH0030,0,NORMAL,NORMAL,1.5165433069341816e-05,0.9999771118164062,9.131354659075441e-07,1.5171748373177252e-06,5.22084428666858e-06
ZCH0031,4,NORMAL,NORMAL,0.0004359660670161247,0.9992315769195557,7.474068843293935e-05,2.5307401301688515e-05,0.0002324718952877447
ZCH0032,4,NORMAL,NORMAL,0.0022113509476184845,0.9960808157920837,6.750453030690551e-05,0.0004419025790411979,0.0011985037708655
ZCH0033,4,NORMAL,NORMAL,1.424176571163116e-05,0.9998918771743774,1.6334292013198137e-05,4.24488571297843e-05,3.512662442517467e-05
ZCH0034,4,NORMAL,NORMAL,9.163951472146437e-05,0.9989386200904846,3.0151191822369583e-05,1.8922628441941924e-05,0.0009206216782331467
ZCH0035,4,NORMAL,NORMAL,3.0116170819383115e-05,0.9999072551727295,3.1898478482617065e-05,1.5143896234803833e-05,1.5497849744861014e-05
ZCH0036,4,NORMAL,NORMAL,0.0003757252125069499,0.9995570778846741,3.386114030945464e-06,2.6632224034983665e-05,3.719374944921583e-05
ZCH0037,4,NORMAL,NORMAL,0.00011729497782653198,0.9991495609283447,1.3419346942100674e-05,4.3216179619776085e-05,0.0006764356512576342
ZCH0038,0,NORMAL,VSD,0.00025030772667378187,0.011330684646964073,4.436486506165238e-06,4.113402610528283e-06,0.988410472869873
ZCH0039,2,NORMAL,NORMAL,0.00689344247803092,0.9658289551734924,0.003211920615285635,3.842878868454136e-05,0.024027269333600998
ZCH0040,3,NORMAL,ASD,0.476520299911499,0.47637781500816345,0.023333070799708366,0.01425629947334528,0.009512592107057571
ZCH0041,0,NORMAL,NORMAL,4.633038770407438e-05,0.9996997117996216,3.901322997990064e-06,3.423864882279304e-06,0.00024661244242452085
ZCH0042,4,NORMAL,NORMAL,0.0003896669077221304,0.9993102550506592,2.1729934815084562e-05,0.00012470714864321053,0.00015368335880339146
ZCH0043,0,NORMAL,NORMAL,7.347708742599934e-05,0.9998632669448853,2.3432203306583688e-05,2.6521391191636212e-05,1.3241543456388172e-05
ZCH0044,3,NORMAL,NORMAL,4.173104025539942e-05,0.9988860487937927,6.284972641878994e-06,4.8206049541477114e-05,0.001017698203213513
ZCH0045,1,NORMAL,NORMAL,4.73050786240492e-05,0.9998064637184143,1.7290754840360023e-05,1.6829275409691036e-05,0.00011210185766685754
ZCH0046,3,NORMAL,NORMAL,2.729475818341598e-05,0.9999216794967651,2.7368769224267453e-06,7.950123290356714e-06,4.030242780572735e-05
ZCH0047,3,NORMAL,NORMAL,5.209532173466869e-05,0.9998369216918945,5.4891265790502075e-06,7.290378562174737e-05,3.25718974636402e-05
ZCH0048,1,NORMAL,NORMAL,0.001283318386413157,0.9984500408172607,4.6701978135388345e-05,5.5322412663372234e-05,0.0001645854936214164
ZCH0049,0,NORMAL,NORMAL,8.952150892582722e-06,0.9999794960021973,2.571487414115836e-07,1.4520627473757486e-06,9.870110261545051e-06
ZCH0050,2,NORMAL,NORMAL,0.00014962350542191416,0.9996881484985352,2.946059248642996e-05,8.930474723456427e-05,4.352926043793559e-05
ZCH0051,2,NORMAL,NORMAL,3.350615952513181e-05,0.9997503161430359,1.665125455474481e-05,1.8907685443991795e-05,0.0001805530919227749
ZCH0052,2,NORMAL,NORMAL,2.1233583538560197e-05,0.9997552037239075,9.880217839963734e-05,8.215267371269874e-06,0.00011656929564196616
ZCH0053,1,NORMAL,NORMAL,0.0032739522866904736,0.9913790225982666,0.00024848978500813246,0.0006120098987594247,0.004486458841711283
ZCH0054,0,NORMAL,NORMAL,0.001006028731353581,0.9965329170227051,0.00013709058111999184,6.830147322034463e-05,0.0022555701434612274
ZCH0055,0,NORMAL,NORMAL,1.3314011084730737e-05,0.9999451637268066,1.6291965039272327e-06,2.3268927179742604e-05,1.65874844242353e-05
ZCH0056,4,NORMAL,NORMAL,8.601268928032368e-05,0.9994276165962219,4.79588834423339e-06,3.91611029044725e-05,0.00044242493459023535
ZCH0057,2,NORMAL,NORMAL,0.060518741607666016,0.8995507955551147,0.00015189686382655054,0.03969604894518852,8.261246694019064e-05
ZCH0058,0,NORMAL,NORMAL,2.7132015020470135e-05,0.9998809099197388,1.2869338206655812e-05,3.668945646495558e-05,4.236475797370076e-05
ZCH0059,0,NORMAL,NORMAL,0.0002748578554019332,0.9996743202209473,1.3804681657347828e-05,1.793619776435662e-05,1.9126389815937728e-05
ZCH0060,0,NORMAL,NORMAL,1.4905162061040755e-05,0.999964714050293,4.934200887873885e-07,5.424342816695571e-06,1.4401322914636694e-05
ZCH0061,2,NORMAL,NORMAL,0.00010573516192380339,0.9991300702095032,0.00021566949726548046,3.2405958336312324e-05,0.000516053638420999
ZCH0062,1,NORMAL,NORMAL,0.00037265539867803454,0.995591402053833,0.00015199350309558213,0.0036850478500127792,0.00019890691328328103
ZCH0063,1,NORMAL,NORMAL,0.012302016839385033,0.9686318039894104,0.0004338941362220794,0.015099788084626198,0.0035324408672749996
ZCH0064,3,NORMAL,PFO,0.07931158691644669,0.011488417163491249,1.139127925853245e-05,0.9074177742004395,0.001770885195583105
ZCH0065,4,NORMAL,NORMAL,0.00015536986757069826,0.988608717918396,4.0326573071070015e-05,0.006806586403399706,0.0043890271335840225
ZCH0066,1,NORMAL,NORMAL,0.0353102907538414,0.9585384726524353,6.754445348633453e-05,0.0050238571129739285,0.0010599459055811167
ZCH0067,1,NORMAL,NORMAL,0.000979211530648172,0.9970911741256714,0.00017970468616113067,0.0010702741565182805,0.0006797097157686949
ZCH0068,2,NORMAL,PFO,0.0013871669070795178,0.04277845472097397,0.0009804284200072289,0.9547107219696045,0.0001431696000508964
ZCH0069,4,NORMAL,NORMAL,0.00024062945158220828,0.9994757771492004,5.141210203873925e-05,6.67545318719931e-05,0.00016536044131498784
ZCH0070,1,NORMAL,NORMAL,0.005612603388726711,0.9901960492134094,0.0002801193331833929,0.0032948709558695555,0.0006164332735352218
ZCH0071,4,NORMAL,NORMAL,0.0003555955772753805,0.9990412592887878,0.0002093913353746757,0.00011398662900319323,0.0002797848137561232
ZCH0072,0,NORMAL,NORMAL,2.5328245101263747e-06,0.9999948740005493,2.9772823495477496e-07,1.1474567145342007e-06,1.1820859526778804e-06
ZCH0073,3,NORMAL,NORMAL,1.6148313079611398e-05,0.9999563694000244,1.2344854667389882e-06,7.282739716174547e-06,1.9115297618554905e-05
ZCH0074,3,NORMAL,NORMAL,3.069959711865522e-05,0.9999152421951294,3.863870006171055e-06,1.3865583241567947e-05,3.637051850091666e-05
ZCH0075,2,NORMAL,NORMAL,6.313419726211578e-05,0.9998160004615784,1.513976985734189e-05,2.1829893739777617e-05,8.385310502490029e-05
ZCH0076,4,NORMAL,NORMAL,0.03777853026986122,0.8758898377418518,0.00046802923316136,0.00022851573885418475,0.08563511818647385
ZCH0077,4,NORMAL,NORMAL,0.00022822481696493924,0.9995777010917664,1.4054361599846743e-05,9.108494850806892e-06,0.00017097960517276078
ZCH0078,4,NORMAL,NORMAL,0.00012911423982586712,0.9996320009231567,1.3081928045721725e-05,2.380970909143798e-05,0.00020193812088109553
ZCH0079,4,NORMAL,NORMAL,0.00013229587057139724,0.9994906187057495,5.602368401014246e-05,5.875012357137166e-05,0.00026232958771288395
ZCH0080,3,NORMAL,NORMAL,0.00018305802950635552,0.9997346997261047,2.444084657327039e-06,4.955023905495182e-05,3.0174414860084653e-05
ZCH0081,1,NORMAL,NORMAL,0.0003128638491034508,0.9995354413986206,2.6301278921891935e-05,2.022071748797316e-05,0.00010503660450922325
ZCH0082,1,NORMAL,NORMAL,0.0033379371743649244,0.9714410305023193,0.0012249548453837633,0.014135489240288734,0.009860517457127571
ZCH0083,1,NORMAL,NORMAL,0.0011939414544031024,0.9970909357070923,1.2247882295923773e-05,2.4076409317785874e-05,0.0016787361819297075
ZCH0084,0,NORMAL,NORMAL,0.0001238175027538091,0.999843955039978,1.7099855540436693e-06,2.294564910698682e-05,7.461263976438204e-06
ZCH0085,0,NORMAL,NORMAL,4.2471492633922026e-05,0.9998879432678223,4.687338787334738e-06,1.126624829339562e-05,5.3607389418175444e-05
ZCH0086,4,NORMAL,NORMAL,7.805067434674129e-05,0.9974430799484253,4.184258432360366e-05,9.462762136536185e-06,0.0024276128970086575
ZCH0087,0,NORMAL,NORMAL,0.0007300306460820138,0.9990911483764648,9.074198715097737e-06,4.3437801650725305e-05,0.0001262043515453115
ZCH0088,2,NORMAL,NORMAL,5.9297137340763584e-05,0.9996517896652222,4.583334157359786e-05,0.00017789965204428881,6.508691876661032e-05
ZCH0089,3,NORMAL,NORMAL,2.5185843696817756e-05,0.999940037727356,4.251464815752115e-06,2.0502793631749228e-05,9.96044764178805e-06
ZCH0090,3,NORMAL,NORMAL,6.4641130848031025e-06,0.9999701976776123,1.8064858977595577e-06,3.178022097927169e-06,1.8337295841774903e-05
ZCH0091,4,NORMAL,NORMAL,0.0001864772057160735,0.9996115565299988,6.195350579218939e-05,3.34066862706095e-05,0.00010663278953870758
ZCH0092,1,NORMAL,NORMAL,0.1947648823261261,0.7833524942398071,0.0010839307215064764,0.01894444040954113,0.0018542588222771883
ZCH0093,0,NORMAL,NORMAL,3.911735620931722e-05,0.9998602867126465,2.8689739792753244e-06,2.997127012349665e-05,6.782162381568924e-05
ZCH0094,0,NORMAL,NORMAL,4.97048458782956e-05,0.999915599822998,5.771455107606016e-06,5.941931249253685e-06,2.3025026166578755e-05
ZCH0095,4,NORMAL,NORMAL,0.0002049836330115795,0.9994335770606995,2.4444660084554926e-05,9.582014899933711e-05,0.00024109914375003427
ZCH0096,3,NORMAL,NORMAL,1.554824302729685e-05,0.9999549388885498,3.493858457659371e-06,5.699947905668523e-06,2.0401577785378322e-05
ZCH0097,3,NORMAL,NORMAL,6.202180429681903e-06,0.9999861717224121,3.467029614512285e-07,2.5634867597545963e-06,4.6492914407281205e-06
ZCH0098,2,NORMAL,NORMAL,0.007011125795543194,0.9915771484375,0.00029470911249518394,0.0007094815955497324,0.00040760330739431083
ZCH0099,1,NORMAL,NORMAL,0.0006635556346736848,0.9965255856513977,8.98457074072212e-05,0.0026395150925964117,8.154233364621177e-05
ZCH0100,1,NORMAL,NORMAL,0.003076099557802081,0.9915784597396851,0.001485584769397974,0.0011032288894057274,0.0027566757053136826
ZCH0101,4,NORMAL,NORMAL,0.0007992305909283459,0.9989515542984009,3.254044349887408e-05,4.5722248614765704e-05,0.0001710464566713199
ZCH0102,4,NORMAL,NORMAL,0.00042383690015412867,0.9986295700073242,4.498222915572114e-05,0.00016079747001640499,0.000740849704016
ZCH0103,2,NORMAL,NORMAL,0.05740083009004593,0.8939882516860962,6.631339056184515e-05,0.0016062838258221745,0.046938490122556686
ZCH0104,3,NORMAL,NORMAL,2.8792093871743418e-05,0.9999392032623291,9.813159067562083e-07,2.4043620214797556e-05,6.890852546348469e-06
ZCH0105,0,NORMAL,NORMAL,6.72234091325663e-05,0.9999061822891235,3.4354613944742596e-06,1.1962008102273103e-05,1.1175301551702432e-05
ZCH0106,1,NORMAL,PFO,0.060282301157712936,0.017476268112659454,0.009484855458140373,0.9123263359069824,0.00043019544682465494
ZCH0107,1,NORMAL,NORMAL,0.00021218070469330996,0.9992596507072449,8.164551400113851e-05,6.840519927209243e-05,0.0003781513078138232
ZCH0108,3,NORMAL,NORMAL,0.000590807234402746,0.5231420397758484,0.0008247299119830132,0.47272107005119324,0.002721326192840934
ZCH0109,4,NORMAL,NORMAL,0.00012053764658048749,0.7206946015357971,0.00016963406233116984,0.27849280834198,0.0005224675987847149
ZCH0110,2,NORMAL,NORMAL,2.346685687371064e-05,0.9998152852058411,1.1422096577007324e-05,2.595496698631905e-05,0.00012385811714921147
ZCH0111,4,NORMAL,NORMAL,0.002928798319771886,0.9949628114700317,0.00042663211934268475,0.00010981737432302907,0.0015718714566901326
ZCH0112,2,NORMAL,NORMAL,0.003635287517681718,0.9940332770347595,0.0005347140831872821,0.0013522839872166514,0.00044449829147197306
ZCH0113,0,NORMAL,NORMAL,1.3845630746800452e-05,0.9999781847000122,1.8474030412107822e-06,3.829623892670497e-06,2.4305527404067107e-06
ZCH0114,2,NORMAL,NORMAL,0.005536188837140799,0.9904857277870178,0.00019306407193653286,0.0033534213434904814,0.00043151871068403125
ZCH0115,2,NORMAL,NORMAL,9.397607209393755e-05,0.9997045397758484,6.642893276875839e-05,9.130128455581143e-05,4.37355374742765e-05
ZCH0116,2,NORMAL,NORMAL,0.0023542209528386593,0.9958314299583435,0.00024447092437185347,0.0005166208720766008,0.0010533930035308003
ZCH0117,3,NORMAL,NORMAL,3.1350107747130096e-05,0.9584693312644958,4.627067937690299e-07,0.04145326465368271,4.558395448839292e-05
ZCH0118,4,NORMAL,NORMAL,5.9876478189835325e-05,0.9997250437736511,3.531825859681703e-05,0.00011703461495926604,6.280520028667524e-05
ZCH0119,1,NORMAL,NORMAL,0.4218231737613678,0.5549241900444031,0.0005228900699876249,0.001187237212434411,0.021542489528656006
ZCH0120,1,NORMAL,NORMAL,0.008248424157500267,0.9886151552200317,0.00013333205424714833,0.0002267661038786173,0.002776350127533078
ZCH0121,3,NORMAL,NORMAL,1.7830185242928565e-05,0.9999239444732666,5.235909156908747e-06,1.0942010703729466e-05,4.192090273136273e-05
ZCH0122,4,NORMAL,NORMAL,0.0006324158166535199,0.9985382556915283,0.00017352114082314074,1.2109921044611838e-05,0.0006436047842726111
ZCH0123,3,NORMAL,NORMAL,9.193584446620662e-06,0.999976396560669,2.9984655611769995e-06,1.6387967889386346e-06,9.722574759507552e-06
ZCH0124,1,NORMAL,NORMAL,0.0013223080895841122,0.9983800649642944,3.494674092507921e-05,0.00010630618635332212,0.00015640922356396914
ZCH0125,1,NORMAL,NORMAL,0.07175692915916443,0.9231551885604858,0.0022963255178183317,0.001438482548110187,0.0013531424337998033
ZCH0126,2,NORMAL,NORMAL,0.00028176355408504605,0.9992306232452393,0.00015697660273872316,0.00017195484542753547,0.00015865714522078633
ZCH0127,3,NORMAL,NORMAL,9.847326509770937e-06,0.9999696016311646,1.8165619621868245e-06,6.59965417071362e-06,1.2141248589614406e-05
ZCH0128,0,NORMAL,NORMAL,1.4481397556664888e-05,0.9998981952667236,7.360277322732145e-06,1.319939769928169e-06,7.864263898227364e-05
ZCH0129,4,NORMAL,NORMAL,4.419027754920535e-05,0.9997497200965881,1.6197718650801107e-05,7.166767318267375e-05,0.0001182772612082772
ZCH0130,1,NORMAL,NORMAL,0.0007812267867848277,0.9968547821044922,0.0003650354337878525,0.0003525276551954448,0.0016463333740830421
ZCH0131,2,NORMAL,NORMAL,8.540346607333049e-05,0.9996253252029419,0.00013316563854459673,6.639466300839558e-05,8.974719094112515e-05
ZCH0132,3,NORMAL,VSD,7.218637620098889e-05,0.19890038669109344,9.986549230234232e-06,1.255483311979333e-05,0.8010048866271973
ZCH0133,2,NORMAL,NORMAL,0.00022359186550602317,0.9989582300186157,0.0006982000195421278,3.5662251320900396e-05,8.425390115007758e-05
ZCH0134,2,NORMAL,NORMAL,0.0010339728323742747,0.9986671209335327,2.3647011403227225e-05,0.00011718010500771925,0.00015813154459465295
ZCH0135,4,NORMAL,NORMAL,0.00018217622709926218,0.9997382760047913,1.2831794265366625e-05,1.6697887986083515e-05,4.996891220798716e-05
ZCH0136,0,NORMAL,NORMAL,0.00031403853790834546,0.9993711113929749,8.617766070528887e-06,6.099240272305906e-05,0.00024534485419280827
ZCH0137,0,NORMAL,NORMAL,1.7396297380400938e-06,0.9999948740005493,1.7596332213543064e-07,9.157120643976668e-07,2.2692183847539127e-06
ZCH0138,1,NORMAL,NORMAL,0.0013295951066538692,0.9973291158676147,9.888111526379362e-05,0.001197637990117073,4.4795691792387515e-05
ZCH0139,2,NORMAL,NORMAL,9.119345486396924e-05,0.9997578263282776,3.191126597812399e-05,5.4686053772456944e-05,6.436891271732748e-05
ZCH0140,2,NORMAL,ASD,0.9879679679870605,0.010479860007762909,0.0001184625580208376,0.0012568661477416754,0.0001767773792380467
ZCH0141,2,NORMAL,NORMAL,0.0020514351781457663,0.9931954145431519,2.2466010705102235e-05,0.0001717156555969268,0.004558864049613476
ZCH0142,1,NORMAL,NORMAL,0.00010313745588064194,0.9993205070495605,0.00014107843162491918,2.6536967197898775e-05,0.00040870977682061493
ZCH0143,3,NORMAL,NORMAL,2.073279802061734e-06,0.9999802112579346,7.251918759720866e-06,1.5255596963470452e-06,8.990907190309372e-06
ZCH0144,1,NORMAL,NORMAL,0.0002343888918403536,0.9987554550170898,0.00011015527707058936,0.00011527120659593493,0.0007846818771213293
ZCH0145,3,NORMAL,NORMAL,6.993383522058139e-06,0.9999525547027588,1.0956833875752636e-06,5.901112217543414e-06,3.3389602322131395e-05
ZCH0146,3,NORMAL,NORMAL,6.068218681321014e-06,0.9999799728393555,1.1563827229110757e-06,3.840350927930558e-06,8.985701242636424e-06
ZCH0147,0,NORMAL,NORMAL,1.5818151950952597e-05,0.9999555349349976,2.119295231750584e-06,1.3481193491315935e-05,1.3015853255637921e-05
ZCH0148,3,NORMAL,NORMAL,7.379976523225196e-06,0.9999847412109375,1.4810001403020578e-07,1.5132327462197281e-06,6.192448836372932e-06
ZCH0149,3,NORMAL,NORMAL,5.786756446468644e-05,0.9998200535774231,1.2011100807285402e-05,4.716792318504304e-05,6.280002708081156e-05
ZCH0150,1,NORMAL,NORMAL,5.522656283574179e-05,0.9996777772903442,4.725508188130334e-05,5.276820593280718e-05,0.00016699974366929382
ZCH0151,4,NORMAL,NORMAL,6.280757952481508e-05,0.9994348883628845,4.512183295446448e-05,0.0003797626995947212,7.742516027064994e-05
ZCH0152,1,NORMAL,NORMAL,0.05978533625602722,0.9353057146072388,0.0002004777197726071,0.000275501050055027,0.004433043301105499
ZCH0153,4,NORMAL,NORMAL,0.000611783005297184,0.9767309427261353,0.0023929153103381395,0.01355772651731968,0.006706724409013987
ZCH0154,2,NORMAL,NORMAL,0.0008313230937346816,0.998879611492157,2.466032856318634e-05,0.0001277581468457356,0.00013674604997504503
ZCH0155,2,NORMAL,NORMAL,0.00016921722271945328,0.9995136260986328,0.0001499178761150688,3.382915383554064e-05,0.00013346273044589907
ZCH0156,0,NORMAL,NORMAL,5.888588566449471e-05,0.9998922348022461,4.716545845440123e-06,6.480051069956971e-06,3.765872315852903e-05
ZCH0157,3,NORMAL,NORMAL,1.4387760529643856e-05,0.9999419450759888,8.999425517686177e-06,1.770255039446056e-05,1.686922405497171e-05
ZCH0158,1,NORMAL,PFO,0.010265539400279522,0.011366383172571659,0.0003613419830799103,0.975925862789154,0.002080820733681321
ZCH0159,0,NORMAL,NORMAL,7.176268991315737e-05,0.9999159574508667,8.272558034150279e-07,1.989040356420446e-06,9.412129656993784e-06
ZCH0160,0,NORMAL,NORMAL,5.236661672824994e-05,0.999900221824646,7.72062605847168e-07,3.9234735595528036e-05,7.514270237152232e-06
ZCH0161,0,NORMAL,NORMAL,3.2144780561793596e-05,0.9999067783355713,1.0951719559670892e-05,2.4078499336610548e-05,2.5987435947172344e-05
ZCH0162,3,NORMAL,NORMAL,6.739047967130318e-05,0.9997830986976624,5.5432741646654904e-05,4.3886800995096564e-05,5.029933527112007e-05
ZCH0163,1,NORMAL,NORMAL,0.0003003708552569151,0.9988001585006714,0.00012548109225463122,0.00029771210392937064,0.0004762464959640056
ZCH0164,0,NORMAL,NORMAL,3.483173713902943e-05,0.9999099969863892,4.628889769264788e-07,5.213228359934874e-05,2.6369928036729107e-06
ZCH0165,4,NORMAL,NORMAL,6.123346975073218e-05,0.9995751976966858,4.84132397104986e-05,5.6492153817089275e-05,0.0002587360213510692
ZCH0166,1,NORMAL,NORMAL,0.01160423457622528,0.9784293174743652,0.0006685878615826368,0.008317072875797749,0.0009808382019400597
ZCH0167,2,NORMAL,NORMAL,0.0006580356857739389,0.9859990477561951,5.101450005895458e-05,0.012652264907956123,0.0006396824028342962
ZCH0168,0,NORMAL,NORMAL,6.004373062751256e-05,0.999860405921936,2.093491639243439e-05,2.5376757548656315e-05,3.319280222058296e-05
ZCH0169,0,NORMAL,NORMAL,0.00048749055713415146,0.9992998838424683,8.266122313216329e-05,8.600806722824927e-06,0.00012143437925260514
ZCH0170,4,NORMAL,NORMAL,0.00012314377818256617,0.9994786381721497,2.608275281090755e-05,0.00013229527394287288,0.0002398484357399866
ZCH0171,3,NORMAL,NORMAL,6.4641130848031025e-06,0.9999701976776123,1.8064858977595577e-06,3.178022097927169e-06,1.8337295841774903e-05
ZCH0172,1,NORMAL,NORMAL,0.000259482825640589,0.9996192455291748,1.6466345186927356e-05,5.084292570245452e-05,5.3906176617601886e-05
ZCH0173,0,NORMAL,NORMAL,1.787115616025403e-05,0.9999713897705078,1.1242816526646493e-06,2.4405169369856594e-06,7.274782547028735e-06
ZCH0174,4,NORMAL,NORMAL,4.718444324680604e-05,0.9991214871406555,1.3988363207317889e-05,0.0006206375546753407,0.00019672882626764476
ZCH0175,4,NORMAL,PFO,0.0006297552608884871,0.17399293184280396,0.00036985299084335566,0.824871301651001,0.00013614232011605054
ZCH0176,1,NORMAL,NORMAL,0.0016378198051825166,0.9584213495254517,0.0025819505099207163,0.035255495458841324,0.0021033051889389753
ZCH0177,0,NORMAL,NORMAL,6.35325486655347e-05,0.9999059438705444,3.383595640116255e-06,1.2608732504304498e-05,1.455106303183129e-05
ZCH0178,1,NORMAL,NORMAL,0.0025584877002984285,0.9792433381080627,0.004147140309214592,0.0017249258235096931,0.01232620794326067
ZCH0179,1,NORMAL,NORMAL,0.0004325064073782414,0.99894779920578,6.70083099976182e-05,0.0001364557392662391,0.0004162452823948115
ZCH0180,3,NORMAL,NORMAL,0.0031891437247395515,0.9966950416564941,8.743309990677517e-06,3.591994391172193e-05,7.122405804693699e-05
ZCH0181,2,NORMAL,NORMAL,0.0002617535355966538,0.9993657469749451,0.00016164536646101624,0.00015894515672698617,5.193399920244701e-05
ZCH0182,4,NORMAL,NORMAL,0.0015320592792704701,0.9983363747596741,2.5753886802704073e-05,1.5478814020752907e-05,9.04508342500776e-05
ZCH0183,3,NORMAL,NORMAL,0.005364582873880863,0.9943418502807617,6.593363195861457e-06,0.00021767544967588037,6.932891119504347e-05
ZCH0184,1,NORMAL,ASD,0.9445957541465759,0.05379698425531387,0.0002822710375767201,0.00025200482923537493,0.001072977902367711
ZCH0185,4,NORMAL,NORMAL,0.0007185681024566293,0.9963937401771545,7.444673974532634e-05,0.0003516539291013032,0.00246151490136981
ZCH0186,4,NORMAL,NORMAL,8.27260228106752e-05,0.9998058676719666,6.281312380451709e-06,2.8106465833843686e-05,7.700778951402754e-05
ZCH0187,1,NORMAL,NORMAL,0.13546280562877655,0.8550556302070618,0.0001548533036839217,0.006476934067904949,0.0028497844468802214
ZCH0188,2,NORMAL,NORMAL,0.00025705949519760907,0.9985999464988708,0.0004688610206358135,0.00034651270834729075,0.000327563495375216
ZCH0189,1,NORMAL,NORMAL,0.00041188678005710244,0.9989558458328247,0.0001214104049722664,6.038938226993196e-05,0.0004503640520852059
ZCH0190,1,NORMAL,NORMAL,0.004086543805897236,0.9940295219421387,0.00033027835888788104,0.0005309982807375491,0.0010228039463981986
ZCH0191,0,NORMAL,NORMAL,0.00010346524504711851,0.9997897744178772,2.5546034976287046e-06,5.1916158554377034e-05,5.2318897360237315e-05
ZCH0192,4,NORMAL,NORMAL,0.00015455862740054727,0.9998088479042053,2.9810166779498104e-06,5.62859440833563e-06,2.8027989174006507e-05
ZCH0193,3,NORMAL,NORMAL,0.0017655426636338234,0.9981269240379333,6.858470896986546e-06,1.9131201042910106e-05,8.15083330962807e-05
ZCH0194,3,NORMAL,NORMAL,2.23623173951637e-05,0.9999556541442871,5.405418960435782e-06,3.777890242417925e-06,1.2710764167422894e-05
ZCH0195,2,NORMAL,NORMAL,9.608545224182308e-05,0.9995434880256653,0.00010950776049867272,3.574315633159131e-05,0.00021513656247407198
ZCH0196,4,NORMAL,NORMAL,0.0003696653584484011,0.9995906949043274,1.1424465810705442e-05,9.245278306480031e-06,1.8991620891029015e-05
ZCH0197,3,NORMAL,NORMAL,0.0029590826015919447,0.6681057214736938,4.383070972835412e-06,0.32819417119026184,0.0007366645149886608
ZCH0198,3,NORMAL,NORMAL,0.0001371024118270725,0.9997345805168152,3.56881082552718e-06,3.737324004760012e-05,8.740119665162638e-05
ZCH0199,0,NORMAL,NORMAL,8.095359589788131e-06,0.9999825954437256,6.908875320732477e-07,2.2939188966120128e-06,6.2726107898924965e-06
ZCH0200,1,NORMAL,NORMAL,0.00025183791876770556,0.9995014667510986,3.995308361481875e-05,4.695652023656294e-05,0.00015981035539880395
ZCH0201,0,NORMAL,NORMAL,0.00010711615323089063,0.9997368454933167,1.0308294804417528e-06,6.966313230805099e-05,8.524738223059103e-05
ZCH0202,4,NORMAL,NORMAL,0.00016094492457341403,0.998915433883667,4.49140316050034e-05,5.2764582505915314e-05,0.0008259021560661495
ZCH0203,3,NORMAL,NORMAL,2.5050767362699844e-05,0.9999353885650635,4.062138486915501e-06,1.260681983694667e-05,2.2857038857182488e-05
ZCH0204,0,NORMAL,NORMAL,9.716524800751358e-05,0.9998618364334106,5.923269782215357e-06,2.0730985852424055e-05,1.427549432264641e-05
ZCH0205,1,NORMAL,ASD,0.844763994216919,0.1494928002357483,0.0004863912472501397,0.0008686209912411869,0.004388205241411924
ZCH0206,2,NORMAL,NORMAL,8.636390703031793e-05,0.9997507929801941,1.9378758224775083e-05,2.1878448023926467e-05,0.00012142615742050111
ZCH0207,0,NORMAL,NORMAL,5.395714470068924e-05,0.9998165965080261,1.7691825632937253e-05,2.6722238544607535e-05,8.504986180923879e-05
ZCH0208,4,NORMAL,NORMAL,0.00011793032172136009,0.9996846914291382,8.424624866165686e-06,3.22486630466301e-05,0.0001565622369525954
ZCH0209,3,NORMAL,NORMAL,2.9954238925711252e-05,0.9999394416809082,3.0170449463184923e-06,2.5139130229945295e-05,2.486154926373274e-06
ZCH0210,2,NORMAL,NORMAL,0.00016522074292879552,0.9996328353881836,2.2754158635507338e-05,5.733317448175512e-05,0.00012192376016173512
ZCH0211,4,NORMAL,NORMAL,8.487279410474002e-05,0.9991957545280457,7.25018689990975e-05,6.503855547634885e-05,0.0005816942430101335
ZCH0212,1,NORMAL,NORMAL,0.003731313394382596,0.9946639537811279,7.349413499468938e-05,0.0008006229181773961,0.0007306165643967688
ZCH0213,3,NORMAL,NORMAL,0.0033866791054606438,0.9964205026626587,3.7569775486190338e-06,4.103348692297004e-05,0.00014804571401327848
ZCH0214,0,NORMAL,NORMAL,0.0009589536348357797,0.9987329840660095,1.0765760634967592e-05,0.00027415892691351473,2.3274698833120055e-05
ZCH0215,0,NORMAL,NORMAL,2.502715688024182e-05,0.9999222755432129,8.005807103472762e-06,2.1103940525790676e-05,2.3554533981950954e-05
ZCH0216,4,NORMAL,NORMAL,0.00032536120852455497,0.99953293800354,9.295295058109332e-06,2.5285502488259226e-05,0.00010708133777370676
ZCH0217,4,NORMAL,NORMAL,0.000242250258452259,0.9992454051971436,2.477498128428124e-05,0.0001300868607359007,0.00035743211628869176
ZCH0218,2,NORMAL,NORMAL,0.00013731769286096096,0.9997596144676208,2.2241076294449158e-05,2.54446185863344e-05,5.542731378227472e-05
ZCH0219,2,NORMAL,NORMAL,0.000215408144867979,0.9993888139724731,0.00017674450646154583,1.845364567998331e-05,0.00020052545005455613
ZCH0220,3,NORMAL,NORMAL,4.201273259241134e-05,0.999921441078186,2.560037273724447e-06,1.4865764569549356e-05,1.9246757801738568e-05
ZCH0221,4,NORMAL,NORMAL,0.00010449487308505923,0.9997785687446594,6.300675067905104e-06,1.9670158508233726e-05,9.097098518395796e-05
ZCH0222,0,NORMAL,NORMAL,2.7881877031177282e-05,0.9999254941940308,7.032613666524412e-06,2.4665487217134796e-05,1.4864789591229055e-05
ZCH0223,0,NORMAL,NORMAL,6.174085137899965e-05,0.99977046251297,4.223492851451738e-06,1.4511565495922696e-05,0.0001490934082539752
ZCH0224,3,NORMAL,NORMAL,1.0945982467092108e-05,0.9999797344207764,1.7239912040167837e-06,1.6743696278354037e-06,5.969951871520607e-06
ZCH0225,0,NORMAL,NORMAL,4.9912639951799065e-05,0.9998807907104492,8.339282430824824e-06,4.5413049519993365e-05,1.5452676962013356e-05
ZCH0226,0,NORMAL,NORMAL,0.0002636220888234675,0.9996896982192993,1.0359996593933829e-07,1.948128192452714e-05,2.7126101485919207e-05
ZCH0227,0,NORMAL,NORMAL,3.473920060059754e-06,0.9999873638153076,1.1385944844732876e-06,2.0345355551398825e-06,6.018083240633132e-06
ZCH0228,0,NORMAL,NORMAL,3.739822932402603e-05,0.9999270439147949,4.109764631721191e-06,1.2121942745579872e-05,1.9311895812279545e-05
ZCH0229,2,NORMAL,NORMAL,0.019830357283353806,0.9760082960128784,4.0743074350757524e-05,0.0021573547273874283,0.001963274087756872
ZCH0230,0,NORMAL,NORMAL,3.835721145151183e-05,0.9999271631240845,3.0219118798413547e-06,1.8530585293774493e-05,1.3003821550228167e-05
ZCH0231,0,NORMAL,NORMAL,4.1777981095947325e-05,0.9999258518218994,6.634349119849503e-06,8.525174052920192e-06,1.720395994198043e-05
ZCH0232,2,NORMAL,NORMAL,0.0001379673631163314,0.9996492862701416,9.146949741989374e-05,5.139308632351458e-05,6.982276681810617e-05
ZCH0233,3,NORMAL,NORMAL,0.000889787741471082,0.9989029169082642,4.344173703429988e-06,0.00014811901201028377,5.49085671082139e-05
ZCH0234,1,NORMAL,NORMAL,0.42551150918006897,0.4615365266799927,0.0021838501561433077,0.014299813657999039,0.0964682325720787
ZCH0235,4,NORMAL,NORMAL,7.211385673144832e-05,0.9998277425765991,1.0105482942890376e-05,4.3187195842619985e-05,4.679300764109939e-05
ZCH0236,2,NORMAL,NORMAL,0.0001596376532688737,0.9996656179428101,5.245097781880759e-05,6.592179124709219e-05,5.636600326397456e-05
ZCH0237,2,NORMAL,NORMAL,0.0007961385999806225,0.9985439777374268,5.1077189709758386e-05,0.0001514414034318179,0.0004574669583234936
ZCH0238,2,NORMAL,NORMAL,0.0005588540807366371,0.9991486072540283,5.248778688837774e-05,8.129669004119933e-05,0.0001586217258591205
ZCH0239,2,NORMAL,NORMAL,0.15612034499645233,0.811391294002533,0.00023673834220971912,0.031622499227523804,0.000629032903816551
ZCH0240,4,NORMAL,NORMAL,8.115928358165547e-05,0.9997301697731018,2.57599531323649e-05,4.645001536118798e-05,0.00011643371544778347
ZCH0241,0,NORMAL,NORMAL,0.4969296455383301,0.5030513405799866,1.5583970025545568e-06,2.544771632528864e-06,1.5019501915958244e-05
ZCH0242,3,NORMAL,NORMAL,1.8990025637322105e-05,0.9999576807022095,2.0950167254341068e-06,3.988905064034043e-06,1.7279982785112225e-05
ZCH0243,3,NORMAL,NORMAL,2.6034831535071135e-05,0.9999492168426514,4.329300736571895e-06,5.674716248904588e-06,1.4743764040758833e-05
ZCH0244,2,NORMAL,NORMAL,0.16826482117176056,0.8259412050247192,0.0016531517030671239,0.0028611132875084877,0.0012797032250091434
ZCH0245,2,NORMAL,NORMAL,0.00015291610907297581,0.9996305704116821,3.433249003137462e-05,2.5539569833199494e-05,0.00015675544273108244
ZCH0246,4,NORMAL,NORMAL,0.00014097509847488254,0.9997280240058899,2.227204095106572e-05,4.498114503803663e-05,6.376748933689669e-05
ZCH0247,0,NORMAL,NORMAL,5.2142284403089434e-05,0.9998881816864014,9.092322216019966e-06,2.7457328542368487e-05,2.3293243430089206e-05
ZCH0248,4,NORMAL,NORMAL,0.00023128409520722926,0.9991674423217773,0.0001692158984951675,7.578738586744294e-05,0.00035630434285849333
ZCH0249,3,NORMAL,NORMAL,3.10239011014346e-05,0.999933123588562,3.6973765418224502e-06,8.704748324817047e-06,2.344640415685717e-05
ZCH0250,4,NORMAL,NORMAL,4.4112650357419625e-05,0.9998235106468201,9.950609637598973e-06,1.2057163075951394e-05,0.00011045821156585589
ZCH0251,3,NORMAL,NORMAL,5.614630208583549e-05,0.9998800754547119,4.201337105769198e-06,2.8026629479427356e-06,5.675484862877056e-05
ZCH0252,1,NORMAL,NORMAL,0.06068061292171478,0.6816594004631042,0.00010229834879282862,0.2554015517234802,0.002156158909201622
ZCH0253,4,NORMAL,NORMAL,0.00010955256584566087,0.9995463490486145,6.486109487013891e-05,6.025566108291969e-05,0.00021901352738495916
ZCH0254,4,NORMAL,NORMAL,0.00012638959742616862,0.9997249245643616,1.9897217498510145e-05,4.74202424811665e-05,8.125566091621295e-05
ZCH0255,2,NORMAL,NORMAL,0.00015651187277399004,0.9996185302734375,0.00010708007903303951,3.564120561350137e-05,8.223828626796603e-05
ZCH0256,4,NORMAL,NORMAL,0.00032227777410298586,0.9993312358856201,0.00014003894466441125,9.025121835293248e-05,0.00011614763207035139
ZCH0257,3,NORMAL,NORMAL,2.7011841666535474e-05,0.9999402761459351,2.1283224214130314e-06,3.7442921438923804e-06,2.6804906156030484e-05
ZCH0258,2,NORMAL,NORMAL,0.00039307214319705963,0.9992497563362122,3.0142155083012767e-05,9.473733371123672e-05,0.00023225917539093643
ZCH0259,2,NORMAL,PDA,5.999182758387178e-05,0.012109378352761269,0.980471134185791,2.398489414190408e-05,0.007335549220442772
ZCH0260,3,NORMAL,NORMAL,0.001119736465625465,0.9984949827194214,6.444416158046806e-06,3.0894720111973584e-05,0.0003479390579741448
ZCH0261,1,NORMAL,NORMAL,0.013843431137502193,0.9833024144172668,0.0005741454078815877,0.001445657922886312,0.0008343597874045372
ZCH0262,4,NORMAL,NORMAL,4.492409061640501e-05,0.9998444318771362,1.7643791579757817e-05,2.695002331165597e-05,6.602072244277224e-05
ZCH0263,1,NORMAL,NORMAL,0.0005575612303800881,0.9984537363052368,0.00010250890773022547,0.00022220404935069382,0.0006640338688157499
ZCH0264,0,NORMAL,NORMAL,0.00014675843704026192,0.999849796295166,3.7077546721775434e-07,7.509216288781317e-07,2.4211126401496585e-06
ZCH0265,0,NORMAL,NORMAL,3.1105057132663205e-05,0.999417781829834,3.321556221180799e-07,5.637041249428876e-05,0.0004944270476698875
ZCH0266,4,NORMAL,NORMAL,0.0008860134985297918,0.998670220375061,2.194873013650067e-05,0.00014765454398002476,0.00027434935327619314
ZCH0267,3,NORMAL,NORMAL,0.0002722860954236239,0.9989067316055298,9.438260349270422e-06,0.0007621195982210338,4.94358864671085e-05
ZCH0268,4,NORMAL,NORMAL,0.00016027600213419646,0.9994049072265625,0.00010520582145545632,7.487281254725531e-05,0.0002547833137214184
ZCH0269,0,NORMAL,NORMAL,3.974912397097796e-05,0.9999173879623413,4.446367256605299e-06,1.9787346900557168e-05,1.8692060621106066e-05
ZCH0270,3,NORMAL,PFO,0.00026175088714808226,0.0016185446875169873,5.794271419290453e-05,0.9979879856109619,7.3741000960581e-05
ZCH0271,3,NORMAL,NORMAL,1.1867897228512447e-05,0.9999240636825562,4.464376957002969e-07,3.4304372093174607e-05,2.9214061214588583e-05
ZCH0272,1,NORMAL,NORMAL,0.18787798285484314,0.7148833274841309,3.708319491124712e-05,0.09437038004398346,0.0028313102666288614
ZCH0273,3,NORMAL,NORMAL,0.0016572976019233465,0.9978626370429993,8.586371222918388e-06,0.00021947523055132478,0.00025210928288288414
ZCH0274,4,NORMAL,NORMAL,0.012199142016470432,0.9871604442596436,0.000110725435661152,0.0001494432071922347,0.0003801955026574433
ZCH0275,3,NORMAL,NORMAL,2.267099489472457e-06,0.9999904632568359,5.73709712625714e-07,5.569317636400228e-06,1.1128718142572325e-06
ZCH0276,3,NORMAL,NORMAL,0.00010984462278429419,0.9998615980148315,2.007169314310886e-06,2.8615968403755687e-06,2.3627928385394625e-05
ZCH0277,3,NORMAL,NORMAL,4.205737695883727e-06,0.9999884366989136,3.1567407177135465e-07,1.0754604318208294e-06,5.942625193711137e-06
ZCH0278,2,NORMAL,NORMAL,6.0425460105761886e-05,0.9998044371604919,1.438805975340074e-05,5.0620474212337285e-05,7.006307714618742e-05
ZCH0279,4,NORMAL,NORMAL,0.001453542965464294,0.9952982068061829,0.00014705598005093634,7.300767174456269e-05,0.003028256120160222
ZCH0280,2,NORMAL,NORMAL,4.834528226638213e-05,0.9998631477355957,1.2260553376108874e-05,2.5974211894208565e-05,5.0130245654145256e-05
ZCH0281,0,NORMAL,NORMAL,3.4070417314069346e-05,0.9998918771743774,4.866161361860577e-06,2.074721487588249e-05,4.8400139348814264e-05
ZCH0282,1,NORMAL,NORMAL,0.0002984820166602731,0.9992520213127136,0.0002195798879256472,7.590259338030592e-05,0.00015401095151901245
ZCH0283,0,NORMAL,NORMAL,5.161418812349439e-05,0.9999128580093384,2.8019796900480287e-06,7.489325071219355e-06,2.5156639821943827e-05
ZCH0284,2,NORMAL,NORMAL,6.383593427017331e-05,0.9998270869255066,2.7935340767726302e-05,2.7065896574640647e-05,5.416368003352545e-05
ZCH0285,3,NORMAL,NORMAL,1.4051101061340887e-05,0.9999493360519409,5.906534283894871e-07,1.4490427929558791e-05,2.1509700673050247e-05
ZCH0286,3,NORMAL,NORMAL,9.066287930181716e-06,0.9999761581420898,5.728709879804228e-07,3.356341494509252e-06,1.0821348951139953e-05
ZCH0287,0,NORMAL,NORMAL,8.132262883009389e-05,0.999697208404541,3.1528674298897386e-05,0.00015584006905555725,3.4136726753786206e-05
ZCH0288,4,NORMAL,NORMAL,3.0270264687715098e-05,0.9997075200080872,4.8462432459928095e-05,2.3646918634767644e-05,0.00019005102512892336
ZCH0289,2,NORMAL,NORMAL,0.00036720471689477563,0.9986283779144287,0.00011170025391038507,2.529752964619547e-05,0.0008673639385960996
ZCH0290,4,NORMAL,NORMAL,0.0014841267839074135,0.9979991316795349,2.5611798264435492e-05,2.4034348825807683e-05,0.00046705067506991327
ZCH0291,3,NORMAL,NORMAL,0.0007301760488189757,0.9985126852989197,2.221227805421222e-05,0.0001547677384223789,0.0005801750812679529
ZCH0292,4,NORMAL,NORMAL,3.905652556568384e-05,0.9998071789741516,1.9865370632032864e-05,2.7297461201669648e-05,0.00010652394848875701
ZCH0293,4,NORMAL,NORMAL,6.299255619524047e-05,0.9998160004615784,9.006944310385734e-06,1.6184185369638726e-05,9.566412336425856e-05
ZCH0294,2,NORMAL,NORMAL,4.876430466538295e-05,0.999840497970581,2.957428660010919e-05,1.04173932413687e-05,7.080389332259074e-05
ZCH0295,1,NORMAL,PFO,0.1349005103111267,0.3511391580104828,0.00037340933340601623,0.5098810195922852,0.0037058317102491856
ZCH0296,4,NORMAL,NORMAL,4.9990907427854836e-05,0.9998989105224609,4.373309366201283e-06,1.1917649317183532e-05,3.4847565984819084e-05
ZCH0297,0,NORMAL,NORMAL,1.555158814880997e-05,0.9999222755432129,1.5061915519254399e-06,6.941648734937189e-06,5.374011743697338e-05
ZCH0298,4,NORMAL,NORMAL,8.961748972069472e-05,0.9376994967460632,0.0002747478138189763,0.000629003276117146,0.06130708009004593
ZCH0299,3,NORMAL,NORMAL,8.486977458233014e-05,0.9977612495422363,3.1535646485281177e-06,5.4957912652753294e-05,0.0020956716034561396
ZCH0300,1,NORMAL,NORMAL,0.010419411584734917,0.9552499055862427,8.94699405762367e-05,0.03080044500529766,0.0034407328348606825
ZCH0301,0,NORMAL,NORMAL,2.3396834876621142e-05,0.999922513961792,8.051365512073971e-06,2.510157173674088e-05,2.0854995455010794e-05
ZCH0302,2,NORMAL,NORMAL,0.0003758461680263281,0.9994040727615356,2.11620736081386e-05,8.57880077091977e-05,0.00011305145017104223
ZCH0303,3,NORMAL,NORMAL,6.349919567583129e-05,0.9998747110366821,4.360576440376462e-06,2.247001975774765e-05,3.483073669485748e-05
ZCH0304,0,NORMAL,NORMAL,2.5940578780137002e-05,0.9998748302459717,1.4714989902131492e-06,1.1492972589621786e-05,8.626424096291885e-05
ZCH0305,3,NORMAL,NORMAL,0.0009597151656635106,0.997856080532074,4.878404524788493e-06,0.00010863073111977428,0.001070688129402697
ZCH0306,1,NORMAL,NORMAL,0.11614721268415451,0.779995322227478,0.039509035646915436,0.001241694437339902,0.06310676038265228
ZCH0307,4,NORMAL,NORMAL,5.595057155005634e-05,0.9982624650001526,5.583532765740529e-05,0.0011021504178643227,0.0005236524739302695
ZCH0308,1,NORMAL,NORMAL,0.0028021959587931633,0.9958040118217468,5.977995169814676e-05,0.0005566545878536999,0.0007772569661028683
ZCH0309,2,NORMAL,NORMAL,0.0003971408004872501,0.9989381432533264,7.089356950018555e-05,4.5236211008159444e-05,0.0005486566806212068
ZCH0310,4,NORMAL,NORMAL,3.7314643122954294e-05,0.9997666478157043,1.788736153685022e-05,2.45930550590856e-05,0.00015359978715423495
ZCH0311,4,NORMAL,NORMAL,0.0006482906173914671,0.99677973985672,0.00010038293112302199,0.0015871577197685838,0.0008843708201311529
ZCH0312,1,NORMAL,NORMAL,0.00171263562515378,0.9929307699203491,0.0020229145884513855,0.0028435555286705494,0.0004901610082015395
ZCH0313,3,NORMAL,NORMAL,0.00022003929188940674,0.9995985627174377,4.496638212003745e-06,0.000101575227745343,7.530333095928654e-05
ZCH0314,2,NORMAL,NORMAL,0.0001915733009809628,0.9994972944259644,3.792317511397414e-05,6.160918565001339e-05,0.00021163753990549594
ZCH0315,2,NORMAL,NORMAL,8.87955175130628e-05,0.9996640682220459,9.361330739920959e-05,5.6635544751770794e-05,9.69228203757666e-05
ZCH0316,3,NORMAL,NORMAL,1.1041215657314751e-05,0.9999582767486572,7.33756996851298e-06,6.579933597095078e-06,1.6656404113746248e-05
ZCH0317,4,NORMAL,NORMAL,8.178497228072956e-05,0.9988981485366821,1.236595016962383e-05,0.0002965001913253218,0.0007111692684702575
ZCH0318,1,NORMAL,NORMAL,0.006025209091603756,0.9747728109359741,0.0005354947061277926,0.013527985662221909,0.005138621665537357
ZCH0319,2,NORMAL,NORMAL,0.00014252684195525944,0.9996764659881592,5.2585677622118965e-05,1.040823644871125e-05,0.00011808895214926451
ZCH0320,1,NORMAL,NORMAL,0.0020550016779452562,0.9873994588851929,0.001000388991087675,0.0034866826608777046,0.006058406550437212
ZCH0321,2,NORMAL,NORMAL,3.586650200304575e-05,0.9999146461486816,1.563045589136891e-05,7.6180376709089614e-06,2.6167546820943244e-05
ZCH0322,0,NORMAL,NORMAL,4.063787491759285e-05,0.9999191761016846,4.803292540600523e-06,1.2923604117531795e-05,2.258548920508474e-05
ZCH0323,3,NORMAL,NORMAL,1.4051042853679974e-05,0.9999575614929199,1.793921910575591e-06,3.2597124572930625e-06,2.3403636078001e-05
ZCH0324,4,NORMAL,NORMAL,0.005419365596026182,0.993913471698761,2.1095997908560093e-06,0.0002547960903029889,0.0004103651735931635
ZCH0325,2,NORMAL,NORMAL,0.0002268230018671602,0.9995278120040894,5.6511031289119273e-05,5.482991036842577e-05,0.00013408261293079704
ZCH0326,3,NORMAL,NORMAL,0.00010242225835099816,0.9998852014541626,7.968852173689811e-07,1.8190453374700155e-06,9.72048110270407e-06
ZCH0327,3,NORMAL,NORMAL,7.359009032370523e-05,0.9998321533203125,7.522068699472584e-06,5.2204792154952884e-05,3.461540836724453e-05
ZCH0328,2,NORMAL,NORMAL,0.00021191574342083186,0.9994624257087708,4.564283153740689e-05,0.00018248862761538476,9.746138675836846e-05
ZCH0329,2,NORMAL,NORMAL,0.00012706306006293744,0.9987515211105347,0.0003754417411983013,8.00533453002572e-05,0.0006659870268777013
ZCH0330,3,NORMAL,NORMAL,9.753615813679062e-06,0.999954104423523,6.316884537227452e-06,6.0741353991033975e-06,2.3708082153461874e-05
ZCH0331,2,NORMAL,NORMAL,0.001474324380978942,0.9967026114463806,0.00012424953456502408,0.0003480668237898499,0.0013508109841495752
ZCH0332,4,NORMAL,NORMAL,1.6687223251210526e-05,0.9997976422309875,5.682891787728295e-05,1.949024408531841e-05,0.00010926182585535571
ZCH0333,2,NORMAL,NORMAL,0.0003655984182842076,0.9973335266113281,0.002121224068105221,1.1673876542772632e-05,0.0001680264831520617
ZCH0334,1,NORMAL,ASD,0.40427130460739136,0.39431560039520264,0.0001956743944901973,0.19829055666923523,0.0029268842190504074
ZCH0335,2,NORMAL,NORMAL,0.03887217491865158,0.9470784068107605,0.00018744284170679748,0.013572288677096367,0.0002895534271374345
ZCH0336,2,NORMAL,NORMAL,0.000594554643612355,0.9904503226280212,2.6756937586469576e-05,0.007953938096761703,0.0009743506088852882
ZCH0337,2,NORMAL,NORMAL,0.0008201873279176652,0.9972050786018372,0.0003557721502147615,0.0011501861736178398,0.0004686121828854084
ZCH0338,1,NORMAL,NORMAL,0.0003606601385399699,0.9994024038314819,3.66690983355511e-05,4.505096876528114e-05,0.00015523542242590338
ZCH0339,1,NORMAL,NORMAL,0.005332027096301317,0.9878325462341309,0.0016757417470216751,0.0040932707488536835,0.0010663754073902965
ZCH0340,2,NORMAL,NORMAL,0.02801419049501419,0.9696704149246216,0.0019388155778869987,9.788798342924565e-05,0.00027873620274476707
ZCH0341,0,NORMAL,NORMAL,0.0001289369392907247,0.9931392073631287,3.7512771086767316e-05,0.005882987752556801,0.000811378879006952
ZCH0342,1,NORMAL,NORMAL,0.0008420018129982054,0.9987216591835022,8.08851036708802e-05,0.00016844822675921023,0.0001870960695669055
ZCH0343,1,NORMAL,NORMAL,0.48775753378868103,0.5083091855049133,0.00033941370202228427,0.002299350220710039,0.0012945519993081689
ZCH0344,2,NORMAL,NORMAL,0.00016517809126526117,0.9993852376937866,0.00022192721371538937,3.478879443719052e-05,0.00019290897762402892
ZCH0345,1,NORMAL,NORMAL,0.0006176635506562889,0.9985744953155518,7.839850877644494e-05,7.479568739654496e-05,0.0006545736105181277
ZCH0346,2,NORMAL,NORMAL,0.00011227478535147384,0.9994872808456421,0.00014763463695999235,4.0529583202442154e-05,0.00021234685846138746
ZCH0347,3,NORMAL,NORMAL,1.153925677499501e-05,0.9999676942825317,7.074073664625757e-07,6.316313374554738e-06,1.3668972314917482e-05
ZCH0348,4,NORMAL,NORMAL,0.007191660813987255,0.9923238754272461,8.17749896668829e-05,5.937858441029675e-05,0.0003432885278016329
ZCH0349,0,NORMAL,NORMAL,5.8122364862356335e-05,0.9998847246170044,9.201354259857908e-06,1.976844396267552e-05,2.8156682674307376e-05
ZCH0350,2,NORMAL,NORMAL,0.051088590174913406,0.9475057721138,0.00024076311092358083,0.0008167935302481055,0.00034803239395841956
ZCH0351,4,NORMAL,NORMAL,0.00014241912867873907,0.9995070695877075,6.428277265513316e-05,4.668196561397053e-05,0.00023949706519488245
ZCH0352,2,NORMAL,NORMAL,0.0007003419450484216,0.9933786392211914,0.0010488012339919806,5.4618652939097956e-05,0.004817506298422813
ZCH0353,3,NORMAL,NORMAL,0.00017463274707552046,0.999669075012207,2.1618037862936035e-05,2.282044260937255e-05,0.00011199850268894807
ZCH0354,0,NORMAL,NORMAL,2.4759177904343233e-05,0.9999353885650635,5.588717613136396e-06,9.137058441410773e-06,2.497869536455255e-05
ZCH0355,4,NORMAL,NORMAL,0.00019769779464695603,0.9996294975280762,8.938398423197214e-06,3.25148030242417e-05,0.00013134042092133313
ZCH0356,1,NORMAL,NORMAL,0.004434800706803799,0.9813809394836426,0.009685683064162731,0.0010660105617716908,0.003432430326938629
ZCH0357,4,NORMAL,NORMAL,0.000591590185649693,0.9993287324905396,7.874410584918223e-06,5.936971319897566e-06,6.585974188055843e-05
ZCH0358,0,NORMAL,NORMAL,6.951333034521667e-06,0.9979920387268066,1.9773756321228575e-06,0.0019682704005390406,3.081949398620054e-05
ZCH0359,3,NORMAL,NORMAL,0.0013333704555407166,0.9983522891998291,2.208088517363649e-06,0.00027818698436021805,3.388549157534726e-05
ZCH0360,3,NORMAL,NORMAL,1.222062564920634e-05,0.9999619722366333,1.617573843759601e-06,1.0810467756527942e-05,1.323737160419114e-05
ZCH0361,4,NORMAL,NORMAL,6.205733370734379e-05,0.999834418296814,1.302073087572353e-05,1.7337140889139846e-05,7.317958807107061e-05
ZCH0362,2,NORMAL,NORMAL,0.0004704174934886396,0.9987494945526123,4.603191700880416e-05,0.0002660995814949274,0.00046787949395366013
ZCH0363,1,NORMAL,NORMAL,0.0020594149827957153,0.9965325593948364,0.00015321570390369743,0.0002898533421102911,0.000964802224189043
ZCH0364,3,NORMAL,NORMAL,7.83025097916834e-05,0.9998315572738647,1.067133325705072e-06,8.477887604385614e-05,4.312864348321455e-06
ZCH0365,0,NORMAL,NORMAL,3.997655767307151e-06,0.9999880790710449,5.5199219417545464e-08,2.9171914661674236e-07,7.595266197313322e-06
ZCH0366,2,NORMAL,NORMAL,0.00024480887805111706,0.9994949102401733,6.297984509728849e-05,4.810863538295962e-05,0.00014909254969097674
ZCH0367,4,NORMAL,NORMAL,0.00028298035613261163,0.9995456337928772,8.731300113140605e-06,6.32273149676621e-05,9.943173790816218e-05
ZCH0368,4,NORMAL,NORMAL,2.853593286999967e-05,0.9997028708457947,4.121831807424314e-05,4.5098997361492366e-05,0.00018238236953038722
ZCH0369,4,NORMAL,NORMAL,0.035436637699604034,0.9630679488182068,2.1616961021209136e-05,7.756784179946408e-05,0.0013962086522951722
ZCH0370,1,NORMAL,NORMAL,8.817480556899682e-05,0.9996004700660706,1.7698324882076122e-05,1.700285793049261e-05,0.0002765739627648145
ZCH0371,2,NORMAL,NORMAL,0.00010357079008826986,0.9991149306297302,0.0003955723368562758,3.3455111406510696e-05,0.00035237648990005255
ZCH0372,1,NORMAL,NORMAL,0.004428573418408632,0.9787074327468872,0.0005706187803298235,0.0018524716142565012,0.014440823346376419
ZCH0373,0,NORMAL,NORMAL,8.992556104203686e-05,0.9996720552444458,5.003219484933652e-06,2.9593593353638425e-05,0.00020337331807240844
ZCH0374,4,NORMAL,NORMAL,5.671671897289343e-05,0.9997640252113342,2.9007349439780228e-05,5.07808435941115e-05,9.950801177183166e-05
ZCH0375,2,NORMAL,NORMAL,0.08201918751001358,0.7949822545051575,0.02410253696143627,0.05998969078063965,0.03890630975365639
ZCH0376,4,NORMAL,NORMAL,0.00033786240965127945,0.999582827091217,7.0072305788926315e-06,1.4923219168849755e-05,5.738401523558423e-05
ZCH0377,3,NORMAL,NORMAL,1.3364078768063337e-05,0.9999431371688843,1.213544578604342e-06,6.222287083801348e-06,3.608996848925017e-05
ZCH0378,3,NORMAL,NORMAL,2.7356751161278225e-05,0.9999291896820068,2.403937514827703e-06,5.0522103265393525e-06,3.601822390919551e-05
ZCH0379,1,NORMAL,NORMAL,0.012060300447046757,0.9735939502716064,6.103666964918375e-05,0.006564774084836245,0.00771995447576046
ZCH0380,4,NORMAL,NORMAL,0.0005394765175879002,0.9993645548820496,2.097656215482857e-05,7.6134833761898335e-06,6.737897638231516e-05
ZCH0381,3,NORMAL,NORMAL,4.6364748413907364e-05,0.9998154044151306,2.9166499189159367e-06,2.343942696825252e-06,0.00013304776803124696
ZCH0382,4,NORMAL,NORMAL,0.00056202441919595,0.998498797416687,2.7003812647308223e-05,0.00012105801579309627,0.0007910960703156888
ZCH0383,3,NORMAL,NORMAL,3.2289786759065464e-05,0.9998966455459595,1.2294092357478803e-06,3.209887654520571e-05,3.777168967644684e-05
ZCH0384,1,NORMAL,NORMAL,0.0023991053458303213,0.7869725227355957,0.18002578616142273,0.005455999169498682,0.02514657936990261
ZCH0385,2,NORMAL,NORMAL,0.0009621405624784529,0.998548686504364,6.0063001001253724e-05,4.0917322621680796e-05,0.00038803505594842136
ZCH0386,0,NORMAL,NORMAL,3.1870049497229047e-06,0.9999927282333374,2.0676927192653238e-07,1.0293387049387093e-06,2.756471531029092e-06
ZCH0387,4,NORMAL,NORMAL,0.0017851563170552254,0.9979085922241211,4.7613038987037726e-06,0.00014788834960199893,0.00015373085625469685
ZCH0388,0,NORMAL,NORMAL,2.6591153073241003e-05,0.9999018907546997,7.63430398365017e-06,1.8477034245734103e-05,4.545924821286462e-05
ZCH0389,4,NORMAL,NORMAL,9.466804476687685e-05,0.999711811542511,4.426378382049734e-06,2.668246816028841e-05,0.00016238100943155587
ZCH0390,3,NORMAL,NORMAL,6.35236210655421e-05,0.9998922348022461,5.135916580911726e-07,4.382498445920646e-06,3.938535155612044e-05
ZCH0391,3,NORMAL,NORMAL,0.0005033661145716906,0.9993686079978943,1.5256340702762827e-05,2.625400384204113e-06,0.0001102260357583873
ZCH0392,0,NORMAL,NORMAL,6.808072794228792e-05,0.9997060894966125,3.958505658374634e-06,4.983018243365223e-06,0.00021684059174731374
ZCH0393,2,NORMAL,NORMAL,0.0004122020909562707,0.9988076686859131,6.655866309301928e-05,8.731891284696758e-05,0.0006262994720600545
ZCH0394,4,NORMAL,NORMAL,0.00028611940797418356,0.9995900988578796,2.0730134565383196e-05,1.1877755241584964e-05,9.111548570217565e-05
ZCH0395,0,NORMAL,NORMAL,0.0006356298690661788,0.8026866912841797,0.0002459429670125246,0.0032537232618778944,0.1931779533624649
ZCH0396,1,NORMAL,NORMAL,0.0008359233033843338,0.9946816563606262,3.024022953468375e-05,0.0021883121225982904,0.002263785572722554
ZCH0397,0,NORMAL,NORMAL,6.544654024764895e-05,0.9998230338096619,8.50245760375401e-06,7.92223509051837e-05,2.388401480857283e-05
ZCH0398,1,NORMAL,NORMAL,0.002332226140424609,0.9920563101768494,0.0002639946178533137,0.004705178551375866,0.0006423061131499708
ZCH0399,1,NORMAL,NORMAL,0.0003222404629923403,0.9991316199302673,0.0001445118832634762,0.00022661509865429252,0.00017503173148725182
ZCH0400,3,NORMAL,NORMAL,0.00011975743109360337,0.9996455907821655,6.472042969107861e-06,7.962977542774752e-05,0.0001486320252297446
ZCH0401,4,NORMAL,NORMAL,0.0015320592792704701,0.9983363747596741,2.5753886802704073e-05,1.5478814020752907e-05,9.04508342500776e-05
ZCH0402,3,NORMAL,NORMAL,2.549682540120557e-05,0.9999171495437622,4.742825240100501e-06,2.5293859380326467e-06,5.0032649596687406e-05
ZCH0403,2,NORMAL,NORMAL,0.009165836498141289,0.9867962598800659,0.0009023777092806995,0.0005154423415660858,0.0026200865395367146
ZCH0404,0,NORMAL,NORMAL,1.1305523912596982e-05,0.9999548196792603,2.675959694897756e-05,2.6824384349311003e-06,4.429789896676084e-06
ZCH0405,1,NORMAL,NORMAL,0.002587614580988884,0.9923712015151978,0.0023060261737555265,0.0003256237250752747,0.002409501001238823
ZCH0406,1,NORMAL,ASD,0.6389254331588745,0.3117448389530182,0.0009287743596360087,0.012885147705674171,0.03551585227251053
ZCH0407,3,NORMAL,NORMAL,8.647719369037077e-05,0.9997760653495789,8.862072718329728e-06,2.3338190658250824e-05,0.00010519352508708835
ZCH0408,0,NORMAL,NORMAL,7.897388968558516e-06,0.9999783039093018,6.541691618622281e-06,3.406161567909294e-06,3.8026139463909203e-06
ZCH0409,2,NORMAL,NORMAL,0.0013817064464092255,0.9866259098052979,0.0003781160048674792,0.010367214679718018,0.001247080392204225
ZCH0410,1,NORMAL,NORMAL,0.049778908491134644,0.9032854437828064,9.006222535390407e-05,0.040138762444257736,0.006706868764013052
ZCH0411,0,NORMAL,PFO,0.027304954826831818,0.030963750556111336,4.4836284359917045e-05,0.9412463903427124,0.00044005169183947146
ZCH0412,2,NORMAL,NORMAL,0.004442249890416861,0.9952778816223145,5.8550274843582883e-05,5.17795297128032e-06,0.0002162055898224935
ZCH0413,3,NORMAL,NORMAL,0.000173536769580096,0.9997745156288147,3.0161991162458435e-06,1.1801680557255168e-05,3.7234345654724166e-05
ZCH0414,0,NORMAL,NORMAL,0.0001252262736670673,0.9995342493057251,1.1093802640971262e-05,7.282001024577767e-05,0.0002566605980973691
ZCH0415,1,NORMAL,NORMAL,0.015240918844938278,0.9157572984695435,0.02715233527123928,0.002512234728783369,0.039337318390607834
ZCH0416,2,NORMAL,NORMAL,0.0002171035303035751,0.9995028972625732,1.4404215107788332e-05,0.00011146633914904669,0.00015403053839690983
ZCH0417,0,NORMAL,NORMAL,6.407814362319186e-05,0.9998757839202881,1.4401874750546995e-06,3.9243845094460994e-05,1.940126639965456e-05
ZCH0418,4,NORMAL,NORMAL,0.004251130856573582,0.9952782392501831,3.0010873160790652e-05,0.00032986109727062285,0.00011079393880208954
ZCH0419,4,NORMAL,NORMAL,4.1095216147368774e-05,0.9996949434280396,4.5952263462822884e-05,9.128404053626582e-05,0.00012665873509831727
ZCH0420,2,NORMAL,NORMAL,0.00022196692589204758,0.9995889067649841,3.918016591342166e-05,1.8214577721664682e-05,0.00013170309830456972
ZCH0421,1,NORMAL,NORMAL,0.010034343227744102,0.9456732869148254,9.83615464065224e-05,0.0426369234919548,0.00155703688506037
ZCH0422,0,NORMAL,NORMAL,0.00021304655820131302,0.9673832654953003,0.03237495198845863,5.901725330659247e-07,2.8100093913963065e-05
ZCH0423,1,NORMAL,NORMAL,0.12687207758426666,0.6706877946853638,0.053116898983716965,0.0007046976243145764,0.14861853420734406
ZCH0424,2,NORMAL,NORMAL,0.0006834255764260888,0.9980623126029968,0.00015452850493602455,0.0001243065926246345,0.0009753481135703623
ZCH0425,0,NORMAL,NORMAL,2.1464940800797194e-05,0.9999653100967407,3.2972019425869803e-07,3.165221414747066e-06,9.654333553044125e-06
ZCH0426,1,NORMAL,NORMAL,0.0007748428033664823,0.9909828305244446,6.901304732309654e-05,0.00010323524475097656,0.008070167154073715
ZCH0427,3,NORMAL,NORMAL,0.00017898755322676152,0.9992560744285583,1.3407116057351232e-05,4.301477747503668e-05,0.0005084314034320414
ZCH0428,3,NORMAL,NORMAL,1.4120719242782798e-05,0.9999802112579346,2.758870891739207e-07,1.4504612408927642e-06,4.051607447763672e-06
ZCH0429,1,NORMAL,NORMAL,0.013597319833934307,0.9693996906280518,0.0033816678915172815,0.010238578543066978,0.0033827577717602253
ZCH0430,4,NORMAL,NORMAL,0.0005785509129054844,0.9992037415504456,1.7980974007514305e-05,2.5284358343924396e-05,0.0001744905166560784
ZCH0431,0,NORMAL,NORMAL,0.03321840986609459,0.9663189649581909,1.1692362932080869e-05,6.795796798542142e-05,0.0003828916815109551
ZCH0432,1,NORMAL,NORMAL,0.171046644449234,0.8154672980308533,0.005955680273473263,0.0001508677814854309,0.007379516493529081
ZCH0433,4,NORMAL,NORMAL,0.0006779904360882938,0.9951987862586975,6.6012391471304e-05,0.0031236722134053707,0.0009335710783489048
ZCH0434,0,NORMAL,NORMAL,0.0028419257141649723,0.9970188140869141,1.0249902970826952e-06,2.2865020582685247e-05,0.00011538824765011668
ZCH0435,2,NORMAL,NORMAL,0.00016768653586041182,0.9979873895645142,5.669838355970569e-05,0.00012286285345908254,0.0016652897465974092
ZCH0436,2,NORMAL,NORMAL,0.0029156142845749855,0.9945924878120422,0.0003535847645252943,0.0004012035788036883,0.0017371485009789467
ZCH0437,3,NORMAL,NORMAL,1.1609815373958554e-05,0.999795138835907,3.253752822729439e-07,0.0001879255287349224,5.029469321016222e-06
ZCH0438,4,NORMAL,NORMAL,0.002726026577875018,0.9970688223838806,3.240442674723454e-05,7.649807957932353e-05,9.616609895601869e-05
ZCH0439,2,NORMAL,NORMAL,0.005644327029585838,0.9923402070999146,0.00017872413445729762,0.0012864347081631422,0.0005502508720383048
ZCH0440,1,NORMAL,NORMAL,0.0005277430173009634,0.9988549947738647,0.00011439898662501946,0.000222568676690571,0.00028034369461238384
ZCH0441,2,NORMAL,NORMAL,0.0008192305103875697,0.9987407326698303,0.00011294010619167238,9.375430090585724e-05,0.0002333174052182585
ZCH0442,3,NORMAL,NORMAL,0.0046583255752921104,0.9950773119926453,4.8442980187246576e-05,6.75410001349519e-06,0.00020922190742567182
ZCH0443,0,NORMAL,ASD,0.5867440700531006,0.2652917206287384,0.12854529917240143,0.000774444779381156,0.01864446885883808
ZCH0444,0,NORMAL,NORMAL,1.9658195014926605e-05,0.9951184988021851,0.004652843810617924,2.005454916798044e-06,0.000206961456569843
ZCH0445,0,NORMAL,NORMAL,2.7186186343897134e-05,0.9999432563781738,5.535536729439627e-06,1.0505265890969895e-05,1.360322585242102e-05
ZCH0446,0,NORMAL,NORMAL,0.003561503253877163,0.9962863922119141,1.6641193951727473e-06,0.00010997488425346091,4.048259143019095e-05
ZCH0447,0,NORMAL,NORMAL,0.0014601617585867643,0.9984734654426575,1.685673510110064e-06,2.1507017663680017e-05,4.319962317822501e-05
ZCH0448,2,NORMAL,NORMAL,0.00032010299037210643,0.9992988109588623,7.693974475841969e-05,8.75781406648457e-05,0.000216533851926215
ZCH0449,0,NORMAL,NORMAL,7.424869545502588e-05,0.9998365640640259,5.211963070905767e-06,6.486111669801176e-05,1.9093353330390528e-05
ZCH0450,4,NORMAL,NORMAL,0.004615298006683588,0.9858690500259399,0.00011278761667199433,0.00023561315902043134,0.009167129173874855
ZCH0451,0,NORMAL,NORMAL,1.3548432434618007e-05,0.9999802112579346,2.1774280867248308e-07,5.220791535975877e-06,7.030942015262553e-07
ZCH0452,2,NORMAL,NORMAL,0.00041093071922659874,0.9986627101898193,0.00013396005670074373,8.518535469193012e-05,0.0007071718573570251
ZCH0453,0,NORMAL,NORMAL,3.287547951913439e-05,0.999902606010437,1.1071747394453268e-05,1.9501141650835052e-05,3.386575190233998e-05
ZCH0454,0,NORMAL,NORMAL,0.004733335226774216,0.9937989115715027,5.290139961289242e-05,0.0001678615517448634,0.0012468514032661915
ZCH0455,3,NORMAL,NORMAL,5.084087752038613e-05,0.9983567595481873,2.5022192858159542e-05,5.689720637747087e-06,0.0015617372700944543
ZCH0456,1,NORMAL,NORMAL,0.0010947039118036628,0.9977176189422607,1.2502209756348748e-05,1.6308847989421338e-05,0.0011589768109843135
ZCH0457,4,NORMAL,NORMAL,0.0019130435539409518,0.9967380166053772,6.382104038493708e-05,0.00012915364641230553,0.0011560251004993916
ZCH0458,4,NORMAL,ASD,0.5533324480056763,0.44602900743484497,6.663710792054189e-06,5.736667662858963e-05,0.0005745318485423923
ZCH0459,3,NORMAL,NORMAL,1.1905012797797099e-06,0.9999886751174927,1.4324485846373136e-06,3.814541287283646e-06,4.865564733336214e-06
ZCH0460,1,NORMAL,NORMAL,0.001347509678453207,0.9979164004325867,8.14186641946435e-05,0.00011388782149879262,0.0005408985889516771
ZCH0461,4,NORMAL,NORMAL,0.00022061578056309372,0.9992892742156982,9.936235437635332e-05,8.916149090509862e-05,0.00030161364702507854
ZCH0462,1,NORMAL,NORMAL,0.11347155272960663,0.8433240056037903,0.0013041815254837275,0.01458524726331234,0.027314942330121994
ZCH0463,0,NORMAL,NORMAL,3.377317261765711e-05,0.9998563528060913,4.381160397315398e-05,2.685840991034638e-05,3.918990114470944e-05
ZCH0464,2,NORMAL,NORMAL,0.0005662870826199651,0.9987271428108215,0.0002437401271890849,0.00011854907643282786,0.0003442973829805851
ZCH0465,0,NORMAL,NORMAL,1.4879941772960592e-05,0.9999592304229736,3.6743085729540326e-06,6.9201064434309956e-06,1.521712874819059e-05
ZCH0466,4,NORMAL,NORMAL,5.437288200482726e-05,0.9998997449874878,1.7566122551215813e-05,7.274177733052056e-06,2.104795021296013e-05
ZCH0467,1,NORMAL,NORMAL,0.0010936702601611614,0.9981766939163208,0.00013338720600586385,0.000181480310857296,0.0004148253065068275
ZCH0468,2,NORMAL,NORMAL,0.0005321952048689127,0.9987911581993103,9.406008757650852e-06,0.0004886866663582623,0.00017856352496892214
ZCH0469,4,NORMAL,PFO,0.10112499445676804,0.03379115089774132,0.00022681958216708153,0.8633807897567749,0.0014761746861040592
ZCH0470,0,NORMAL,NORMAL,0.0007770773954689503,0.9945462942123413,6.079604645492509e-06,5.49342657905072e-05,0.00461575435474515
ZCH0471,2,NORMAL,NORMAL,9.969555685529485e-05,0.9997434020042419,7.015387382125482e-05,9.99660824163584e-06,7.657297101104632e-05
ZCH0472,2,NORMAL,NORMAL,0.038065358996391296,0.7837646007537842,0.0016628301236778498,0.1746291220188141,0.0018781257094815373
ZCH0473,2,NORMAL,NORMAL,0.0003087602381128818,0.9994187355041504,4.543151590041816e-05,2.11024653253844e-05,0.00020600137941073626
ZCH0474,1,NORMAL,NORMAL,0.00018581797485239804,0.9993108510971069,7.196852675406262e-05,0.00010402648331364617,0.00032733564148657024
ZCH0475,0,NORMAL,NORMAL,5.791303556179628e-05,0.9998348951339722,2.0554532966343686e-05,3.2677489798516035e-05,5.4009153245715424e-05
ZCH0476,3,NORMAL,NORMAL,1.2889686331618577e-05,0.9999673366546631,4.5398962811304955e-07,1.0444500730955042e-05,8.85483041201951e-06
ZCH0477,2,NORMAL,NORMAL,0.4213213622570038,0.5686115622520447,0.0024606597144156694,0.006912590935826302,0.0006938603473827243
ZCH0478,2,NORMAL,NORMAL,0.0001614577486179769,0.9996271133422852,4.336137499194592e-05,4.273107697372325e-05,0.0001252677757292986
ZCH0479,1,NORMAL,NORMAL,0.0004667152534238994,0.9987685084342957,0.00015757372602820396,0.00019122161029372364,0.00041602415149100125
ZCH0480,1,NORMAL,NORMAL,0.0003506125358399004,0.9978173971176147,0.00016493516159243882,0.0004938722122460604,0.001173060154542327
ZCH0481,1,NORMAL,NORMAL,0.0002605806803330779,0.9994515776634216,7.052093133097515e-05,5.6394146668026224e-05,0.00016101074288599193
ZCH0482,1,NORMAL,NORMAL,0.00084977614460513,0.9972524046897888,0.00020802886865567416,0.0002857836661860347,0.00140402524266392
ZCH0483,3,NORMAL,NORMAL,1.2350922588666435e-05,0.9999645948410034,4.119913683098275e-06,4.7492962949036155e-06,1.4087746421864722e-05
ZCH0484,0,NORMAL,NORMAL,0.00010453315917402506,0.9998558759689331,2.064518639599555e-06,8.309796612593345e-06,2.9233417080831714e-05
ZCH0485,2,NORMAL,NORMAL,0.0006134971627034247,0.9986740350723267,0.00010254521475872025,0.00034939878969453275,0.0002605764311738312
ZCH0486,2,NORMAL,NORMAL,0.0002333425363758579,0.9992732405662537,1.7101237972383387e-05,0.00011476231156848371,0.0003615356981754303
ZCH0487,2,NORMAL,NORMAL,4.5144104660721496e-05,0.9998403787612915,3.1328730983659625e-05,2.141419281542767e-05,6.162886711535975e-05
ZCH0488,1,NORMAL,NORMAL,0.0008864584378898144,0.9976182579994202,0.0003431195509620011,0.0008065813453868032,0.0003456335689406842
ZCH0489,4,NORMAL,NORMAL,0.0003882242599502206,0.9988849759101868,0.00013725803000852466,0.00019666498701553792,0.00039288969128392637
ZCH0490,3,NORMAL,NORMAL,7.472573088307399e-06,0.9999661445617676,2.8467122774600284e-06,1.0166482979911962e-06,2.2452923076343723e-05
ZCH0491,4,NORMAL,NORMAL,0.0001331258099526167,0.9997313618659973,7.929985258670058e-06,1.8134907804778777e-05,0.00010937072511296719
ZCH0492,2,NORMAL,NORMAL,0.00019509087724145502,0.9995181560516357,0.00024382802075706422,1.1855983075292897e-06,4.179011011729017e-05
ZCH0493,3,NORMAL,NORMAL,0.0003937096626032144,0.9995331764221191,2.286067228851607e-06,4.1339251765748486e-05,2.9553380954894237e-05
ZCH0494,1,NORMAL,NORMAL,0.02136397734284401,0.9252557158470154,0.007413783576339483,0.004420919809490442,0.041545696556568146
ZCH0495,1,NORMAL,NORMAL,0.018645700067281723,0.9772602915763855,0.0012717470526695251,0.0007958943024277687,0.002026368398219347
ZCH0496,0,NORMAL,NORMAL,3.4017040889011696e-05,0.9999234676361084,5.934547971264692e-06,1.0293955710949376e-05,2.631683491927106e-05
ZCH0497,0,NORMAL,NORMAL,2.707060775719583e-05,0.9999430179595947,1.0239931725664064e-05,4.697576514445245e-06,1.5035957403597422e-05
ZCH0498,3,NORMAL,NORMAL,3.579532858566381e-05,0.9998785257339478,2.503485802662908e-06,2.238262140963343e-06,8.088371396297589e-05
ZCH0499,3,NORMAL,NORMAL,0.2468373328447342,0.7517771124839783,1.45515296026133e-05,7.461792120011523e-05,0.0012964153429493308
ZCH0500,3,NORMAL,NORMAL,0.00013949189451523125,0.9996036887168884,8.128203262458555e-06,1.1861232451337855e-05,0.00023680854064878076
ZCH0501,0,NORMAL,NORMAL,2.648037116159685e-05,0.9999556541442871,5.201584372116486e-06,7.943255695863627e-06,4.643708507501287e-06
ZCH0502,2,NORMAL,NORMAL,7.846164226066321e-05,0.9997571110725403,5.204012632020749e-05,1.8717530110734515e-05,9.366613085148856e-05
ZCH0503,0,NORMAL,NORMAL,4.999046723241918e-05,0.9998328685760498,1.4009154256200418e-05,1.5183259165496565e-05,8.799543138593435e-05
ZCH0504,3,NORMAL,NORMAL,0.00011207524948986247,0.9998713731765747,1.7217489585164003e-06,4.871224518865347e-06,1.0065419701277278e-05
ZCH0505,0,NORMAL,NORMAL,0.0006949438829906285,0.9991577863693237,1.7862977301774663e-06,3.4964102724188706e-06,0.00014198738790582865
ZCH0506,3,NORMAL,NORMAL,1.84072141564684e-05,0.9999247789382935,9.224005225405563e-06,1.256692939932691e-05,3.514590935083106e-05
ZCH0507,1,NORMAL,NORMAL,0.0024967584758996964,0.9958368539810181,0.00023296184372156858,0.0005144539754837751,0.0009189638658426702
ZCH0508,3,NORMAL,NORMAL,0.0001020294293994084,0.9998514652252197,6.804702934459783e-06,3.026065132871736e-05,9.411981409357395e-06
ZCH0509,1,NORMAL,NORMAL,0.02351406216621399,0.9613227248191833,0.005404501222074032,0.0006292125326581299,0.009129499085247517
ZCH0510,1,NORMAL,NORMAL,0.012257247231900692,0.9584536552429199,0.017273904755711555,0.0002555456885602325,0.011759635992348194
ZCH0511,3,NORMAL,NORMAL,2.4155538994818926e-05,0.9278134107589722,5.8633395383367315e-06,1.6019735994632356e-05,0.07214050740003586
ZCH0512,3,NORMAL,NORMAL,0.000252735975664109,0.9954381585121155,4.03000370852169e-07,0.0005864333943463862,0.0037223524414002895
ZCH0513,2,NORMAL,NORMAL,4.0068938687909395e-05,0.9997532963752747,3.733866833499633e-05,2.345090797462035e-05,0.00014592341904062778
ZCH0514,2,NORMAL,NORMAL,7.587150321342051e-05,0.9997871518135071,4.347150752437301e-05,2.3134576622396708e-05,7.028746767900884e-05
ZCH0515,3,NORMAL,NORMAL,6.107666195021011e-06,0.9999755620956421,1.4381664641405223e-06,7.912934961495921e-06,9.0972644102294e-06
ZCH0516,2,NORMAL,NORMAL,0.000598322250880301,0.9699668288230896,0.00034300313564017415,0.02805212140083313,0.0010398749727755785
ZCH0517,1,NORMAL,NORMAL,0.00018727514543570578,0.9991457462310791,2.905007750086952e-05,5.1918745157308877e-05,0.0005859896773472428
ZCH0518,1,NORMAL,NORMAL,0.28086984157562256,0.5598787069320679,0.0021654253359884024,0.15403729677200317,0.0030486881732940674
ZCH0519,3,NORMAL,NORMAL,1.448863167752279e-05,0.9999302625656128,6.603095698665129e-06,3.52822826243937e-05,1.3358657270146068e-05
ZCH0520,3,NORMAL,NORMAL,0.010751059278845787,0.9889489412307739,1.3808495396006037e-06,2.8367383492877707e-05,0.0002702056954149157
ZCH0521,3,NORMAL,NORMAL,6.076316276448779e-05,0.9998538494110107,7.437779458996374e-06,5.351979416445829e-05,2.4390956241404638e-05
ZCH0522,3,NORMAL,NORMAL,9.922598110279068e-05,0.9993540644645691,5.6910415878519416e-05,0.00010097771883010864,0.00038876975304447114
ZCH0523,0,NORMAL,NORMAL,0.00044125274871475995,0.9969007968902588,0.0023795037996023893,0.00024863012367859483,2.9827353500877507e-05
ZCH0524,3,NORMAL,NORMAL,0.00913107767701149,0.9609017372131348,8.090425581031013e-06,0.0006078613223508,0.02935105748474598
ZCH0525,0,NORMAL,NORMAL,0.0002639489248394966,0.9983616471290588,8.289958714158274e-06,0.0009049803484231234,0.0004610815376508981
ZCH0526,1,NORMAL,NORMAL,0.0032506855204701424,0.9433048367500305,7.449476834153756e-05,0.052478328347206116,0.0008916413062252104
ZCH0527,1,NORMAL,NORMAL,0.28118813037872314,0.44200631976127625,0.08226260542869568,0.14919061958789825,0.04535231739282608
ZCH0528,3,NORMAL,NORMAL,6.749092426616699e-05,0.9953274726867676,8.612250894657336e-06,3.2001639738155063e-06,0.00459318095818162
ZCH0529,2,NORMAL,ASD,0.34434017539024353,0.3270612359046936,0.000742103613447398,0.2242496758699417,0.10360679775476456
ZCH0530,2,NORMAL,NORMAL,0.0051758973859250546,0.9934837222099304,2.9998789614182897e-05,0.0009580845362506807,0.0003523824270814657
ZCH0531,4,NORMAL,NORMAL,0.0010976920602843165,0.9922159314155579,0.00018563176854513586,0.0005666243960149586,0.005934280343353748
ZCH0532,0,NORMAL,NORMAL,0.00023323929053731263,0.9994581341743469,4.744910984300077e-05,1.3996986126585398e-05,0.0002471868647262454
ZCH0533,4,NORMAL,NORMAL,0.00011796563194366172,0.9996788501739502,3.1380761811306e-06,0.0001653954532230273,3.464272595010698e-05
ZCH0534,3,ASD,NORMAL,0.0014590226346626878,0.9974111914634705,0.0008917134837247431,7.674678272451274e-06,0.00023025617701932788
ZCH0535,2,ASD,VSD,0.0001573378685861826,0.004755732137709856,0.00021228672994766384,0.05100986734032631,0.9438648223876953
ZCH0536,4,ASD,ASD,0.9997830986976624,0.00020582214347086847,3.938674581149826e-06,1.6558568631808157e-06,5.513241376320366e-06
ZCH0537,2,ASD,PFO,0.0029422726947814226,0.0013104870449751616,0.0045290193520486355,0.9815741181373596,0.009644034318625927
ZCH0538,4,ASD,VSD,0.0037464280612766743,0.005406419280916452,0.2833385467529297,0.024307113140821457,0.6832014918327332
ZCH0539,1,ASD,PFO,0.02218896523118019,0.06936674565076828,0.0014607273042201996,0.9038600921630859,0.003123468952253461
ZCH0540,2,ASD,ASD,0.9900369644165039,0.007698629982769489,0.002189464634284377,1.118030195357278e-05,6.367656897054985e-05
ZCH0541,2,ASD,NORMAL,0.033711012452840805,0.9635459780693054,0.0019600335508584976,0.00024827205925248563,0.0005347639671526849
ZCH0542,4,ASD,VSD,0.18825632333755493,0.03131917491555214,0.0011179795255884528,0.000601895444560796,0.7787046432495117
ZCH0543,1,ASD,VSD,0.007918703369796276,0.009784562513232231,0.0024417887907475233,5.2643870731117204e-05,0.9798023104667664
ZCH0544,2,ASD,ASD,0.7963070273399353,0.04292008653283119,0.07766037434339523,0.0010698873084038496,0.08204253762960434
ZCH0545,1,ASD,VSD,0.00033914108644239604,0.0003093356208410114,0.0002204260672442615,9.712942119222134e-05,0.9990339279174805
ZCH0546,3,ASD,PFO,2.3010987206362188e-05,0.0027935802936553955,1.2256765558049665e-06,0.9971535205841064,2.8643782570725307e-05
ZCH0547,0,ASD,PFO,0.003182097105309367,0.002712154295295477,1.1541860658326186e-06,0.9935305714607239,0.0005740970955230296
ZCH0548,4,ASD,PDA,0.0005757714970968664,0.002511802362278104,0.7589389681816101,0.0021500231232494116,0.23582343757152557
ZCH0549,4,ASD,NORMAL,0.16220131516456604,0.7539403438568115,0.07784663140773773,0.001937233842909336,0.004074566066265106
ZCH0550,4,ASD,ASD,0.9767865538597107,0.007480626460164785,0.0016009887913241982,0.00023760156182106584,0.013894154690206051
ZCH0551,0,ASD,ASD,0.975444495677948,0.0018843291327357292,0.00014761774218641222,0.0002807658165693283,0.022242801263928413
ZCH0552,2,ASD,VSD,0.3375551104545593,0.01590227149426937,0.0029247528873384,0.002190025756135583,0.6414278149604797
ZCH0553,1,ASD,NORMAL,0.03457602858543396,0.3644413650035858,0.005947305355221033,0.32551729679107666,0.2695179879665375
ZCH0554,0,ASD,PFO,0.22559015452861786,0.022901399061083794,4.925921530229971e-05,0.5697676539421082,0.1816914975643158
ZCH0555,2,ASD,ASD,0.5896656513214111,0.0845663771033287,0.000128155603306368,0.03586094081401825,0.28977885842323303
ZCH0556,2,ASD,VSD,0.0009846559260040522,0.002597043290734291,1.0840752111107577e-05,0.00013466410746332258,0.9962728023529053
ZCH0557,0,ASD,PFO,7.916309550637379e-05,0.00454896641895175,1.508938225924794e-06,0.9945768117904663,0.0007935641333460808
ZCH0558,1,ASD,VSD,0.030871836468577385,0.021511519327759743,0.00018583655764814466,0.00038801541086286306,0.9470428228378296
ZCH0559,4,ASD,ASD,0.9381122589111328,0.015077849850058556,0.03859264776110649,0.00020285591017454863,0.008014397695660591
ZCH0560,2,ASD,NORMAL,0.0004596652870532125,0.9976699948310852,0.0012321887770667672,0.0005780783831141889,6.001701331115328e-05
ZCH0561,2,ASD,NORMAL,0.02035236358642578,0.9770858287811279,0.0010444294894114137,0.0003818607365246862,0.0011355944443494081
ZCH0562,3,ASD,ASD,0.8148837685585022,4.7298868594225496e-05,4.164569418207975e-06,0.1849326193332672,0.00013207935262471437
ZCH0563,2,ASD,NORMAL,0.05110457167029381,0.8797414302825928,0.0018323760014027357,0.05512930452823639,0.012192352674901485
ZCH0564,4,ASD,PFO,0.00020928203593939543,0.008260670118033886,0.00011727597302524373,0.9907342195510864,0.0006785198929719627
ZCH0565,4,ASD,ASD,0.9977445602416992,0.001192739699035883,1.2569976206577849e-05,0.0008362260996364057,0.00021387623564805835
ZCH0566,3,ASD,VSD,0.009580845013260841,1.3434115317068063e-05,1.4249761989049148e-05,3.667770215542987e-05,0.9903547763824463
ZCH0567,4,ASD,VSD,2.7344158297637478e-05,0.00026640985743142664,0.00042375153861939907,0.00031387340277433395,0.9989686012268066
ZCH0568,1,ASD,PFO,0.03217506781220436,0.008505750447511673,0.0002097053948091343,0.9585204720497131,0.0005890027969144285
ZCH0569,2,ASD,PFO,0.11007320880889893,0.002256533829495311,3.4124183002859354e-05,0.8869189620018005,0.0007171164616011083
ZCH0570,0,ASD,VSD,0.006808415986597538,0.0039736018516123295,2.7883621442015283e-05,0.10303769260644913,0.886152446269989
ZCH0571,1,ASD,PFO,0.07349884510040283,0.001657059183344245,0.0009362974087707698,0.9130356311798096,0.010872111655771732
ZCH0572,1,ASD,PFO,0.06556768715381622,0.0027396799996495247,0.00012613962462637573,0.9247691631317139,0.0067973812110722065
ZCH0573,0,ASD,ASD,0.5969040989875793,9.738575317896903e-05,1.1643287507467903e-05,0.3148750364780426,0.0881117507815361
ZCH0574,4,ASD,NORMAL,0.01719488576054573,0.915492057800293,0.0013672685017809272,0.011108704842627048,0.05483698099851608
ZCH0575,1,ASD,VSD,0.04221999645233154,0.009956900961697102,0.011561209335923195,0.013231821358203888,0.9230300784111023
ZCH0576,0,ASD,PDA,0.020432177931070328,0.0034423372708261013,0.8676588535308838,0.014235933311283588,0.09423080831766129
ZCH0577,1,ASD,PFO,0.005059944931417704,0.007679905276745558,0.009606998413801193,0.9487270712852478,0.028926098719239235
ZCH0578,0,ASD,ASD,0.5991672277450562,0.002667250344529748,0.0007435257430188358,0.39249658584594727,0.004925367888063192
ZCH0579,3,ASD,ASD,0.6341922879219055,0.0014276084257289767,4.1396251617698e-05,0.02472677454352379,0.33961188793182373
ZCH0580,1,ASD,VSD,0.13641241192817688,0.001995113445445895,0.001138579216785729,0.0037628035061061382,0.8566911220550537
ZCH0581,4,ASD,PFO,1.3857787962479051e-05,0.00022572265879716724,1.5769353922223672e-05,0.999408483505249,0.0003362448187544942
ZCH0582,3,ASD,NORMAL,0.12034796178340912,0.8726596236228943,6.832698272773996e-05,4.747463754029013e-05,0.006876674480736256
ZCH0583,0,ASD,NORMAL,0.00010657624807208776,0.9774328470230103,3.5479893995216116e-05,1.0318289241695311e-05,0.022414742037653923
ZCH0584,3,ASD,NORMAL,0.17435027658939362,0.8250822424888611,5.443247118819272e-06,0.0004132620815653354,0.0001487392873968929
ZCH0585,4,ASD,PDA,0.06968054920434952,0.0021251726429909468,0.7957197427749634,0.0015914925606921315,0.13088299334049225
ZCH0586,2,ASD,PFO,0.11280905455350876,0.0018477714620530605,7.922058102849405e-06,0.8849625587463379,0.00037271957262419164
ZCH0587,3,ASD,NORMAL,0.0005684375646524131,0.9790850877761841,0.003133430378511548,7.0197593231569044e-06,0.017206016927957535
ZCH0588,4,ASD,NORMAL,0.21611906588077545,0.7318780422210693,0.016869114711880684,0.0009846672182902694,0.03414911776781082
ZCH0589,2,ASD,PFO,0.027210796251893044,0.04734210669994354,0.019113745540380478,0.569049060344696,0.33728429675102234
ZCH0590,1,ASD,ASD,0.9933383464813232,0.0003457112761680037,0.005426184739917517,0.0005081244744360447,0.00038179647526703775
ZCH0591,0,ASD,NORMAL,0.05715964734554291,0.9418293833732605,0.0002853701589629054,0.0001950010482687503,0.0005304739461280406
ZCH0592,0,ASD,VSD,0.0054277945309877396,0.029372183606028557,0.005553075578063726,0.0007422644994221628,0.9589046239852905
ZCH0593,0,ASD,PFO,0.00025008220109157264,0.0009104588534682989,2.200383505623904e-06,0.9987298846244812,0.0001074043320841156
ZCH0594,3,ASD,NORMAL,5.182470704312436e-05,0.9998805522918701,8.809880114313273e-07,4.4547414290718734e-05,2.2168203940964304e-05
ZCH0595,3,ASD,NORMAL,0.02516416274011135,0.8083571195602417,3.873360401485115e-05,0.16013705730438232,0.006302946712821722
ZCH0596,0,ASD,NORMAL,0.0004075250471942127,0.9969912767410278,6.278380624280544e-07,0.002552384976297617,4.817080480279401e-05
ZCH0597,4,ASD,PFO,0.007657296024262905,0.29613223671913147,0.00021374908101279289,0.6942005753517151,0.0017960802651941776
ZCH0598,4,ASD,ASD,0.9236324429512024,0.07625762373209,2.3781444724590983e-06,8.350022835657e-05,2.4081753508653492e-05
ZCH0599,2,ASD,ASD,0.9996911287307739,2.6446516130818054e-05,2.3829605197533965e-05,0.00024683785159140825,1.1823327440652065e-05
ZCH0600,1,ASD,ASD,0.9994741082191467,0.00017476608627475798,3.956989985454129e-06,0.0003004322643391788,4.6699700760655105e-05
ZCH0601,3,ASD,ASD,0.9995787739753723,3.309351086500101e-05,6.215972803147451e-07,0.0003780426923185587,9.434223102289252e-06
ZCH0602,1,ASD,VSD,0.31832993030548096,0.0058316197246313095,0.0012453524395823479,0.002941632643342018,0.6716514229774475
ZCH0603,0,ASD,NORMAL,0.0001747018250171095,0.9995421171188354,4.480644292925717e-06,4.8738733312347904e-05,0.00023000351211521775
ZCH0604,3,ASD,NORMAL,0.011786889284849167,0.9866204261779785,5.4566480685025454e-05,0.001325565273873508,0.00021270450088195503
ZCH0605,3,ASD,NORMAL,0.003757039550691843,0.9953821301460266,4.9617614422459155e-05,0.0005729403928853571,0.0002382308739470318
ZCH0606,2,ASD,PFO,0.04997055605053902,0.20635508000850677,0.0007796467398293316,0.7419843673706055,0.0009103540214709938
ZCH0607,1,ASD,PFO,0.12605926394462585,0.0012368144234642386,0.0001159429011750035,0.8617624640464783,0.010825444012880325
ZCH0608,3,ASD,PFO,6.649278657278046e-05,0.008763356134295464,1.2583112038555555e-05,0.9911177158355713,3.9961334550753236e-05
ZCH0609,0,ASD,PFO,0.004505025688558817,0.0017943840939551592,3.324341741972603e-05,0.9896847009658813,0.0039825947023928165
ZCH0610,3,ASD,NORMAL,0.00010190714965574443,0.9997995495796204,2.4286044208565727e-05,1.998047264351044e-05,5.425156996352598e-05
ZCH0611,4,ASD,ASD,0.9982600808143616,0.001553394366055727,2.8058207135472912e-06,7.925514182716142e-06,0.00017567926261108369
ZCH0612,3,ASD,ASD,0.9986684322357178,6.134173600003123e-05,2.0577026589307934e-05,0.0002804945397656411,0.000969208893366158
ZCH0613,2,ASD,PFO,0.02392720803618431,0.007942459546029568,0.4631146192550659,0.49851205945014954,0.006503663957118988
ZCH0614,1,ASD,PFO,0.014271827414631844,0.10945839434862137,0.003872254630550742,0.8438434600830078,0.028554150834679604
ZCH0615,3,ASD,ASD,0.8695836067199707,0.06468173861503601,0.0003821497957687825,0.009484687820076942,0.05586785078048706
ZCH0616,3,ASD,PFO,0.00010180070967180654,6.818438123445958e-05,1.8158343664254062e-06,0.9997902512550354,3.8072888855822384e-05
ZCH0617,2,ASD,ASD,0.9931265115737915,0.003221656894311309,0.0015243018278852105,7.17305883881636e-05,0.00205588829703629
ZCH0618,2,ASD,ASD,0.8893020749092102,0.05089462921023369,0.05396207422018051,0.0017145643942058086,0.004126644227653742
ZCH0619,1,ASD,ASD,0.9912723898887634,0.0002614196273498237,0.0033041953574866056,0.004023397341370583,0.0011385621037334204
ZCH0620,2,ASD,NORMAL,0.0004133769543841481,0.9990672469139099,8.915761100070085e-06,1.633861302252626e-06,0.0005088128382340074
ZCH0621,3,ASD,NORMAL,0.0008221738389693201,0.9985094666481018,7.0124415287864394e-06,0.00039748064591549337,0.0002639084414113313
ZCH0622,0,ASD,NORMAL,0.0052194977179169655,0.9943079352378845,1.7074442439479753e-05,9.370206680614501e-05,0.0003617080510593951
ZCH0623,1,ASD,ASD,0.5859566926956177,0.4124884307384491,0.00011686436482705176,0.0009112971602007747,0.0005267211236059666
ZCH0624,3,ASD,NORMAL,0.10693685710430145,0.8796362280845642,4.213663123664446e-05,0.013331050053238869,5.3637912060366943e-05
ZCH0625,3,ASD,NORMAL,0.00013070400746073574,0.9997256398200989,1.7594387600183836e-06,9.069949555851053e-06,0.0001327814388787374
ZCH0626,2,ASD,ASD,0.5162776112556458,0.05702340230345726,0.0026900821831077337,0.3922891616821289,0.031719744205474854
ZCH0627,2,ASD,PFO,0.06162397935986519,0.18982656300067902,0.0013131629675626755,0.7345882654190063,0.012648090720176697
ZCH0628,0,ASD,PFO,0.002268047770485282,0.001318123540841043,0.0007526628905907273,0.9534252285957336,0.04223594442009926
ZCH0629,1,ASD,PFO,0.015865804627537727,0.2113150954246521,0.03263742849230766,0.7177639007568359,0.022417744621634483
ZCH0630,0,ASD,PFO,0.005307784769684076,0.0017985568847507238,4.0011382225202397e-05,0.9925605654716492,0.0002930752234533429
ZCH0631,4,ASD,NORMAL,0.004566629882901907,0.7189722061157227,0.005017908755689859,0.22308684885501862,0.04835642874240875
ZCH0632,0,ASD,PFO,0.026006828993558884,0.006218028254806995,8.194641850423068e-05,0.96677565574646,0.0009174448787234724
ZCH0633,4,ASD,PFO,0.00022905858349986374,0.00824732892215252,0.0005247340886853635,0.9737953543663025,0.017203552648425102
ZCH0634,0,ASD,PFO,0.0012008956400677562,0.0022284183651208878,5.279162451188313e-06,0.9959529638290405,0.0006123912753537297
ZCH0635,3,ASD,ASD,0.9515204429626465,0.0005181431188248098,0.0010436532320454717,5.6441127526341006e-05,0.046861305832862854
ZCH0636,4,ASD,NORMAL,0.1261594593524933,0.8039835095405579,0.0028936765156686306,0.0023542940616607666,0.0646091029047966
ZCH0637,4,ASD,VSD,0.23435251414775848,0.03654167428612709,0.01653723232448101,0.011020937003195286,0.7015476226806641
ZCH0638,0,ASD,PDA,0.09087114036083221,0.005710665602236986,0.8861547708511353,0.0005524260923266411,0.016711020842194557
ZCH0639,1,ASD,PFO,0.027471177279949188,0.004754070658236742,0.04018516466021538,0.812576413154602,0.11501316726207733
ZCH0640,4,ASD,PDA,0.0694117546081543,0.1983465999364853,0.5323411822319031,0.03385760262608528,0.16604283452033997
ZCH0641,0,ASD,ASD,0.6217643022537231,0.050218209624290466,0.004825128708034754,0.0019205542048439384,0.3212718367576599
ZCH0642,1,ASD,ASD,0.960819661617279,0.0374826043844223,0.0008634302648715675,0.00039704670780338347,0.000437269191024825
ZCH0643,2,ASD,ASD,0.8220407962799072,0.08422715216875076,0.0036113972309976816,0.0017481112154200673,0.08837247639894485
ZCH0644,3,ASD,NORMAL,5.6348235375480726e-05,0.9998252987861633,1.1660958989523351e-06,6.271836173254997e-05,5.448322917800397e-05
ZCH0645,2,ASD,NORMAL,0.0011582419974729419,0.9798344969749451,6.895402475493029e-05,0.01865958981215954,0.0002787768607959151
ZCH0646,1,ASD,ASD,0.9161455631256104,0.02723238617181778,0.010725457221269608,0.00011531172640388831,0.0457812137901783
ZCH0647,3,ASD,NORMAL,0.10776111483573914,0.8897190093994141,4.926796827930957e-05,3.0561492167180404e-05,0.0024399266112595797
ZCH0648,1,ASD,NORMAL,0.45133769512176514,0.5269748568534851,0.0003635380999185145,0.014350106939673424,0.006973735988140106
ZCH0649,0,ASD,NORMAL,0.31319600343704224,0.685326874256134,0.00011442224058555439,0.0010008797980844975,0.0003617173351813108
ZCH0650,0,ASD,NORMAL,0.0007593673653900623,0.9988695979118347,4.1051422158489004e-05,0.00012985836656298488,0.00020000923541374505
ZCH0651,4,ASD,NORMAL,0.000536541745532304,0.9989326596260071,3.4720071653282503e-06,2.4674986889294814e-06,0.0005247581284493208
ZCH0652,1,ASD,PFO,0.4165273904800415,0.045913003385066986,0.006526018492877483,0.5029991865158081,0.028034351766109467
ZCH0653,1,PDA,VSD,0.00062778708525002,0.0008914101053960621,0.0006280808011069894,6.183252844493836e-05,0.9977909326553345
ZCH0654,4,PDA,VSD,0.004890402778983116,0.002650746377184987,0.16406966745853424,0.0004459115443751216,0.8279432654380798
ZCH0655,4,PDA,VSD,0.17445862293243408,0.08063952624797821,0.0037584947422146797,0.00042084994493052363,0.7407224774360657
ZCH0656,2,PDA,VSD,0.27584928274154663,0.016446994617581367,0.0003317883238196373,0.06657274067401886,0.6407991647720337
ZCH0657,0,PDA,VSD,0.00012368158786557615,0.00013125917757861316,3.897665919794235e-06,0.0001314093533437699,0.9996097683906555
ZCH0658,3,PDA,ASD,0.998455286026001,0.0006989644607529044,0.0003731228644028306,7.790547533659264e-05,0.00039474491495639086
ZCH0659,3,PDA,NORMAL,0.008908391930162907,0.9909883141517639,1.1895997431565775e-06,1.0983909305650741e-05,9.110919199883938e-05
ZCH0660,4,PDA,VSD,0.0008703726343810558,0.005475497338920832,0.010972630232572556,0.00019710221386048943,0.9824844002723694
ZCH0661,0,PDA,VSD,0.00014030215970706195,0.0003270736488047987,0.0008040392422117293,1.2773968592227902e-05,0.998715877532959
ZCH0662,2,PDA,VSD,0.08936449885368347,0.0269757192581892,0.07194404304027557,0.0035161953419446945,0.8081995844841003
ZCH0663,2,PDA,VSD,0.0009965943172574043,0.13878881931304932,1.6917514585657045e-05,0.004135479219257832,0.8560621738433838
ZCH0664,2,PDA,VSD,0.03173204883933067,0.11804092675447464,8.165364852175117e-05,0.0005770098068751395,0.8495683073997498
ZCH0665,2,PDA,ASD,0.5993972420692444,0.37962910532951355,0.00011862179962918162,0.011944051831960678,0.008910964243113995
ZCH0666,4,PDA,ASD,0.9932833909988403,0.0005583916208706796,6.496711193904048e-06,0.004290993791073561,0.0018606396624818444
ZCH0667,4,PDA,PFO,0.0012540817260742188,0.009190567769110203,0.024433057755231857,0.6712085008621216,0.29391375184059143
ZCH0668,1,PDA,VSD,0.007776816841214895,0.2728404402732849,0.007267627865076065,0.0018352533224970102,0.7102798819541931
ZCH0669,1,PDA,NORMAL,0.0004376870347186923,0.8089212775230408,0.14133687317371368,0.048455946147441864,0.0008481880649924278
ZCH0670,0,PDA,PFO,0.22933892905712128,0.06822293251752853,3.793040377786383e-06,0.7014039158821106,0.0010303702438250184
ZCH0671,0,PDA,ASD,0.9813257455825806,0.000891860225237906,0.00010383117478340864,0.0005241768667474389,0.017154298722743988
ZCH0672,2,PDA,VSD,0.04768184944987297,0.01901094615459442,0.0355391688644886,0.0047104693949222565,0.8930575847625732
ZCH0673,3,PDA,NORMAL,0.00010633459169184789,0.9998294115066528,2.094030833177385e-06,3.11458388750907e-05,3.097291482845321e-05
ZCH0674,0,PDA,NORMAL,9.965379285858944e-05,0.9978476762771606,7.938224007375538e-05,0.00033263518707826734,0.0016407688381150365
ZCH0675,1,PDA,VSD,0.08755581825971603,0.015279487706720829,0.007216792553663254,0.0032799614127725363,0.8866679668426514
ZCH0676,1,PDA,VSD,0.08414273709058762,0.025280557572841644,0.045198794454336166,0.15520547330379486,0.6901723742485046
ZCH0677,1,PDA,VSD,2.4495526304235682e-05,0.000249731179792434,1.9376133423065767e-05,1.525726020190632e-06,0.999704897403717
ZCH0678,3,PDA,ASD,0.675348699092865,0.0034478912129998207,3.688702781801112e-05,0.002467702841386199,0.31869882345199585
ZCH0679,0,PDA,VSD,0.007480127736926079,0.0003266889543738216,2.9094704586896114e-05,0.0054978178814053535,0.9866662621498108
ZCH0680,4,PDA,VSD,0.028709447011351585,0.012957331724464893,9.672632586443797e-05,3.7817429983988404e-05,0.9581987261772156
ZCH0681,0,PDA,VSD,0.00034696527291089296,0.0015869656344875693,0.0001254201342817396,8.415584488830063e-06,0.9979321956634521
ZCH0682,3,PDA,VSD,0.0005075673689134419,0.0001863024808699265,0.000384725775802508,1.7901291357702576e-05,0.9989035129547119
ZCH0683,3,PDA,VSD,4.316428749007173e-05,0.0002850535965990275,2.7144020350533538e-05,7.058266874082619e-06,0.9996376037597656
ZCH0684,1,PDA,ASD,0.9859622120857239,0.005597633309662342,0.0016270469641312957,8.208103281504009e-07,0.006812225095927715
ZCH0685,1,PFO,PFO,0.008206313475966454,0.003194402204826474,0.0028612473979592323,0.9422575235366821,0.04348039627075195
ZCH0686,1,PFO,NORMAL,0.012502734549343586,0.9669905304908752,0.0012206599349156022,0.0006922867032699287,0.018593760207295418
ZCH0687,2,PFO,PFO,0.028429780155420303,0.015527056530117989,0.0006903861649334431,0.9545757174491882,0.0007770724478177726
ZCH0688,2,PFO,ASD,0.7472862601280212,0.005207739770412445,0.0027005018200725317,0.24178728461265564,0.0030182786285877228
ZCH0689,2,PFO,PFO,0.08297515660524368,0.102899469435215,0.0034184239339083433,0.809740424156189,0.0009665073012001812
ZCH0690,4,PFO,ASD,0.9968898892402649,0.0008982907165773213,0.0008599363500252366,0.001208630157634616,0.0001433734578313306
ZCH0691,2,PFO,PFO,0.0013855659635737538,0.007334196474403143,2.7748885258915834e-05,0.9911656975746155,8.687845547683537e-05
ZCH0692,3,PFO,PFO,0.09044696390628815,0.01756063662469387,6.287148426054046e-05,0.8849069476127625,0.007022646255791187
ZCH0693,0,PFO,ASD,0.9780394434928894,0.0018271857406944036,7.638845272595063e-05,0.018846718594431877,0.0012101996690034866
ZCH0694,3,PFO,ASD,0.5993846654891968,0.00020915272762067616,4.591634478856577e-06,0.40033575892448425,6.589446275029331e-05
ZCH0695,2,PFO,ASD,0.9407079815864563,0.0018147955415770411,0.0008179701981134713,0.052390094846487045,0.004269207362085581
ZCH0696,1,PFO,VSD,0.0005782931111752987,0.007710427511483431,0.02128734439611435,0.008292674086987972,0.9621312618255615
ZCH0697,4,PFO,PDA,0.07948987185955048,0.010165750980377197,0.737768292427063,0.09732724726200104,0.07524875551462173
ZCH0698,4,PFO,PFO,0.0004133043112233281,0.36468029022216797,3.819284029304981e-05,0.6265092492103577,0.008359002880752087
ZCH0699,3,PFO,PFO,0.0005488012102432549,0.00019654496281873435,6.038438868927187e-07,0.9992125034332275,4.1567178413970396e-05
ZCH0700,1,PFO,PFO,0.003710306715220213,0.0005752656143158674,0.0007365414639934897,0.9926878213882446,0.0022900921758264303
ZCH0701,2,PFO,ASD,0.9779908657073975,0.003748358692973852,0.0007291201618500054,0.007525662891566753,0.010005922988057137
ZCH0702,3,PFO,VSD,0.03896148502826691,0.00034024679916910827,7.98672263044864e-05,0.017495743930339813,0.9431226253509521
ZCH0703,0,PFO,ASD,0.9984379410743713,0.0006591946585103869,3.227886190870777e-05,0.0001847869425546378,0.0006858626147732139
ZCH0704,1,PFO,ASD,0.9525097012519836,0.0009426734177395701,0.00018402050773147494,0.0008060952532105148,0.04555746167898178
ZCH0705,4,PFO,ASD,0.9997921586036682,0.00012112746480852365,6.756906714144861e-06,1.796710967028048e-05,6.202388613019139e-05
ZCH0706,0,PFO,PFO,0.026776140555739403,0.007440533023327589,4.247350079822354e-05,0.9548559188842773,0.010884863324463367
ZCH0707,3,PFO,PFO,0.00044654091470874846,0.0004746729100588709,4.123010967305163e-06,0.9970582723617554,0.0020163950975984335
ZCH0708,1,PFO,PFO,0.0986015647649765,0.1199067011475563,0.07846791297197342,0.6957393288612366,0.007284419145435095
ZCH0709,2,PFO,VSD,0.007010006345808506,0.1509791612625122,0.0030821887776255608,0.26232126355171204,0.576607346534729
ZCH0710,2,PFO,PFO,0.02076801098883152,0.012590976431965828,0.019403886049985886,0.9255340099334717,0.021703176200389862
ZCH0711,4,PFO,PFO,0.04737969487905502,0.33100876212120056,0.00023869334836490452,0.6211037635803223,0.00026914107729680836
ZCH0712,2,PFO,PFO,0.06606437265872955,0.0013568217400461435,0.004888133145868778,0.927581250667572,0.00010930827556876466
ZCH0713,4,PFO,ASD,0.6868469715118408,0.0007992819300852716,0.0001681285648373887,0.31137239933013916,0.0008132539805956185
ZCH0714,2,PFO,ASD,0.6674104332923889,0.01786503568291664,0.08248088508844376,0.0009208699921146035,0.2313227355480194
ZCH0715,2,PFO,NORMAL,0.007784312125295401,0.8799944519996643,0.0012401952408254147,0.10718155652284622,0.00379953533411026
ZCH0716,2,PFO,PFO,0.000261154753388837,0.0009710476733744144,1.7151078282040544e-05,0.9983603358268738,0.0003901881573256105
ZCH0717,0,PFO,PFO,0.000191259037819691,6.258825305849314e-05,1.0643645964591997e-06,0.9995206594467163,0.00022449206153396517
ZCH0718,3,PFO,PFO,0.00011494621867313981,7.980272130225785e-06,6.591010901502159e-07,0.9998613595962524,1.5011921277618967e-05
ZCH0719,0,PFO,NORMAL,0.0009691996383480728,0.6124730706214905,2.313962068001274e-05,0.38604357838630676,0.0004910189309157431
ZCH0720,1,PFO,PFO,0.030615290626883507,0.018755773082375526,0.0002657927689142525,0.9492465853691101,0.0011165700852870941
ZCH0721,4,PFO,PFO,0.08178877085447311,0.3245221674442291,0.004239052068442106,0.5304964184761047,0.058953654021024704
ZCH0722,1,PFO,PFO,0.00015130089013837278,0.029715199023485184,9.327851148555055e-05,0.9698062539100647,0.00023396113829221576
ZCH0723,0,PFO,PFO,0.0017671966925263405,0.04539615288376808,5.798883194074733e-06,0.9527417421340942,8.912361226975918e-05
ZCH0724,0,PFO,PFO,0.18348222970962524,0.0016485098749399185,0.0002153885579900816,0.8120075464248657,0.002646295353770256
ZCH0725,4,PFO,ASD,0.8065930604934692,0.0012246271362528205,5.385079020925332e-06,0.19209280610084534,8.415168849751353e-05
ZCH0726,1,PFO,PFO,0.006010918412357569,0.0002462243428453803,0.02351219579577446,0.9081398844718933,0.06209086254239082
ZCH0727,2,PFO,VSD,0.012364505790174007,0.0029179800767451525,0.025157570838928223,0.16229508817195892,0.7972648739814758
ZCH0728,0,PFO,ASD,0.9927965998649597,5.549202251131646e-05,8.493920904584229e-05,0.006062104366719723,0.0010007816599681973
ZCH0729,1,PFO,PFO,0.42181116342544556,0.0026394883170723915,0.0003260372905060649,0.4555113613605499,0.11971200257539749
ZCH0730,0,PFO,ASD,0.9650407433509827,0.002222334034740925,0.00012469690409488976,0.030569305643439293,0.002042965730652213
ZCH0731,1,PFO,PFO,0.16340096294879913,0.004522705916315317,5.7091829148703255e-06,0.8317391872406006,0.00033148707007057965
ZCH0732,1,PFO,PFO,0.005465595982968807,0.03578922525048256,0.00138360436540097,0.8956062197685242,0.06175529211759567
ZCH0733,0,PFO,PFO,0.00033431893098168075,0.00013318112178239971,1.1816810911113862e-05,0.9897210001945496,0.009799615480005741
ZCH0734,3,PFO,ASD,0.9598056077957153,0.0054173776879906654,1.5504221664741635e-05,0.0010420115431770682,0.03371942788362503
ZCH0735,3,PFO,VSD,0.04627041891217232,0.002514608670026064,1.7878196558740456e-06,3.147364259348251e-05,0.9511816501617432
ZCH0736,1,PFO,PFO,0.026027696207165718,0.0027543914038687944,0.003141201101243496,0.9025159478187561,0.06556075811386108
ZCH0737,4,PFO,PFO,0.01156395860016346,0.0031699463725090027,5.9831207181559876e-05,0.9833598136901855,0.0018464539898559451
ZCH0738,4,PFO,ASD,0.9945313334465027,0.0036140549927949905,0.0002600965672172606,0.0005640058079734445,0.0010305430041626096
ZCH0739,4,PFO,ASD,0.8530324697494507,0.033542003482580185,0.0010969607392325997,0.10996804386377335,0.00236055557616055
ZCH0740,4,PFO,PFO,0.0012858876725658774,0.007952761836349964,1.3257777936814819e-05,0.9907270669937134,2.1072479285066947e-05
ZCH0741,3,PFO,PFO,0.00043239042861387134,0.00035569467581808567,3.4789449273375794e-05,0.9988875985145569,0.0002895624202210456
ZCH0742,0,PFO,NORMAL,0.002210078062489629,0.9961925745010376,1.7421887150703697e-06,0.00024113940889947116,0.001354430802166462
ZCH0743,3,PFO,ASD,0.8641433715820312,0.0794864371418953,8.00743728177622e-05,0.04344307631254196,0.012847033329308033
ZCH0744,0,PFO,PFO,0.3001846671104431,0.000646483211312443,0.0001167411683127284,0.6960663795471191,0.0029856706969439983
ZCH0745,2,PFO,ASD,0.9889553189277649,0.0047705392353236675,6.556210428243503e-05,0.0061130221001803875,9.558107558405027e-05
ZCH0746,3,PFO,VSD,0.019022125750780106,0.04440078139305115,6.421530270017684e-05,0.35590213537216187,0.5806108117103577
ZCH0747,3,PFO,PFO,0.0061316885985434055,0.000628513575065881,6.277998181758448e-05,0.9890468716621399,0.004130109213292599
ZCH0748,3,PFO,ASD,0.8322599530220032,0.003883443772792816,0.0007961058290675282,0.0021016232203692198,0.16095887124538422
ZCH0749,4,PFO,NORMAL,0.01335745770484209,0.7783809304237366,0.002104736166074872,0.20537133514881134,0.0007855963776819408
ZCH0750,1,PFO,PFO,0.014016897417604923,0.0013855285942554474,0.00038967622094787657,0.9832157492637634,0.0009921749588102102
ZCH0751,3,PFO,ASD,0.9880158305168152,4.660712875192985e-05,5.02754437547992e-06,4.262439324520528e-05,0.01188989169895649
ZCH0752,0,PFO,PFO,0.0011856541968882084,9.212971053784713e-05,2.122844489349518e-05,0.9675446152687073,0.03115643374621868
ZCH0753,0,PFO,PFO,1.7992042558034882e-05,0.00015488963981624693,3.9622109397896565e-06,0.9997510313987732,7.213100616354495e-05
ZCH0754,4,PFO,NORMAL,0.0008488749153912067,0.9828737378120422,1.2538665941974614e-05,0.00023470004089176655,0.016030196100473404
ZCH0755,0,VSD,VSD,0.0496913343667984,0.015385721810162067,0.21851149201393127,0.027034098282456398,0.6893773078918457
ZCH0756,3,VSD,VSD,0.00012370050535537302,3.313001070637256e-05,2.475348264852073e-05,2.4189017494791187e-05,0.9997941851615906
ZCH0757,3,VSD,VSD,1.967046773643233e-05,1.6791427697171457e-05,1.2722651945296093e-06,7.76045362727018e-06,0.9999544620513916
ZCH0758,3,VSD,VSD,2.4989727535285056e-05,8.626617636764422e-05,2.2369938506017206e-06,2.584540652605938e-06,0.9998838901519775
ZCH0759,2,VSD,VSD,0.0002559935091994703,0.003525850363075733,0.00010130992450285703,9.669476276030764e-05,0.9960201382637024
ZCH0760,3,VSD,VSD,3.932667459594086e-05,2.9788187021040358e-05,5.40516657565604e-06,9.888906788546592e-06,0.999915599822998
ZCH0761,4,VSD,VSD,4.1684190364321694e-05,0.00034257149673067033,2.4299753931700252e-05,7.25147474440746e-05,0.9995189905166626
ZCH0762,2,VSD,VSD,0.0007658302783966064,0.00401696190237999,0.00030820167739875615,0.0005762371001765132,0.9943327903747559
ZCH0763,0,VSD,VSD,0.00010986907727783546,0.0003509791276883334,1.2956887076143175e-05,2.0763951397384517e-05,0.9995054006576538
ZCH0764,1,VSD,VSD,1.6336409316863865e-05,0.00029668843490071595,2.775621942419093e-05,1.618714304640889e-05,0.9996429681777954
ZCH0765,1,VSD,VSD,2.0172024960629642e-05,0.00031831031083129346,9.651963773649186e-05,1.809457717172336e-05,0.9995468258857727
ZCH0766,4,VSD,VSD,2.429219057376031e-05,0.0002415385388303548,7.160796485550236e-06,4.2872870835708454e-06,0.9997226595878601
ZCH0767,1,VSD,VSD,8.587026059103664e-06,0.0008372690645046532,3.840309727820568e-05,2.672768459888175e-05,0.9990890026092529
ZCH0768,4,VSD,VSD,0.0005228616646490991,0.0005472247721627355,0.00012393828365020454,0.0011238361475989223,0.9976820945739746
ZCH0769,0,VSD,VSD,5.936306843068451e-05,0.00016401486936956644,9.444464012631215e-06,1.7045165805029683e-05,0.9997500777244568
ZCH0770,0,VSD,VSD,5.484031134983525e-05,8.007331780390814e-05,1.6490061170770787e-05,2.0414110622368753e-05,0.9998281002044678
ZCH0771,1,VSD,VSD,0.002914650598540902,0.0008005236159078777,0.00015182283823378384,0.0011437031207606196,0.9949893355369568
ZCH0772,0,VSD,VSD,4.4011314457748085e-05,0.00017340089834760875,3.6087467378820293e-06,1.3293834854266606e-05,0.9997656941413879
ZCH0773,1,VSD,VSD,1.0164356353925541e-05,9.180590132018551e-05,5.4162126616574824e-05,1.541438109597948e-06,0.9998422861099243
ZCH0774,2,VSD,VSD,0.0003046286292374134,0.0014552032807841897,0.00030305463587865233,0.00025247735902667046,0.9976845979690552
ZCH0775,4,VSD,PDA,0.004222460091114044,0.005985611118376255,0.6979959011077881,0.020419340580701828,0.2713767886161804
ZCH0776,1,VSD,VSD,6.276135536609218e-05,0.0001469476119382307,8.40355278342031e-06,4.7637437091907486e-05,0.9997342228889465
ZCH0777,2,VSD,VSD,1.618756868992932e-05,0.0009941082680597901,0.00020530825713649392,5.945983502897434e-06,0.9987784028053284
ZCH0778,1,VSD,VSD,6.376986129907891e-05,0.0004100422083865851,2.613744800328277e-05,5.90364434174262e-05,0.9994409680366516
ZCH0779,2,VSD,VSD,0.00034317359677515924,0.004575887694954872,2.7338950530975126e-05,8.277186134364456e-05,0.9949707984924316
ZCH0780,4,VSD,VSD,0.00027531650266610086,0.0002776246110443026,2.454184868838638e-05,4.921628351439722e-05,0.9993733763694763
ZCH0781,3,VSD,VSD,0.00021784617274533957,6.91785680828616e-06,1.3319005347511848e-06,1.7776701497496106e-05,0.9997561573982239
ZCH0782,3,VSD,VSD,0.0168327484279871,0.01900927722454071,0.003563391277566552,0.0005942362477071583,0.9600003957748413
ZCH0783,2,VSD,VSD,0.0049433414824306965,0.006526455283164978,0.04156588390469551,0.0015235671307891607,0.9454407095909119
ZCH0784,4,VSD,VSD,9.750886965775862e-05,0.00041892690933309495,1.209632318932563e-05,4.451425411389209e-05,0.9994269609451294
ZCH0785,0,VSD,VSD,1.9389799490454607e-05,0.00026501360116526484,2.18935974771739e-06,1.3822933397023007e-05,0.999699592590332
ZCH0786,3,VSD,VSD,1.0020422450907063e-05,4.6997152821859345e-05,1.7040722468664171e-06,8.07229480415117e-06,0.9999332427978516
ZCH0787,4,VSD,VSD,0.00014373386511579156,0.0004285955219529569,0.0005517858662642539,0.00024312210734933615,0.9986327290534973
ZCH0788,0,VSD,VSD,5.400812369771302e-05,0.0002108466433128342,9.060486263479106e-06,1.2397404134389944e-05,0.9997137188911438
ZCH0789,3,VSD,VSD,0.00031957225291989744,3.85473103960976e-05,5.1997744776599575e-06,1.3805017715640133e-06,0.9996353387832642
ZCH0790,2,VSD,VSD,0.0024670183192938566,0.11231080442667007,0.00036455184454098344,0.0003557654854375869,0.8845018744468689
ZCH0791,4,VSD,VSD,6.661893712589517e-05,0.0010798291768878698,0.0006959172897040844,1.3495791790774092e-05,0.9981441497802734
ZCH0792,4,VSD,VSD,4.012486169813201e-05,0.00016030088590923697,2.2106260075815953e-05,7.241834828164428e-05,0.9997050166130066
ZCH0793,3,VSD,VSD,4.6575798478443176e-05,2.9420129067148082e-05,6.083253538236022e-06,1.6356241758330725e-05,0.999901533126831
ZCH0794,0,VSD,VSD,0.0001706625916995108,0.002575688762590289,1.3780317203782033e-05,8.437146607320756e-05,0.9971555471420288
ZCH0795,2,VSD,ASD,0.7601522207260132,0.014380362816154957,0.00030767099815420806,0.0032761655747890472,0.22188356518745422
ZCH0796,3,VSD,VSD,1.0247255886497442e-05,5.685364885721356e-05,6.66471669319435e-06,2.503684754628921e-06,0.9999237060546875
ZCH0797,3,VSD,VSD,0.0001008855106192641,5.7757588365348056e-05,0.000249783624894917,1.626988159841858e-05,0.9995753169059753
ZCH0798,2,VSD,VSD,0.0028215600177645683,0.0020681757014244795,6.813023355789483e-05,0.0054323552176356316,0.9896097183227539
ZCH0799,2,VSD,VSD,0.014487718231976032,0.0004392795090097934,7.960171205922961e-05,0.010273884981870651,0.9747195243835449
ZCH0800,0,VSD,VSD,4.7143821575446054e-05,5.804078682558611e-05,5.860287046743906e-07,4.48244645667728e-06,0.9998897314071655
ZCH0801,3,VSD,VSD,1.1309376532153692e-05,1.14314207166899e-05,5.296253220876679e-06,1.5176740362221608e-06,0.9999704360961914
ZCH0802,2,VSD,ASD,0.9999481439590454,1.8439726773067378e-05,1.6568197679589503e-05,3.2491977890458656e-06,1.3616090654977597e-05
ZCH0803,1,VSD,VSD,0.06359099596738815,0.02668713591992855,0.054720599204301834,0.2610226571559906,0.5939786434173584
ZCH0804,4,VSD,VSD,8.34972015582025e-05,0.00037216991768218577,4.1280021832790226e-05,0.000814459752291441,0.9986886382102966
ZCH0805,1,VSD,ASD,0.4551585614681244,0.004547274671494961,0.2998548746109009,0.020055312663316727,0.220383882522583
ZCH0806,1,VSD,VSD,0.0004958935314789414,0.01386613305658102,0.047053396701812744,3.335572182550095e-05,0.9385512471199036
ZCH0807,4,VSD,VSD,0.0003997711173724383,0.015966851264238358,0.0003281102981418371,0.004860150162130594,0.9784451127052307
ZCH0808,3,VSD,VSD,3.825590101769194e-05,2.2466461814474314e-05,4.3808729969896376e-05,1.8350315258430783e-06,0.9998936653137207
ZCH0809,0,VSD,VSD,0.0013324100291356444,0.00022080063354223967,5.134896855452098e-05,0.0001860402408055961,0.9982093572616577
ZCH0810,3,VSD,PDA,0.00259757018648088,0.00023493618937209249,0.9343351721763611,6.224880053196102e-05,0.0627700537443161
ZCH0811,4,VSD,VSD,0.0005005644634366035,7.822178304195404e-05,6.617543931497494e-06,0.00010888589167734608,0.9993057250976562
ZCH0812,0,VSD,PFO,0.0003900793381035328,0.061166003346443176,2.3906288333819248e-05,0.9381022453308105,0.00031770425266586244
ZCH0813,2,VSD,PFO,0.046748749911785126,0.01677861623466015,0.004211184103041887,0.9175458550453186,0.014715573750436306
ZCH0814,1,VSD,VSD,0.00041294933180324733,0.00026270668604411185,4.523249117482919e-06,7.481493230443448e-05,0.9992450475692749
ZCH0815,3,VSD,VSD,0.0221423227339983,0.0008673144620843232,3.4210154353786493e-06,4.2047777242260054e-05,0.9769449234008789
ZCH0816,3,VSD,VSD,3.738556551979855e-05,2.8081014534109272e-05,1.7980786424232065e-06,1.6274019799311645e-05,0.9999164342880249
ZCH0817,2,VSD,NORMAL,0.0006701585953123868,0.9543401598930359,0.006297053303569555,0.0015245170798152685,0.03716810420155525
ZCH0818,3,VSD,ASD,0.8568201065063477,0.020520638674497604,5.979311481496552e-06,0.016395216807723045,0.10625797510147095
ZCH0819,4,VSD,ASD,0.8351532220840454,0.082290880382061,0.00011667608487186953,0.0015234955353662372,0.08091568201780319
ZCH0820,0,VSD,VSD,0.000899030826985836,0.00042696489254012704,4.6177774493116885e-06,0.00019237225933466107,0.998477041721344
ZCH0821,1,VSD,VSD,0.00042855922947637737,0.0001995899510802701,8.740631528780796e-06,0.00017568371549714357,0.9991874098777771
ZCH0822,1,VSD,VSD,0.061300717294216156,0.004112351685762405,0.13712666928768158,0.0003360757837072015,0.7971241474151611
ZCH0823,4,VSD,VSD,0.004644901026040316,0.00040916603757068515,0.0006988052628003061,0.0042784567922353745,0.9899685978889465
ZCH0824,1,VSD,VSD,0.00020390866848174483,0.0009909672662615776,9.813155338633806e-05,9.39843594096601e-05,0.9986129999160767
ZCH0825,2,VSD,VSD,0.2560316026210785,0.3607267141342163,0.0005928608006797731,0.008846484124660492,0.3738023042678833
ZCH0826,3,VSD,VSD,7.744108188489918e-06,5.107257311465219e-05,1.8564759329819935e-06,1.9763722320931265e-06,0.9999372959136963
ZCH0827,4,VSD,VSD,0.0017009128350764513,0.00286664511077106,8.259643072960898e-05,0.003925909288227558,0.9914239048957825
ZCH0828,4,VSD,VSD,0.00036684132646769285,0.0005924798315390944,2.5330378775834106e-05,1.4711865333083551e-05,0.999000608921051
ZCH0829,0,VSD,VSD,0.007044496946036816,0.00016323727322742343,4.648751655622618e-06,0.01505628228187561,0.9777312874794006
ZCH0830,1,VSD,VSD,0.09075222164392471,0.0008621648885309696,0.013947154395282269,0.036617785692214966,0.8578206896781921
ZCH0831,2,VSD,VSD,0.0038178369868546724,0.0037970494013279676,0.00017759203910827637,0.0007934924215078354,0.9914140701293945
ZCH0832,0,VSD,VSD,0.00015704514225944877,0.00010331962403142825,4.438947871676646e-05,2.3604885427630506e-05,0.9996716976165771
ZCH0833,0,VSD,VSD,8.424171392107382e-05,0.00012384087312966585,1.380972571496386e-05,2.9408674890873954e-05,0.9997486472129822
ZCH0834,0,VSD,NORMAL,0.18674789369106293,0.4477905035018921,9.629429405322298e-05,0.00037357391556724906,0.36499178409576416
ZCH0835,4,VSD,VSD,0.004230943508446217,0.001734586781822145,1.5756144421175122e-05,0.00012080604210495949,0.9938979744911194
ZCH0836,0,VSD,VSD,8.985259228211362e-06,0.00043175354949198663,6.999969627941027e-06,0.00010968647984554991,0.9994425177574158
ZCH0837,3,VSD,VSD,6.720784585922956e-05,3.136493978672661e-05,6.882042725919746e-06,2.8269272661418654e-05,0.999866247177124
ZCH0838,1,VSD,VSD,1.5437395632034168e-05,3.872927118209191e-05,2.1758305592811666e-05,1.123770562116988e-05,0.9999128580093384
ZCH0839,2,VSD,VSD,0.000400952878408134,0.0005012534675188363,6.183432560646906e-05,6.197506445460021e-05,0.9989739656448364
ZCH0840,2,VSD,VSD,4.169882959104143e-05,0.00016445356595795602,7.436785381287336e-06,0.00038262532325461507,0.9994038343429565
ZCH0841,4,VSD,VSD,0.0002836854546330869,0.00047255956451408565,6.329781899694353e-05,5.739921107306145e-05,0.9991230368614197
ZCH0842,1,VSD,VSD,6.507619400508702e-05,8.773424633545801e-05,3.789700713241473e-05,0.00020231645612511784,0.9996070265769958
ZCH0843,4,VSD,PFO,0.030928974971175194,0.010544627904891968,0.012990947812795639,0.9132049083709717,0.032330483198165894
ZCH0844,0,VSD,VSD,8.835579501464963e-05,0.0016447236994281411,6.979337740631308e-06,0.05463298037648201,0.9436269998550415
ZCH0845,2,VSD,VSD,0.048136793076992035,0.0245190542191267,0.14407238364219666,0.006705895997583866,0.7765659093856812
ZCH0846,2,VSD,NORMAL,0.00022414246632251889,0.998519241809845,0.00015574597637169063,0.0001279846765100956,0.0009730104939080775
ZCH0847,2,VSD,ASD,0.9377604126930237,0.031128589063882828,0.002236147178336978,0.0027773408219218254,0.02609749138355255
ZCH0848,3,VSD,ASD,0.9991369843482971,0.00015033059753477573,0.00016189776943065226,0.0005500635015778244,7.933001597848488e-07
ZCH0849,2,VSD,VSD,0.01186892669647932,0.005313648376613855,0.00013953719462733716,0.006012645550072193,0.9766652584075928
ZCH0850,0,VSD,VSD,1.0103611202794127e-05,0.0034631763119250536,2.562456029409077e-05,0.00020473184122238308,0.9962963461875916
ZCH0851,4,VSD,VSD,1.8141883629141375e-05,0.00023518722446169704,4.142772468185285e-06,7.005243242019787e-05,0.999672532081604
ZCH0852,3,VSD,VSD,2.4624725483590737e-05,0.0002823455724865198,0.00011602342419791967,4.5111760300642345e-06,0.9995724558830261
ZCH0853,1,VSD,VSD,0.010625123977661133,0.0023701346945017576,1.5023173546069302e-05,0.00026803743094205856,0.9867216348648071
ZCH0854,4,VSD,VSD,0.000777960813138634,0.00017897662473842502,1.156545022240607e-05,0.000365185784175992,0.9986662864685059
ZCH0855,0,VSD,VSD,5.068232712801546e-05,0.11714696884155273,1.4484851817542221e-05,0.0004850922559853643,0.8823027610778809
ZCH0856,2,VSD,VSD,0.0008958581020124257,0.005284374114125967,0.0007519464124925435,0.0006261346279643476,0.9924416542053223
ZCH0857,3,VSD,VSD,2.6730916943051852e-05,3.3986896596616134e-05,1.6721302017685957e-05,1.0330216355214361e-05,0.9999122619628906
ZCH0858,1,VSD,VSD,0.00012936771963723004,0.0012237868504598737,5.440035602077842e-05,0.000298548664432019,0.998293936252594
ZCH0859,3,VSD,VSD,0.00026552038616500795,0.00026767028612084687,1.1455742878752062e-06,6.204586043168092e-06,0.999459445476532
ZCH0860,0,VSD,VSD,0.0002087757020490244,0.004384000785648823,0.00019451758998911828,0.00020996996317990124,0.9950026869773865
ZCH0861,4,VSD,VSD,0.004295074846595526,0.0004583422851283103,0.00018231196736451238,0.0021434726659208536,0.9929208159446716
ZCH0862,0,VSD,VSD,0.00016493680595885962,0.31969091296195984,4.7087182792893145e-06,0.0002783697273116559,0.6798610687255859
ZCH0863,0,VSD,NORMAL,0.00732977781444788,0.9895455241203308,2.2267158783506602e-05,0.000568771327380091,0.002533660503104329
ZCH0864,2,VSD,VSD,0.003393589286133647,0.2660938501358032,0.001331348903477192,4.19600801251363e-05,0.7291392683982849
ZCH0865,4,VSD,NORMAL,0.02797771617770195,0.3583921790122986,0.0799175426363945,0.3163769841194153,0.21733559668064117
ZCH0866,3,VSD,VSD,7.609020030940883e-06,1.0564007425273303e-05,8.21313392407319e-07,3.38082554662833e-06,0.9999775886535645
ZCH0867,1,VSD,VSD,0.09715232253074646,0.04940588399767876,0.0027375651989132166,0.3313616216182709,0.5193426012992859
ZCH0868,1,VSD,VSD,0.007868969812989235,0.11751387268304825,0.043047502636909485,0.004620800726115704,0.8269488215446472
ZCH0869,4,VSD,VSD,0.00010394734999863431,0.0004181879630777985,5.993542799842544e-06,0.00011817067570518702,0.9993537068367004
ZCH0870,0,VSD,PFO,0.00012674505705945194,0.00047388250823132694,8.60652289702557e-06,0.9988623857498169,0.0005285019287839532
ZCH0871,0,VSD,VSD,0.00016719177074264735,0.0023966352455317974,6.650462637480814e-06,0.0008112626965157688,0.9966183304786682
ZCH0872,2,VSD,VSD,0.00028011007816530764,0.00307469442486763,4.544174953480251e-05,0.00017093124915845692,0.9964287877082825
ZCH0873,1,VSD,PFO,0.011095767840743065,0.007170206867158413,0.05588310956954956,0.9249110817909241,0.0009397966205142438
ZCH0874,1,VSD,ASD,0.5976464748382568,0.016143804416060448,0.026961714029312134,0.02367468550801277,0.3355732262134552
ZCH0875,2,VSD,PFO,0.01981331780552864,0.024994293227791786,0.0002612634561955929,0.9532004594802856,0.001730690710246563
ZCH0876,2,VSD,PFO,0.22153063118457794,0.019378233700990677,0.00016667672025505453,0.7577216029167175,0.0012027878547087312
ZCH0877,1,VSD,VSD,0.019351860508322716,0.06498590856790543,0.0021242115180939436,0.006256935186684132,0.9072811603546143
ZCH0878,1,VSD,NORMAL,0.004627877846360207,0.9938005805015564,0.00025103535153903067,0.00030955325928516686,0.0010109646245837212
ZCH0879,1,VSD,VSD,0.00029162372811697423,0.0064085135236382484,0.000358111341483891,0.00045500166015699506,0.9924867153167725
ZCH0880,0,VSD,VSD,2.1884301531827077e-05,0.0001789280941011384,4.956100838171551e-06,1.626961056899745e-05,0.9997779726982117
ZCH0881,0,VSD,VSD,0.00010192892659688368,0.002899104030802846,1.395795879943762e-05,1.5182346942310687e-05,0.9969698786735535
ZCH0882,4,VSD,VSD,0.00025701330741867423,0.00018497694691177458,3.9987706259125844e-05,8.684734893904533e-06,0.999509334564209
ZCH0883,2,VSD,ASD,0.6573495268821716,0.0641598254442215,0.0028110668063163757,0.010433702729642391,0.2652459144592285
ZCH0884,3,VSD,VSD,2.9557051675510593e-05,1.5404615623992868e-05,3.44363106705714e-05,2.975251391035272e-06,0.9999176263809204
ZCH0885,3,VSD,NORMAL,0.0015223731752485037,0.993192732334137,0.000315139681333676,8.794748282525688e-06,0.004961018916219473
ZCH0886,2,VSD,ASD,0.8358504176139832,0.015849849209189415,0.026576679199934006,0.09443796426057816,0.02728516422212124
ZCH0887,4,VSD,PFO,0.004233999643474817,0.0031663747504353523,0.0017204637406393886,0.9883298873901367,0.0025492741260677576
ZCH0888,2,VSD,VSD,0.0019749526400119066,0.0025384239852428436,2.6921979952021502e-05,2.28865937970113e-05,0.9954368472099304
ZCH0889,4,VSD,VSD,0.0002460637188050896,5.632258762489073e-05,6.214660970726982e-06,0.0001686682371655479,0.9995226860046387
ZCH0890,0,VSD,VSD,0.00014827837003394961,0.00017650406516622752,7.76691194914747e-06,0.00014174223178997636,0.9995256662368774
ZCH0891,1,VSD,VSD,1.3992265849083196e-05,0.0003061386232730001,0.00010000894690165296,4.136933966947254e-06,0.999575674533844
ZCH0892,0,VSD,VSD,0.00010390138777438551,0.0001406968804076314,2.9238335628178902e-05,0.00018248552805744112,0.9995436072349548
ZCH0893,0,VSD,VSD,0.00012792953930329531,0.00023310004326049238,0.00010585794370854273,1.1372359040251467e-05,0.9995217323303223
ZCH0894,1,VSD,VSD,1.4767456377740018e-05,1.7760437913239002e-05,2.5350118448841386e-05,2.564930764492601e-05,0.9999164342880249
ZCH0895,1,VSD,VSD,7.877351890783757e-06,0.00026262635947205126,2.270955519634299e-05,4.818709840037627e-06,0.9997019171714783
ZCH0896,0,VSD,VSD,0.00100614910479635,0.44736379384994507,1.6570116713410243e-05,0.002824996365234256,0.5487884879112244
ZCH0897,4,VSD,VSD,0.0003527146764099598,9.234671597369015e-05,2.409438820905052e-06,1.541194797027856e-05,0.9995371103286743
ZCH0898,4,VSD,PFO,2.4628952814964578e-05,0.00943088997155428,3.603230288717896e-05,0.9698366522789001,0.0206717811524868
ZCH0899,1,VSD,VSD,0.00024192262208089232,0.00016566523117944598,6.294771446846426e-05,0.00013946792751085013,0.9993900060653687
ZCH0900,3,VSD,ASD,0.9933517575263977,0.00019649408932309598,9.23372499528341e-06,0.0028928823303431273,0.003549614455550909
ZCH0901,3,VSD,VSD,0.00012651602446567267,0.00017995222879108042,0.0009125143988057971,2.393348222540226e-05,0.9987571239471436
ZCH0902,0,VSD,VSD,0.0012710231821984053,0.0005346307880245149,1.5106388673302718e-05,0.0010757241398096085,0.9971035122871399
ZCH0903,4,VSD,VSD,0.00020189338829368353,0.0004936162731610239,7.993011240614578e-05,3.326695878058672e-05,0.9991913437843323
ZCH0904,3,VSD,VSD,1.369358960801037e-05,5.96441313973628e-05,1.1226622518734075e-05,5.149548542249249e-06,0.9999102354049683
ZCH0905,3,VSD,VSD,2.596413878563908e-06,5.461165346787311e-05,3.063996700802818e-05,1.3852426263838424e-06,0.9999107122421265
ZCH0906,1,VSD,VSD,0.3574402630329132,0.000539568136446178,0.1539323478937149,0.024044746533036232,0.46404314041137695
ZCH0907,4,VSD,VSD,3.941597242373973e-05,0.0003412404621485621,3.3585456549189985e-05,1.0162875696551055e-05,0.9995755553245544
ZCH0908,1,VSD,NORMAL,0.008725561201572418,0.974445641040802,0.006577698979526758,0.005465258378535509,0.004785855300724506
ZCH0909,3,VSD,ASD,0.914265513420105,0.0026269026566296816,0.00023390598653350025,0.008430475369095802,0.0744432881474495
ZCH0910,4,VSD,NORMAL,0.01123358216136694,0.9717749357223511,0.0009749303571879864,0.0004643826687242836,0.015552157536149025
ZCH0911,2,VSD,VSD,0.0005864194827154279,0.004114164505153894,0.002470432547852397,0.0002318446058779955,0.9925971031188965
ZCH0912,3,VSD,VSD,4.281078145140782e-05,4.1047467675525695e-05,9.322810365119949e-05,5.002603302273201e-06,0.9998179078102112
ZCH0913,0,VSD,VSD,0.0002974129456561059,0.0008243361371569335,8.057984814513475e-05,0.0007907886174507439,0.9980068802833557
ZCH0914,0,VSD,VSD,4.244975934852846e-05,0.00025651484611444175,9.155154657491948e-06,1.619164140720386e-05,0.9996757507324219
ZCH0915,1,VSD,ASD,0.6141204833984375,0.06066377833485603,0.0005593851674348116,1.3346930245461408e-05,0.32464298605918884
ZCH0916,3,VSD,VSD,9.457826308789663e-06,5.985285042697797e-06,1.994221929635387e-05,2.3800553208275232e-06,0.9999622106552124
ZCH0917,0,VSD,VSD,0.0002979509299620986,0.0003155036538373679,1.0462228601682e-05,0.00015201121277641505,0.999224066734314
ZCH0918,3,VSD,VSD,0.00022560558863915503,1.2749907000397798e-05,7.169295713538304e-05,1.7398726413375698e-05,0.999672532081604
ZCH0919,4,VSD,VSD,0.0004281866713427007,0.00031216995557770133,1.5867393813095987e-05,0.00016220033285208046,0.9990816116333008
ZCH0920,1,VSD,PDA,0.3364808261394501,0.04277537018060684,0.4586562514305115,0.16151519119739532,0.0005723137292079628
ZCH0921,0,VSD,VSD,0.0024110842496156693,0.42612147331237793,7.848136738175526e-05,0.00025709401234053075,0.5711318850517273
ZCH0922,3,VSD,VSD,1.551965942780953e-05,5.5454856919823214e-06,5.422627509688027e-06,8.341198736161459e-07,0.9999727010726929
ZCH0923,2,VSD,VSD,0.14633812010288239,0.2047485113143921,0.018871938809752464,0.1245456114411354,0.5054957866668701
ZCH0924,4,VSD,VSD,0.0251378882676363,0.14347663521766663,0.05289268493652344,0.01165478490293026,0.766838014125824
ZCH0925,1,VSD,VSD,0.005056790076196194,0.0019674631766974926,0.001733556855469942,0.0003120242909062654,0.9909301400184631
ZCH0926,2,VSD,VSD,0.00036748027196154,0.0062447842210531235,7.829831884009764e-05,3.6588582588592544e-05,0.9932727813720703
ZCH0927,2,VSD,NORMAL,0.0009335004142485559,0.9979298114776611,5.1328370318515226e-05,0.0010339620057493448,5.156717088539153e-05
ZCH0928,4,VSD,VSD,0.0006247435812838376,0.0073289694264531136,0.0005594843532890081,0.00016571054584346712,0.9913211464881897
ZCH0929,2,VSD,VSD,0.00037078800960443914,0.002974178409203887,0.00021493234089575708,1.2564462849695701e-05,0.996427595615387
ZCH0930,4,VSD,VSD,0.0003400655114091933,0.0011586528271436691,0.00011987031030002981,2.5806211851886474e-05,0.9983555674552917
ZCH0931,1,VSD,VSD,0.00023316832084674388,0.000903366832062602,0.000605628069024533,8.19864944787696e-05,0.998175859451294
ZCH0932,3,VSD,VSD,2.6019666620413773e-05,0.00010037126776296645,1.2502136996772606e-05,6.192577984620584e-06,0.9998549222946167
ZCH0933,3,VSD,NORMAL,0.0005539520643651485,0.9988293051719666,0.00010670249321265146,8.87616079126019e-06,0.0005011421744711697
ZCH0934,4,VSD,VSD,0.001116888946853578,0.0011923068668693304,8.349825293407775e-06,9.173895523417741e-05,0.9975907802581787
ZCH0935,0,VSD,VSD,5.3665018640458584e-05,0.003151910612359643,3.807060420513153e-05,2.864482485165354e-05,0.996727705001831
ZCH0936,0,VSD,VSD,3.049926999665331e-05,0.00019859004532918334,7.023195939837024e-05,3.887969069182873e-05,0.9996618032455444
ZCH0937,2,VSD,VSD,0.00016254691581707448,0.0029549896717071533,7.482532237190753e-05,0.0005060770199634135,0.996301531791687
ZCH0938,1,VSD,NORMAL,0.03916659206151962,0.9139601588249207,0.003881697775796056,0.0004443324578460306,0.042547259479761124
ZCH0939,1,VSD,PDA,0.32012277841567993,0.0688057392835617,0.607568621635437,0.0010393905686214566,0.002463443437591195
ZCH0940,2,VSD,VSD,0.001174045610241592,0.13499434292316437,0.0016405252972617745,0.00011950062616961077,0.8620715737342834
ZCH0941,2,VSD,NORMAL,0.00013488247350323945,0.9924594759941101,0.0001500953221693635,4.560724482871592e-05,0.007209960836917162
