recording_id,fold,true_label,pred_label,prob_ASD,prob_NORMAL,prob_PDA,prob_PFO,prob_VSD
ZCH0001,2,NORMAL,NORMAL,0.00013941992074251175,0.9980460405349731,4.42918781118351e-06,3.470519004622474e-05,0.001775332959368825
ZCH0002,1,NORMAL,NORMAL,9.989080353989266e-06,0.9999799728393555,6.957781124583562e-07,1.0033594435299165e-06,8.403615538554732e-06
ZCH0003,0,NORMAL,NORMAL,2.4550758098484948e-05,0.9999029636383057,1.2844915545429103e-05,1.052710649673827e-05,4.905936657451093e-05
ZCH0004,4,NORMAL,NORMAL,7.853436545701697e-05,0.9995600581169128,5.9810379752889276e-05,1.9641420294647105e-05,0.0002819126530084759
ZCH0005,2,NORMAL,NORMAL,0.004628169350326061,0.9923747181892395,4.61097588413395e-05,0.0008062653359957039,0.002144726226106286
ZCH0006,3,NORMAL,NORMAL,0.14118680357933044,0.8568195700645447,6.401007340173237e-06,0.0013344510225579143,0.0006526624201796949
ZCH0007,1,NORMAL,NORMAL,5.597197014139965e-05,0.9994722008705139,2.3195943867904134e-05,3.610546264098957e-05,0.00041251489892601967
ZCH0008,0,NORMAL,NORMAL,0.0003646960249170661,0.9992314577102661,6.464764010161161e-05,7.520524832216324e-06,0.00033158084261231124
ZCH0009,1,NORMAL,NORMAL,0.000879455532412976,0.9951292276382446,0.0005729644908569753,0.00019399986194912344,0.0032243304885923862
ZCH0010,1,NORMAL,NORMAL,3.5691235098056495e-05,0.9999006986618042,1.2220878488733433e-05,1.398676090502704e-06,4.995529889129102e-05
ZCH0011,4,NORMAL,ASD,0.9987131357192993,0.0012846317840740085,2.089925175141616e-07,5.619148168989341e-07,1.47640741943178e-06
ZCH0012,2,NORMAL,NORMAL,2.367364970723429e-07,0.9999779462814331,4.177156753826239e-08,1.2140347962485976e-06,2.065396256512031e-05
ZCH0013,4,NORMAL,NORMAL,3.9958544221008196e-05,0.9992243051528931,3.331254265503958e-05,2.9320179237402044e-05,0.0006731596658937633
ZCH0014,2,NORMAL,NORMAL,1.635804983379785e-05,0.9997382760047913,9.894487448036671e-05,6.096714514569612e-06,0.0001403822097927332
ZCH0015,1,NORMAL,NORMAL,0.00014321620983537287,0.9997598528862,3.176208792865509e-06,3.7615604924212676e-06,8.988416811916977e-05
ZCH0016,1,NORMAL,NORMAL,1.0639268111845013e-05,0.9999326467514038,5.387565579439979e-06,2.7609835342445876e-06,4.8660138418199494e-05
ZCH0017,0,NORMAL,NORMAL,0.26429012417793274,0.7200947999954224,0.0001314974797423929,0.0020699987653642893,0.013413592241704464
ZCH0018,0,NORMAL,NORMAL,0.03199200704693794,0.9631019234657288,2.3044405679684132e-05,0.004189374390989542,0.0006936693680472672
ZCH0019,0,NORMAL,NORMAL,3.9761380321579054e-05,0.9999204874038696,1.7973572994378628e-06,1.7740929934007e-06,3.6058874684385955e-05
ZCH0020,1,NORMAL,NORMAL,4.160914977546781e-05,0.999909520149231,5.305696959112538e-06,3.5832147204928333e-06,3.9969014324015006e-05
ZCH0021,3,NORMAL,NORMAL,0.0002909841132350266,0.9993808269500732,1.4870002814859618e-05,1.672802864050027e-05,0.000296610378427431
ZCH0022,4,NORMAL,NORMAL,5.9960824728477746e-05,0.9994811415672302,4.160691241850145e-05,6.784647848689929e-05,0.00034956398303620517
ZCH0023,4,NORMAL,NORMAL,0.1250624805688858,0.8747119903564453,7.742290108581074e-06,7.673386426176876e-05,0.00014110129268374294
ZCH0024,4,NORMAL,NORMAL,4.4097778300056234e-05,0.9999048709869385,8.395613804168534e-06,2.7232144930167124e-06,3.9980037399800494e-05
ZCH0025,1,NORMAL,NORMAL,0.0015878407284617424,0.9354936480522156,3.187048059771769e-05,0.001853430294431746,0.06103317812085152
ZCH0026,0,NORMAL,NORMAL,0.00013546619447879493,0.9993588328361511,5.756813334301114e-05,1.1067816558352206e-05,0.0004370601091068238
ZCH0027,1,NORMAL,NORMAL,6.368529284372926e-05,0.9998190999031067,4.537044333119411e-06,6.473218672908843e-05,4.8025529395090416e-05
ZCH0028,1,NORMAL,NORMAL,0.00014588353224098682,0.9993665814399719,1.0259827831760049e-05,3.671649392344989e-05,0.00044056811020709574
ZCH0029,0,NORMAL,NORMAL,3.583869693102315e-05,0.9998219609260559,2.1372217815951444e-05,4.574924969347194e-05,7.513994205510244e-05
ZCH0030,0,NORMAL,NORMAL,0.00014390144497156143,0.99977046251297,4.3031477616750635e-06,2.7548342131922254e-06,7.864286453695968e-05
ZCH0031,4,NORMAL,NORMAL,1.170027371699689e-05,0.9996792078018188,1.0629959433572367e-05,1.392083163409552e-06,0.0002971075300592929
ZCH0032,4,NORMAL,NORMAL,2.559010863478761e-05,0.9998593330383301,3.849816948786611e-06,9.85106726147933e-06,0.00010131427552551031
ZCH0033,4,NORMAL,NORMAL,5.610729203908704e-06,0.9999008178710938,3.085807475144975e-05,2.716477638387005e-06,5.994677121634595e-05
ZCH0034,4,NORMAL,NORMAL,0.0005757897743023932,0.9993187189102173,1.7790686115404242e-06,9.113097621593624e-05,1.2574509128171485e-05
ZCH0035,4,NORMAL,NORMAL,0.00015511510719079524,0.9995786547660828,8.759428965277039e-06,0.000163405726198107,9.398117254022509e-05
ZCH0036,4,NORMAL,NORMAL,0.0007459265179932117,0.9991433620452881,3.3640972105786204e-06,7.833440031390637e-05,2.8966984245926142e-05
ZCH0037,4,NORMAL,NORMAL,0.00013152360043022782,0.9995850920677185,2.947824032162316e-05,1.338751917501213e-05,0.0002405254344921559
ZCH0038,0,NORMAL,VSD,0.061579134315252304,0.04748113080859184,4.8213991249212995e-05,7.49837199691683e-05,0.8908165097236633
ZCH0039,2,NORMAL,NORMAL,0.004702525679022074,0.9939390420913696,0.00022182756219990551,3.908930011675693e-05,0.0010974942706525326
ZCH0040,3,NORMAL,NORMAL,0.07717849314212799,0.7985324263572693,0.08288294821977615,0.02347342111170292,0.017932714894413948
ZCH0041,0,NORMAL,NORMAL,0.0005605886108241975,0.997094988822937,0.0006413785740733147,6.778578836019733e-07,0.0017023561522364616
ZCH0042,4,NORMAL,NORMAL,0.004033309873193502,0.9956810474395752,2.3485579731641337e-05,0.00013839939492754638,0.00012362060078885406
ZCH0043,0,NORMAL,NORMAL,0.0029619503766298294,0.9969460368156433,8.448943844996393e-06,3.9048742905833933e-07,8.317340689245611e-05
ZCH0044,3,NORMAL,NORMAL,0.00025469614774920046,0.9861003756523132,1.5149807040870655e-05,0.005986558739095926,0.0076430970802903175
ZCH0045,1,NORMAL,NORMAL,2.3396811229758896e-05,0.9998375177383423,1.940061520144809e-05,9.845286967902211e-07,0.0001186786248581484
ZCH0046,3,NORMAL,NORMAL,8.386147783312481e-06,0.9999488592147827,5.233375759416958e-07,2.880284682760248e-06,3.940313763450831e-05
ZCH0047,3,NORMAL,NORMAL,9.36542983254185e-06,0.9997561573982239,3.8825439219181135e-07,0.00017346575623378158,6.068223592592403e-05
ZCH0048,1,NORMAL,NORMAL,3.269921216997318e-05,0.9999301433563232,5.416685780801345e-06,2.9981727038830286e-06,2.8869588277302682e-05
ZCH0049,0,NORMAL,NORMAL,0.03727124631404877,0.9593353867530823,1.662473732721992e-05,2.809066791087389e-05,0.0033485847525298595
ZCH0050,2,NORMAL,NORMAL,1.171500662167091e-05,0.9997703433036804,4.122080099477898e-08,9.14834799914388e-06,0.00020880685769952834
ZCH0051,2,NORMAL,NORMAL,0.0003195155877619982,0.9929692149162292,0.0005038165836594999,7.311500667128712e-05,0.006134354509413242
ZCH0052,2,NORMAL,NORMAL,1.978666563928755e-09,0.9999974966049194,9.78654810523949e-08,5.172442474332684e-10,2.3463089746655896e-06
ZCH0053,1,NORMAL,NORMAL,0.01783037930727005,0.9740346074104309,0.0041488297283649445,0.00012231458094902337,0.003863953286781907
ZCH0054,0,NORMAL,NORMAL,0.20134887099266052,0.72919100522995,0.0014273794367909431,0.0002396104100625962,0.06779318302869797
ZCH0055,0,NORMAL,NORMAL,0.0001295266702072695,0.9996387958526611,4.3420601286925375e-05,1.063791751221288e-05,0.00017769236001186073
ZCH0056,4,NORMAL,NORMAL,0.0007685684249736369,0.9991311430931091,2.4191874672396807e-06,8.954298391472548e-05,8.279213943751529e-06
ZCH0057,2,NORMAL,PFO,0.00843690987676382,0.27011221647262573,0.0014118612743914127,0.7200238704681396,1.5119631825655233e-05
ZCH0058,0,NORMAL,NORMAL,3.3323041861876845e-05,0.999891996383667,1.5531584722339176e-05,1.6654084902256727e-06,5.7410365116083995e-05
ZCH0059,0,NORMAL,PFO,0.05509275570511818,0.2997550666332245,0.009166349656879902,0.635797381401062,0.0001883839286165312
ZCH0060,0,NORMAL,NORMAL,0.00025904527865350246,0.9995576739311218,3.51767594111152e-05,1.7307929738308303e-05,0.000130819360492751
ZCH0061,2,NORMAL,NORMAL,6.342600666897624e-09,0.9999862909317017,1.4237880918699375e-07,2.04071554321672e-07,1.3384961675910745e-05
ZCH0062,1,NORMAL,NORMAL,0.0024105084594339132,0.9107139706611633,0.0005870768218301237,0.07543253898620605,0.010855951346457005
ZCH0063,1,NORMAL,NORMAL,0.03212239220738411,0.9641784429550171,7.097110210452229e-05,0.0009337702649645507,0.0026945669669657946
ZCH0064,3,NORMAL,PFO,0.003955507185310125,0.004862070549279451,1.4467621440417133e-05,0.9910644292831421,0.00010351388482376933
ZCH0065,4,NORMAL,NORMAL,0.0025051122065633535,0.9933930039405823,1.4209050277713686e-05,0.003606144106015563,0.0004815148131456226
ZCH0066,1,NORMAL,NORMAL,0.00021033742814324796,0.9992634654045105,2.522760405554436e-05,0.00018973086844198406,0.0003110940451733768
ZCH0067,1,NORMAL,NORMAL,0.0004920106148347259,0.9988617897033691,1.8753562471829355e-05,0.0005462198168970644,8.127234468702227e-05
ZCH0068,2,NORMAL,PFO,0.002469933358952403,0.0044569410383701324,0.00110626220703125,0.9913602471351624,0.0006066733621992171
ZCH0069,4,NORMAL,NORMAL,0.00017568854673299938,0.9996228218078613,1.5115840142243542e-05,0.0001538170618005097,3.24725333484821e-05
ZCH0070,1,NORMAL,NORMAL,3.269358421675861e-05,0.9985241293907166,0.00010103983368026093,0.0003015597758349031,0.001040538540109992
ZCH0071,4,NORMAL,NORMAL,7.57626912673004e-05,0.9998931884765625,1.0289189049217384e-05,4.4370217437972315e-06,1.6277086615446024e-05
ZCH0072,0,NORMAL,NORMAL,0.00014695613936055452,0.9996472597122192,3.761969082916039e-06,4.564563369058305e-06,0.0001974695478565991
ZCH0073,3,NORMAL,NORMAL,0.00017396330076735467,0.9996907711029053,1.5866436342548695e-06,4.0158240153687075e-05,9.349982428830117e-05
ZCH0074,3,NORMAL,NORMAL,0.0004826101940125227,0.9991223216056824,3.8868588490004186e-06,0.0003681665984913707,2.296979437232949e-05
ZCH0075,2,NORMAL,NORMAL,0.00014794142043683678,0.9991544485092163,2.876565486076288e-05,4.3641324737109244e-05,0.000625204702373594
ZCH0076,4,NORMAL,NORMAL,0.002979220589622855,0.9944497346878052,3.3356427593389526e-05,1.0452294191054534e-05,0.0025273661594837904
ZCH0077,4,NORMAL,NORMAL,4.4894899474456906e-05,0.9998859167098999,5.520268587133614e-06,2.2774815079174004e-05,4.0874430851545185e-05
ZCH0078,4,NORMAL,NORMAL,4.799631278729066e-05,0.9999018907546997,4.458480816538213e-06,8.9676323113963e-06,3.671507874969393e-05
ZCH0079,4,NORMAL,NORMAL,0.0005462202243506908,0.9994327425956726,2.578722387625021e-06,1.342157611361472e-05,4.8916936066234484e-06
ZCH0080,3,NORMAL,PFO,0.0004006640810985118,0.26995596289634705,6.560436304425821e-06,0.7149564623832703,0.01468031294643879
ZCH0081,1,NORMAL,NORMAL,0.00026000430807471275,0.9996776580810547,1.543011785543058e-05,5.8357986745249946e-06,4.1104107367573306e-05
ZCH0082,1,NORMAL,NORMAL,0.000893337419256568,0.9940863847732544,4.679518951888895e-06,0.0001672355574555695,0.004848496522754431
ZCH0083,1,NORMAL,NORMAL,3.925136479665525e-05,0.9997937083244324,2.6620332391757984e-06,8.97912832442671e-06,0.00015555678692180663
ZCH0084,0,NORMAL,NORMAL,0.0002234137209597975,0.9993101358413696,1.6971411014310434e-06,0.0003226190456189215,0.00014226578059606254
ZCH0085,0,NORMAL,NORMAL,0.00012535825953818858,0.9990887641906738,5.625557969324291e-05,2.927292553067673e-05,0.0007002959027886391
ZCH0086,4,NORMAL,NORMAL,0.00013939049676992,0.9953385591506958,2.290897555212723e-06,4.9356487579643726e-05,0.004470369312912226
ZCH0087,0,NORMAL,NORMAL,0.004465583246201277,0.9950005412101746,2.669406785571482e-05,0.00016849204257596284,0.00033858418464660645
ZCH0088,2,NORMAL,NORMAL,0.0690271407365799,0.8789389133453369,0.0014880478847771883,0.04762781783938408,0.002918059239163995
ZCH0089,3,NORMAL,NORMAL,0.00043081026524305344,0.9989571571350098,4.836637890548445e-05,1.727263952489011e-05,0.0005463965353555977
ZCH0090,3,NORMAL,NORMAL,8.978576806839556e-05,0.9997575879096985,8.099699698504992e-06,6.498256880149711e-06,0.00013801218301523477
ZCH0091,4,NORMAL,NORMAL,8.018878725124523e-05,0.9993904829025269,2.394772309344262e-05,2.223649062216282e-05,0.0004831563273910433
ZCH0092,1,NORMAL,NORMAL,0.019560111686587334,0.9674023389816284,0.00014877722423989326,0.00925769004970789,0.0036310157738626003
ZCH0093,0,NORMAL,NORMAL,0.005477991420775652,0.9926734566688538,2.0837152987951413e-05,0.000462359661469236,0.0013654096983373165
ZCH0094,0,NORMAL,NORMAL,6.878117710584775e-05,0.9986361861228943,7.880887096689548e-06,0.001169428345747292,0.00011775283928727731
ZCH0095,4,NORMAL,NORMAL,4.998532676836476e-05,0.9999113082885742,5.232313924352638e-06,1.002170847641537e-06,3.2546806323807687e-05
ZCH0096,3,NORMAL,NORMAL,9.873101225821301e-05,0.9992085099220276,0.0001748108334140852,0.0002469206228852272,0.00027102642343379557
ZCH0097,3,NORMAL,NORMAL,6.214114546310157e-05,0.9998767375946045,1.1766053376049967e-06,1.3925967323302757e-05,4.59931579825934e-05
ZCH0098,2,NORMAL,NORMAL,0.0019530957797542214,0.99662184715271,4.148329753661528e-05,0.000116620612971019,0.0012669615680351853
ZCH0099,1,NORMAL,NORMAL,0.0004330708470661193,0.9991193413734436,5.122305083204992e-05,7.697826367802918e-05,0.00031941491761244833
ZCH0100,1,NORMAL,NORMAL,0.00043616132461465895,0.9995050430297852,1.899057133414317e-05,1.9971443180111237e-05,1.9750988940359093e-05
ZCH0101,4,NORMAL,NORMAL,7.767290662741289e-05,0.9998522996902466,6.740257958881557e-06,1.4841844858892728e-05,4.828757664654404e-05
ZCH0102,4,NORMAL,NORMAL,8.697205339558423e-05,0.9998593330383301,8.635059202788398e-06,1.0261509487463627e-05,3.48291068803519e-05
ZCH0103,2,NORMAL,NORMAL,0.3938778340816498,0.4904851019382477,0.014848202466964722,0.0215009618550539,0.07928793132305145
ZCH0104,3,NORMAL,NORMAL,0.0022078612819314003,0.9838448166847229,0.00030271217110566795,0.01328116375952959,0.0003634077147580683
ZCH0105,0,NORMAL,NORMAL,0.000585926987696439,0.9993181228637695,1.0579868103377521e-05,1.1576177712413482e-05,7.386998913716525e-05
ZCH0106,1,NORMAL,PFO,0.010583216324448586,0.01768597401678562,0.018699349835515022,0.9518203735351562,0.0012111094547435641
ZCH0107,1,NORMAL,NORMAL,6.94710251991637e-05,0.9998058676719666,1.658659675740637e-05,2.843946958819288e-06,0.0001052764491760172
ZCH0108,3,NORMAL,PFO,0.00011967455066042021,0.37037456035614014,0.0001632914354559034,0.628717839717865,0.0006246727425605059
ZCH0109,4,NORMAL,NORMAL,2.8413352993084118e-05,0.9898932576179504,4.397702014102833e-06,0.010033978149294853,4.0045910282060504e-05
ZCH0110,2,NORMAL,NORMAL,0.00012110790703445673,0.9988093376159668,0.0001804030907806009,1.640606024011504e-05,0.000872735632583499
ZCH0111,4,NORMAL,NORMAL,0.005591159220784903,0.9935474991798401,0.0006992566050030291,5.231035174801946e-05,0.00010966074478346854
ZCH0112,2,NORMAL,NORMAL,0.005733869969844818,0.9735320210456848,0.003615062916651368,0.009599832817912102,0.00751910638064146
ZCH0113,0,NORMAL,ASD,0.5636679530143738,0.4362325072288513,3.732537879841402e-05,4.225451630190946e-05,2.0011746528325602e-05
ZCH0114,2,NORMAL,NORMAL,0.2698957324028015,0.693756103515625,0.005432624835520983,0.02697359398007393,0.003941996488720179
ZCH0115,2,NORMAL,NORMAL,2.1032460608694237e-06,0.9999831914901733,3.132745177936158e-06,1.7502894706922234e-06,9.729280463943724e-06
ZCH0116,2,NORMAL,NORMAL,0.020641325041651726,0.9520283937454224,0.004135602153837681,0.0010127135319635272,0.022182006388902664
ZCH0117,3,NORMAL,NORMAL,0.00033065781462937593,0.9702975153923035,7.89509285823442e-05,0.018166840076446533,0.011125952936708927
ZCH0118,4,NORMAL,NORMAL,3.7373083614511415e-05,0.9999220371246338,1.1981389434367884e-05,2.4831322662066668e-05,3.652337454695953e-06
ZCH0119,1,NORMAL,NORMAL,0.028220631182193756,0.956492006778717,0.0021376756485551596,0.009221906773746014,0.00392768532037735
ZCH0120,1,NORMAL,NORMAL,1.2978950508113485e-05,0.9999173879623413,7.918456503830384e-07,8.302893547806889e-06,6.039374420652166e-05
ZCH0121,3,NORMAL,NORMAL,3.136701707262546e-05,0.9996045231819153,0.00017835006292443722,5.663054616888985e-05,0.00012915846309624612
ZCH0122,4,NORMAL,NORMAL,0.09247083961963654,0.9073809385299683,5.554457675316371e-05,3.171103526256047e-05,6.0858161305077374e-05
ZCH0123,3,NORMAL,NORMAL,1.7205014955834486e-05,0.9997430443763733,3.998902684543282e-06,3.338742999403621e-06,0.00023243478790391237
ZCH0124,1,NORMAL,NORMAL,9.183125803247094e-05,0.9997426867485046,2.4664033844601363e-05,1.8842541976482607e-05,0.00012188100663479418
ZCH0125,1,NORMAL,NORMAL,0.0007160124951042235,0.9960893392562866,3.1933757327351486e-06,0.0023971309419721365,0.0007942598313093185
ZCH0126,2,NORMAL,NORMAL,0.0005060970433987677,0.9993804693222046,5.8026630540553015e-06,3.174027006025426e-05,7.584989361930639e-05
ZCH0127,3,NORMAL,NORMAL,0.00028552315779961646,0.9988952279090881,0.00019095916650258005,0.00024357547226827592,0.00038463101373054087
ZCH0128,0,NORMAL,NORMAL,0.00036627353983931243,0.9993638396263123,1.0701621249609161e-05,3.319910683785565e-05,0.00022603655816055834
ZCH0129,4,NORMAL,NORMAL,1.2801486263924744e-05,0.9999599456787109,8.373346531698189e-07,1.0657056009222288e-05,1.5802570487721823e-05
ZCH0130,1,NORMAL,NORMAL,0.00016587380378041416,0.9978922009468079,2.7419848265708424e-05,1.855380105553195e-05,0.0018959875451400876
ZCH0131,2,NORMAL,NORMAL,5.194610639591701e-05,0.9995216131210327,4.785198325407691e-05,3.0959774449002e-05,0.0003475482517387718
ZCH0132,3,NORMAL,NORMAL,0.0015869104536250234,0.6055856347084045,0.017573023214936256,0.023501595482230186,0.3517528474330902
ZCH0133,2,NORMAL,NORMAL,0.00013733610103372484,0.9992138147354126,0.00022984885436017066,0.00011645539780147374,0.0003024330362677574
ZCH0134,2,NORMAL,NORMAL,0.0036612534895539284,0.9957356452941895,0.00012572351261042058,0.0004528302524704486,2.458444214425981e-05
ZCH0135,4,NORMAL,NORMAL,5.088827674626373e-05,0.9999138116836548,2.7217299702897435e-06,1.197609344671946e-05,2.0632927771657705e-05
ZCH0136,0,NORMAL,NORMAL,0.14612306654453278,0.8487706184387207,0.00046770076733082533,0.0005368847632780671,0.004101799800992012
ZCH0137,0,NORMAL,NORMAL,0.0013060502242296934,0.9978852868080139,2.568477066233754e-05,1.739838808134664e-05,0.0007655973895452917
ZCH0138,1,NORMAL,NORMAL,0.026271305978298187,0.9733228087425232,4.71625171485357e-05,0.00014087982708588243,0.00021786689467262477
ZCH0139,2,NORMAL,NORMAL,0.001294958172366023,0.9978221654891968,0.0001405984949087724,3.170039053657092e-05,0.0007105041295289993
ZCH0140,2,NORMAL,NORMAL,0.28469210863113403,0.6601159572601318,0.006292271893471479,0.047725144773721695,0.0011744792573153973
ZCH0141,2,NORMAL,NORMAL,0.00014278585149440914,0.9986701011657715,6.118910823715851e-05,0.00016040394257288426,0.0009655741741880774
ZCH0142,1,NORMAL,NORMAL,8.373312994081061e-06,0.9999353885650635,2.752131649685907e-06,1.333763862021442e-06,5.2248535212129354e-05
ZCH0143,3,NORMAL,NORMAL,0.00011003793770214543,0.999701201915741,2.2079102564021014e-05,2.857556137314532e-05,0.00013812856923323125
ZCH0144,1,NORMAL,NORMAL,0.00011326962703606114,0.9996726512908936,1.84245018317597e-05,1.634269028727431e-05,0.00017938128439709544
ZCH0145,3,NORMAL,NORMAL,7.793425174895674e-05,0.9997523427009583,6.51775508231367e-06,3.116235893685371e-05,0.0001319991279160604
ZCH0146,3,NORMAL,NORMAL,4.8793572204886004e-05,0.99986732006073,2.5101046048803255e-05,3.984193972428329e-05,1.890605744847562e-05
ZCH0147,0,NORMAL,NORMAL,0.0008015950443223119,0.998630702495575,1.420173703081673e-05,9.435078027308919e-06,0.0005441053071990609
ZCH0148,3,NORMAL,NORMAL,0.00018849605112336576,0.9996030926704407,9.016009244078305e-06,3.111545447609387e-05,0.00016821657482068986
ZCH0149,3,NORMAL,NORMAL,1.981775312742684e-05,0.9993739724159241,3.149483018205501e-05,0.0003119145694654435,0.0002629007212817669
ZCH0150,1,NORMAL,NORMAL,9.63247221079655e-05,0.999804675579071,1.1078701390943024e-05,2.103816223097965e-05,6.689664587611333e-05
ZCH0151,4,NORMAL,NORMAL,3.141240085824393e-05,0.9995750784873962,8.374432582058944e-06,4.051248652103823e-06,0.00038108607986941934
ZCH0152,1,NORMAL,NORMAL,0.0011431488674134016,0.9985438585281372,4.197584075882332e-06,6.51958634989569e-06,0.00030230521224439144
ZCH0153,4,NORMAL,NORMAL,0.0009957727743312716,0.9981774091720581,0.0001150677926489152,7.861803169362247e-05,0.0006331907352432609
ZCH0154,2,NORMAL,NORMAL,0.0006162279169075191,0.9991042017936707,3.0492506084556226e-06,5.762060482084053e-06,0.00027070625219494104
ZCH0155,2,NORMAL,NORMAL,1.253241399545857e-10,0.9999998807907104,2.2444952563205334e-08,2.3632049650501585e-09,6.970680743734192e-08
ZCH0156,0,NORMAL,NORMAL,0.0016562591772526503,0.9982531666755676,8.931669981393497e-06,1.411425387232157e-06,8.02385839051567e-05
ZCH0157,3,NORMAL,NORMAL,0.00013063746155239642,0.9990812540054321,0.00013219854736234993,0.00026041161618195474,0.0003954846761189401
ZCH0158,1,NORMAL,PFO,0.10734030604362488,0.12251154333353043,0.0020329877734184265,0.7496451139450073,0.018470052629709244
ZCH0159,0,NORMAL,NORMAL,0.00019167088612448424,0.9997013211250305,2.2386127511708764e-06,1.439046081941342e-05,9.027439227793366e-05
ZCH0160,0,NORMAL,NORMAL,0.15885429084300995,0.8377665877342224,1.3799103726341855e-05,0.002198336645960808,0.0011670084204524755
ZCH0161,0,NORMAL,NORMAL,3.573286085156724e-05,0.9999086856842041,1.2587801393237896e-05,1.7179455653604236e-06,4.128019281779416e-05
ZCH0162,3,NORMAL,NORMAL,0.0008122083963826299,0.996738612651825,0.0002837283827830106,0.00016279015108011663,0.002002611057832837
ZCH0163,1,NORMAL,NORMAL,4.3021438614232466e-05,0.9988247752189636,2.3074473574524745e-05,1.4888484656694345e-05,0.0010943011147901416
ZCH0164,0,NORMAL,NORMAL,0.0002355733304284513,0.999472439289093,2.8524671506602317e-05,0.000182491829036735,8.100846025627106e-05
ZCH0165,4,NORMAL,NORMAL,1.8580026335257571e-06,0.9999945163726807,1.452843036986451e-07,1.4823012861597817e-06,2.022004082391504e-06
ZCH0166,1,NORMAL,NORMAL,0.001503892824985087,0.9974287152290344,1.2383898138068616e-06,0.0001922020164784044,0.0008740755147300661
ZCH0167,2,NORMAL,NORMAL,3.565592487575486e-05,0.9973827004432678,5.68925042898627e-06,0.0016793898539617658,0.0008964907610788941
ZCH0168,0,NORMAL,NORMAL,0.000422731478465721,0.9993981122970581,2.9686807465623133e-05,1.7040807506418787e-05,0.0001325275661656633
ZCH0169,0,NORMAL,NORMAL,0.1972832977771759,0.8008542656898499,0.00024510250659659505,8.805745892459527e-06,0.0016085316892713308
ZCH0170,4,NORMAL,NORMAL,1.2922869245812763e-05,0.9999768733978271,6.207735054886143e-07,8.036230610741768e-06,1.708621653051523e-06
ZCH0171,3,NORMAL,NORMAL,8.978576806839556e-05,0.9997575879096985,8.099699698504992e-06,6.498256880149711e-06,0.00013801218301523477
ZCH0172,1,NORMAL,NORMAL,3.986020965385251e-05,0.9998670816421509,6.412193670257693e-06,3.120242399745621e-05,5.543042061617598e-05
ZCH0173,0,NORMAL,NORMAL,0.009019690565764904,0.9892928600311279,0.0001523325190646574,0.00012824406439904124,0.0014068149030208588
ZCH0174,4,NORMAL,NORMAL,1.1417590030760039e-05,0.9999184608459473,3.4377373481220275e-07,1.5460704162251204e-05,5.4184129112400115e-05
ZCH0175,4,NORMAL,PFO,0.000132151079014875,0.11753269284963608,0.00016969100397545844,0.8821077346801758,5.776601392426528e-05
ZCH0176,1,NORMAL,NORMAL,1.1841944797197357e-05,0.9965763688087463,0.0019990643486380577,0.00015980546595528722,0.001252837828360498
ZCH0177,0,NORMAL,NORMAL,7.224641740322113e-05,0.9998676776885986,4.142221769143362e-06,2.714506263146177e-05,2.8673854103544727e-05
ZCH0178,1,NORMAL,NORMAL,1.370475729345344e-05,0.9975812435150146,0.00012428614718373865,1.2322918337304145e-05,0.0022683804854750633
ZCH0179,1,NORMAL,NORMAL,1.9576626073103398e-05,0.9998500347137451,3.6568699215422384e-06,1.9460210751276463e-05,0.00010724061576183885
ZCH0180,3,NORMAL,NORMAL,0.00034575056633912027,0.9962009787559509,0.000175296634552069,4.230265039950609e-05,0.0032357224263250828
ZCH0181,2,NORMAL,NORMAL,0.0002790627477224916,0.999316930770874,4.837078449781984e-05,4.9245521950069815e-05,0.0003063671465497464
ZCH0182,4,NORMAL,NORMAL,0.00039696431485936046,0.999423623085022,5.65551636100281e-05,5.293467893352499e-06,0.00011756157618947327
ZCH0183,3,NORMAL,NORMAL,0.309806764125824,0.6739017963409424,0.0005868882872164249,0.00328464456833899,0.012419890612363815
ZCH0184,1,NORMAL,NORMAL,0.25855541229248047,0.7409923672676086,4.6761531848460436e-05,7.294333772733808e-05,0.00033244493533857167
ZCH0185,4,NORMAL,NORMAL,0.0006667420384474099,0.9662601947784424,7.596155046485364e-05,2.564488568168599e-05,0.03297151252627373
ZCH0186,4,NORMAL,NORMAL,8.856735803419724e-06,0.9999746084213257,1.1183674359926954e-06,5.426926691143308e-06,1.0065489732369315e-05
ZCH0187,1,NORMAL,NORMAL,3.012218621734064e-05,0.9990670084953308,9.213437806465663e-06,5.0881273637060076e-05,0.0008428585715591908
ZCH0188,2,NORMAL,NORMAL,0.013936632312834263,0.9282874464988708,0.002871329430490732,0.03959176316857338,0.015312842093408108
ZCH0189,1,NORMAL,NORMAL,0.0003971685655415058,0.9982942938804626,2.0606114048860036e-05,0.00013662525452673435,0.001151345786638558
ZCH0190,1,NORMAL,NORMAL,0.00047494558384642005,0.9975925087928772,2.6051411623484455e-05,1.9433280613156967e-05,0.0018870692001655698
ZCH0191,0,NORMAL,NORMAL,0.0006429650820791721,0.9944825172424316,1.9073877410846762e-05,0.0025385855697095394,0.0023168509360402822
ZCH0192,4,NORMAL,NORMAL,0.00021854259830433875,0.9996941089630127,1.7370453861076385e-05,1.459299983253004e-05,5.537851029657759e-05
ZCH0193,3,NORMAL,NORMAL,0.031093791127204895,0.9651798605918884,0.00023558388056699187,0.0004102383682038635,0.003080498892813921
ZCH0194,3,NORMAL,NORMAL,0.00028822230524383485,0.999232292175293,7.376151188509539e-05,6.238275818759575e-05,0.00034326259628869593
ZCH0195,2,NORMAL,NORMAL,0.005919959861785173,0.9920376539230347,0.0006170004489831626,8.827079909679014e-06,0.0014164744643494487
ZCH0196,4,NORMAL,NORMAL,0.01524435542523861,0.9832603335380554,1.9957557015004568e-05,5.433878413896309e-06,0.0014699575258418918
ZCH0197,3,NORMAL,PFO,0.00013382878387346864,0.008161799050867558,7.217783149826573e-06,0.991688072681427,9.116453838942107e-06
ZCH0198,3,NORMAL,NORMAL,0.0001256063987966627,0.99787437915802,4.5512457290897146e-05,0.0014265856007114053,0.0005278014577925205
ZCH0199,0,NORMAL,NORMAL,0.00011153292143717408,0.9995174407958984,6.685022981400834e-06,3.5700115404324606e-05,0.0003285978746134788
ZCH0200,1,NORMAL,NORMAL,8.79057333804667e-05,0.9997275471687317,9.073582077689935e-06,5.50999129700358e-06,0.00016996890190057456
ZCH0201,0,NORMAL,NORMAL,0.007289408706128597,0.9756540060043335,0.00015137401351239532,0.011353437788784504,0.0055516306310892105
ZCH0202,4,NORMAL,NORMAL,0.00013599923113361,0.9998295307159424,2.9776238079648465e-06,1.4956969607737847e-05,1.6594378394074738e-05
ZCH0203,3,NORMAL,NORMAL,0.009462530724704266,0.9822149872779846,0.0008690521353855729,2.829831100825686e-05,0.0074251326732337475
ZCH0204,0,NORMAL,NORMAL,0.001312611042521894,0.9985709190368652,5.756859991379315e-06,5.862380930921063e-06,0.00010484732774784788
ZCH0205,1,NORMAL,NORMAL,0.003391423262655735,0.9912552833557129,3.4435506677255034e-05,2.4511666197213344e-05,0.005294451955705881
ZCH0206,2,NORMAL,NORMAL,1.309932162740779e-09,0.9999985694885254,4.462795644144535e-08,1.5647012574504515e-08,1.4379116919371882e-06
ZCH0207,0,NORMAL,NORMAL,0.01420743577182293,0.9854525923728943,1.3036492418905254e-05,4.3585507228272036e-05,0.00028334042872302234
ZCH0208,4,NORMAL,NORMAL,4.53242682851851e-05,0.9998094439506531,3.9799757360015064e-05,7.3760443228820805e-06,9.810436313273385e-05
ZCH0209,3,NORMAL,NORMAL,0.0013189521851018071,0.9979530572891235,7.722931331954896e-05,4.0000413719099015e-05,0.0006107748486101627
ZCH0210,2,NORMAL,NORMAL,0.0014920179964974523,0.9977184534072876,3.28437308780849e-05,0.0001580911921337247,0.0005985847674310207
ZCH0211,4,NORMAL,NORMAL,4.108812572667375e-05,0.9997101426124573,2.3166950995801017e-05,1.7760125047061592e-05,0.00020783967920579016
ZCH0212,1,NORMAL,NORMAL,0.00078268360812217,0.998643696308136,0.00010878034663619474,5.163926107343286e-05,0.0004131380992475897
ZCH0213,3,NORMAL,NORMAL,0.0014951727353036404,0.9979998469352722,5.587635678239167e-05,7.861689482524525e-06,0.00044111761962994933
ZCH0214,0,NORMAL,NORMAL,0.0001591973123140633,0.999789297580719,5.491319370776182e-06,9.624250196793582e-06,3.6404799175215885e-05
ZCH0215,0,NORMAL,NORMAL,1.631216764508281e-05,0.999935507774353,3.09659048980393e-06,5.1392139539530035e-06,3.998782267444767e-05
ZCH0216,4,NORMAL,NORMAL,2.5059300241991878e-05,0.9998782873153687,2.7341329769114964e-05,1.3165129075787263e-06,6.800762639613822e-05
ZCH0217,4,NORMAL,NORMAL,2.2395624910132028e-05,0.999944806098938,9.273955583921634e-06,1.6121244698297232e-05,7.44278395359288e-06
ZCH0218,2,NORMAL,NORMAL,2.2491352865472436e-05,0.9999109506607056,4.525853000814095e-06,3.452431883488316e-06,5.857618452864699e-05
ZCH0219,2,NORMAL,NORMAL,2.5078783437493257e-05,0.9998716115951538,5.6148019211832434e-05,5.168126335775014e-07,4.6722867409698665e-05
ZCH0220,3,NORMAL,NORMAL,2.7107449568575248e-05,0.9999239444732666,1.3382187717070337e-05,2.3094876269169617e-06,3.3318188798148185e-05
ZCH0221,4,NORMAL,NORMAL,2.4308585125254467e-05,0.9998517036437988,4.419205288286321e-05,1.6803640392026864e-05,6.296695210039616e-05
ZCH0222,0,NORMAL,NORMAL,0.00017914478667080402,0.9995417594909668,5.727690950152464e-05,8.039666136028245e-05,0.00014146538160275668
ZCH0223,0,NORMAL,NORMAL,0.00011518445535330102,0.9986749291419983,6.211471918504685e-05,1.209011588798603e-05,0.0011355089955031872
ZCH0224,3,NORMAL,NORMAL,0.0001912970037665218,0.9996198415756226,1.1160026588186156e-05,1.2309295698287315e-06,0.0001764282933436334
ZCH0225,0,NORMAL,NORMAL,0.00025096710305660963,0.9994927644729614,2.857009349099826e-05,2.1175943402340636e-05,0.00020649106591008604
ZCH0226,0,NORMAL,NORMAL,0.004326085560023785,0.9953688979148865,3.12051379296463e-05,0.0001935003383550793,8.023077680263668e-05
ZCH0227,0,NORMAL,NORMAL,3.765187648241408e-05,0.9995607733726501,1.98186044144677e-05,1.6202073311433196e-05,0.00036562670720741153
ZCH0228,0,NORMAL,NORMAL,6.959361053304747e-05,0.9997559189796448,5.067124584456906e-05,2.0079289242858067e-05,0.00010381162428529933
ZCH0229,2,NORMAL,NORMAL,0.09871780872344971,0.85596764087677,0.0019297153921797872,0.012596629559993744,0.030788205564022064
ZCH0230,0,NORMAL,NORMAL,9.131858678301796e-05,0.9996193647384644,0.00012924170005135238,9.571054397383705e-05,6.437330739572644e-05
ZCH0231,0,NORMAL,NORMAL,1.9555123799364083e-05,0.9999127388000488,1.4070647011976689e-05,6.612050924559298e-07,5.291331035550684e-05
ZCH0232,2,NORMAL,NORMAL,0.00029329664539545774,0.9996280670166016,2.546757514210185e-06,4.578352672979236e-06,7.159139204304665e-05
ZCH0233,3,NORMAL,NORMAL,0.003931247163563967,0.9942154288291931,0.00015930680092424154,0.00017607538029551506,0.0015179220354184508
ZCH0234,1,NORMAL,NORMAL,0.005726559553295374,0.9926214218139648,6.174480222398415e-05,2.2098705812823027e-05,0.0015680999495089054
ZCH0235,4,NORMAL,NORMAL,3.226690387236886e-05,0.9999182224273682,1.0026198651758023e-05,1.3164851679903222e-06,3.815660602413118e-05
ZCH0236,2,NORMAL,NORMAL,1.0616552572173532e-05,0.9999428987503052,5.7375323194719385e-06,4.067340341862291e-06,3.6662699130829424e-05
ZCH0237,2,NORMAL,NORMAL,0.008875523693859577,0.9907823204994202,1.28018737086677e-05,0.00010612544429022819,0.0002231835969723761
ZCH0238,2,NORMAL,NORMAL,0.0010190407047048211,0.9987943172454834,3.1690116884419695e-05,4.249768244335428e-05,0.00011235830606892705
ZCH0239,2,NORMAL,NORMAL,0.13531389832496643,0.8274602293968201,0.00027356893406249583,0.035620708018541336,0.0013316338881850243
ZCH0240,4,NORMAL,NORMAL,1.9270359189249575e-05,0.9998652935028076,4.725245162262581e-05,3.976359948865138e-06,6.426327308872715e-05
ZCH0241,0,NORMAL,NORMAL,0.04846402630209923,0.9514590501785278,3.16157615998236e-06,1.7667218344286084e-05,5.6060056522255763e-05
ZCH0242,3,NORMAL,NORMAL,4.352042014943436e-05,0.9995622038841248,0.000207416684133932,2.8710849164781393e-06,0.00018393475329503417
ZCH0243,3,NORMAL,NORMAL,0.00014885446580592543,0.9994789958000183,2.00471931748325e-05,0.00019875721773132682,0.00015342546976171434
ZCH0244,2,NORMAL,NORMAL,0.23292776942253113,0.7480465173721313,0.0003493112453725189,0.014378623105585575,0.004297863692045212
ZCH0245,2,NORMAL,NORMAL,0.0005693684797734022,0.9990456700325012,6.6498155320005026e-06,0.00020672909158747643,0.00017152637883555144
ZCH0246,4,NORMAL,NORMAL,3.7356585380621254e-05,0.999805748462677,2.7306225092615932e-05,1.5507377611356787e-05,0.00011418802750995383
ZCH0247,0,NORMAL,NORMAL,7.66235389164649e-05,0.999882698059082,4.704856110038236e-06,1.4564315279130824e-05,2.1401094272732735e-05
ZCH0248,4,NORMAL,NORMAL,0.01157334167510271,0.9854035973548889,8.331527351401746e-05,0.00017118232790380716,0.0027685745153576136
ZCH0249,3,NORMAL,NORMAL,0.002079349011182785,0.9974578022956848,1.665618947299663e-05,6.517065048683435e-05,0.00038114225026220083
ZCH0250,4,NORMAL,NORMAL,1.8325375776839792e-06,0.9999727010726929,1.2646763934753835e-05,5.463128331939515e-07,1.2302002687647473e-05
ZCH0251,3,NORMAL,NORMAL,0.0002858087536878884,0.9994747042655945,3.520575410220772e-05,2.735910857154522e-05,0.00017688430671114475
ZCH0252,1,NORMAL,NORMAL,0.0002656196302268654,0.9982399940490723,3.6362220271257684e-05,0.0005035176291130483,0.0009544440545141697
ZCH0253,4,NORMAL,NORMAL,0.00013399479212239385,0.9997546076774597,1.2269853868929204e-05,6.720155943185091e-05,3.19730352202896e-05
ZCH0254,4,NORMAL,NORMAL,9.817532372835558e-06,0.9999502897262573,1.8550746972323395e-05,3.3405212889192626e-06,1.8024222299573012e-05
ZCH0255,2,NORMAL,NORMAL,0.0010798202129080892,0.9985777139663696,3.7800618883920833e-05,0.0002759562630672008,2.8675176508841105e-05
ZCH0256,4,NORMAL,NORMAL,3.952581755584106e-05,0.9998044371604919,4.966009146301076e-05,7.911065040389076e-05,2.722960380197037e-05
ZCH0257,3,NORMAL,NORMAL,8.323098882101476e-05,0.9998782873153687,2.062468047370203e-05,7.472596053048619e-07,1.7124146324931644e-05
ZCH0258,2,NORMAL,NORMAL,1.5037556295283139e-05,0.999424934387207,1.5958627272993908e-06,4.364146661828272e-06,0.0005541137652471662
ZCH0259,2,NORMAL,PDA,0.03546537831425667,0.013466192409396172,0.7632719874382019,0.004770832136273384,0.1830255687236786
ZCH0260,3,NORMAL,NORMAL,0.08466114103794098,0.9101717472076416,0.00021949084475636482,0.00038005533860996366,0.0045675658620893955
ZCH0261,1,NORMAL,NORMAL,0.00038699203287251294,0.9985645413398743,2.5200295567628928e-05,2.3078053345670924e-05,0.0010001121554523706
ZCH0262,4,NORMAL,NORMAL,2.217946712335106e-05,0.9999173879623413,2.137900810339488e-05,1.4866114725009538e-05,2.4179013053071685e-05
ZCH0263,1,NORMAL,NORMAL,4.84470438095741e-05,0.9998486042022705,5.027863153372891e-06,5.810200491396245e-06,9.211377619067207e-05
ZCH0264,0,NORMAL,NORMAL,0.0018757308134809136,0.9980284571647644,1.3866158042219467e-05,3.023259705514647e-05,5.1607887144200504e-05
ZCH0265,0,NORMAL,NORMAL,0.021665578708052635,0.9714539647102356,0.0008844990516081452,0.002878370927646756,0.0031175350304692984
ZCH0266,4,NORMAL,NORMAL,9.982873598346487e-05,0.9998576641082764,2.0667141143349e-05,7.400019057968166e-06,1.445452835469041e-05
ZCH0267,3,NORMAL,NORMAL,9.22913386602886e-05,0.9970771074295044,0.00018795552023220807,0.0024347056169062853,0.00020799027697648853
ZCH0268,4,NORMAL,NORMAL,7.447710959240794e-05,0.9998688697814941,5.143676844454603e-06,1.4829724932496902e-05,3.673095488920808e-05
ZCH0269,0,NORMAL,NORMAL,6.951847899472341e-05,0.9998134970664978,4.8979459279507864e-06,2.9375931262620725e-05,8.285787771455944e-05
ZCH0270,3,NORMAL,PFO,0.016079574823379517,0.05163080617785454,0.0002775020257104188,0.9314090609550476,0.0006029963842593133
ZCH0271,3,NORMAL,NORMAL,0.0005586225888691843,0.966853678226471,3.917088179150596e-05,0.02707538567483425,0.005473138764500618
ZCH0272,1,NORMAL,NORMAL,0.34816843271255493,0.6470086574554443,9.936909191310406e-05,0.0038851515855640173,0.0008383999229408801
ZCH0273,3,NORMAL,NORMAL,0.007109437137842178,0.9806085228919983,0.0014105552108958364,0.0003073347033932805,0.010564017109572887
ZCH0274,4,NORMAL,NORMAL,0.001469117822125554,0.9979056119918823,1.690761200734414e-05,0.00013182418479118496,0.0004766114871017635
ZCH0275,3,NORMAL,NORMAL,0.00030430583865381777,0.9982388019561768,0.0005320376949384809,0.0008336874307133257,9.117829176830128e-05
ZCH0276,3,NORMAL,NORMAL,0.0006228452548384666,0.9992971420288086,9.703704790808843e-07,1.0029411896539386e-06,7.814565469743684e-05
ZCH0277,3,NORMAL,NORMAL,2.3505745048169047e-05,0.9999394416809082,1.022467313305242e-05,1.9683166101458482e-06,2.481537012499757e-05
ZCH0278,2,NORMAL,NORMAL,0.00015976025315467268,0.9985013008117676,4.5003052946412936e-05,0.0005792035371996462,0.0007148253498598933
ZCH0279,4,NORMAL,NORMAL,6.112325354479253e-05,0.9996991157531738,3.729684067366179e-06,8.63221885083476e-06,0.00022753204393666238
ZCH0280,2,NORMAL,NORMAL,0.0010373815894126892,0.9930322170257568,0.0016737502301111817,0.002446389989927411,0.00181029480881989
ZCH0281,0,NORMAL,NORMAL,1.592964690644294e-05,0.9999412298202515,3.167110889989999e-06,9.544844488118542e-07,3.8643924199277535e-05
ZCH0282,1,NORMAL,NORMAL,5.274077921058051e-05,0.9998596906661987,1.009380412142491e-05,1.011505264614243e-05,6.739667878719047e-05
ZCH0283,0,NORMAL,NORMAL,6.649810075032292e-06,0.9999475479125977,2.9997219826327637e-05,6.410309651982971e-07,1.514944506197935e-05
ZCH0284,2,NORMAL,NORMAL,4.9347057938575745e-05,0.9997475743293762,2.0775758457602933e-05,7.441873458446935e-05,0.00010799131268868223
ZCH0285,3,NORMAL,NORMAL,0.0008477072115056217,0.99853515625,0.0001095036423066631,0.00022193689073901623,0.0002857261279132217
ZCH0286,3,NORMAL,NORMAL,2.563047019066289e-05,0.9999122619628906,3.2141528208740056e-05,1.2220949429320171e-05,1.7692267647362314e-05
ZCH0287,0,NORMAL,NORMAL,0.0002149175270460546,0.9991087317466736,0.00028241053223609924,0.00011317239113850519,0.0002809033903758973
ZCH0288,4,NORMAL,NORMAL,6.068446964491159e-06,0.999967098236084,2.4149392174876994e-06,1.1391455700504594e-05,1.298542701988481e-05
ZCH0289,2,NORMAL,NORMAL,0.01208460982888937,0.9855405688285828,0.0001672200596658513,0.0011158045381307602,0.001091860351152718
ZCH0290,4,NORMAL,NORMAL,0.003975905478000641,0.9959505796432495,1.4992770957178436e-05,3.2768546134320786e-06,5.519534897757694e-05
ZCH0291,3,NORMAL,NORMAL,0.061895374208688736,0.7004590630531311,0.005219693761318922,0.0017324420623481274,0.23069347441196442
ZCH0292,4,NORMAL,NORMAL,3.270786692155525e-05,0.9999325275421143,1.1386281585146207e-05,5.213179520069389e-06,1.8132572222384624e-05
ZCH0293,4,NORMAL,NORMAL,0.00018246709078084677,0.9995693564414978,3.917842695955187e-05,1.0883492905122694e-05,0.00019812981190625578
ZCH0294,2,NORMAL,NORMAL,1.4940573237254284e-05,0.9979214072227478,7.67979054216994e-06,6.067096819606377e-06,0.002049866132438183
ZCH0295,1,NORMAL,NORMAL,0.01077261008322239,0.9811726212501526,6.046690759831108e-05,0.00454889889806509,0.0034454420674592257
ZCH0296,4,NORMAL,NORMAL,0.00016979764041025192,0.9997733235359192,5.938355570833664e-06,1.5028997495392105e-06,4.936950790579431e-05
ZCH0297,0,NORMAL,NORMAL,7.925076351966709e-05,0.9998583793640137,1.4096329323365353e-05,1.5220688510453328e-05,3.2965097489068285e-05
ZCH0298,4,NORMAL,NORMAL,0.005051506217569113,0.9489880204200745,3.698932778206654e-05,0.00020438680076040328,0.045719098299741745
ZCH0299,3,NORMAL,NORMAL,0.0013190868776291609,0.9968439340591431,1.1505590009619482e-05,0.0013243143912404776,0.0005012445617467165
ZCH0300,1,NORMAL,NORMAL,0.00012047131167491898,0.9994255304336548,3.0594888812629506e-05,0.00015897344565019011,0.00026446161791682243
ZCH0301,0,NORMAL,NORMAL,0.0001473725715186447,0.9993320107460022,0.00017034652410075068,0.00019836556748487055,0.00015193108993116766
ZCH0302,2,NORMAL,NORMAL,0.006131039001047611,0.9890043139457703,2.8176402338431217e-05,0.004084637854248285,0.0007518091006204486
ZCH0303,3,NORMAL,NORMAL,3.521459802868776e-05,0.9998927116394043,2.33223781833658e-05,1.1933178939216305e-05,3.681410089484416e-05
ZCH0304,0,NORMAL,NORMAL,4.79134323541075e-05,0.9993963241577148,6.45580657874234e-05,4.1639545088401064e-05,0.0004495333705563098
ZCH0305,3,NORMAL,NORMAL,0.001690492732450366,0.9734058380126953,0.0009014846873469651,0.020631369203329086,0.0033708373084664345
ZCH0306,1,NORMAL,NORMAL,0.007549673318862915,0.9875562787055969,0.0021984896156936884,3.812458453467116e-05,0.0026573899667710066
ZCH0307,4,NORMAL,NORMAL,0.003984030336141586,0.9955275654792786,6.401132850442082e-05,5.582603262155317e-05,0.00036865039146505296
ZCH0308,1,NORMAL,NORMAL,6.15659446339123e-05,0.9997583031654358,1.5474715837626718e-05,2.9834072847734205e-05,0.00013484199007507414
ZCH0309,2,NORMAL,NORMAL,3.615409877966158e-05,0.9996510744094849,9.012217196868733e-05,9.92638524621725e-06,0.00021277432097122073
ZCH0310,4,NORMAL,NORMAL,4.1518342186464e-05,0.9999420642852783,5.619933176603809e-07,1.209205947816372e-05,3.863026904582512e-06
ZCH0311,4,NORMAL,NORMAL,5.740760752814822e-05,0.9998277425765991,3.592907887650654e-05,6.9512112531811e-05,9.473687896388583e-06
ZCH0312,1,NORMAL,NORMAL,0.0019281611312180758,0.9919230341911316,0.0019392656395211816,0.0008147532353177667,0.0033948440104722977
ZCH0313,3,NORMAL,NORMAL,0.012944475747644901,0.9860109090805054,2.603515167720616e-05,0.00023211253574118018,0.0007864241488277912
ZCH0314,2,NORMAL,NORMAL,0.001727210241369903,0.9971718192100525,5.402096576290205e-05,0.0009627161780372262,8.433784387307242e-05
ZCH0315,2,NORMAL,NORMAL,2.749011036939919e-05,0.999580442905426,4.462493598111905e-05,9.12458654056536e-06,0.0003383341245353222
ZCH0316,3,NORMAL,NORMAL,0.00016463873907923698,0.9995878338813782,5.764077286585234e-05,9.260787919629365e-05,9.724631672725081e-05
ZCH0317,4,NORMAL,NORMAL,4.087986599188298e-05,0.9996336698532104,3.284338163211942e-05,0.00011592204100452363,0.00017658021533861756
ZCH0318,1,NORMAL,NORMAL,0.00014739733887836337,0.9992074370384216,4.102889579371549e-05,0.00020625028992071748,0.0003980184264946729
ZCH0319,2,NORMAL,NORMAL,0.00029243240715004504,0.9996116757392883,6.006867351970868e-06,4.2690066948125605e-06,8.573482773499563e-05
ZCH0320,1,NORMAL,NORMAL,0.00038588535971939564,0.9554243683815002,5.040824180468917e-05,8.162152516888455e-05,0.04405759647488594
ZCH0321,2,NORMAL,NORMAL,6.140105028862308e-07,0.9999736547470093,1.9289648207632126e-06,7.755623300909065e-06,1.605946999916341e-05
ZCH0322,0,NORMAL,NORMAL,0.00016047712415456772,0.9993983507156372,4.295653707231395e-05,2.851812678272836e-05,0.0003697082574944943
ZCH0323,3,NORMAL,NORMAL,0.0005840584635734558,0.9986438155174255,1.0878186003537849e-05,1.6856001820997335e-05,0.0007444416405633092
ZCH0324,4,NORMAL,NORMAL,0.008323213085532188,0.9915164709091187,4.0861314118956216e-06,1.80913536951266e-06,0.0001543101534480229
ZCH0325,2,NORMAL,NORMAL,0.0029567594174295664,0.995416522026062,3.85591592930723e-05,0.00022104085655882955,0.001367056043818593
ZCH0326,3,NORMAL,NORMAL,0.009176917374134064,0.9905737042427063,1.462271211494226e-05,3.3918586268555373e-06,0.00023137331299949437
ZCH0327,3,NORMAL,NORMAL,3.937600467907032e-06,0.9998584985733032,2.5748377083800733e-05,0.00010051894787466154,1.1302657185296994e-05
ZCH0328,2,NORMAL,NORMAL,0.003368979785591364,0.9899669885635376,0.00017829958233051002,0.006017133593559265,0.0004686427128035575
ZCH0329,2,NORMAL,NORMAL,0.003129397053271532,0.9840608239173889,0.00019480110495351255,0.0001503911626059562,0.012464555911719799
ZCH0330,3,NORMAL,NORMAL,9.558111923979595e-05,0.9990295171737671,5.987175245536491e-05,9.976278670364991e-05,0.0007152000325731933
ZCH0331,2,NORMAL,NORMAL,0.11372105032205582,0.8710083365440369,0.0010312743252143264,0.0036731453146785498,0.010566191747784615
ZCH0332,4,NORMAL,NORMAL,1.1954156434512697e-05,0.9999562501907349,3.233008555980632e-06,1.3165233212930616e-05,1.5484942196053453e-05
ZCH0333,2,NORMAL,NORMAL,3.531907350406982e-05,0.9987302422523499,0.00044255368993617594,2.0227669210726162e-06,0.0007898518233560026
ZCH0334,1,NORMAL,NORMAL,0.0004604696878232062,0.9988631010055542,0.00011363615340087563,7.424320938298479e-05,0.0004885971429757774
ZCH0335,2,NORMAL,PFO,0.038425445556640625,0.21271441876888275,0.0006098159938119352,0.7478622794151306,0.00038810589467175305
ZCH0336,2,NORMAL,NORMAL,0.10054308921098709,0.8523314595222473,0.003665235824882984,0.002287559909746051,0.041172564029693604
ZCH0337,2,NORMAL,NORMAL,0.0018918985733762383,0.9962601661682129,1.0643050700309686e-05,0.001003131503239274,0.0008342398214153945
ZCH0338,1,NORMAL,NORMAL,7.686753815505654e-05,0.9998835325241089,3.1029210276756203e-06,7.424025170621462e-06,2.913561365858186e-05
ZCH0339,1,NORMAL,NORMAL,0.003277827752754092,0.9963721036911011,3.0344881452037953e-05,0.00011091337364632636,0.00020879684598185122
ZCH0340,2,NORMAL,NORMAL,0.08043120801448822,0.8769453167915344,0.006624190136790276,0.030126435682177544,0.005872844718396664
ZCH0341,0,NORMAL,NORMAL,1.3751709047937766e-05,0.9950597286224365,8.293222344946116e-05,0.004629708826541901,0.000213856968912296
ZCH0342,1,NORMAL,NORMAL,0.0001478104095440358,0.9996252059936523,2.95686495519476e-05,3.0407487429329194e-05,0.0001671008940320462
ZCH0343,1,NORMAL,NORMAL,0.036612387746572495,0.9608326554298401,5.1614653784781694e-05,1.4675117199658416e-05,0.00248857494443655
ZCH0344,2,NORMAL,NORMAL,0.004645004868507385,0.994877278804779,3.8789778045611456e-05,6.845679308753461e-06,0.0004321011365391314
ZCH0345,1,NORMAL,NORMAL,1.138915558840381e-05,0.9999043941497803,1.9415545011725044e-06,3.2462494345963933e-06,7.901404751464725e-05
ZCH0346,2,NORMAL,NORMAL,2.0658719222410582e-05,0.9981605410575867,1.0926944014499895e-05,1.007023274723906e-05,0.001797758275642991
ZCH0347,3,NORMAL,NORMAL,0.0007585059502162039,0.9989343285560608,2.5654640012362506e-06,0.000135822658194229,0.00016857055015861988
ZCH0348,4,NORMAL,NORMAL,0.0018015244277194142,0.9976294636726379,0.0003488551592454314,2.3691365640843287e-05,0.0001965740812011063
ZCH0349,0,NORMAL,NORMAL,0.00011068700405303389,0.9989529848098755,8.880795940058306e-05,0.0002731689892243594,0.0005743647343479097
ZCH0350,2,NORMAL,PFO,0.11181657761335373,0.2864336371421814,0.011077649891376495,0.5897769927978516,0.000895145523827523
ZCH0351,4,NORMAL,NORMAL,0.00011485761206131428,0.9997654557228088,3.2163756259251386e-05,1.7891894458443858e-05,6.960801692912355e-05
ZCH0352,2,NORMAL,NORMAL,0.002797436434775591,0.9774052500724792,0.005445025395601988,0.0002263776696054265,0.014125962741672993
ZCH0353,3,NORMAL,NORMAL,0.1726260483264923,0.44752389192581177,0.004089876543730497,0.00036264731897972524,0.3753974735736847
ZCH0354,0,NORMAL,NORMAL,0.0003099881287198514,0.9982182383537292,1.4701617146783974e-05,2.856982064258773e-05,0.0014284298522397876
ZCH0355,4,NORMAL,NORMAL,0.00022354793327394873,0.9997474551200867,7.137876991691883e-07,1.2235382200742606e-06,2.7093359676655382e-05
ZCH0356,1,NORMAL,NORMAL,2.478209717082791e-05,0.9981788396835327,0.0003235209733247757,5.212308678892441e-05,0.001420813612639904
ZCH0357,4,NORMAL,NORMAL,0.003722405293956399,0.992914080619812,0.0002136371476808563,3.7782992876600474e-05,0.0031120728235691786
ZCH0358,0,NORMAL,NORMAL,0.0003313198103569448,0.9987180233001709,8.839664951665327e-05,0.0008017889340408146,6.0503942222567275e-05
ZCH0359,3,NORMAL,NORMAL,0.01074137445539236,0.9297658801078796,0.01158569660037756,0.01902363821864128,0.028883418068289757
ZCH0360,3,NORMAL,NORMAL,0.00013758506975136697,0.9997450709342957,2.872197910619434e-05,4.071795774507336e-05,4.795817949343473e-05
ZCH0361,4,NORMAL,NORMAL,2.9384058507275768e-05,0.9998887777328491,5.7380842918064445e-05,6.088445388741093e-06,1.840358345361892e-05
ZCH0362,2,NORMAL,NORMAL,0.0038149903994053602,0.9945483803749084,1.461872579966439e-05,0.000588031078223139,0.0010339492000639439
ZCH0363,1,NORMAL,NORMAL,2.2090131096774712e-05,0.9998514652252197,1.955568677658448e-06,4.055013050674461e-06,0.00012052174133714288
ZCH0364,3,NORMAL,NORMAL,0.0044898646883666515,0.9932510256767273,2.4745153496041894e-05,0.001948841381818056,0.0002854764461517334
ZCH0365,0,NORMAL,NORMAL,3.358587855473161e-05,0.9997789263725281,0.00011306106898700818,5.7212828323827125e-06,6.865515751997009e-05
ZCH0366,2,NORMAL,NORMAL,0.006760729011148214,0.990835428237915,4.67039571958594e-05,0.001262095756828785,0.0010950141586363316
ZCH0367,4,NORMAL,NORMAL,7.718931010458618e-05,0.9996817111968994,5.585373946814798e-05,6.720761120959651e-07,0.0001845182996476069
ZCH0368,4,NORMAL,NORMAL,2.045872315648012e-05,0.9999387264251709,2.9559773793153e-06,2.8360276701278053e-05,9.447598131373525e-06
ZCH0369,4,NORMAL,NORMAL,0.0010752615053206682,0.9984404444694519,0.00038051209412515163,6.622049113502726e-06,9.714219777379185e-05
ZCH0370,1,NORMAL,NORMAL,3.852723239106126e-05,0.9998695850372314,9.926197890308686e-06,1.4361469766299706e-05,6.77151620038785e-05
ZCH0371,2,NORMAL,NORMAL,0.015540959313511848,0.9728291034698486,0.00014573938096873462,0.0009745938587002456,0.010509620420634747
ZCH0372,1,NORMAL,NORMAL,0.0005429507582448423,0.9989970326423645,4.946187800669577e-06,5.130556019139476e-05,0.00040376713150180876
ZCH0373,0,NORMAL,NORMAL,0.00039121138979680836,0.9874196648597717,1.8094426195602864e-05,1.7582666259841062e-05,0.01215336937457323
ZCH0374,4,NORMAL,NORMAL,4.971760426997207e-05,0.999657392501831,0.0001906010729726404,3.341950286994688e-05,6.89867083565332e-05
ZCH0375,2,NORMAL,NORMAL,0.27728793025016785,0.3779383599758148,0.0661856159567833,0.12081959843635559,0.15776856243610382
ZCH0376,4,NORMAL,NORMAL,0.0007425384828820825,0.9988414645195007,1.971285746549256e-05,2.1611317606584635e-06,0.00039412311161868274
ZCH0377,3,NORMAL,NORMAL,0.0005928319878876209,0.9987431168556213,3.501480023260228e-05,0.0005629887455143034,6.612415018025786e-05
ZCH0378,3,NORMAL,NORMAL,0.00015942186291795224,0.9996193647384644,9.955206769518554e-05,9.367025995743461e-06,0.00011225042544538155
ZCH0379,1,NORMAL,NORMAL,0.013493667356669903,0.9841673970222473,2.3476959540857933e-05,0.00028768100310117006,0.002027773065492511
ZCH0380,4,NORMAL,NORMAL,0.00012253828754182905,0.9998403787612915,1.942304379554116e-06,2.1701998775824904e-05,1.3482394024322275e-05
ZCH0381,3,NORMAL,NORMAL,0.00013757863780483603,0.9995296001434326,3.1239706004271284e-05,5.43110363651067e-05,0.0002472658234182745
ZCH0382,4,NORMAL,NORMAL,0.00015266044647432864,0.9988466501235962,0.00011516866652527824,3.509881207719445e-05,0.000850396347232163
ZCH0383,3,NORMAL,NORMAL,0.00024243224470410496,0.9979096055030823,0.00015855379751883447,0.0002715265436563641,0.0014177676057443023
ZCH0384,1,NORMAL,NORMAL,2.6819443519343622e-05,0.9954726099967957,0.003575987182557583,3.104598363279365e-05,0.0008934061042964458
ZCH0385,2,NORMAL,NORMAL,0.016804106533527374,0.9751467108726501,0.00016462420171592385,0.007192979566752911,0.0006915141129866242
ZCH0386,0,NORMAL,NORMAL,5.5532154874526896e-06,0.9998836517333984,4.3520834879018366e-05,6.109655714681139e-06,6.114555435488e-05
ZCH0387,4,NORMAL,NORMAL,4.311770317144692e-05,0.9997794032096863,9.194504673359916e-05,2.076291093544569e-05,6.484874029411003e-05
ZCH0388,0,NORMAL,NORMAL,8.551646169507876e-05,0.9997193217277527,3.0109533327049576e-05,2.7225885787629522e-05,0.00013779030996374786
ZCH0389,4,NORMAL,NORMAL,5.2944878916605376e-06,0.9999078512191772,5.223797415965237e-05,8.665342647873331e-06,2.600169500510674e-05
ZCH0390,3,NORMAL,NORMAL,0.001017110189422965,0.9977700710296631,1.9201434042770416e-06,1.26203267427627e-05,0.0011983874719589949
ZCH0391,3,NORMAL,NORMAL,0.001367969554848969,0.9958314299583435,5.151097502675839e-05,8.672567491885275e-05,0.0026624032761901617
ZCH0392,0,NORMAL,NORMAL,0.0007506709662266076,0.9961562752723694,0.00019691544002853334,0.00020509856403805315,0.0026911881286650896
ZCH0393,2,NORMAL,NORMAL,0.0004058366466779262,0.999340832233429,8.0048002928379e-06,4.628759597835597e-06,0.00024069380015134811
ZCH0394,4,NORMAL,NORMAL,7.107669080141932e-05,0.9998512268066406,5.591216449829517e-06,1.1461988833616488e-05,6.0633334214799106e-05
ZCH0395,0,NORMAL,NORMAL,0.07535671442747116,0.49691224098205566,0.02112029492855072,0.004287321120500565,0.4023234248161316
ZCH0396,1,NORMAL,NORMAL,7.638825627509505e-05,0.9995980858802795,2.0525278159766458e-05,3.286374339950271e-05,0.0002721449709497392
ZCH0397,0,NORMAL,NORMAL,0.0006871761870570481,0.9988648891448975,0.00010273289808537811,0.00020939827663823962,0.00013575455523096025
ZCH0398,1,NORMAL,NORMAL,0.007034110836684704,0.9911262392997742,3.947216464439407e-05,0.0002178163267672062,0.0015822367276996374
ZCH0399,1,NORMAL,NORMAL,4.831026308238506e-05,0.9996278285980225,1.4549484149029013e-05,9.083396435016766e-06,0.00030030772904865444
ZCH0400,3,NORMAL,NORMAL,0.0005652605905197561,0.9978541731834412,0.0010409323731437325,4.3201205699006096e-05,0.0004963491228409111
ZCH0401,4,NORMAL,NORMAL,0.00039696431485936046,0.999423623085022,5.65551636100281e-05,5.293467893352499e-06,0.00011756157618947327
ZCH0402,3,NORMAL,NORMAL,0.002656501019373536,0.9961504936218262,5.316749957273714e-05,3.5028344427701086e-05,0.0011048299493268132
ZCH0403,2,NORMAL,ASD,0.4615950286388397,0.3507826328277588,0.025550683960318565,0.07127765566110611,0.09079404920339584
ZCH0404,0,NORMAL,NORMAL,0.000170221203006804,0.9997240900993347,4.064909080625512e-05,1.2437524674169254e-05,5.2675266488222405e-05
ZCH0405,1,NORMAL,NORMAL,1.2325466741458513e-05,0.9991406202316284,2.061095801764168e-05,6.262759143282892e-06,0.0008201292948797345
ZCH0406,1,NORMAL,NORMAL,0.09222180396318436,0.8701968789100647,0.0039592403918504715,0.0013354485854506493,0.03228650987148285
ZCH0407,3,NORMAL,NORMAL,0.0026423807721585035,0.9956680536270142,6.956473225727677e-05,7.010711851762608e-05,0.0015499447472393513
ZCH0408,0,NORMAL,NORMAL,0.00020975132065359503,0.9997257590293884,1.1477141924842726e-05,1.0445952284499072e-05,4.256381362210959e-05
ZCH0409,2,NORMAL,NORMAL,0.004384429194033146,0.9681059718132019,0.0010789898224174976,0.01626812294125557,0.010162511840462685
ZCH0410,1,NORMAL,NORMAL,4.117795469937846e-05,0.9992507100105286,3.8741956814192235e-05,1.1933139830944128e-05,0.0006573973805643618
ZCH0411,0,NORMAL,NORMAL,0.31875893473625183,0.3540690541267395,2.56051334872609e-05,0.3259854316711426,0.0011609741486608982
ZCH0412,2,NORMAL,NORMAL,0.07052166014909744,0.9210066795349121,0.00027919752756133676,8.88310169102624e-05,0.008103706873953342
ZCH0413,3,NORMAL,NORMAL,0.0011729348916560411,0.9983357787132263,0.0001207873210660182,5.6438839237671345e-05,0.00031404124456457794
ZCH0414,0,NORMAL,NORMAL,0.00022261172125581652,0.998369038105011,0.00013562118692789227,0.0001350478851236403,0.0011377107584849
ZCH0415,1,NORMAL,NORMAL,0.0006387761095538735,0.9977299571037292,0.0004637054225895554,6.948676309548318e-05,0.0010980728548020124
ZCH0416,2,NORMAL,NORMAL,0.0005419322405941784,0.9993587136268616,5.8406776588526554e-06,1.7449670849600807e-05,7.609058957314119e-05
ZCH0417,0,NORMAL,NORMAL,0.00045523943845182657,0.9994006156921387,1.082216840586625e-05,2.380928344791755e-05,0.00010950535943266004
ZCH0418,4,NORMAL,NORMAL,0.0017402368830516934,0.997986912727356,9.526045323582366e-05,0.00014409683353733271,3.343509524711408e-05
ZCH0419,4,NORMAL,NORMAL,1.00798970379401e-05,0.9999735355377197,4.7279382897613687e-07,4.627103407983668e-06,1.126266761275474e-05
ZCH0420,2,NORMAL,NORMAL,0.0013622588012367487,0.9945871829986572,0.0003851728106383234,7.150343299144879e-05,0.0035938124638050795
ZCH0421,1,NORMAL,NORMAL,0.01094076782464981,0.9823824763298035,0.0006122998893260956,0.0033982766326516867,0.002666268264874816
ZCH0422,0,NORMAL,NORMAL,0.019763033837080002,0.8084303736686707,0.02003135345876217,0.0003419123822823167,0.15143337845802307
ZCH0423,1,NORMAL,NORMAL,1.0110361472470686e-05,0.9892450571060181,0.0001728203205857426,7.232436473714188e-06,0.010564890690147877
ZCH0424,2,NORMAL,NORMAL,0.01772979460656643,0.9755207300186157,0.004714118782430887,5.8454392274143174e-05,0.0019769843202084303
ZCH0425,0,NORMAL,NORMAL,0.005179649218916893,0.9930222630500793,1.2755319403368048e-05,0.0001240703568328172,0.001661263289861381
ZCH0426,1,NORMAL,NORMAL,6.835097883595154e-05,0.9930936098098755,0.00011471759353298694,1.8536353309173137e-05,0.006704736966639757
ZCH0427,3,NORMAL,NORMAL,0.000287448288872838,0.9983286261558533,0.0004867520765401423,0.00016099849017336965,0.0007361971074715257
ZCH0428,3,NORMAL,NORMAL,0.0011087371967732906,0.9987547397613525,9.006033360492438e-05,1.1107595128123648e-05,3.5536209907149896e-05
ZCH0429,1,NORMAL,NORMAL,0.0006678914069198072,0.9974305033683777,8.717356831766665e-05,0.00039760113577358425,0.0014168539782986045
ZCH0430,4,NORMAL,NORMAL,0.0001176848090835847,0.9995689988136292,2.533338738430757e-05,3.925723376596579e-06,0.0002839149674400687
ZCH0431,0,NORMAL,NORMAL,0.2970943748950958,0.6762557625770569,0.0030012386851012707,0.01692190393805504,0.006726639810949564
ZCH0432,1,NORMAL,NORMAL,0.00014570080384146422,0.9996886253356934,1.321578019997105e-05,5.932067779212957e-06,0.00014645879855379462
ZCH0433,4,NORMAL,NORMAL,6.129859684733674e-05,0.999474823474884,5.320213858794887e-06,6.464358739322051e-05,0.0003938682784792036
ZCH0434,0,NORMAL,NORMAL,0.002538899192586541,0.991177499294281,7.234617078211159e-05,0.0011850814335048199,0.005026183556765318
ZCH0435,2,NORMAL,NORMAL,0.006530974060297012,0.9647659659385681,0.0019208602607250214,7.001051562838256e-05,0.026712169870734215
ZCH0436,2,NORMAL,NORMAL,0.0059552425518631935,0.7213166952133179,0.025568397715687752,0.00013688132457900792,0.24702276289463043
ZCH0437,3,NORMAL,NORMAL,2.7433432478574105e-05,0.9996880292892456,9.996301741921343e-06,0.00019607577996794134,7.852112321415916e-05
ZCH0438,4,NORMAL,NORMAL,0.00039282161742448807,0.9992274045944214,1.1082267519668676e-05,3.1919531465973705e-05,0.0003367038443684578
ZCH0439,2,NORMAL,NORMAL,0.028699319809675217,0.9610358476638794,0.0007141276146285236,0.00907154195010662,0.0004791992250829935
ZCH0440,1,NORMAL,NORMAL,0.00023220844741445035,0.9995089769363403,1.078712102753343e-05,7.906625796749722e-06,0.00024008845502976328
ZCH0441,2,NORMAL,NORMAL,0.00037872116081416607,0.9994179010391235,4.040032763441559e-06,7.471771095879376e-05,0.0001245970488525927
ZCH0442,3,NORMAL,NORMAL,0.0030798804946243763,0.9766338467597961,0.007549158297479153,0.00022077691392041743,0.01251637190580368
ZCH0443,0,NORMAL,PDA,0.17259854078292847,0.0985378697514534,0.5860117673873901,0.012574924156069756,0.1302768886089325
ZCH0444,0,NORMAL,NORMAL,0.0063698855228722095,0.7833397388458252,0.031581275165081024,0.0013201093534007668,0.17738892138004303
ZCH0445,0,NORMAL,NORMAL,6.522728654090315e-05,0.9998719692230225,1.4058177839615382e-05,2.545008783272351e-06,4.622881897375919e-05
ZCH0446,0,NORMAL,NORMAL,0.0004526014090515673,0.9994063377380371,1.0126513188879471e-05,8.04399824119173e-05,5.046524165663868e-05
ZCH0447,0,NORMAL,NORMAL,0.019043996930122375,0.9808246493339539,1.9518798580975272e-05,3.9763592212693766e-05,7.206432201201096e-05
ZCH0448,2,NORMAL,NORMAL,0.00989859364926815,0.9882578253746033,0.00022520747734233737,0.001602495787665248,1.5890458598732948e-05
ZCH0449,0,NORMAL,NORMAL,0.00026482995599508286,0.9989857077598572,6.733834743499756e-05,0.0004638273094315082,0.00021830904006492347
ZCH0450,4,NORMAL,NORMAL,0.004482724238187075,0.96240234375,9.720205525809433e-06,2.967676118714735e-05,0.03307540342211723
ZCH0451,0,NORMAL,NORMAL,0.00028718585963360965,0.9995768666267395,1.2204878657939844e-05,5.762260843766853e-05,6.613487494178116e-05
ZCH0452,2,NORMAL,NORMAL,0.012205644510686398,0.9835747480392456,5.49530923308339e-05,0.0005515756784006953,0.0036130626685917377
ZCH0453,0,NORMAL,NORMAL,2.7341075110598467e-05,0.9999501705169678,5.306743332766928e-06,6.705099053760932e-07,1.6470556147396564e-05
ZCH0454,0,NORMAL,NORMAL,0.004596230108290911,0.9936155080795288,4.9189220590051264e-05,0.00019208868616260588,0.0015469391364604235
ZCH0455,3,NORMAL,NORMAL,0.0024759976658970118,0.9312175512313843,0.0019115973263978958,0.0017623774474486709,0.06263246387243271
ZCH0456,1,NORMAL,NORMAL,0.004306376911699772,0.9931933283805847,1.654337211220991e-05,0.00013156379282008857,0.002352201147004962
ZCH0457,4,NORMAL,NORMAL,0.00011608383647399023,0.9986470341682434,1.9832858015433885e-05,0.000333715055603534,0.0008832919411361217
ZCH0458,4,NORMAL,NORMAL,0.0004702122532762587,0.9979478716850281,7.212015043478459e-05,0.00020301016047596931,0.0013068210100755095
ZCH0459,3,NORMAL,NORMAL,7.766853741486557e-06,0.9999595880508423,5.331924057827564e-06,1.970487028302159e-05,7.67884193919599e-06
ZCH0460,1,NORMAL,NORMAL,0.00010257964459015056,0.9998918771743774,2.0998791114834603e-06,4.017857975213701e-07,3.021419161086669e-06
ZCH0461,4,NORMAL,NORMAL,4.885283124167472e-05,0.9998050332069397,7.213676144601777e-05,1.9623723346740007e-05,5.435580533230677e-05
ZCH0462,1,NORMAL,NORMAL,0.004743293393403292,0.9696438312530518,9.441480506211519e-05,0.0010601881658658385,0.02445826306939125
ZCH0463,0,NORMAL,NORMAL,0.00012972051627002656,0.9994196891784668,4.5214917918201536e-05,3.803214349318296e-05,0.00036736292531713843
ZCH0464,2,NORMAL,NORMAL,0.010013197548687458,0.9885562062263489,0.000268007192062214,0.00021949065558146685,0.0009430673671886325
ZCH0465,0,NORMAL,NORMAL,0.00017119882977567613,0.9996821880340576,3.948715311707929e-05,9.398342626809608e-06,9.77146701188758e-05
ZCH0466,4,NORMAL,NORMAL,1.9319657440064475e-05,0.9999444484710693,1.2129012247896753e-05,5.619654984911904e-06,1.846938357630279e-05
ZCH0467,1,NORMAL,NORMAL,4.3673684558598325e-05,0.999909520149231,7.004629878792912e-06,1.121000968851149e-05,2.8574049792950973e-05
ZCH0468,2,NORMAL,NORMAL,2.1478503185790032e-05,0.9994335770606995,5.798171969217947e-07,1.6352532838936895e-05,0.000528015021700412
ZCH0469,4,NORMAL,NORMAL,0.30913081765174866,0.4471921920776367,0.000193797517567873,0.24195200204849243,0.0015312168980017304
ZCH0470,0,NORMAL,NORMAL,0.004158531315624714,0.73947674036026,0.0005248975357972085,0.0003680995723698288,0.25547176599502563
ZCH0471,2,NORMAL,NORMAL,3.1789745662536006e-06,0.9999712705612183,2.8723229661409277e-06,1.0695499241819562e-07,2.2557242118637078e-05
ZCH0472,2,NORMAL,NORMAL,0.1087578609585762,0.5303704738616943,0.003500439925119281,0.354183167219162,0.003188028931617737
ZCH0473,2,NORMAL,NORMAL,2.2538926280901705e-10,0.9999997615814209,2.0493302610447017e-09,3.2836535268643274e-08,2.3044272268180066e-07
ZCH0474,1,NORMAL,NORMAL,3.819997436949052e-05,0.9999374151229858,1.2993087921131519e-06,2.33963010032312e-06,2.0746852896991186e-05
ZCH0475,0,NORMAL,NORMAL,3.329720493638888e-05,0.9998650550842285,9.903876161843073e-06,7.118760095181642e-06,8.461185643682256e-05
ZCH0476,3,NORMAL,NORMAL,0.0006141006015241146,0.9992916584014893,2.164712714147754e-05,4.8835252528078854e-05,2.364689134992659e-05
ZCH0477,2,NORMAL,PFO,0.03163578361272812,0.3469223082065582,0.006113649811595678,0.6136688590049744,0.0016594651388004422
ZCH0478,2,NORMAL,NORMAL,1.1542918400664348e-05,0.9999539852142334,4.218124558974523e-06,3.3299891128990566e-06,2.6896586859948002e-05
ZCH0479,1,NORMAL,NORMAL,2.059330654446967e-05,0.9999732971191406,2.2028139028407168e-06,7.308818794626859e-07,3.2259335966955405e-06
ZCH0480,1,NORMAL,NORMAL,0.000567993673030287,0.9990856647491455,1.2777652045770083e-05,0.00016349327052012086,0.0001700445282040164
ZCH0481,1,NORMAL,NORMAL,0.00012334912025835365,0.9996540546417236,7.291578640433727e-06,2.1683679733541794e-05,0.00019360471924301237
ZCH0482,1,NORMAL,NORMAL,3.331264451844618e-05,0.9996067881584167,8.755531780479942e-06,7.132729660952464e-05,0.00027976464480161667
ZCH0483,3,NORMAL,NORMAL,3.449354335316457e-05,0.9998434782028198,9.090909770748112e-06,2.930121627287008e-05,8.368724229512736e-05
ZCH0484,0,NORMAL,NORMAL,0.000179686292540282,0.9997321963310242,2.1649493646691553e-06,6.304875910245755e-07,8.538457768736407e-05
ZCH0485,2,NORMAL,NORMAL,0.004237168934196234,0.9579148888587952,0.00034349961788393557,0.03679320961236954,0.0007111923769116402
ZCH0486,2,NORMAL,NORMAL,0.00638016639277339,0.9826002717018127,0.00041468633571639657,0.0010233842767775059,0.009581546299159527
ZCH0487,2,NORMAL,NORMAL,4.375995104055619e-06,0.9995583891868591,8.893302947399206e-06,3.961160473409109e-06,0.0004243053263053298
ZCH0488,1,NORMAL,NORMAL,0.00033072306541725993,0.9986806511878967,0.00011694525164784864,0.0001049250568030402,0.0007667855243198574
ZCH0489,4,NORMAL,NORMAL,0.0005654034903272986,0.9992627501487732,7.87564495112747e-05,5.0049711717292666e-05,4.3086049117846414e-05
ZCH0490,3,NORMAL,NORMAL,5.267230517347343e-05,0.9996678829193115,1.5766332580824383e-05,6.276975909713656e-05,0.0002009258751058951
ZCH0491,4,NORMAL,NORMAL,3.236358679714613e-05,0.9999145269393921,3.5873629258276196e-06,4.150128734181635e-05,7.93968683865387e-06
ZCH0492,2,NORMAL,NORMAL,0.05892239138484001,0.9182177782058716,0.0006726382416673005,8.989338675746694e-05,0.0220973938703537
ZCH0493,3,NORMAL,NORMAL,0.03326603025197983,0.9642066955566406,1.1956216440012213e-05,0.0005562790902331471,0.0019589655566960573
ZCH0494,1,NORMAL,NORMAL,0.00011968841135967523,0.9870544075965881,2.1239731722744182e-05,4.0590803109807894e-05,0.012764005921781063
ZCH0495,1,NORMAL,NORMAL,3.1283612770494074e-05,0.9997246861457825,3.1009103622636758e-06,1.821971090976149e-05,0.0002227250806754455
ZCH0496,0,NORMAL,NORMAL,0.0003431004879530519,0.9994617104530334,1.7552200006321073e-05,8.655357305542566e-06,0.00016900314949452877
ZCH0497,0,NORMAL,NORMAL,0.00011645817721728235,0.9998190999031067,1.0217077033303212e-05,3.6541316603688756e-06,5.058574606664479e-05
ZCH0498,3,NORMAL,NORMAL,0.016576070338487625,0.9737136960029602,9.189362026518211e-05,0.0006278095534071326,0.008990375325083733
ZCH0499,3,NORMAL,NORMAL,0.009622769430279732,0.936119794845581,0.00042422814294695854,0.0029514729976654053,0.050881706178188324
ZCH0500,3,NORMAL,NORMAL,0.00016215963114518672,0.9951617121696472,0.0003593728761188686,0.0008422632818110287,0.0034745053853839636
ZCH0501,0,NORMAL,NORMAL,0.00124654034152627,0.9985761642456055,6.73360091241193e-06,4.1112926396635885e-07,0.00017014854529406875
ZCH0502,2,NORMAL,NORMAL,1.1952097338507883e-06,0.9999457597732544,2.3164775484474376e-06,5.921626325289253e-06,4.484538294491358e-05
ZCH0503,0,NORMAL,NORMAL,6.448615295084892e-06,0.9989198446273804,0.00010488754924153909,4.80711889849772e-07,0.0009683269890956581
ZCH0504,3,NORMAL,NORMAL,9.818060789257288e-05,0.9990131855010986,1.6201385733438656e-05,6.071774259908125e-05,0.0008117423858493567
ZCH0505,0,NORMAL,NORMAL,0.0461273267865181,0.950823187828064,7.107236888259649e-05,5.363340096664615e-05,0.0029247987549751997
ZCH0506,3,NORMAL,NORMAL,2.840663364622742e-05,0.9996066689491272,8.416680066147819e-05,0.0001057320405379869,0.00017517626110929996
ZCH0507,1,NORMAL,NORMAL,0.00027300891815684736,0.9995966553688049,6.375262728397502e-06,8.372436423087493e-05,4.0192964661400765e-05
ZCH0508,3,NORMAL,NORMAL,0.00016880793555174023,0.9984443783760071,0.0002733654691837728,0.0010015183361247182,0.00011194485705345869
ZCH0509,1,NORMAL,NORMAL,6.0368183767423034e-05,0.9996868371963501,6.1123582781874575e-06,3.91248340747552e-06,0.00024280170327983797
ZCH0510,1,NORMAL,NORMAL,0.00011952668137382716,0.9986363053321838,0.00041220217826776206,2.631832285260316e-05,0.0008055992657318711
ZCH0511,3,NORMAL,NORMAL,0.00026265025371685624,0.5726355314254761,1.1883332717843587e-06,0.00023420131765305996,0.42686641216278076
ZCH0512,3,NORMAL,NORMAL,0.023023875430226326,0.9741436243057251,2.23690894927131e-05,0.0005815848126076162,0.002228459343314171
ZCH0513,2,NORMAL,NORMAL,4.695701863965951e-05,0.9999239444732666,4.831413662031991e-06,5.175708338356344e-06,1.9113826056127436e-05
ZCH0514,2,NORMAL,NORMAL,2.9353563490985835e-07,0.9999452829360962,9.797247457754565e-07,2.6891416382568423e-06,5.080812479718588e-05
ZCH0515,3,NORMAL,NORMAL,8.657952275825664e-05,0.9994157552719116,4.816652290173806e-05,0.0002871757315006107,0.00016236587543971837
ZCH0516,2,NORMAL,PFO,0.08079405874013901,0.25334250926971436,0.0164920873939991,0.5720832943916321,0.07728803157806396
ZCH0517,1,NORMAL,NORMAL,2.0711846445919946e-05,0.9999290704727173,2.294087380505516e-06,1.0643406085364404e-06,4.68905818706844e-05
ZCH0518,1,NORMAL,NORMAL,0.005463102366775274,0.9659291505813599,0.00030615823925472796,0.026587234809994698,0.0017143607838079333
ZCH0519,3,NORMAL,NORMAL,7.787386130075902e-05,0.9994055032730103,7.723568160145078e-06,0.0002924170112237334,0.00021650080452673137
ZCH0520,3,NORMAL,NORMAL,0.0016938182525336742,0.9595475196838379,0.00015225575771182775,0.0012285662814974785,0.03737791255116463
ZCH0521,3,NORMAL,NORMAL,0.0004981887177564204,0.9984264373779297,4.94913911097683e-05,0.0005938924150541425,0.0004319174331612885
ZCH0522,3,NORMAL,NORMAL,8.859315857989714e-05,0.9673874974250793,0.005199577659368515,0.0016298979753628373,0.025694305077195168
ZCH0523,0,NORMAL,NORMAL,0.00035261522862128913,0.9984617233276367,5.1359456847421825e-05,0.0006777372327633202,0.00045656351721845567
ZCH0524,3,NORMAL,NORMAL,0.04244300723075867,0.9172372817993164,2.776659675873816e-05,0.0010164749110117555,0.03927554935216904
ZCH0525,0,NORMAL,NORMAL,0.022357653826475143,0.9132465720176697,0.00031135170138441026,0.04424882307648659,0.019835589453577995
ZCH0526,1,NORMAL,NORMAL,0.004292949102818966,0.9919832348823547,0.000164519326062873,0.00032369542168453336,0.003235605312511325
ZCH0527,1,NORMAL,NORMAL,0.034777164459228516,0.9503700137138367,0.001463633612729609,0.0006497096037492156,0.012739495374262333
ZCH0528,3,NORMAL,NORMAL,0.008626995608210564,0.7565581798553467,0.0002967705368064344,5.5448075727326795e-05,0.23446254432201385
ZCH0529,2,NORMAL,ASD,0.512679398059845,0.1727694869041443,0.0026627429760992527,0.2229316532611847,0.08895670622587204
ZCH0530,2,NORMAL,NORMAL,0.19084933400154114,0.7995065450668335,0.0008115382515825331,0.002807519631460309,0.006025037262588739
ZCH0531,4,NORMAL,NORMAL,0.0008516568341292441,0.9973381161689758,9.49402165133506e-05,0.00010713730443967506,0.001608135993592441
ZCH0532,0,NORMAL,NORMAL,0.027108876034617424,0.9704493880271912,0.0002465919533278793,0.000629436457529664,0.0015657469630241394
ZCH0533,4,NORMAL,NORMAL,0.00022344739409163594,0.9994950294494629,3.014900539710652e-05,5.794239405076951e-05,0.00019354217511136085
ZCH0534,3,ASD,NORMAL,0.010920647531747818,0.8646798729896545,0.12386322021484375,3.075434506172314e-05,0.0005054589710198343
ZCH0535,2,ASD,PFO,0.0035931954625993967,0.0014025308191776276,0.0003864882164634764,0.9889504313468933,0.005667337216436863
ZCH0536,4,ASD,ASD,0.9998908042907715,4.855195584241301e-05,7.802852451277431e-06,1.4525177903124131e-05,3.840149292955175e-05
ZCH0537,2,ASD,PFO,0.0008874447084963322,0.0018786907894536853,0.00020139318075962365,0.9942493438720703,0.0027831471525132656
ZCH0538,4,ASD,VSD,0.000822404632344842,0.02306387946009636,0.10372944176197052,0.009798986837267876,0.8625852465629578
ZCH0539,1,ASD,PFO,0.21474817395210266,0.0762714371085167,0.0002712522691581398,0.7049863338470459,0.003722741035744548
ZCH0540,2,ASD,ASD,0.9992029070854187,0.0006839237757958472,9.028335625771433e-05,3.4939685065182857e-06,1.9367751519894227e-05
ZCH0541,2,ASD,NORMAL,0.14649829268455505,0.8401744365692139,0.002615617122501135,0.0013106940314173698,0.009401087649166584
ZCH0542,4,ASD,VSD,0.001648662961088121,0.0009827918838709593,9.196788596455008e-06,8.710886163498799e-07,0.997358500957489
ZCH0543,1,ASD,NORMAL,0.26345524191856384,0.5305793285369873,0.003440459491685033,0.0001348295045318082,0.20239008963108063
ZCH0544,2,ASD,PDA,0.0736401155591011,0.008461893536150455,0.47464436292648315,0.002378256991505623,0.44087544083595276
ZCH0545,1,ASD,VSD,3.4592743759276345e-05,0.00011873764742631465,1.4143993212201167e-05,3.359670881764032e-05,0.9997989535331726
ZCH0546,3,ASD,PFO,4.1789939132286236e-05,0.001927782315760851,1.2956936188857071e-05,0.9979842901229858,3.3132953831227496e-05
ZCH0547,0,ASD,PFO,0.0011510653421282768,0.0055036782287061214,4.35930314779398e-06,0.9932788014411926,6.20184073341079e-05
ZCH0548,4,ASD,VSD,0.003780925180763006,0.007991290651261806,0.027203846722841263,0.30736032128334045,0.6536636352539062
ZCH0549,4,ASD,NORMAL,0.0033229792024940252,0.9580686688423157,0.0007187183364294469,0.006794954650104046,0.031094709411263466
ZCH0550,4,ASD,VSD,0.027061495929956436,0.0018872434739023447,0.0003440365835558623,9.815482917474583e-05,0.9706090092658997
ZCH0551,0,ASD,VSD,0.0074952393770217896,0.004148917738348246,0.00036264106165617704,0.003312560962513089,0.984680712223053
ZCH0552,2,ASD,VSD,0.11868956685066223,0.0372513048350811,0.013175060041248798,0.013664117082953453,0.8172199130058289
ZCH0553,1,ASD,VSD,0.03463626652956009,0.3822770118713379,0.005290417931973934,0.012562102638185024,0.5652341842651367
ZCH0554,0,ASD,PFO,0.33449384570121765,0.006799397524446249,5.1404826081125066e-05,0.6364203691482544,0.0222349651157856
ZCH0555,2,ASD,ASD,0.43311864137649536,0.22461296617984772,0.0018368118908256292,0.2403620034456253,0.10006962716579437
ZCH0556,2,ASD,VSD,0.03107224963605404,0.006743164733052254,0.0011681896867230535,0.006749524734914303,0.9542669057846069
ZCH0557,0,ASD,PFO,0.0010891308775171638,0.014652971178293228,6.6666402744886e-06,0.9822152256965637,0.00203608232550323
ZCH0558,1,ASD,VSD,0.0005181545275263488,0.07594290375709534,2.4398409550485667e-06,0.0009669620194472373,0.9225695133209229
ZCH0559,4,ASD,ASD,0.968462347984314,0.016916807740926743,0.013830872252583504,0.00012665252143051475,0.0006633049342781305
ZCH0560,2,ASD,NORMAL,0.01294004451483488,0.7119553089141846,0.013571076095104218,0.2605663239955902,0.0009672157466411591
ZCH0561,2,ASD,NORMAL,0.017977232113480568,0.9634715914726257,0.0008705903892405331,0.011301412247121334,0.006379229482263327
ZCH0562,3,ASD,ASD,0.7096812725067139,0.0017093265196308494,8.017681102501228e-05,0.28777819871902466,0.0007510299328714609
ZCH0563,2,ASD,NORMAL,0.054554298520088196,0.7511290907859802,0.0006982171908020973,0.03942563012242317,0.15419280529022217
ZCH0564,4,ASD,PFO,0.03593500331044197,0.0017519667744636536,2.0624574972316623e-05,0.9621428847312927,0.00014952695346437395
ZCH0565,4,ASD,ASD,0.8984341025352478,0.018505673855543137,0.0003139740147162229,0.02796347253024578,0.05478271469473839
ZCH0566,3,ASD,VSD,0.04307888075709343,0.0013757254928350449,0.003871444845572114,0.13292501866817474,0.818748950958252
ZCH0567,4,ASD,VSD,0.00016882733325473964,0.00028903441852889955,0.000148498234921135,0.005139070563018322,0.9942545294761658
ZCH0568,1,ASD,PFO,0.31496506929397583,0.0058318269439041615,0.0007596646319143474,0.676921010017395,0.001522399834357202
ZCH0569,2,ASD,PFO,0.09644234925508499,0.008711660280823708,0.0006065312190912664,0.89098060131073,0.003258982440456748
ZCH0570,0,ASD,VSD,0.11150967329740524,0.023529650643467903,0.0014272229745984077,0.2443748116493225,0.6191586256027222
ZCH0571,1,ASD,ASD,0.8291528820991516,0.001928211422637105,0.0008490872569382191,0.1541944295167923,0.013875346630811691
ZCH0572,1,ASD,ASD,0.9864382743835449,0.001063370262272656,0.0001572574401507154,0.003014693269506097,0.009326387196779251
ZCH0573,0,ASD,PFO,0.14867785573005676,0.0015398578252643347,4.401228579808958e-05,0.8144744634628296,0.03526388853788376
ZCH0574,4,ASD,NORMAL,0.0010313715320080519,0.9502948522567749,0.006856469437479973,0.014203961938619614,0.02761329710483551
ZCH0575,1,ASD,VSD,0.12063206732273102,0.037575967609882355,0.016396701335906982,0.0032176231034100056,0.8221776485443115
ZCH0576,0,ASD,PDA,0.008941922336816788,0.02428177371621132,0.774721086025238,0.1406763792037964,0.05137883499264717
ZCH0577,1,ASD,VSD,0.14027898013591766,0.018489070236682892,0.0003094296553172171,0.0228189155459404,0.8181036114692688
ZCH0578,0,ASD,PFO,0.40792062878608704,0.060070522129535675,0.00011642463505268097,0.5307817459106445,0.001110692392103374
ZCH0579,3,ASD,VSD,0.005120371002703905,0.010727948509156704,0.00025522272335365415,0.17393308877944946,0.8099634051322937
ZCH0580,1,ASD,ASD,0.9944800138473511,0.0014772670110687613,7.710169484198559e-06,4.3124575313413516e-05,0.003991879988461733
ZCH0581,4,ASD,PFO,0.0003621826181188226,0.001722475397400558,4.360670573078096e-06,0.9976370334625244,0.0002739954798016697
ZCH0582,3,ASD,ASD,0.6284419298171997,0.28518322110176086,0.0008191222441382706,0.00023283516929950565,0.08532288670539856
ZCH0583,0,ASD,NORMAL,0.04538000375032425,0.5766909122467041,0.0003924296179320663,0.00044446028186939657,0.37709224224090576
ZCH0584,3,ASD,NORMAL,0.4277239143848419,0.5708601474761963,0.0009602596401236951,0.00020598090486600995,0.0002496964589226991
ZCH0585,4,ASD,VSD,0.00039751079748384655,0.003227636218070984,0.01633027382194996,0.0001118154832511209,0.9799327850341797
ZCH0586,2,ASD,PFO,0.0014677641447633505,0.025958193466067314,0.00011453819752205163,0.970731794834137,0.0017276826547458768
ZCH0587,3,ASD,NORMAL,0.006865087430924177,0.9192010164260864,0.027375055477023125,0.0003481702005956322,0.04621076211333275
ZCH0588,4,ASD,NORMAL,0.06472088396549225,0.8158259391784668,0.10016372799873352,0.0008777439361438155,0.0184116642922163
ZCH0589,2,ASD,PFO,0.06063709780573845,0.018430620431900024,0.0022597964853048325,0.8899140357971191,0.028758404776453972
ZCH0590,1,ASD,ASD,0.7086077928543091,0.2217099964618683,0.03918638452887535,0.027571827173233032,0.002924047177657485
ZCH0591,0,ASD,NORMAL,0.025968199595808983,0.9010307788848877,0.00019550138677004725,0.00024309229047503322,0.07256253808736801
ZCH0592,0,ASD,VSD,0.013287532143294811,0.0020031677559018135,0.02365933358669281,0.033961739391088486,0.9270882606506348
ZCH0593,0,ASD,PFO,0.00016595781198702753,0.0005790182622149587,1.018798911900376e-06,0.9992433786392212,1.0623278285493143e-05
ZCH0594,3,ASD,NORMAL,0.0061623998917639256,0.9936314225196838,1.1231450116611086e-05,4.576565970637603e-06,0.00019036182493437082
ZCH0595,3,ASD,NORMAL,0.4496758282184601,0.5259743332862854,0.004336911719292402,0.014249670319259167,0.005763240624219179
ZCH0596,0,ASD,NORMAL,0.0005721414345316589,0.9976315498352051,2.4205066438298672e-05,0.0017304637003690004,4.1525563574396074e-05
ZCH0597,4,ASD,NORMAL,0.019882265478372574,0.9777199029922485,0.0005102046998217702,0.0014702535700052977,0.00041746566421352327
ZCH0598,4,ASD,ASD,0.9977743029594421,0.00155258656013757,5.299664553604089e-05,0.0002426894207019359,0.0003774358192458749
ZCH0599,2,ASD,PFO,0.3515442907810211,0.00043552753049880266,0.009512338787317276,0.6373772621154785,0.0011305648367851973
ZCH0600,1,ASD,ASD,0.9996287822723389,0.0002884428249672055,1.5451280432898784e-06,3.22213709296193e-05,4.902655564364977e-05
ZCH0601,3,ASD,PFO,0.3219704329967499,0.005941429641097784,0.0002694744907785207,0.38787296414375305,0.283945769071579
ZCH0602,1,ASD,VSD,0.06455253809690475,0.0007106210687197745,0.0013222239213064313,0.0033018768299371004,0.9301127791404724
ZCH0603,0,ASD,NORMAL,0.0014280881732702255,0.9812782406806946,8.733212598599494e-05,0.0018466460751369596,0.015359729528427124
ZCH0604,3,ASD,NORMAL,0.00046900167944841087,0.9987094402313232,0.0003442229935899377,0.00010087159898830578,0.0003765676519833505
ZCH0605,3,ASD,NORMAL,0.0008260178728960454,0.9858239889144897,0.0015910414513200521,0.007592120207846165,0.004166814032942057
ZCH0606,2,ASD,ASD,0.5671533346176147,0.03289281576871872,0.0020627835765480995,0.397691011428833,0.0002000648673856631
ZCH0607,1,ASD,ASD,0.9474042654037476,0.0009368440369144082,5.595162292593159e-05,0.02787739783525467,0.023725587874650955
ZCH0608,3,ASD,PFO,0.029514962807297707,0.17303025722503662,0.0054304394870996475,0.7725921273231506,0.01943233609199524
ZCH0609,0,ASD,PFO,0.03547661378979683,0.014307771809399128,4.394998904899694e-05,0.9497790336608887,0.000392610440030694
ZCH0610,3,ASD,NORMAL,0.00015908836212474853,0.9910444021224976,0.0001996444771066308,5.918546230532229e-05,0.008537658490240574
ZCH0611,4,ASD,ASD,0.8806416988372803,0.1161513403058052,0.00011273109703324735,0.00018689663556870073,0.002907299669459462
ZCH0612,3,ASD,ASD,0.7548138499259949,0.008845989592373371,0.0002421118988422677,0.0034839052241295576,0.23261408507823944
ZCH0613,2,ASD,PDA,0.08588313311338425,0.0011514245998114347,0.4728240966796875,0.43904605507850647,0.0010952494340017438
ZCH0614,1,ASD,NORMAL,0.006069692317396402,0.9095075130462646,7.176745566539466e-05,0.07816960662603378,0.006181412376463413
ZCH0615,3,ASD,ASD,0.5951363444328308,0.27255845069885254,0.0007835858268663287,0.03206226974725723,0.09945940226316452
ZCH0616,3,ASD,PFO,2.5877752705127932e-06,0.0008566678734496236,5.064446304459125e-05,0.9924807548522949,0.006609310861676931
ZCH0617,2,ASD,ASD,0.5415514707565308,0.12389128655195236,0.2544628083705902,0.06172061711549759,0.018373752012848854
ZCH0618,2,ASD,ASD,0.7299333810806274,0.02132606692612171,0.20010504126548767,0.011229202151298523,0.03740641102194786
ZCH0619,1,ASD,ASD,0.9590882658958435,0.016749637201428413,0.00028202449902892113,0.022550636902451515,0.0013293656520545483
ZCH0620,2,ASD,NORMAL,0.42572760581970215,0.5577384233474731,0.012654361315071583,0.0010333469836041331,0.0028462635818868876
ZCH0621,3,ASD,ASD,0.7808801531791687,0.1944376528263092,9.79909164016135e-05,0.023703450337052345,0.0008807752165012062
ZCH0622,0,ASD,NORMAL,0.1035979613661766,0.8882061839103699,2.6421503207529895e-05,0.0008412301540374756,0.007328274194151163
ZCH0623,1,ASD,NORMAL,0.0004860050103161484,0.9984993934631348,5.8393608924234286e-05,3.4281671105418354e-05,0.0009218875202350318
ZCH0624,3,ASD,NORMAL,0.00828537903726101,0.9774851202964783,0.0007881666533648968,0.007362313102930784,0.006079053971916437
ZCH0625,3,ASD,NORMAL,0.004864087328314781,0.9926642775535583,0.0015740928938612342,0.00013637746451422572,0.000761281349696219
ZCH0626,2,ASD,ASD,0.7419397234916687,0.04701825603842735,0.003313555382192135,0.20668697357177734,0.0010415402939543128
ZCH0627,2,ASD,PFO,0.1645793914794922,0.03886503726243973,0.005750089883804321,0.7284839749336243,0.06232151761651039
ZCH0628,0,ASD,VSD,0.0011640948941931129,0.005811405833810568,0.005685204640030861,0.3716757893562317,0.6156635284423828
ZCH0629,1,ASD,NORMAL,0.0007034824229776859,0.9507363438606262,2.0550172848743387e-05,0.0039222100749611855,0.044617410749197006
ZCH0630,0,ASD,PFO,0.0022765612229704857,0.010565560311079025,0.00011954970977967605,0.9854132533073425,0.0016250296030193567
ZCH0631,4,ASD,NORMAL,0.001895525841973722,0.9450309872627258,0.0005638934671878815,0.03933967277407646,0.013170022517442703
ZCH0632,0,ASD,ASD,0.8685044050216675,0.04231073334813118,0.0003947852528654039,0.08552360534667969,0.0032664628233760595
ZCH0633,4,ASD,PFO,0.04081427678465843,0.016181640326976776,4.4168416934553534e-05,0.9120168685913086,0.03094307705760002
ZCH0634,0,ASD,PFO,0.281038761138916,0.02893720380961895,5.5028249335009605e-05,0.6822081208229065,0.007760894019156694
ZCH0635,3,ASD,ASD,0.8024173378944397,0.10544951260089874,0.0021165681537240744,0.0003874009707942605,0.08962918072938919
ZCH0636,4,ASD,NORMAL,0.002393582835793495,0.9407511949539185,0.00078163156285882,0.000526154472026974,0.055547453463077545
ZCH0637,4,ASD,ASD,0.8702437877655029,0.09870030730962753,0.000739354407414794,0.001920227543450892,0.028396185487508774
ZCH0638,0,ASD,PDA,0.21052004396915436,0.022691436111927032,0.7418721318244934,0.0020607898477464914,0.022855574265122414
ZCH0639,1,ASD,ASD,0.5983200669288635,0.020333727821707726,0.0003409454657230526,0.25082677602767944,0.13017845153808594
ZCH0640,4,ASD,PDA,0.00021156054572202265,0.0017258928855881095,0.9949148893356323,2.8197773644933477e-05,0.0031193417962640524
ZCH0641,0,ASD,ASD,0.532525897026062,0.017225511372089386,0.025431809946894646,0.0016310767969116569,0.42318567633628845
ZCH0642,1,ASD,NORMAL,0.0014883843250572681,0.996863603591919,0.0009971349500119686,1.705189220047032e-06,0.0006491458043456078
ZCH0643,2,ASD,VSD,0.1216326579451561,0.406375527381897,0.037313755601644516,0.002235099207609892,0.43244296312332153
ZCH0644,3,ASD,NORMAL,1.795322896214202e-05,0.9991853833198547,3.123469650745392e-05,0.0003919511509593576,0.0003733873018063605
ZCH0645,2,ASD,NORMAL,0.0044888900592923164,0.9579734206199646,1.031891497405013e-05,0.03734539449214935,0.00018204798107035458
ZCH0646,1,ASD,ASD,0.9490131139755249,0.04833884537220001,0.0008390303119085729,1.4729886970599182e-05,0.001794414478354156
ZCH0647,3,ASD,NORMAL,0.0055565363727509975,0.7282541990280151,2.166712329199072e-05,0.0012419297127053142,0.2649255394935608
ZCH0648,1,ASD,NORMAL,0.03389181196689606,0.9579822421073914,1.2315799722273368e-05,0.003499711398035288,0.004613868892192841
ZCH0649,0,ASD,NORMAL,0.13557517528533936,0.5377696752548218,0.00016429985407739878,0.013004246167838573,0.31348657608032227
ZCH0650,0,ASD,NORMAL,0.4441487193107605,0.5103170871734619,0.0010601788526400924,0.016360418871045113,0.02811357006430626
ZCH0651,4,ASD,ASD,0.9429700970649719,0.05667628347873688,7.797863872838207e-06,9.993094863602892e-05,0.000245938339503482
ZCH0652,1,ASD,VSD,0.0032751895487308502,0.2881900370121002,0.00046826800098642707,0.10886571556329727,0.5992007255554199
ZCH0653,1,PDA,VSD,0.01231809239834547,0.00239882105961442,0.0017085600411519408,0.0002567505289334804,0.9833177328109741
ZCH0654,4,PDA,VSD,4.7168789023999125e-05,0.00017751661653164774,0.0002473602071404457,5.062328455096576e-06,0.9995229244232178
ZCH0655,4,PDA,VSD,0.01778436452150345,0.020838558673858643,0.0005798396887257695,0.002617527497932315,0.958179771900177
ZCH0656,2,PDA,VSD,0.10506229102611542,0.008133643306791782,0.0021774224005639553,0.31741341948509216,0.5672131776809692
ZCH0657,0,PDA,VSD,0.003424474038183689,0.0005937601090408862,0.00036146873026154935,0.002633211901411414,0.9929870963096619
ZCH0658,3,PDA,ASD,0.9753599762916565,0.019612908363342285,0.000528332544490695,0.003666587872430682,0.0008321066270582378
ZCH0659,3,PDA,ASD,0.9656723141670227,0.02497372217476368,1.352106323793123e-06,0.00015316771168727428,0.009199375286698341
ZCH0660,4,PDA,VSD,0.0001051896542776376,0.00021680913050659,2.313702498213388e-05,7.032188932498684e-06,0.999647855758667
ZCH0661,0,PDA,VSD,3.88460248359479e-05,0.00024841062258929014,7.016636118351016e-06,1.478372450947063e-05,0.9996910095214844
ZCH0662,2,PDA,VSD,0.08532974123954773,0.01482227724045515,0.28231874108314514,0.0030409512110054493,0.6144882440567017
ZCH0663,2,PDA,ASD,0.4254224896430969,0.32223397493362427,0.0014832530869171023,0.014442344196140766,0.23641802370548248
ZCH0664,2,PDA,VSD,0.052909377962350845,0.04971284046769142,0.012853878550231457,0.009950311854481697,0.8745735883712769
ZCH0665,2,PDA,PFO,0.05864380672574043,0.10360082983970642,0.06988614797592163,0.5593147277832031,0.2085544914007187
ZCH0666,4,PDA,ASD,0.998199462890625,0.00012399119441397488,1.0230571206193417e-05,0.0014741945778951049,0.00019207721925340593
ZCH0667,4,PDA,PFO,0.00028062830097042024,0.036254771053791046,0.0011575488606467843,0.8657594323158264,0.0965476781129837
ZCH0668,1,PDA,NORMAL,0.003701799549162388,0.6832315921783447,0.04742808640003204,0.0008743094513192773,0.2647641897201538
ZCH0669,1,PDA,PDA,0.011341729201376438,0.18799856305122375,0.7658158540725708,0.004543352872133255,0.030300477519631386
ZCH0670,0,PDA,ASD,0.43567007780075073,0.20426924526691437,2.660133941390086e-05,0.3589394688606262,0.001094549661502242
ZCH0671,0,PDA,VSD,0.04437529295682907,0.003441636683419347,0.0027383267879486084,0.03966815769672394,0.9097766280174255
ZCH0672,2,PDA,PFO,0.23728345334529877,0.005261775106191635,0.05381609871983528,0.44170376658439636,0.26193493604660034
ZCH0673,3,PDA,NORMAL,0.1755487322807312,0.8228553533554077,5.342294116417179e-06,0.0009780906839296222,0.0006125181098468602
ZCH0674,0,PDA,NORMAL,0.0004941722145304084,0.9215718507766724,0.06381595134735107,0.0001398440363118425,0.013978124596178532
ZCH0675,1,PDA,ASD,0.9932307004928589,0.000543415080755949,0.00012127537775086239,0.00017714541172608733,0.005927497986704111
ZCH0676,1,PDA,VSD,0.005428069271147251,0.05403739586472511,0.01615380123257637,0.0047018942423164845,0.9196788668632507
ZCH0677,1,PDA,VSD,9.43024133448489e-05,0.0002858981897588819,3.195701356162317e-05,4.3547166569624096e-05,0.9995443224906921
ZCH0678,3,PDA,VSD,0.10677075386047363,0.27116239070892334,0.011348394677042961,0.13378766179084778,0.47693079710006714
ZCH0679,0,PDA,VSD,0.0022023397032171488,0.0011599732097238302,2.7692451112670824e-05,0.09223390370607376,0.9043760895729065
ZCH0680,4,PDA,VSD,0.005088907666504383,0.0021255197934806347,0.00023563973081763834,7.321324119402561e-06,0.9925426244735718
ZCH0681,0,PDA,VSD,0.0002562683366704732,0.0032076954375952482,0.00012338446686044335,0.0002099074627039954,0.9962027668952942
ZCH0682,3,PDA,VSD,0.010449457913637161,0.018714381381869316,0.0013183107366785407,0.0005195849225856364,0.9689982533454895
ZCH0683,3,PDA,VSD,0.0003763684071600437,0.08500539511442184,0.003158355364575982,0.00026246774359606206,0.9111973643302917
ZCH0684,1,PDA,ASD,0.9599161148071289,0.03483312949538231,0.0006391145288944244,3.5789242247119546e-05,0.0045758141204714775
ZCH0685,1,PFO,PFO,0.0016402371693402529,0.0012292888714000583,0.00014513428322970867,0.9883452653884888,0.008640134707093239
ZCH0686,1,PFO,NORMAL,0.001627494115382433,0.9958749413490295,5.371716179070063e-05,1.7858252249425277e-05,0.002426099730655551
ZCH0687,2,PFO,PFO,0.14710114896297455,0.09775562584400177,0.014823343604803085,0.7375985980033875,0.002721344120800495
ZCH0688,2,PFO,PFO,0.06433623284101486,0.008738953620195389,0.0881866067647934,0.7424644231796265,0.09627381712198257
ZCH0689,2,PFO,PFO,0.10336435586214066,0.17129690945148468,0.0037277850788086653,0.7116866707801819,0.009924320504069328
ZCH0690,4,PFO,ASD,0.9134436845779419,0.02432946488261223,0.05794941261410713,0.004185225814580917,9.22046965570189e-05
ZCH0691,2,PFO,PFO,0.00173552508931607,0.002561146393418312,0.00014135816309135407,0.9924432635307312,0.0031187878921628
ZCH0692,3,PFO,PFO,0.07572662830352783,0.019285256043076515,0.0003428235067985952,0.8992373943328857,0.00540792616084218
ZCH0693,0,PFO,ASD,0.9947261214256287,0.001134625868871808,9.505234629614279e-06,0.004018884152173996,0.00011083621939178556
ZCH0694,3,PFO,PFO,0.08975765854120255,0.0005640708259306848,5.952663741481956e-06,0.9096612930297852,1.1030676432710607e-05
ZCH0695,2,PFO,PFO,0.14003728330135345,0.0004559353110380471,0.0017975124064832926,0.8507947325706482,0.0069145928137004375
ZCH0696,1,PFO,VSD,0.017310168594121933,0.21347421407699585,0.03354682773351669,0.2881395220756531,0.44752928614616394
ZCH0697,4,PFO,VSD,0.0015403556171804667,0.0029868693090975285,0.004029909148812294,0.0006862693699076772,0.9907565712928772
ZCH0698,4,PFO,NORMAL,0.004416283685714006,0.5590965151786804,0.0008112373179756105,0.4351404011249542,0.0005356268375180662
ZCH0699,3,PFO,PFO,0.0013226637383922935,0.001167556270956993,1.7034881238942035e-05,0.9955714344978333,0.0019213221967220306
ZCH0700,1,PFO,PFO,0.004008104559034109,0.0038772118277847767,2.078816032735631e-05,0.9743127822875977,0.017781132832169533
ZCH0701,2,PFO,VSD,0.23931533098220825,0.03154205158352852,0.00995803251862526,0.28003209829330444,0.43915247917175293
ZCH0702,3,PFO,VSD,0.08346333354711533,0.008541986346244812,0.0014167334884405136,0.2767186462879181,0.6298593282699585
ZCH0703,0,PFO,ASD,0.9920750856399536,0.0023564600851386786,0.00021853340149391443,0.0016715573146939278,0.0036784259136766195
ZCH0704,1,PFO,ASD,0.9976298809051514,0.002276672748848796,3.6993762932979735e-06,9.28573172132019e-06,8.053251804085448e-05
ZCH0705,4,PFO,VSD,0.276646226644516,0.018813403323292732,0.00027741712983697653,0.015346420928835869,0.6889165639877319
ZCH0706,0,PFO,PFO,0.29311710596084595,0.1819036602973938,6.143771315691993e-05,0.5198794007301331,0.0050384183414280415
ZCH0707,3,PFO,PFO,0.19487544894218445,0.010744296945631504,0.0004511702572926879,0.4111732542514801,0.382755845785141
ZCH0708,1,PFO,NORMAL,0.0013388842344284058,0.9916319251060486,0.002504237461835146,0.003585956059396267,0.0009390945197083056
ZCH0709,2,PFO,PFO,0.0019504050724208355,0.00856297928839922,0.00014286182704381645,0.9889891743659973,0.000354671006789431
ZCH0710,2,PFO,PFO,0.3476921319961548,0.029467729851603508,0.04685288667678833,0.5423482060432434,0.03363899141550064
ZCH0711,4,PFO,ASD,0.9138473868370056,0.058759815990924835,0.0012558794114738703,0.026077141985297203,5.9837675507878885e-05
ZCH0712,2,PFO,PFO,0.39029350876808167,0.003263504011556506,0.010791380889713764,0.5934586524963379,0.0021929468493908644
ZCH0713,4,PFO,ASD,0.8629559874534607,0.0019459208706393838,0.00025556274340488017,0.13433431088924408,0.0005082143470644951
ZCH0714,2,PFO,ASD,0.46576374769210815,0.011183302849531174,0.44954612851142883,0.0010665225563570857,0.07244033366441727
ZCH0715,2,PFO,NORMAL,0.3366962671279907,0.33942124247550964,0.005557617638260126,0.31535130739212036,0.0029735881835222244
ZCH0716,2,PFO,PFO,0.0030920899007469416,2.6539128157310188e-05,0.00016155846242327243,0.9965020418167114,0.00021777978690806776
ZCH0717,0,PFO,PFO,0.00153495860286057,0.000865601992700249,4.919670118397335e-06,0.9970831274986267,0.0005112921935506165
ZCH0718,3,PFO,PFO,5.420246452558786e-05,4.3741922127082944e-05,3.035888695990252e-08,0.9998915195465088,1.0525660400162451e-05
ZCH0719,0,PFO,PFO,0.011252762749791145,0.2758457064628601,5.585612962022424e-05,0.7096155881881714,0.0032300869934260845
ZCH0720,1,PFO,PFO,0.2514908015727997,0.3361661434173584,0.00011771185381803662,0.40820977091789246,0.004015618935227394
ZCH0721,4,PFO,PFO,0.003499075770378113,0.06103651970624924,0.0009123432100750506,0.9195463061332703,0.0150057477876544
ZCH0722,1,PFO,NORMAL,0.002057574689388275,0.5257514119148254,0.0002621961757540703,0.46246209740638733,0.009466712363064289
ZCH0723,0,PFO,NORMAL,0.0024012476205825806,0.5224546790122986,0.00024975405540317297,0.47410571575164795,0.0007885918021202087
ZCH0724,0,PFO,ASD,0.6177147030830383,0.028403790667653084,0.0001291290100198239,0.3521077334880829,0.0016446138033643365
ZCH0725,4,PFO,ASD,0.994222104549408,0.001118893502280116,3.600819763960317e-05,0.004563947208225727,5.890064494451508e-05
ZCH0726,1,PFO,VSD,0.005873568821698427,0.003246237989515066,0.008047417737543583,0.06423161178827286,0.9186011552810669
ZCH0727,2,PFO,PFO,0.09783294051885605,0.004665792919695377,0.017637072131037712,0.8066874146461487,0.0731767788529396
ZCH0728,0,PFO,PFO,0.2800505757331848,0.03465133160352707,0.004395786207169294,0.6756420135498047,0.0052602593787014484
ZCH0729,1,PFO,ASD,0.7548155188560486,0.012999908067286015,0.00022229606111068279,0.052724748849868774,0.17923755943775177
ZCH0730,0,PFO,ASD,0.9728348255157471,0.009277677163481712,5.089738260721788e-05,0.017489831894636154,0.0003467837523203343
ZCH0731,1,PFO,ASD,0.9729190468788147,0.004122989717870951,4.624276334652677e-05,0.021447470411658287,0.001464281463995576
ZCH0732,1,PFO,VSD,0.24101503193378448,0.08471574634313583,6.588253745576367e-05,0.24463313817977905,0.4295702278614044
ZCH0733,0,PFO,PFO,0.0001568674633745104,0.00023011340817902237,3.009811734955292e-06,0.9995172023773193,9.27711371332407e-05
ZCH0734,3,PFO,ASD,0.8108465671539307,0.08787167072296143,0.0003810566267929971,0.0002360500075155869,0.10066471993923187
ZCH0735,3,PFO,VSD,0.3643060326576233,0.10098684579133987,0.00014342826034408063,0.0015840058913454413,0.5329797267913818
ZCH0736,1,PFO,PFO,0.009262330830097198,0.003474561730399728,3.150881821056828e-05,0.9783012866973877,0.00893029198050499
ZCH0737,4,PFO,PFO,0.001105917152017355,0.0020346574019640684,4.24025856773369e-05,0.9891936182975769,0.007623477838933468
ZCH0738,4,PFO,ASD,0.5384433269500732,0.4538761377334595,0.0005430991295725107,0.0033176864963024855,0.003819808131083846
ZCH0739,4,PFO,ASD,0.9981563687324524,0.0013127782149240375,1.1643177458608989e-05,5.1634342526085675e-05,0.0004675614763982594
ZCH0740,4,PFO,ASD,0.7760426998138428,0.028915734961628914,0.00042342435335740447,0.19423232972621918,0.00038579816464334726
ZCH0741,3,PFO,PFO,0.25060078501701355,0.1561661660671234,0.002107783919200301,0.5872465372085571,0.0038787589874118567
ZCH0742,0,PFO,NORMAL,0.00020514053176157176,0.9991194605827332,4.196518420940265e-05,3.554311842890456e-05,0.00059797108406201
ZCH0743,3,PFO,PFO,0.08178126066923141,0.20071618258953094,0.0004976170603185892,0.7132302522659302,0.003774709766730666
ZCH0744,0,PFO,PFO,0.0015773085178807378,0.0006056521087884903,2.1369289243011735e-05,0.99764484167099,0.00015077900025062263
ZCH0745,2,PFO,PFO,0.18409103155136108,0.1738177388906479,0.006676629185676575,0.6274601817131042,0.007954404689371586
ZCH0746,3,PFO,NORMAL,0.0008281751652248204,0.6600997447967529,0.00332104554399848,0.28669649362564087,0.04905448481440544
ZCH0747,3,PFO,PFO,3.0718874768354e-05,0.0008324621012434363,8.619240361440461e-07,0.9988974332809448,0.0002385274856351316
ZCH0748,3,PFO,VSD,0.18289081752300262,0.007450317498296499,0.0002467007434461266,0.007035643327981234,0.8023765683174133
ZCH0749,4,PFO,PFO,0.0013090480351820588,0.3282390534877777,0.001064012642018497,0.6655066609382629,0.0038812696002423763
ZCH0750,1,PFO,PFO,0.22309033572673798,0.011213126592338085,0.0009436655673198402,0.762541651725769,0.0022112259175628424
ZCH0751,3,PFO,ASD,0.7998685836791992,0.0014225526247173548,0.0001722863526083529,0.012124051339924335,0.18641254305839539
ZCH0752,0,PFO,PFO,0.030216960236430168,0.0005462449626065791,1.3230017430032603e-05,0.9666785001754761,0.0025449669919908047
ZCH0753,0,PFO,PFO,0.0001174943390651606,0.00026999469264410436,4.626896952686366e-06,0.9994522929191589,0.00015559460734948516
ZCH0754,4,PFO,NORMAL,0.007776868529617786,0.7875458002090454,0.00011622555030044168,4.953119423589669e-05,0.20451149344444275
ZCH0755,0,VSD,PDA,0.011467202566564083,0.0031610759906470776,0.8708069920539856,0.03641574829816818,0.07814904302358627
ZCH0756,3,VSD,VSD,0.0011293079005554318,0.006051082629710436,2.6373287255410105e-05,0.0003968050586991012,0.9923964142799377
ZCH0757,3,VSD,VSD,0.00028906960505992174,0.002684398088604212,4.444094656719244e-07,0.00020563557336572558,0.9968204498291016
ZCH0758,3,VSD,VSD,0.006262415088713169,0.0015213374281302094,1.7440856026951224e-05,1.728067218209617e-05,0.9921815395355225
ZCH0759,2,VSD,VSD,0.00012970107491128147,0.0007553073228336871,0.0006560308393090963,0.00020642791059799492,0.9982525706291199
ZCH0760,3,VSD,VSD,0.001333250431343913,0.0039549763314425945,0.0005321644130162895,0.0001138027073466219,0.9940657615661621
ZCH0761,4,VSD,VSD,7.962810195749626e-05,0.00020914826018270105,0.00011993674706900492,6.589633267140016e-05,0.9995254278182983
ZCH0762,2,VSD,VSD,8.040432294365019e-05,0.00043118392932228744,0.0004876254824921489,0.00010509006096981466,0.9988956451416016
ZCH0763,0,VSD,VSD,0.0003835535899270326,0.0005858659278601408,5.289022374199703e-05,0.000517653941642493,0.998460054397583
ZCH0764,1,VSD,VSD,0.000139623909490183,0.0004004357033409178,2.3430160581483506e-05,5.697605956811458e-05,0.9993795156478882
ZCH0765,1,VSD,VSD,0.00012168636749265715,0.00044093321776017547,2.6089222956215963e-05,9.272864554077387e-05,0.9993185997009277
ZCH0766,4,VSD,VSD,1.6322490409947932e-05,3.9734470192342997e-05,4.908967525807384e-07,1.8105029084836133e-06,0.9999415874481201
ZCH0767,1,VSD,VSD,4.811060716747306e-05,0.0005488028400577605,0.00010748762724688277,2.098261938954238e-05,0.9992746710777283
ZCH0768,4,VSD,VSD,2.2624812118010595e-05,7.165261195041239e-05,4.2301620851503685e-05,3.101728725596331e-05,0.9998323917388916
ZCH0769,0,VSD,VSD,0.0004587666771840304,0.000854379148222506,0.00020114470680709928,0.0019339830614626408,0.9965517520904541
ZCH0770,0,VSD,VSD,0.000269087846390903,0.00017270173702854663,1.640529626456555e-05,0.0001941498921951279,0.9993476271629333
ZCH0771,1,VSD,VSD,0.0003548726381268352,0.000710621359758079,3.033446046174504e-05,5.7780020142672583e-05,0.9988464117050171
ZCH0772,0,VSD,VSD,0.00024431265774182975,0.0002281870401930064,1.0214857866230886e-05,0.00015449598140548915,0.9993627667427063
ZCH0773,1,VSD,VSD,0.00021589557582046837,0.0009143359493464231,2.5959838239941746e-05,0.0001036369358189404,0.9987401366233826
ZCH0774,2,VSD,VSD,0.0005377267370931804,0.00022236836957745254,0.0010695259552448988,6.390280759660527e-05,0.9981064796447754
ZCH0775,4,VSD,VSD,0.035208627581596375,0.0033662375062704086,0.04393978416919708,0.02851169928908348,0.8889736533164978
ZCH0776,1,VSD,VSD,0.00019667320884764194,0.0001814553397707641,1.318750946666114e-05,3.7792884540976956e-05,0.999570906162262
ZCH0777,2,VSD,VSD,0.0004529642465058714,0.004569797310978174,0.12119375169277191,0.00012015242100460455,0.8736633658409119
ZCH0778,1,VSD,VSD,8.096996316453442e-05,6.96968418196775e-05,1.4358362022903748e-05,2.0620196664822288e-05,0.9998143315315247
ZCH0779,2,VSD,VSD,0.00010632811608957127,0.0006010235520079732,0.00037348203477449715,0.0004701978759840131,0.9984489679336548
ZCH0780,4,VSD,VSD,0.00016727206821087748,0.00030503104790113866,2.297640776305343e-06,1.957581662281882e-05,0.9995057582855225
ZCH0781,3,VSD,VSD,0.005155512597411871,0.001227158005349338,1.606745172466617e-05,0.0003252617025282234,0.9932760000228882
ZCH0782,3,VSD,VSD,0.046585019677877426,0.13874542713165283,0.011870515532791615,0.0027043179143220186,0.8000946640968323
ZCH0783,2,VSD,VSD,0.00029739266028627753,0.0013105690013617277,0.03555033728480339,0.00019363118917681277,0.9626480937004089
ZCH0784,4,VSD,VSD,0.00011244050256209448,0.0002632295654620975,3.5537564144760836e-06,1.4573582120647188e-05,0.999606192111969
ZCH0785,0,VSD,VSD,0.00014117326645646244,0.0005543088191188872,1.0455354640726e-05,0.00021692310110665858,0.9990770816802979
ZCH0786,3,VSD,VSD,0.0013285210588946939,0.0022521258797496557,1.934984993567923e-06,0.00019468202663119882,0.996222734451294
ZCH0787,4,VSD,VSD,0.0001526280539110303,0.00019130395958200097,6.646805559284985e-05,4.394757343106903e-05,0.9995456337928772
ZCH0788,0,VSD,VSD,0.00017036644567269832,0.0004941034712828696,5.04108211316634e-05,0.00016592720930930227,0.999119222164154
ZCH0789,3,VSD,VSD,0.005487507674843073,0.005853986367583275,0.003422440029680729,0.0006550012622028589,0.9845810532569885
ZCH0790,2,VSD,VSD,3.127111995127052e-05,0.008907332085072994,0.000892822805326432,0.000588639872148633,0.989579975605011
ZCH0791,4,VSD,VSD,8.138055818562862e-06,4.683574661612511e-05,2.711098431973369e-06,6.506118552351836e-06,0.9999357461929321
ZCH0792,4,VSD,VSD,0.0001859351177699864,0.0002100258570862934,1.8329817976336926e-05,6.533657142426819e-05,0.9995204210281372
ZCH0793,3,VSD,VSD,0.0011992502259090543,0.008969956077635288,3.7096765481692273e-06,0.0005605896003544331,0.9892665147781372
ZCH0794,0,VSD,VSD,0.0007971035083755851,0.0008031404577195644,0.00038054437027312815,0.00013088776904623955,0.9978882670402527
ZCH0795,2,VSD,VSD,0.01183022279292345,0.0794372484087944,0.0006703229737468064,0.0031579243950545788,0.9049042463302612
ZCH0796,3,VSD,VSD,0.0011343162041157484,0.004450936336070299,6.164141814224422e-05,6.436412513721734e-05,0.9942886829376221
ZCH0797,3,VSD,VSD,0.00024232000578194857,0.002182976808398962,0.0009344354039058089,0.0002165348269045353,0.9964236617088318
ZCH0798,2,VSD,VSD,0.36533650755882263,0.007969921454787254,0.005382727365940809,0.02539440616965294,0.5959165096282959
ZCH0799,2,VSD,VSD,0.09675762057304382,0.008144223131239414,0.028973165899515152,0.07835441827774048,0.7877705693244934
ZCH0800,0,VSD,VSD,0.0002945943851955235,0.00046206210390664637,1.5605859516654164e-05,0.0005960409762337804,0.9986316561698914
ZCH0801,3,VSD,VSD,0.0006300435052253306,0.0008908539894036949,0.00044649449409916997,0.002485226606950164,0.9955474138259888
ZCH0802,2,VSD,ASD,0.9452250599861145,0.004435750190168619,0.009745142422616482,0.02099554054439068,0.019598452374339104
ZCH0803,1,VSD,VSD,0.058125127106904984,0.0909324511885643,0.0004541597154457122,0.0009093045373447239,0.8495789170265198
ZCH0804,4,VSD,VSD,7.794481643941253e-05,0.00021290878066793084,6.259114798012888e-06,0.0001345251948805526,0.9995684027671814
ZCH0805,1,VSD,VSD,0.3341982662677765,0.002074535470455885,0.05404660478234291,0.0010938473278656602,0.6085867285728455
ZCH0806,1,VSD,PFO,0.08542561531066895,0.0034710271283984184,0.018866464495658875,0.448137491941452,0.4440993666648865
ZCH0807,4,VSD,VSD,2.481446608726401e-05,0.0007230635383166373,0.00018156667647417635,0.0004807401273865253,0.998589813709259
ZCH0808,3,VSD,VSD,4.139056909480132e-05,0.00012177493772469461,2.6585981686366722e-05,1.115712984756101e-05,0.9997990727424622
ZCH0809,0,VSD,VSD,0.014795295894145966,0.0020431336015462875,0.0013908863766118884,0.0981966182589531,0.8835740685462952
ZCH0810,3,VSD,VSD,0.00013983841927256435,0.0014370597200468183,0.08068972080945969,0.00013185225543566048,0.9176015853881836
ZCH0811,4,VSD,VSD,0.00036852274206466973,0.0007502915104851127,1.1155964784848038e-05,0.0001342082250630483,0.9987358450889587
ZCH0812,0,VSD,PFO,0.0009766712319105864,0.10107949376106262,2.3735892682452686e-05,0.8974730372428894,0.0004469802079256624
ZCH0813,2,VSD,PFO,0.41150352358818054,0.06323936581611633,0.01665760949254036,0.4804314970970154,0.028168028220534325
ZCH0814,1,VSD,VSD,0.0002640867605805397,0.0002025646244874224,5.231387149251532e-06,4.5700195187237114e-05,0.9994823932647705
ZCH0815,3,VSD,VSD,0.011692274361848831,0.005049439612776041,0.00046800440759398043,0.020141398534178734,0.962648868560791
ZCH0816,3,VSD,VSD,0.0008246535435318947,0.0028556478209793568,3.067829311476089e-06,4.458004696061835e-05,0.996272087097168
ZCH0817,2,VSD,NORMAL,0.040666282176971436,0.8722778558731079,0.002877095015719533,0.004567944444715977,0.07961077243089676
ZCH0818,3,VSD,ASD,0.5459944009780884,0.04229831323027611,0.0003769898321479559,0.07664409279823303,0.33468616008758545
ZCH0819,4,VSD,ASD,0.9479895830154419,0.023798713460564613,0.0007893416914157569,0.006822573021054268,0.020599769428372383
ZCH0820,0,VSD,VSD,0.07932054996490479,0.0033113083336502314,0.0003786222659982741,0.004064126871526241,0.9129254221916199
ZCH0821,1,VSD,VSD,7.652139174751937e-05,8.626742055639625e-05,8.341954185198119e-07,7.627149898326024e-05,0.999760091304779
ZCH0822,1,VSD,VSD,0.04121827706694603,0.0013664159923791885,0.005579014308750629,3.4067779779434204e-05,0.9518021941184998
ZCH0823,4,VSD,VSD,0.0005147546762600541,0.00019758511916734278,0.0001157054357463494,0.005169096402823925,0.9940028786659241
ZCH0824,1,VSD,VSD,0.00044537734356708825,0.000690239598043263,2.170532570744399e-05,7.058336905174656e-06,0.9988356232643127
ZCH0825,2,VSD,ASD,0.90609210729599,0.021842820569872856,0.004470081999897957,0.0012468036729842424,0.06634816527366638
ZCH0826,3,VSD,VSD,0.009751235134899616,0.0023036948405206203,9.4408651420963e-06,7.011360594333382e-06,0.9879286885261536
ZCH0827,4,VSD,VSD,0.00040558548062108457,0.00021693986491300166,1.3439332633424783e-06,1.7872655007522553e-05,0.9993582367897034
ZCH0828,4,VSD,VSD,0.00015303955296985805,0.00018681275832932442,6.176940587465651e-06,9.915747796185315e-06,0.9996440410614014
ZCH0829,0,VSD,VSD,0.13859595358371735,0.0025620213709771633,0.00011027825530618429,0.006342923268675804,0.8523887991905212
ZCH0830,1,VSD,VSD,0.04155838117003441,0.0004133381007704884,6.207730621099472e-05,0.012160933576524258,0.9458052515983582
ZCH0831,2,VSD,VSD,0.00024261621001642197,0.0036520655266940594,0.003999005071818829,0.00048408174188807607,0.9916222095489502
ZCH0832,0,VSD,VSD,6.69264409225434e-05,0.0005882089608348906,3.197063779225573e-05,0.00018598552560433745,0.9991269707679749
ZCH0833,0,VSD,VSD,6.288119766395539e-05,0.0003794792282860726,7.765728696540464e-06,7.836998702259734e-05,0.9994714856147766
ZCH0834,0,VSD,VSD,0.21969181299209595,0.0968950092792511,0.00028805533656850457,0.0035108341835439205,0.679614245891571
ZCH0835,4,VSD,VSD,2.1708765416406095e-05,0.00018530324450694025,4.119347067899071e-06,1.3443078387354035e-05,0.9997754693031311
ZCH0836,0,VSD,VSD,0.00038920293445698917,0.0014506584266200662,6.710927118547261e-05,0.003176727332174778,0.9949163198471069
ZCH0837,3,VSD,VSD,0.00242803362198174,0.004611825104802847,2.0563134967233054e-05,0.00017970145563594997,0.9927599430084229
ZCH0838,1,VSD,VSD,7.585440471302718e-05,0.00011883919796673581,2.6663305106922053e-05,4.134658956900239e-05,0.9997373223304749
ZCH0839,2,VSD,VSD,0.0009840603452175856,0.00093681929865852,0.005687493830919266,0.00013060298806522042,0.9922609925270081
ZCH0840,2,VSD,VSD,0.0002707538369577378,0.0012795210350304842,0.0001476465113228187,0.00038209586637094617,0.9979199767112732
ZCH0841,4,VSD,VSD,6.105525972088799e-05,0.00022117614571470767,4.924314453091938e-06,1.468247046432225e-05,0.9996981620788574
ZCH0842,1,VSD,VSD,3.9525821193819866e-05,0.000214028827031143,2.7458780095912516e-05,3.91982439396088e-06,0.9997150301933289
ZCH0843,4,VSD,PFO,0.030157722532749176,0.005089087877422571,0.004725168459117413,0.7998814582824707,0.16014650464057922
ZCH0844,0,VSD,PFO,0.00671411631628871,0.0038638892583549023,7.894649024819955e-05,0.6329038739204407,0.3564392030239105
ZCH0845,2,VSD,PFO,0.043073900043964386,0.029635431244969368,0.3335481584072113,0.4972117841243744,0.0965307280421257
ZCH0846,2,VSD,NORMAL,0.11879132688045502,0.42020508646965027,0.13476251065731049,0.006882013287395239,0.31935906410217285
ZCH0847,2,VSD,PFO,0.12633958458900452,0.00814017653465271,0.016828058287501335,0.4759944975376129,0.3726976811885834
ZCH0848,3,VSD,ASD,0.7971991896629333,0.005399852991104126,0.0007899545598775148,0.19578975439071655,0.000821394904050976
ZCH0849,2,VSD,VSD,0.30786457657814026,0.0023861578665673733,0.0037032614927738905,0.3117363154888153,0.3743096590042114
ZCH0850,0,VSD,VSD,0.0015169022371992469,0.012636885978281498,0.009536897763609886,0.005164453759789467,0.9711447954177856
ZCH0851,4,VSD,VSD,2.5731233108672313e-05,9.666146070230752e-05,5.5402101679646876e-06,1.3827516340825241e-05,0.9998582601547241
ZCH0852,3,VSD,NORMAL,0.00010864983050851151,0.7348307967185974,0.2490176409482956,1.6560510630370118e-05,0.01602633111178875
ZCH0853,1,VSD,VSD,0.0011162915034219623,0.013997968286275864,5.9643261920427904e-05,0.0002886706788558513,0.9845373630523682
ZCH0854,4,VSD,VSD,8.586357580497861e-05,0.00020945665892213583,5.532273462449666e-06,9.657409827923402e-05,0.9996026158332825
ZCH0855,0,VSD,NORMAL,0.0007447844254784286,0.5352944731712341,0.0004613456840161234,0.006383645348250866,0.4571157693862915
ZCH0856,2,VSD,VSD,0.0004423559585120529,0.003294541034847498,0.0033239987678825855,0.00022745183377992362,0.9927116632461548
ZCH0857,3,VSD,VSD,0.002227669581770897,0.0025462969206273556,1.3378506992012262e-05,0.0001226497406605631,0.9950900077819824
ZCH0858,1,VSD,VSD,5.8517111028777435e-05,0.00045036879600957036,1.7158334230771288e-05,3.38751488015987e-05,0.9994400143623352
ZCH0859,3,VSD,VSD,0.00036573526449501514,0.0011850320734083652,8.179785027095932e-07,7.323433237615973e-06,0.9984411597251892
ZCH0860,0,VSD,VSD,0.0011108004255220294,0.002459499752148986,0.0004626153386197984,0.0007079577189870179,0.9952591061592102
ZCH0861,4,VSD,VSD,0.017278097569942474,0.0008946566958911717,1.4268526683736127e-05,0.0006092702387832105,0.9812037348747253
ZCH0862,0,VSD,VSD,0.0011960144620388746,0.09281150251626968,4.163224730291404e-05,0.0012688651913776994,0.904681921005249
ZCH0863,0,VSD,VSD,0.023846793919801712,0.33211198449134827,0.00010864963405765593,0.036872945725917816,0.6070596575737
ZCH0864,2,VSD,VSD,0.011623173952102661,0.024155177175998688,0.16494426131248474,0.0019690622575581074,0.7973082661628723
ZCH0865,4,VSD,VSD,0.02886694297194481,0.12726446986198425,0.007922327145934105,0.05553838983178139,0.7804078459739685
ZCH0866,3,VSD,VSD,0.0005624866462312639,0.0009624201338738203,1.172380507341586e-06,1.5034430361993145e-05,0.9984588623046875
ZCH0867,1,VSD,VSD,0.00137916742824018,0.2535461187362671,0.0006855520769022405,0.01317051611840725,0.7312186360359192
ZCH0868,1,VSD,VSD,0.0029179095290601254,0.07514681667089462,0.0011431352468207479,0.00023089950263965875,0.9205612540245056
ZCH0869,4,VSD,VSD,0.0001852030836744234,0.00015980751777533442,6.781705906178104e-06,5.3653184295399114e-06,0.9996428489685059
ZCH0870,0,VSD,PFO,0.0037135861348360777,0.003016089089214802,1.0477283467480447e-05,0.9925508499145508,0.0007090079016052186
ZCH0871,0,VSD,VSD,0.000700922857504338,0.023328617215156555,0.0009239097707904875,0.004530004225671291,0.9705165028572083
ZCH0872,2,VSD,VSD,0.0029681564774364233,0.0034597674384713173,9.883132588583976e-05,0.010172681882977486,0.9833005666732788
ZCH0873,1,VSD,NORMAL,0.19882257282733917,0.7435680031776428,0.009583421051502228,0.017755430191755295,0.030270583927631378
ZCH0874,1,VSD,VSD,0.06582877784967422,0.3845483660697937,0.0003186794347129762,0.0012171795824542642,0.5480870008468628
ZCH0875,2,VSD,PFO,0.16437184810638428,0.0006765123107470572,1.8523100152378902e-05,0.8345996141433716,0.0003335215733386576
ZCH0876,2,VSD,PFO,0.33222436904907227,0.000526410760357976,0.0002865282294806093,0.6666023135185242,0.00036037687095813453
ZCH0877,1,VSD,VSD,0.007925701327621937,0.24202518165111542,0.0001772058749338612,0.012908685952425003,0.7369632720947266
ZCH0878,1,VSD,NORMAL,0.013053235597908497,0.98686683177948,7.69471353123663e-06,3.684076727950014e-05,3.540675243129954e-05
ZCH0879,1,VSD,VSD,8.170352521119639e-05,0.011379284784197807,3.776021549128927e-05,7.224943692563102e-05,0.9884290099143982
ZCH0880,0,VSD,VSD,0.00018184319196734577,0.0001264615129912272,1.448874445486581e-05,0.00011203804751858115,0.9995651841163635
ZCH0881,0,VSD,VSD,0.00031782608130015433,0.0011763389920815825,2.273455902468413e-05,0.00024067243793979287,0.9982423782348633
ZCH0882,4,VSD,VSD,4.208321843179874e-05,0.00012706746929325163,2.1597963950625854e-06,1.2358184903860092e-05,0.999816358089447
ZCH0883,2,VSD,VSD,0.19898764789104462,0.017299523577094078,0.01639719307422638,0.05151613801717758,0.7157994508743286
ZCH0884,3,VSD,VSD,0.0011122386204078794,0.0019043314969167113,0.0026539936661720276,0.00014749365800525993,0.9941819310188293
ZCH0885,3,VSD,NORMAL,0.250993549823761,0.7026863694190979,0.0003797110402956605,0.0002837813808582723,0.045656587928533554
ZCH0886,2,VSD,ASD,0.5535489320755005,0.07072973251342773,0.04861358925700188,0.08485092222690582,0.24225682020187378
ZCH0887,4,VSD,PFO,0.284296452999115,0.0030878239776939154,0.0021536771673709154,0.6003861427307129,0.11007589101791382
ZCH0888,2,VSD,VSD,0.034326814115047455,0.003615430323407054,0.006681410130113363,0.0022798047866672277,0.9530965685844421
ZCH0889,4,VSD,VSD,0.0001836231240304187,0.0001122951798606664,3.1733222840557573e-06,6.245527038117871e-05,0.9996384382247925
ZCH0890,0,VSD,VSD,0.0005045182188041508,0.0010225365404039621,3.5739758459385484e-05,0.00037178691127337515,0.9980654120445251
ZCH0891,1,VSD,VSD,7.010783156147227e-05,0.0011360693024471402,0.00038176868110895157,0.00012770964531227946,0.9982842803001404
ZCH0892,0,VSD,VSD,0.000632229435723275,0.000523086404427886,0.001567935454659164,0.002660498721525073,0.9946162104606628
ZCH0893,0,VSD,VSD,7.894796726759523e-05,0.000460022478364408,0.00021063695021439344,0.0001594008062966168,0.9990910291671753
ZCH0894,1,VSD,VSD,5.3707284678239375e-05,0.0002581209409981966,1.2030664038320538e-05,0.00016551482258364558,0.999510645866394
ZCH0895,1,VSD,VSD,0.00010005382500821725,0.00028580392245203257,3.165524321957491e-05,2.4571418180130422e-05,0.9995579123497009
ZCH0896,0,VSD,VSD,0.009927277453243732,0.42231351137161255,0.00032668522908352315,0.002495794091373682,0.5649367570877075
ZCH0897,4,VSD,VSD,0.0001220741105498746,0.00014307080709841102,8.736785275686998e-06,2.737118848017417e-05,0.9996987581253052
ZCH0898,4,VSD,PFO,0.0002799154899548739,0.03462813422083855,3.064369229832664e-05,0.963577926158905,0.0014834392350167036
ZCH0899,1,VSD,VSD,0.0001287189224967733,0.0006350881885737181,7.256618573592277e-06,0.0003501797327771783,0.9988787770271301
ZCH0900,3,VSD,ASD,0.9249862432479858,0.011000489816069603,9.811986092245206e-05,0.058780454099178314,0.00513466028496623
ZCH0901,3,VSD,VSD,0.00014810428547207266,0.0028277994133532047,0.0012114954879507422,3.066528734052554e-05,0.9957818984985352
ZCH0902,0,VSD,VSD,0.017530353739857674,0.0035664767492562532,0.00019601575331762433,0.05423232167959213,0.924474835395813
ZCH0903,4,VSD,VSD,0.001398018328472972,0.0002321892825420946,1.0248200851492584e-05,1.3261043022794183e-05,0.9983463287353516
ZCH0904,3,VSD,VSD,0.0006150814006105065,0.005050829611718655,3.035903864656575e-05,0.000261683453572914,0.9940420985221863
ZCH0905,3,VSD,VSD,0.001538273529149592,0.012626833282411098,0.0008043413399718702,9.68613603617996e-05,0.9849336743354797
ZCH0906,1,VSD,ASD,0.927696943283081,0.00010589276644168422,9.142397902905941e-05,0.0007776986458338797,0.07132792472839355
ZCH0907,4,VSD,VSD,8.660590538056567e-05,0.00016708664770703763,7.780361556797288e-06,1.1563675798242912e-05,0.9997269511222839
ZCH0908,1,VSD,NORMAL,0.00045033165952190757,0.9825329780578613,0.0012778595555573702,0.0011041632387787104,0.014634617604315281
ZCH0909,3,VSD,ASD,0.7442847490310669,0.020164472982287407,0.007561442442238331,0.0029569072648882866,0.22503240406513214
ZCH0910,4,VSD,NORMAL,0.009022803045809269,0.7245911359786987,2.346698056499008e-05,5.299236818245845e-06,0.26635733246803284
ZCH0911,2,VSD,VSD,0.0071794516406953335,0.03369354084134102,0.08611678332090378,0.00025371581432409585,0.8727564811706543
ZCH0912,3,VSD,VSD,0.0016614540945738554,0.008860277011990547,0.028058050200343132,0.00030777015490457416,0.9611124992370605
ZCH0913,0,VSD,VSD,0.0036195169668644667,0.005348766688257456,0.00036050722701475024,0.003660061862319708,0.987011194229126
ZCH0914,0,VSD,VSD,0.0001496559998486191,0.00010467659012647346,6.794894034101162e-06,0.00012927498028147966,0.999609649181366
ZCH0915,1,VSD,NORMAL,0.0012615617597475648,0.9301314353942871,0.0009220954962074757,0.00015317442012019455,0.06753172725439072
ZCH0916,3,VSD,VSD,0.005828539375215769,0.003919075708836317,0.0010060790227726102,0.00024118661531247199,0.9890051484107971
ZCH0917,0,VSD,VSD,0.00014374995953403413,0.0006655925535596907,2.2310667191050015e-05,0.0005865353741683066,0.9985817670822144
ZCH0918,3,VSD,VSD,0.002380726858973503,0.005465063266456127,0.0014352656435221434,0.00014329790428746492,0.9905756711959839
ZCH0919,4,VSD,VSD,2.8894972274429165e-05,8.052317571127787e-05,3.6260305478208466e-06,8.502217679051682e-05,0.9998019337654114
ZCH0920,1,VSD,PDA,0.012979031540453434,0.013528821989893913,0.9433927536010742,0.029889803379774094,0.00020954245701432228
ZCH0921,0,VSD,NORMAL,0.006764999590814114,0.6508486270904541,0.005539336707442999,0.004817294888198376,0.332029789686203
ZCH0922,3,VSD,VSD,2.9124341381248087e-05,0.00017452071188017726,0.000716376060154289,3.4025524655589834e-05,0.9990459084510803
ZCH0923,2,VSD,ASD,0.4709053337574005,0.02975020743906498,0.09834861010313034,0.06027853861451149,0.34071725606918335
ZCH0924,4,VSD,VSD,0.000642182887531817,0.007497918326407671,6.4065206970553845e-06,1.7263577319681644e-05,0.9918362498283386
ZCH0925,1,VSD,VSD,0.0009551807306706905,0.0006175193702802062,0.000712566717993468,1.1972630090895109e-05,0.9977027773857117
ZCH0926,2,VSD,VSD,0.01863570511341095,0.008859892375767231,0.013973983004689217,0.000259792257566005,0.9582706093788147
ZCH0927,2,VSD,NORMAL,0.005699659697711468,0.9519076347351074,0.0008027328876778483,0.038065481930971146,0.003524430561810732
ZCH0928,4,VSD,VSD,3.709526208695024e-05,0.00012584042269736528,9.520244930172339e-07,3.516232936817687e-06,0.9998325109481812
ZCH0929,2,VSD,VSD,0.0009840377606451511,0.018926231190562248,0.0013231253251433372,1.8191178241977468e-05,0.9787484407424927
ZCH0930,4,VSD,VSD,4.472718501347117e-05,0.00017272678087465465,7.806419489497785e-06,1.4319328329293057e-05,0.9997604489326477
ZCH0931,1,VSD,VSD,7.280417048605159e-05,0.00018750860181171447,3.3021475246641785e-05,1.249638353328919e-05,0.9996942281723022
ZCH0932,3,VSD,VSD,0.004473783075809479,0.013672292232513428,1.9701434212038293e-05,6.731534813297912e-05,0.9817668795585632
ZCH0933,3,VSD,NORMAL,0.06314384192228317,0.9194698929786682,0.0014450406888499856,0.0004821375187020749,0.015459018759429455
ZCH0934,4,VSD,VSD,0.0024848405737429857,0.0018467140616849065,5.337274615158094e-06,6.570781988557428e-05,0.9955974221229553
ZCH0935,0,VSD,VSD,8.842929673846811e-05,0.008996168151497841,0.00042951482464559376,0.0003947483201045543,0.9900912046432495
ZCH0936,0,VSD,VSD,0.00012707286805380136,0.0005620884476229548,0.00017470738384872675,0.0012452139053493738,0.9978908896446228
ZCH0937,2,VSD,VSD,0.00013700900308322161,0.0009986774530261755,0.00021898320119362324,0.00014148748596198857,0.9985039234161377
ZCH0938,1,VSD,NORMAL,2.5478833777015097e-05,0.7587955594062805,3.4630152185854968e-06,0.00010934795864159241,0.2410660982131958
ZCH0939,1,VSD,PDA,0.0028219460509717464,0.0384952649474144,0.9582688808441162,3.126599040115252e-05,0.0003825956955552101
ZCH0940,2,VSD,VSD,0.00029716812423430383,0.03186463564634323,0.00043866655323654413,0.01083805225789547,0.9565615057945251
ZCH0941,2,VSD,NORMAL,0.0033185440115630627,0.9238737225532532,0.0013157258508726954,0.00013900513295084238,0.07135295867919922
