recording_id,fold,true_label,pred_label,prob_ASD,prob_NORMAL,prob_PDA,prob_PFO,prob_VSD
ZCH0001,2,NORMAL,NORMAL,0.0016728409100323915,0.9747397303581238,0.005208034534007311,0.000271763710770756,0.018107684329152107
ZCH0002,1,NORMAL,NORMAL,0.0003703299444168806,0.9936603903770447,4.199652903480455e-05,0.00020768023387063295,0.005719688255339861
ZCH0003,0,NORMAL,NORMAL,5.201488238526508e-05,0.9996610879898071,8.090450137387961e-06,7.340060255955905e-05,0.0002054048381978646
ZCH0004,4,NORMAL,NORMAL,0.00019654535572044551,0.9980612397193909,0.0005965387681499124,0.00024320065858773887,0.0009024262544699013
ZCH0005,2,NORMAL,NORMAL,0.0009625673410482705,0.9967733025550842,0.0002596027043182403,0.001658524852246046,0.00034592594602145255
ZCH0006,3,NORMAL,NORMAL,0.00020851352019235492,0.9994328618049622,1.3271273928694427e-05,1.0652201126504224e-05,0.0003348196332808584
ZCH0007,1,NORMAL,NORMAL,0.0006590257398784161,0.9951500296592712,2.0724184651044197e-05,0.0001917027257150039,0.00397857092320919
ZCH0008,0,NORMAL,NORMAL,0.00043876227573491633,0.9625680446624756,0.001466237474232912,0.00045674858847633004,0.035070210695266724
ZCH0009,1,NORMAL,NORMAL,0.018463369458913803,0.9687187075614929,0.0016283022705465555,0.006929818075150251,0.004259868990629911
ZCH0010,1,NORMAL,NORMAL,0.0024575672578066587,0.9968313574790955,6.634390592807904e-05,0.00013247379683889449,0.0005123357987031341
ZCH0011,4,NORMAL,NORMAL,0.004067611880600452,0.9945651292800903,0.00026876109768636525,5.944085842202185e-06,0.0010925737442448735
ZCH0012,2,NORMAL,NORMAL,0.0003027569910045713,0.998914361000061,6.0783982917200774e-05,0.0005399662186391652,0.00018236838513985276
ZCH0013,4,NORMAL,NORMAL,6.286020652623847e-05,0.9994789958000183,2.123858757840935e-05,0.00011069734318880364,0.0003261979727540165
ZCH0014,2,NORMAL,NORMAL,0.0008210285450331867,0.9943038821220398,0.00024206361558753997,0.0002495651424396783,0.0043834904208779335
ZCH0015,1,NORMAL,NORMAL,0.0012546362122520804,0.9967875480651855,0.00011790230200858787,5.497962047229521e-05,0.0017849450232461095
ZCH0016,1,NORMAL,NORMAL,0.00015361850091721863,0.9989457726478577,6.813327490817755e-05,0.00010842334449989721,0.0007241246057674289
ZCH0017,0,NORMAL,PFO,0.16383829712867737,0.03404699265956879,0.004015672020614147,0.6422471404075623,0.1558518260717392
ZCH0018,0,NORMAL,NORMAL,0.0002988407504744828,0.9964461922645569,2.469954597472679e-05,0.00043116562301293015,0.0027990362141281366
ZCH0019,0,NORMAL,NORMAL,0.00010081430082209408,0.9974542260169983,0.00028715599910356104,0.00026945752324536443,0.0018883658340200782
ZCH0020,1,NORMAL,NORMAL,0.00014649939839728177,0.999325156211853,4.028482180729043e-06,1.3270678209664766e-05,0.0005110152997076511
ZCH0021,3,NORMAL,NORMAL,3.4120516829716507e-06,0.9999942779541016,6.794869733539599e-08,3.6257472402212443e-07,1.7329753063677344e-06
ZCH0022,4,NORMAL,NORMAL,0.00020090317411813885,0.9990947246551514,3.4849649637180846e-06,0.00030051360954530537,0.0004004424554295838
ZCH0023,4,NORMAL,NORMAL,0.06971379369497299,0.9296892881393433,2.0235107513144612e-05,2.5708948669489473e-05,0.0005509763141162694
ZCH0024,4,NORMAL,NORMAL,0.00012576942390296608,0.9995525479316711,2.0320874682511203e-05,0.00016282277647405863,0.00013851204130332917
ZCH0025,1,NORMAL,NORMAL,0.19008693099021912,0.5465948581695557,0.0019137430936098099,0.020945949479937553,0.24045847356319427
ZCH0026,0,NORMAL,NORMAL,0.0006748487357981503,0.9140710234642029,0.0008001282112672925,0.0021453993394970894,0.0823085755109787
ZCH0027,1,NORMAL,NORMAL,0.003415820188820362,0.987608015537262,0.0013496619649231434,0.006312118377536535,0.0013143753167241812
ZCH0028,1,NORMAL,NORMAL,0.0924469605088234,0.8861411213874817,0.0003959218447562307,0.011005719192326069,0.010010304860770702
ZCH0029,0,NORMAL,NORMAL,0.0001714322715997696,0.9988815188407898,3.163469227729365e-05,0.0003086446085944772,0.0006066919886507094
ZCH0030,0,NORMAL,NORMAL,9.576189040672034e-05,0.9974332451820374,0.0001300721924053505,0.0005122185684740543,0.0018286780687049031
ZCH0031,4,NORMAL,NORMAL,0.00017035275232046843,0.9993952512741089,5.0049613491864875e-05,1.4773221664654557e-05,0.00036961209843866527
ZCH0032,4,NORMAL,NORMAL,7.402887422358617e-05,0.9998422861099243,7.464008717761317e-07,3.119764005532488e-05,5.175397382117808e-05
ZCH0033,4,NORMAL,NORMAL,2.483456592017319e-05,0.9998676776885986,5.57883959118044e-06,5.476147634908557e-05,4.7244317102013156e-05
ZCH0034,4,NORMAL,NORMAL,4.139505108469166e-05,0.9996594190597534,2.745560232142452e-05,1.7182226656586863e-05,0.0002547218755353242
ZCH0035,4,NORMAL,NORMAL,2.509668229322415e-05,0.9998973608016968,5.9772305576188955e-06,7.3824926403176505e-06,6.409334309864789e-05
ZCH0036,4,NORMAL,NORMAL,0.0003155674203298986,0.9992296695709229,4.679376615968067e-06,0.0003738606465049088,7.627008017152548e-05
ZCH0037,4,NORMAL,NORMAL,0.0031607383862137794,0.9930422306060791,3.0214327125577256e-05,0.000309367838781327,0.0034574938472360373
ZCH0038,0,NORMAL,VSD,0.00016636071086395532,0.01585209369659424,1.0171583198825829e-05,2.8872096663690172e-05,0.9839425086975098
ZCH0039,2,NORMAL,NORMAL,0.23743212223052979,0.741266667842865,0.012972678057849407,0.004295013844966888,0.0040335264056921005
ZCH0040,3,NORMAL,NORMAL,0.17364221811294556,0.46727752685546875,0.3426938056945801,0.0005924660945311189,0.015793967992067337
ZCH0041,0,NORMAL,NORMAL,0.0007331415545195341,0.985988438129425,0.0026126352604478598,0.002214886713773012,0.00845095980912447
ZCH0042,4,NORMAL,NORMAL,0.0019789894577115774,0.9927859902381897,4.3350428313715383e-05,0.0050722649320960045,0.00011944260040763766
ZCH0043,0,NORMAL,NORMAL,0.004634675104171038,0.9919257760047913,0.00017198601562995464,0.00015654026356060058,0.0031110604759305716
ZCH0044,3,NORMAL,NORMAL,4.0144055674318224e-05,0.9968532919883728,1.9443226847215556e-05,5.3614479838870466e-05,0.0030334563925862312
ZCH0045,1,NORMAL,NORMAL,0.0011881239479407668,0.9939122200012207,0.00012809968029614538,0.0009317501098848879,0.003839869285002351
ZCH0046,3,NORMAL,NORMAL,4.511330644163536e-06,0.9998680353164673,1.0903587281063665e-05,3.195128329025465e-06,0.00011334699956933036
ZCH0047,3,NORMAL,NORMAL,3.7969136883475585e-06,0.9999535083770752,5.99266627432371e-07,3.420955908950418e-05,7.842158083803952e-06
ZCH0048,1,NORMAL,NORMAL,0.0006331982440315187,0.997280478477478,0.00012621890346053988,0.00022815329430159181,0.0017319379840046167
ZCH0049,0,NORMAL,NORMAL,9.404208685737103e-05,0.9032854437828064,5.936507659498602e-05,0.00041608462925069034,0.09614507108926773
ZCH0050,2,NORMAL,NORMAL,0.00013418230810202658,0.9987859129905701,0.00016842821787577122,0.0007235480006784201,0.00018788428860716522
ZCH0051,2,NORMAL,NORMAL,0.0010815151035785675,0.9967998266220093,0.00024652262800373137,0.0005865435232408345,0.0012855263194069266
ZCH0052,2,NORMAL,NORMAL,0.0002656178257893771,0.998134195804596,0.0005226099165156484,0.00045614963164553046,0.000621515791863203
ZCH0053,1,NORMAL,NORMAL,0.004372405353933573,0.9802465438842773,0.002873873570933938,0.01020071655511856,0.0023063800763338804
ZCH0054,0,NORMAL,VSD,0.0008027547737583518,0.25520437955856323,0.0045817578211426735,0.0006093875854276121,0.7388017773628235
ZCH0055,0,NORMAL,NORMAL,6.184374797157943e-05,0.9950554370880127,7.971146260388196e-05,0.0003104840870946646,0.004492647014558315
ZCH0056,4,NORMAL,NORMAL,0.001740161096677184,0.9973883032798767,4.313915724196704e-06,0.0006804032600484788,0.00018680922221392393
ZCH0057,2,NORMAL,NORMAL,0.017798779532313347,0.9599362015724182,0.0006960919708944857,0.02093459479510784,0.000634430383797735
ZCH0058,0,NORMAL,NORMAL,0.00010843502968782559,0.9890483021736145,0.0015062382444739342,0.00021979643497616053,0.009117314592003822
ZCH0059,0,NORMAL,PFO,0.20182667672634125,0.1063443198800087,0.03906824439764023,0.6519562005996704,0.0008045008289627731
ZCH0060,0,NORMAL,NORMAL,0.0002077727986034006,0.9955976605415344,0.00016597731155343354,0.001633801613934338,0.0023948270827531815
ZCH0061,2,NORMAL,NORMAL,0.0004641551058739424,0.99763023853302,0.0003552852140273899,0.0009290572488680482,0.0006212482694536448
ZCH0062,1,NORMAL,NORMAL,0.004121930338442326,0.9323945045471191,0.0026378340553492308,0.016403891146183014,0.04444192722439766
ZCH0063,1,NORMAL,NORMAL,0.40789487957954407,0.4954998791217804,0.0037838073913007975,0.08139578253030777,0.011425674892961979
ZCH0064,3,NORMAL,PFO,0.15036264061927795,0.06315991282463074,0.00011743446520995349,0.7788134217262268,0.00754656782373786
ZCH0065,4,NORMAL,NORMAL,0.00026954044005833566,0.9983885288238525,1.9815361156361178e-05,0.00033863948192447424,0.0009835337987169623
ZCH0066,1,NORMAL,NORMAL,0.002834113547578454,0.9900670051574707,7.0038135163486e-05,0.0008373350719921291,0.006191510707139969
ZCH0067,1,NORMAL,NORMAL,0.00015712418826296926,0.9958298802375793,8.77437341841869e-05,0.001484667300246656,0.0024406069424003363
ZCH0068,2,NORMAL,NORMAL,0.020568175241351128,0.9020563364028931,0.012778239324688911,0.0527547262609005,0.011842580512166023
ZCH0069,4,NORMAL,NORMAL,2.5015187929966487e-05,0.9998893737792969,2.204427801189013e-06,3.991419725934975e-05,4.3460404413053766e-05
ZCH0070,1,NORMAL,NORMAL,0.005285070743411779,0.9879021644592285,0.0011883184779435396,0.0048986878246068954,0.0007259508711285889
ZCH0071,4,NORMAL,NORMAL,0.0002699224860407412,0.9995080232620239,9.833819603954908e-06,0.00010242102871416137,0.00010968761489493772
ZCH0072,0,NORMAL,NORMAL,3.553403075784445e-05,0.9991175532341003,1.6991225493256934e-05,4.8146641347557306e-05,0.0007817509467713535
ZCH0073,3,NORMAL,NORMAL,4.582081237458624e-05,0.9998856782913208,2.5529561753501184e-06,8.77873844729038e-06,5.718323518522084e-05
ZCH0074,3,NORMAL,NORMAL,5.967204560874961e-05,0.9998297691345215,9.69483153312467e-07,1.0973160442517838e-06,0.00010840511095011607
ZCH0075,2,NORMAL,NORMAL,0.0009114682325161994,0.9971609115600586,0.00021635368466377258,0.0005100112175568938,0.00120133301243186
ZCH0076,4,NORMAL,NORMAL,0.1626087874174118,0.661484956741333,0.00028627223218791187,0.0029008942656219006,0.17271912097930908
ZCH0077,4,NORMAL,NORMAL,1.5718625945737585e-05,0.999722421169281,6.067326921765925e-06,1.227189386554528e-05,0.0002435057976981625
ZCH0078,4,NORMAL,NORMAL,6.982759805396199e-05,0.9998489618301392,3.1822648907109397e-06,1.6566506019444205e-05,6.144126382423565e-05
ZCH0079,4,NORMAL,NORMAL,0.0003310164902359247,0.9991587400436401,5.394519757828675e-05,0.00014319222827907652,0.0003131363191641867
ZCH0080,3,NORMAL,VSD,1.4848659702693112e-05,0.16767549514770508,2.020496322074905e-05,0.014957638457417488,0.8173317909240723
ZCH0081,1,NORMAL,NORMAL,0.0017002025851979852,0.9961702227592468,8.921285188989714e-05,0.0002640639431774616,0.0017763369251042604
ZCH0082,1,NORMAL,NORMAL,0.13172775506973267,0.7819634079933167,0.00883793830871582,0.0584627240896225,0.019008144736289978
ZCH0083,1,NORMAL,NORMAL,3.3571810490684584e-05,0.9943709969520569,1.1492595604067901e-06,4.545973752101418e-06,0.005589800886809826
ZCH0084,0,NORMAL,NORMAL,0.00016406534996349365,0.9948174357414246,0.0002513749059289694,0.0038741736207157373,0.0008929632604122162
ZCH0085,0,NORMAL,NORMAL,3.798713078140281e-05,0.998816728591919,3.946858487324789e-05,0.0007674727239646018,0.0003383664006832987
ZCH0086,4,NORMAL,NORMAL,3.558575554052368e-05,0.9954872727394104,9.632888395572081e-05,2.473350104992278e-05,0.004356018733233213
ZCH0087,0,NORMAL,NORMAL,0.0013603742700070143,0.9930691719055176,0.00014165409083943814,0.001541247358545661,0.003887539030984044
ZCH0088,2,NORMAL,NORMAL,0.002313349861651659,0.9853058457374573,0.0014603575691580772,0.009538623504340649,0.0013818806037306786
ZCH0089,3,NORMAL,NORMAL,3.153432999170036e-06,0.9999942779541016,2.074434135579395e-08,1.0255854476781678e-06,1.6055060996222892e-06
ZCH0090,3,NORMAL,NORMAL,1.4453768244493403e-06,0.9999954700469971,2.0096859998375294e-07,1.5953953891312267e-07,2.706205123104155e-06
ZCH0091,4,NORMAL,NORMAL,0.0019759952556341887,0.9971345663070679,3.851576548186131e-05,0.0003261601959820837,0.0005248571978881955
ZCH0092,1,NORMAL,NORMAL,0.025929808616638184,0.961608350276947,0.0010176391806453466,0.010612708516418934,0.0008315223385579884
ZCH0093,0,NORMAL,NORMAL,0.0002988982305396348,0.9610565304756165,0.0002708903921302408,0.0018131487304344773,0.03656058758497238
ZCH0094,0,NORMAL,NORMAL,0.0004868182586506009,0.9843810796737671,0.0016048764809966087,0.005607959348708391,0.007919332012534142
ZCH0095,4,NORMAL,NORMAL,0.00037395485560409725,0.9994871616363525,2.865718442990328e-06,3.2917589123826474e-05,0.00010311885853298008
ZCH0096,3,NORMAL,NORMAL,1.5905974578345194e-05,0.9999408721923828,1.0072985787701327e-05,1.2836964742746204e-05,2.0260311430320144e-05
ZCH0097,3,NORMAL,NORMAL,6.178647709020879e-06,0.9999717473983765,2.669345064987283e-07,6.48713069040241e-07,2.1259196728351526e-05
ZCH0098,2,NORMAL,NORMAL,0.014460722915828228,0.9761697053909302,0.0019486757228150964,0.005477466154843569,0.0019434057176113129
ZCH0099,1,NORMAL,NORMAL,0.0022229107562452555,0.9869216680526733,0.002117687137797475,0.007176262326538563,0.0015614994335919619
ZCH0100,1,NORMAL,NORMAL,0.004591841250658035,0.9919441938400269,0.00022557204647455364,0.00025788223138079047,0.0029804559890180826
ZCH0101,4,NORMAL,NORMAL,0.00039576462586410344,0.9984778761863708,4.506298137130216e-05,0.00022421273752115667,0.0008569636847823858
ZCH0102,4,NORMAL,NORMAL,0.0008462026598863304,0.9976416826248169,6.897898128954694e-05,0.00021564187773037702,0.001227541477419436
ZCH0103,2,NORMAL,NORMAL,0.4248237907886505,0.5271731615066528,0.0027853739447891712,0.02035674825310707,0.02486095391213894
ZCH0104,3,NORMAL,NORMAL,0.0001881336938822642,0.9991230368614197,1.1386508049326949e-05,0.0005963967414572835,8.095018711173907e-05
ZCH0105,0,NORMAL,NORMAL,7.349646330112591e-05,0.9994441866874695,2.2725620510755107e-05,0.0001903391967061907,0.0002691030967980623
ZCH0106,1,NORMAL,PFO,0.01914377138018608,0.0051393634639680386,0.12480320036411285,0.850023627281189,0.0008900323882699013
ZCH0107,1,NORMAL,NORMAL,0.001698020612820983,0.9959883093833923,8.853628969518468e-05,0.0009108320227824152,0.0013144080294296145
ZCH0108,3,NORMAL,PFO,5.128945849719457e-05,0.2537260055541992,0.00014430210285354406,0.7424566149711609,0.003621801733970642
ZCH0109,4,NORMAL,NORMAL,3.868595013045706e-05,0.9977062940597534,1.9487573808874004e-05,0.0021116710267961025,0.00012387109745759517
ZCH0110,2,NORMAL,NORMAL,0.0010314275277778506,0.9934303164482117,0.0016324929893016815,0.0018498164135962725,0.0020560133270919323
ZCH0111,4,NORMAL,NORMAL,0.012724361382424831,0.9840297698974609,0.0005315602757036686,1.9675600924529135e-05,0.002694655442610383
ZCH0112,2,NORMAL,NORMAL,0.07954052835702896,0.8275094628334045,0.007670904975384474,0.05695682764053345,0.02832237258553505
ZCH0113,0,NORMAL,NORMAL,0.0029862576629966497,0.9923757910728455,0.0014127973699942231,0.00021499436115846038,0.0030102848540991545
ZCH0114,2,NORMAL,NORMAL,0.12781231105327606,0.8228563070297241,0.00920137483626604,0.03471015393733978,0.005419923923909664
ZCH0115,2,NORMAL,NORMAL,0.005466512404382229,0.9736502170562744,0.002339784288778901,0.01564454287290573,0.0028988770209252834
ZCH0116,2,NORMAL,NORMAL,0.019990934059023857,0.960620641708374,0.0026310160756111145,0.00826833862811327,0.00848914124071598
ZCH0117,3,NORMAL,NORMAL,0.0013287565670907497,0.6784292459487915,0.0036260506603866816,0.11894641816616058,0.19766946136951447
ZCH0118,4,NORMAL,NORMAL,0.0002385210682405159,0.9994738698005676,5.3005667723482475e-05,0.0001493247546022758,8.526072633685544e-05
ZCH0119,1,NORMAL,ASD,0.4971250891685486,0.49175071716308594,0.0006221703952178359,0.005150013603270054,0.0053519452922046185
ZCH0120,1,NORMAL,NORMAL,0.00026814325246959925,0.9976806640625,2.2464975700131617e-05,0.00016415152640547603,0.0018644735682755709
ZCH0121,3,NORMAL,NORMAL,4.283754606149159e-06,0.9999752044677734,7.327218554564752e-06,9.180785127682611e-07,1.2303944458835758e-05
ZCH0122,4,NORMAL,NORMAL,0.011448921635746956,0.9609653949737549,0.009255859069526196,0.0015438374830409884,0.016785837709903717
ZCH0123,3,NORMAL,NORMAL,1.2412235264491756e-05,0.9998698234558105,1.6834965208545327e-05,4.904087745671859e-06,9.60744873736985e-05
ZCH0124,1,NORMAL,NORMAL,0.0006664146785624325,0.9983450174331665,0.00014965437003411353,0.0001288211642531678,0.0007101690862327814
ZCH0125,1,NORMAL,NORMAL,0.009915255941450596,0.9384469985961914,0.0010837896261364222,0.04628045856952667,0.0042734104208648205
ZCH0126,2,NORMAL,NORMAL,0.00046954466961324215,0.9988964796066284,6.556390144396573e-05,0.00044649469782598317,0.0001218174584209919
ZCH0127,3,NORMAL,NORMAL,4.7215512495313305e-06,0.9999496936798096,5.529378086066572e-06,1.1061398254241794e-05,2.8993154046474956e-05
ZCH0128,0,NORMAL,NORMAL,9.541608596919104e-05,0.9950226545333862,0.0003433253150433302,0.00020032416796311736,0.004338338039815426
ZCH0129,4,NORMAL,NORMAL,2.2635056666331366e-05,0.999754011631012,2.843731635948643e-06,2.6970130420522764e-05,0.00019352698291186243
ZCH0130,1,NORMAL,NORMAL,0.0003460819134488702,0.9936467409133911,0.000561907421797514,0.00033074396196752787,0.005114532541483641
ZCH0131,2,NORMAL,NORMAL,0.00028386618942022324,0.9979058504104614,0.0002751181018538773,0.0009272944880649447,0.0006078412407077849
ZCH0132,3,NORMAL,VSD,0.0003147539682686329,0.008942147716879845,3.7284557038219646e-05,5.3147770813666284e-05,0.9906526803970337
ZCH0133,2,NORMAL,NORMAL,0.003152032382786274,0.9916806817054749,0.00124267244245857,0.002661096630617976,0.0012635404709726572
ZCH0134,2,NORMAL,NORMAL,0.006802801508456469,0.9926429390907288,5.627478094538674e-05,0.0003359995607752353,0.00016198692901525646
ZCH0135,4,NORMAL,NORMAL,0.0005625085905194283,0.9993017911911011,3.3806647934397915e-06,8.623181929579005e-05,4.6113491407595575e-05
ZCH0136,0,NORMAL,NORMAL,0.010921051725745201,0.9755169749259949,0.0009401171118952334,0.003786932909861207,0.008834960870444775
ZCH0137,0,NORMAL,NORMAL,6.77206990076229e-05,0.9994745850563049,1.572048495290801e-05,0.00016814441187307239,0.00027397158555686474
ZCH0138,1,NORMAL,NORMAL,0.014815004542469978,0.9725688695907593,0.0018407580209895968,0.009544928558170795,0.0012304708361625671
ZCH0139,2,NORMAL,NORMAL,0.001652398961596191,0.993850588798523,0.00034759475965984166,0.002491129795089364,0.0016583157703280449
ZCH0140,2,NORMAL,ASD,0.9052515029907227,0.045439109206199646,0.014986133202910423,0.03133051469922066,0.00299273943528533
ZCH0141,2,NORMAL,NORMAL,0.18568243086338043,0.7963840365409851,0.0017141221323981881,0.005085398908704519,0.011134020052850246
ZCH0142,1,NORMAL,NORMAL,0.0007003539358265698,0.9968311190605164,0.00021215672313701361,0.00011668770457617939,0.002139647025614977
ZCH0143,3,NORMAL,NORMAL,9.42118731472874e-06,0.9998049139976501,1.0693528565752786e-05,4.9297836994810496e-06,0.00017005662084557116
ZCH0144,1,NORMAL,NORMAL,0.0004920439096167684,0.998370349407196,0.0001511661830591038,0.00016422961198259145,0.0008223031763918698
ZCH0145,3,NORMAL,NORMAL,3.030341076737386e-06,0.9999727010726929,9.286511044592771e-07,9.990684702643193e-06,1.3394307643466163e-05
ZCH0146,3,NORMAL,NORMAL,6.467002435783797e-07,0.9999922513961792,1.760311505449863e-07,2.8822835247410694e-06,4.170370630163234e-06
ZCH0147,0,NORMAL,NORMAL,0.00018378962704446167,0.9974046349525452,9.541928011458367e-05,0.00016496538592036813,0.002151183085516095
ZCH0148,3,NORMAL,NORMAL,3.157335868309019e-06,0.9999876022338867,1.7784631722861377e-07,1.3196738564147381e-06,7.86391319707036e-06
ZCH0149,3,NORMAL,NORMAL,5.852825415786356e-05,0.9991804957389832,8.677072764839977e-05,0.0003500196908134967,0.00032420657225884497
ZCH0150,1,NORMAL,NORMAL,0.00019844487542286515,0.9984824061393738,0.00020243645121809095,0.000250310346018523,0.0008664236520417035
ZCH0151,4,NORMAL,NORMAL,0.0001087335404008627,0.9998555183410645,6.43965620383824e-07,8.611326848040335e-06,2.659970778040588e-05
ZCH0152,1,NORMAL,NORMAL,0.003236232092604041,0.9954859614372253,5.4513955547008663e-05,0.00022895947040524334,0.0009943690383806825
ZCH0153,4,NORMAL,NORMAL,0.02696681208908558,0.9412916898727417,2.2012398403603584e-05,0.005556597840040922,0.02616296522319317
ZCH0154,2,NORMAL,NORMAL,0.0006206529214978218,0.998336136341095,0.00014558015391230583,0.0005438218940980732,0.000353837909642607
ZCH0155,2,NORMAL,NORMAL,0.0003239161742385477,0.9983426332473755,0.0002029222232522443,0.0003330538747832179,0.0007975487387739122
ZCH0156,0,NORMAL,NORMAL,0.00023409455025102943,0.9959756731987,0.0003391350619494915,0.0001155246063717641,0.0033356137573719025
ZCH0157,3,NORMAL,NORMAL,5.491400543178315e-07,0.9999855756759644,2.868208866857458e-06,1.3711431847696076e-06,9.480316293775104e-06
ZCH0158,1,NORMAL,ASD,0.5410934686660767,0.012822076678276062,0.007331155706197023,0.4345017373561859,0.004251591395586729
ZCH0159,0,NORMAL,NORMAL,0.0009180927299894392,0.9930627942085266,0.0004075950710102916,0.0027989137452095747,0.002812623046338558
ZCH0160,0,NORMAL,NORMAL,0.0027245262172073126,0.9944223761558533,0.00017742899945005774,0.0005843978724442422,0.0020912238396704197
ZCH0161,0,NORMAL,NORMAL,8.019356027944013e-05,0.9952744245529175,0.00024536161799915135,0.0002337424230063334,0.00416619423776865
ZCH0162,3,NORMAL,NORMAL,7.598956290166825e-05,0.9998857975006104,2.1959252990200184e-05,7.875239134591538e-06,8.378976417589001e-06
ZCH0163,1,NORMAL,NORMAL,0.0006472210516221821,0.993574321269989,0.00046900217421352863,0.0030578002333641052,0.0022515582386404276
ZCH0164,0,NORMAL,NORMAL,0.0010185326682403684,0.9935697317123413,0.001785699394531548,0.0022263203281909227,0.0013997239293530583
ZCH0165,4,NORMAL,NORMAL,2.9450042347889394e-05,0.9998248219490051,8.870708370523062e-06,1.3000418221054133e-05,0.00012390939809847623
ZCH0166,1,NORMAL,NORMAL,0.0077132573351264,0.9069403409957886,0.007063749711960554,0.06121646240353584,0.01706613600254059
ZCH0167,2,NORMAL,NORMAL,0.03919012099504471,0.9306108355522156,0.0021548152435570955,0.026331214234232903,0.0017129998886957765
ZCH0168,0,NORMAL,NORMAL,8.602671732660383e-05,0.9906225800514221,0.0002976018004119396,0.00011605652252910659,0.008877791464328766
ZCH0169,0,NORMAL,NORMAL,0.05951524153351784,0.9047513008117676,0.008585239760577679,0.0004495148896239698,0.0266986396163702
ZCH0170,4,NORMAL,NORMAL,0.00020737139857374132,0.9992819428443909,5.081617200630717e-05,7.698930858168751e-05,0.00038291956298053265
ZCH0171,3,NORMAL,NORMAL,1.4453768244493403e-06,0.9999954700469971,2.0096859998375294e-07,1.5953953891312267e-07,2.706205123104155e-06
ZCH0172,1,NORMAL,NORMAL,0.00011244961933698505,0.999377429485321,4.034829089505365e-06,0.00015573615382891148,0.0003503744082991034
ZCH0173,0,NORMAL,NORMAL,0.00013924262020736933,0.9871597290039062,0.0002548017946537584,0.004922450520098209,0.007523785810917616
ZCH0174,4,NORMAL,NORMAL,0.00019854398851748556,0.976696252822876,2.0581350327120163e-05,0.0021871814969927073,0.020897477865219116
ZCH0175,4,NORMAL,NORMAL,0.0011424185940995812,0.6489087343215942,5.064174911240116e-05,0.34973007440567017,0.00016815910930745304
ZCH0176,1,NORMAL,NORMAL,0.0024784132838249207,0.978534460067749,0.004128079861402512,0.010140816681087017,0.004718256648629904
ZCH0177,0,NORMAL,NORMAL,0.0004301915760152042,0.9961678385734558,0.00012058482388965786,0.001312361448071897,0.0019690205808728933
ZCH0178,1,NORMAL,NORMAL,0.0035483473911881447,0.9600249528884888,0.011191478930413723,0.0016872003907337785,0.023547980934381485
ZCH0179,1,NORMAL,NORMAL,0.0003859034914057702,0.9960895776748657,0.0003916352870874107,0.0017576777609065175,0.0013753061648458242
ZCH0180,3,NORMAL,NORMAL,8.209660154534504e-05,0.9992152452468872,0.00013871167902834713,4.442319550435059e-05,0.0005195149569772184
ZCH0181,2,NORMAL,NORMAL,0.0004769279039464891,0.9953900575637817,0.0012793303467333317,0.0013632714981213212,0.0014903598930686712
ZCH0182,4,NORMAL,NORMAL,0.00012047185737174004,0.9994538426399231,2.0069643142051063e-05,0.00018005185120273381,0.00022567715495824814
ZCH0183,3,NORMAL,NORMAL,0.018477195873856544,0.939163863658905,8.842817624099553e-05,0.041199006140232086,0.0010715530952438712
ZCH0184,1,NORMAL,NORMAL,0.10848773270845413,0.8817434310913086,0.0030109239742159843,0.0003556113806553185,0.0064022536389529705
ZCH0185,4,NORMAL,NORMAL,0.005500846076756716,0.984379768371582,0.00043840400758199394,0.00013140762166585773,0.009549510665237904
ZCH0186,4,NORMAL,NORMAL,4.309155701776035e-05,0.9997687935829163,6.433822363760555e-06,6.972584378672764e-05,0.00011186854681000113
ZCH0187,1,NORMAL,NORMAL,0.002088173059746623,0.9967300891876221,1.6626716387690976e-05,0.00021480332361534238,0.0009503053152002394
ZCH0188,2,NORMAL,NORMAL,0.0003078895970247686,0.9951351284980774,0.0016722842119634151,0.0014432455645874143,0.0014414284378290176
ZCH0189,1,NORMAL,NORMAL,0.0017142322612926364,0.993472695350647,0.0009739811648614705,0.0006078547448851168,0.0032311363611370325
ZCH0190,1,NORMAL,NORMAL,0.0031406295020133257,0.994204580783844,5.7520217524142936e-05,0.0002515000232961029,0.002345799235627055
ZCH0191,0,NORMAL,NORMAL,6.352298078127205e-05,0.9968306422233582,3.0329851142596453e-05,0.001959998859092593,0.0011154516832903028
ZCH0192,4,NORMAL,NORMAL,0.0002584814792498946,0.9990909099578857,4.820729009225033e-05,0.000121521923574619,0.0004809462698176503
ZCH0193,3,NORMAL,NORMAL,0.001072592451237142,0.998030960559845,0.00014534869114868343,0.000134147543576546,0.0006168915424495935
ZCH0194,3,NORMAL,NORMAL,2.7492927983985282e-05,0.9999480247497559,6.571907761099283e-06,3.833582923107315e-06,1.4095065125729889e-05
ZCH0195,2,NORMAL,NORMAL,0.0004885683883912861,0.9984009861946106,0.0004047053516842425,0.00011197716230526567,0.0005937833338975906
ZCH0196,4,NORMAL,NORMAL,0.007826055400073528,0.9918786287307739,3.9243768696906045e-06,0.00021817570086568594,7.335432746913284e-05
ZCH0197,3,NORMAL,NORMAL,0.00014783641381654888,0.9554754495620728,2.905837209254969e-05,0.043395962566137314,0.0009517597500234842
ZCH0198,3,NORMAL,NORMAL,8.208616054616868e-05,0.9987909197807312,7.986413947946858e-06,0.00038141474942676723,0.00073768210131675
ZCH0199,0,NORMAL,NORMAL,3.439498686930165e-05,0.9967908263206482,3.863018719130196e-05,3.0430448532570153e-05,0.003105778945609927
ZCH0200,1,NORMAL,NORMAL,0.0003311525797471404,0.9976847171783447,0.00011058032396249473,0.0006771966582164168,0.0011963136494159698
ZCH0201,0,NORMAL,NORMAL,0.0009907209314405918,0.9609134197235107,3.9478625694755465e-05,0.027125969529151917,0.010930356569588184
ZCH0202,4,NORMAL,NORMAL,9.07213325263001e-05,0.9993844032287598,5.722494734072825e-06,7.84201329224743e-05,0.00044076910126022995
ZCH0203,3,NORMAL,NORMAL,6.035801561665721e-06,0.9999364614486694,1.5811396224307828e-05,1.211370272358181e-05,2.949973895738367e-05
ZCH0204,0,NORMAL,NORMAL,0.00012544354831334203,0.9991413354873657,9.975887223845348e-06,2.1626396119245328e-05,0.000701596902217716
ZCH0205,1,NORMAL,NORMAL,0.14933869242668152,0.8228404521942139,0.0029240967705845833,0.0026139088440686464,0.022282849997282028
ZCH0206,2,NORMAL,NORMAL,0.0008545389282517135,0.9978100657463074,0.0001469212438678369,0.0008343771332874894,0.0003540509787853807
ZCH0207,0,NORMAL,NORMAL,0.0006516959983855486,0.974361002445221,0.0006610039854422212,0.0028106924146413803,0.021515600383281708
ZCH0208,4,NORMAL,NORMAL,0.0005708725657314062,0.9982907176017761,0.0001824487844714895,0.00022437366715166718,0.0007316338014788926
ZCH0209,3,NORMAL,NORMAL,0.00013468839460983872,0.9997934699058533,2.7307713025948033e-05,2.094649607897736e-05,2.3613523808307946e-05
ZCH0210,2,NORMAL,NORMAL,0.0003486559144221246,0.9976156949996948,7.015153096290305e-05,0.0003483713953755796,0.0016171446768566966
ZCH0211,4,NORMAL,NORMAL,1.1995329259661958e-05,0.9993131160736084,2.1337020825740183e-06,1.5665147657273337e-05,0.0006571394042111933
ZCH0212,1,NORMAL,NORMAL,0.0027201767079532146,0.9938680529594421,0.000603885913733393,0.0012477844720706344,0.0015600965125486255
ZCH0213,3,NORMAL,NORMAL,0.0028584450483322144,0.996833860874176,1.18475581984967e-05,2.0244373445166275e-05,0.0002755642344709486
ZCH0214,0,NORMAL,NORMAL,0.0008018767111934721,0.9979189038276672,0.00013230240438133478,0.0005923876888118684,0.0005544645828194916
ZCH0215,0,NORMAL,NORMAL,4.457376780919731e-05,0.9995002746582031,1.511926620878512e-05,0.00012607061944436282,0.0003139970649499446
ZCH0216,4,NORMAL,NORMAL,0.0003751349577214569,0.9993972778320312,1.3966973710921593e-05,2.4223269065259956e-05,0.00018944907060358673
ZCH0217,4,NORMAL,NORMAL,0.0006868327036499977,0.999007523059845,3.4409986255923286e-05,0.00023323910136241466,3.8094778574304655e-05
ZCH0218,2,NORMAL,NORMAL,0.00020472910546232015,0.9996178150177002,3.532831760821864e-05,3.449249925324693e-05,0.0001076874032150954
ZCH0219,2,NORMAL,NORMAL,0.0007668122416362166,0.9982574582099915,0.00014993622608017176,0.0004252268699929118,0.0004005764494650066
ZCH0220,3,NORMAL,NORMAL,7.992613063834142e-06,0.9999799728393555,4.830264970223652e-06,8.586072652860821e-08,7.061592896207003e-06
ZCH0221,4,NORMAL,NORMAL,0.00021727208513766527,0.9996265172958374,1.700865504972171e-05,5.734549995395355e-05,8.182213787222281e-05
ZCH0222,0,NORMAL,NORMAL,5.1159124268451706e-05,0.9995630383491516,9.687161082183593e-07,3.167974136886187e-05,0.00035323717747814953
ZCH0223,0,NORMAL,NORMAL,0.001734988996759057,0.991696834564209,4.5253094867803156e-05,0.0009599803015589714,0.005562948528677225
ZCH0224,3,NORMAL,NORMAL,5.930952738708584e-06,0.9999498128890991,5.296775725582847e-06,1.2205514394736383e-06,3.7841047742404044e-05
ZCH0225,0,NORMAL,NORMAL,0.0001818000164348632,0.9972485899925232,6.877127452753484e-05,0.00035290984669700265,0.0021478987764567137
ZCH0226,0,NORMAL,NORMAL,0.0001718478015391156,0.99945467710495,1.5943007838359335e-06,0.00024410524929407984,0.0001278993731830269
ZCH0227,0,NORMAL,NORMAL,3.5451135772746056e-05,0.9811645746231079,0.00011647106293821707,0.0002793158928398043,0.018404139205813408
ZCH0228,0,NORMAL,NORMAL,0.00015505924238823354,0.99925297498703,1.931509905261919e-05,0.00012789637548848987,0.00044462725054472685
ZCH0229,2,NORMAL,NORMAL,0.044944338500499725,0.9468475580215454,0.0004398609744384885,0.004537068773061037,0.003231261856853962
ZCH0230,0,NORMAL,NORMAL,0.00044464896200224757,0.9907576441764832,0.0003799990226980299,0.0004568801377899945,0.007960925810039043
ZCH0231,0,NORMAL,NORMAL,0.00018740085943136364,0.9983148574829102,0.00022444588830694556,0.0003909376391675323,0.0008822889649309218
ZCH0232,2,NORMAL,NORMAL,0.006528325844556093,0.9907217025756836,0.00012612517457455397,0.0011458141962066293,0.0014780760975554585
ZCH0233,3,NORMAL,NORMAL,0.0005541696446016431,0.9992040991783142,4.210050610709004e-05,4.774126136908308e-05,0.0001519412180641666
ZCH0234,1,NORMAL,ASD,0.6038326621055603,0.3755887746810913,0.0005950742051936686,0.0021116225980222225,0.017871903255581856
ZCH0235,4,NORMAL,NORMAL,4.8664416681276634e-05,0.9998669624328613,3.0280302780738566e-06,2.1983772967359982e-05,5.9473939472809434e-05
ZCH0236,2,NORMAL,NORMAL,0.00020160080748610198,0.9971137046813965,0.00022226227156352252,0.0006971860420890152,0.0017652111127972603
ZCH0237,2,NORMAL,NORMAL,0.0004643152351491153,0.9989619255065918,5.987540498608723e-05,0.00027500168653205037,0.0002389237779425457
ZCH0238,2,NORMAL,NORMAL,0.001048936741426587,0.9976456761360168,0.0001417218300048262,0.0007871525012888014,0.0003763857821468264
ZCH0239,2,NORMAL,NORMAL,0.008139463141560555,0.9757882952690125,0.00029888315475545824,0.01321876049041748,0.0025547202676534653
ZCH0240,4,NORMAL,NORMAL,4.737545532407239e-05,0.9998509883880615,4.261514732206706e-06,4.767991049448028e-05,4.9667050916468725e-05
ZCH0241,0,NORMAL,NORMAL,0.0038645321037620306,0.9942806959152222,5.079797119833529e-06,0.000551291392184794,0.00129832630045712
ZCH0242,3,NORMAL,NORMAL,2.642172148625832e-06,0.9999380111694336,1.682455877016764e-05,4.361864966995199e-07,4.212198837194592e-05
ZCH0243,3,NORMAL,NORMAL,1.726152368064504e-05,0.99993896484375,3.0984797376731876e-06,2.16960452235071e-05,1.8973141777678393e-05
ZCH0244,2,NORMAL,NORMAL,0.04592466354370117,0.8596081137657166,0.06367224454879761,0.00891189370304346,0.021883107721805573
ZCH0245,2,NORMAL,NORMAL,0.002396246651187539,0.9950488209724426,0.0001619446702534333,0.0019542977679520845,0.00043872135574929416
ZCH0246,4,NORMAL,NORMAL,0.00012755529314745218,0.9996875524520874,1.3000132639717776e-05,7.280174759216607e-05,9.916012641042471e-05
ZCH0247,0,NORMAL,NORMAL,0.00018420837295707315,0.9988101720809937,4.938907295581885e-05,0.00024198410392273217,0.0007143283728510141
ZCH0248,4,NORMAL,NORMAL,0.00235742493532598,0.9967778325080872,0.00011306998203508556,1.7890663002617657e-05,0.000733783352188766
ZCH0249,3,NORMAL,NORMAL,3.515674222853704e-07,0.9999994039535522,3.890442634713054e-09,3.8273686442380495e-08,2.433416170788405e-07
ZCH0250,4,NORMAL,NORMAL,4.00226199417375e-05,0.9997525811195374,2.4751556338742375e-05,2.9342785637709312e-05,0.00015329895541071892
ZCH0251,3,NORMAL,NORMAL,4.2886353185167536e-05,0.9994931221008301,5.857443466084078e-05,7.87738918006653e-06,0.00039745355024933815
ZCH0252,1,NORMAL,NORMAL,0.05553451180458069,0.8787322044372559,0.0001736095582600683,0.029659884050488472,0.03589979559183121
ZCH0253,4,NORMAL,NORMAL,0.00013885980297345668,0.9995366334915161,1.769613299984485e-05,7.44190692785196e-05,0.00023230457736644894
ZCH0254,4,NORMAL,NORMAL,6.338403181871399e-05,0.9999115467071533,5.443079658107308e-07,8.040404281928204e-06,1.6475936718052253e-05
ZCH0255,2,NORMAL,NORMAL,0.002188691170886159,0.9960880279541016,0.0002814125327859074,0.001144371461123228,0.0002975298266392201
ZCH0256,4,NORMAL,NORMAL,9.623777441447601e-05,0.999758780002594,1.6146930192917353e-06,0.00013417884474620223,9.21460559766274e-06
ZCH0257,3,NORMAL,NORMAL,6.162469071568921e-05,0.999840259552002,6.721507088514045e-05,4.855507540924009e-06,2.598461833258625e-05
ZCH0258,2,NORMAL,NORMAL,4.3706582800950855e-05,0.9995288848876953,2.964045734188403e-06,0.00011353613081155345,0.0003108344099018723
ZCH0259,2,NORMAL,PDA,0.1046399399638176,0.12789195775985718,0.4463645815849304,0.28571173548698425,0.035391826182603836
ZCH0260,3,NORMAL,NORMAL,0.0002355778415221721,0.9993581175804138,7.891749555710703e-05,3.4781132853822783e-06,0.000323998014209792
ZCH0261,1,NORMAL,NORMAL,0.006243003066629171,0.9904382824897766,0.00033588698715902865,0.0025136927142739296,0.00046914664562791586
ZCH0262,4,NORMAL,NORMAL,0.00011538703256519511,0.9995539784431458,3.910868690581992e-05,6.594215665245429e-05,0.00022570148576050997
ZCH0263,1,NORMAL,NORMAL,5.736051389249042e-05,0.9992687106132507,3.7085275835124776e-05,9.812090138439089e-05,0.0005386166158132255
ZCH0264,0,NORMAL,NORMAL,0.0003074914566241205,0.9985872507095337,5.365208926377818e-05,0.00014478179218713194,0.0009068688377737999
ZCH0265,0,NORMAL,NORMAL,0.006341744214296341,0.8859625458717346,0.0007325345650315285,0.02811887301504612,0.07884427160024643
ZCH0266,4,NORMAL,NORMAL,0.00020299208699725568,0.9996860027313232,4.163609901297605e-06,5.516810779226944e-05,5.166367918718606e-05
ZCH0267,3,NORMAL,NORMAL,6.733083409926621e-06,0.9999699592590332,6.669053504992917e-07,1.3083368685329333e-05,9.543593478156254e-06
ZCH0268,4,NORMAL,NORMAL,6.2973951571621e-05,0.9997264742851257,2.5809064027271233e-05,4.419182732817717e-05,0.00014055040082894266
ZCH0269,0,NORMAL,NORMAL,8.421007805736735e-05,0.9982510209083557,1.5185425581876189e-05,0.000827451643999666,0.0008220332092605531
ZCH0270,3,NORMAL,PFO,0.20071396231651306,0.0711330845952034,0.0001596963993506506,0.7239470481872559,0.0040462748147547245
ZCH0271,3,NORMAL,NORMAL,0.0001738321006996557,0.9987024068832397,1.2709722795989364e-05,0.0002792432496789843,0.0008317699539475143
ZCH0272,1,NORMAL,NORMAL,0.05582430958747864,0.911948561668396,0.0004556704079732299,0.02939632162451744,0.00237505161203444
ZCH0273,3,NORMAL,NORMAL,7.25398858776316e-05,0.998853325843811,0.0003314901841804385,0.00010867563105421141,0.0006338972016237676
ZCH0274,4,NORMAL,NORMAL,0.004644288681447506,0.9949943423271179,1.7081763871829025e-05,0.0001580622629262507,0.00018622561765369028
ZCH0275,3,NORMAL,NORMAL,7.966580284346492e-08,0.9999992847442627,1.463132903722908e-08,4.249019127655629e-07,1.1347711392772908e-07
ZCH0276,3,NORMAL,NORMAL,0.0001331582898274064,0.9998475313186646,2.0465529360080836e-06,3.0408432394324336e-06,1.4129028386378195e-05
ZCH0277,3,NORMAL,NORMAL,2.276328586958698e-06,0.9999865293502808,3.989002550497389e-07,5.8686037363031573e-08,1.079898629541276e-05
ZCH0278,2,NORMAL,NORMAL,0.00018621303024701774,0.9975920915603638,0.00016281801799777895,0.00109395373146981,0.0009648778359405696
ZCH0279,4,NORMAL,NORMAL,0.0023344072978943586,0.9911608695983887,5.386900375015102e-05,0.00036287878174334764,0.006088024936616421
ZCH0280,2,NORMAL,NORMAL,0.00028973925509490073,0.9986990690231323,7.547898712800816e-05,0.00043511317926459014,0.0005005256971344352
ZCH0281,0,NORMAL,NORMAL,0.00012424512533470988,0.9977114200592041,6.295336788753048e-05,0.0003011689695995301,0.0018002453725785017
ZCH0282,1,NORMAL,NORMAL,0.010748397558927536,0.9865518808364868,0.0007928878185339272,0.0015193292638286948,0.00038752707769162953
ZCH0283,0,NORMAL,NORMAL,2.559010863478761e-05,0.995928943157196,5.146078547113575e-05,0.00027695970493368804,0.0037169689312577248
ZCH0284,2,NORMAL,NORMAL,7.096297485986724e-05,0.9992088675498962,0.00012510459055192769,0.00035453669261187315,0.00024064045283012092
ZCH0285,3,NORMAL,NORMAL,1.570029417052865e-05,0.9997820258140564,1.4228769032342825e-05,6.853863851574715e-06,0.00018115490092895925
ZCH0286,3,NORMAL,NORMAL,6.88506133883493e-06,0.9999175071716309,1.2559781680465676e-05,2.8316633233771427e-06,6.021776789566502e-05
ZCH0287,0,NORMAL,NORMAL,0.0011653475230559707,0.9981793165206909,4.065761913807364e-06,0.00019444941426627338,0.00045696727465838194
ZCH0288,4,NORMAL,NORMAL,2.6302139303879812e-05,0.999882698059082,1.629320831852965e-05,2.3336073354585096e-05,5.119510387885384e-05
ZCH0289,2,NORMAL,NORMAL,0.0049515399150550365,0.9917598366737366,0.0005459767999127507,0.0016565941041335464,0.0010859868489205837
ZCH0290,4,NORMAL,NORMAL,0.0006623098743148148,0.9987667798995972,3.566952727851458e-05,4.739765790873207e-05,0.00048781372606754303
ZCH0291,3,NORMAL,NORMAL,0.07894819229841232,0.902133584022522,0.006382693536579609,0.0040460922755301,0.00848953053355217
ZCH0292,4,NORMAL,NORMAL,1.3218652384239249e-05,0.9997590184211731,9.452712220081594e-06,3.793564246734604e-05,0.00018049335631076247
ZCH0293,4,NORMAL,NORMAL,1.3153176041669212e-05,0.9999566078186035,1.1576389624678995e-06,5.426710231404286e-06,2.3616184989805333e-05
ZCH0294,2,NORMAL,NORMAL,3.208130146958865e-05,0.9983299374580383,8.86933776200749e-06,7.41617041057907e-05,0.0015549072995781898
ZCH0295,1,NORMAL,NORMAL,0.010101108811795712,0.9622372388839722,0.00017171440413221717,0.022204644978046417,0.005285220220685005
ZCH0296,4,NORMAL,NORMAL,0.00015505487681366503,0.9977774024009705,5.0493570597609505e-05,5.738277468481101e-05,0.001959601417183876
ZCH0297,0,NORMAL,NORMAL,0.00023385044187307358,0.9979389309883118,1.0219526302535087e-05,0.00023450278968084604,0.0015823980793356895
ZCH0298,4,NORMAL,NORMAL,0.0008779253694228828,0.7870036959648132,0.0017339866608381271,0.0015412390930578113,0.20884312689304352
ZCH0299,3,NORMAL,NORMAL,1.9934101146645844e-05,0.9972737431526184,1.7940295720109134e-06,3.834388917312026e-05,0.0026661281008273363
ZCH0300,1,NORMAL,NORMAL,0.0010193859925493598,0.9927003979682922,6.758751260349527e-05,0.0016635695938020945,0.00454908050596714
ZCH0301,0,NORMAL,NORMAL,0.00019806166528724134,0.9996448755264282,3.314767354822834e-06,3.775835648411885e-05,0.00011594268289627507
ZCH0302,2,NORMAL,NORMAL,0.0009297171491198242,0.9943752288818359,0.0004544913535937667,0.003361071925610304,0.0008795249159447849
ZCH0303,3,NORMAL,NORMAL,1.719558554214018e-06,0.9999887943267822,3.1641638997825794e-06,1.0465099649081822e-06,5.287801286613103e-06
ZCH0304,0,NORMAL,NORMAL,0.0001703152374830097,0.9971590042114258,1.4365408787853085e-05,0.00010026878589997068,0.002556015271693468
ZCH0305,3,NORMAL,NORMAL,0.0018798791570588946,0.9974926710128784,5.0002213356492575e-06,1.5711260857642628e-05,0.0006068459479138255
ZCH0306,1,NORMAL,ASD,0.4040679633617401,0.32974717020988464,0.014083482325077057,0.0007690718048252165,0.25133228302001953
ZCH0307,4,NORMAL,NORMAL,0.0009853417286649346,0.9985400438308716,1.6705844245734625e-05,0.0002691331028472632,0.00018884625751525164
ZCH0308,1,NORMAL,NORMAL,0.00031309720361605287,0.9983404874801636,8.340324711753055e-05,9.759710519574583e-05,0.0011653135297819972
ZCH0309,2,NORMAL,NORMAL,0.0022577783092856407,0.9922816157341003,0.002087285276502371,0.0012323103146627545,0.0021409522742033005
ZCH0310,4,NORMAL,NORMAL,2.535814383008983e-05,0.9997847676277161,1.0834879503818229e-05,5.029189196648076e-05,0.0001287032791879028
ZCH0311,4,NORMAL,NORMAL,8.024452836252749e-05,0.9995245933532715,3.73360380763188e-05,0.00015460811846423894,0.00020321691408753395
ZCH0312,1,NORMAL,NORMAL,0.026177089661359787,0.9524856805801392,0.0037571629509329796,0.010743403807282448,0.006836670450866222
ZCH0313,3,NORMAL,NORMAL,0.0011388810817152262,0.9839361906051636,4.650152550311759e-05,0.014196259900927544,0.0006821556598879397
ZCH0314,2,NORMAL,NORMAL,0.003679658053442836,0.9944230914115906,0.0004393185081426054,0.0008926523732952774,0.0005653417902067304
ZCH0315,2,NORMAL,NORMAL,0.000708408304490149,0.9960749745368958,0.0005710912519134581,0.0015513811958953738,0.0010940900538116693
ZCH0316,3,NORMAL,NORMAL,1.5067806089064106e-05,0.999964714050293,1.6567009879508987e-06,6.509261766041163e-06,1.2038196473440621e-05
ZCH0317,4,NORMAL,NORMAL,8.416092896368355e-05,0.9985440969467163,5.8968080338672735e-06,0.000651997106615454,0.000713803805410862
ZCH0318,1,NORMAL,NORMAL,0.0008028801530599594,0.9943293929100037,0.0005079595721326768,0.0008332629222422838,0.0035265434999018908
ZCH0319,2,NORMAL,NORMAL,0.00048469624016433954,0.9990195035934448,5.1605020416900516e-05,9.343482088297606e-05,0.00035074446350336075
ZCH0320,1,NORMAL,NORMAL,0.0010568456491455436,0.958810567855835,0.00015926659398246557,0.0002929000183939934,0.03968038409948349
ZCH0321,2,NORMAL,NORMAL,0.00017333625874016434,0.999440610408783,4.39854666183237e-05,0.0001293993991566822,0.00021269993158057332
ZCH0322,0,NORMAL,NORMAL,0.0002473208587616682,0.9973104000091553,9.394127846462652e-05,0.0002309416449861601,0.0021173711866140366
ZCH0323,3,NORMAL,NORMAL,2.774382483039517e-05,0.9998123049736023,9.341069926449563e-06,1.3048808796156663e-05,0.00013772034435532987
ZCH0324,4,NORMAL,NORMAL,0.020079823210835457,0.9792192578315735,3.4535928534751292e-06,0.0001517306809546426,0.0005457454244606197
ZCH0325,2,NORMAL,NORMAL,0.0020790770649909973,0.9945842623710632,0.0005987086333334446,0.0011477452935650945,0.0015901983715593815
ZCH0326,3,NORMAL,NORMAL,0.0019375975243747234,0.9977422952651978,5.536885510082357e-06,7.249116151797352e-06,0.0003072588297072798
ZCH0327,3,NORMAL,NORMAL,8.417780918534845e-06,0.9999305009841919,1.0772322411867208e-06,3.865863618557341e-06,5.612906170426868e-05
ZCH0328,2,NORMAL,NORMAL,0.0006775198853574693,0.9951213002204895,0.00046890214434824884,0.0032995317596942186,0.00043271854519844055
ZCH0329,2,NORMAL,NORMAL,0.0045730131678283215,0.9707502126693726,0.005732972640544176,0.0006619300111196935,0.01828177459537983
ZCH0330,3,NORMAL,NORMAL,6.414327799575403e-06,0.9999443292617798,2.2371257728082128e-05,1.0015012776420917e-05,1.6779315046733245e-05
ZCH0331,2,NORMAL,NORMAL,0.05036827176809311,0.9362645149230957,0.004034226294606924,0.0041203852742910385,0.0052126869559288025
ZCH0332,4,NORMAL,NORMAL,3.1702751584816724e-05,0.9996843338012695,4.532936145551503e-05,2.0183999367873184e-05,0.000218501896597445
ZCH0333,2,NORMAL,NORMAL,0.0004723593592643738,0.9961661100387573,3.2420753996120766e-05,0.0016650240868330002,0.0016640969552099705
ZCH0334,1,NORMAL,NORMAL,0.011280672624707222,0.9835471510887146,7.032845132926013e-06,0.0005949245532974601,0.0045701912604272366
ZCH0335,2,NORMAL,NORMAL,0.1175914853811264,0.8107405304908752,0.00375314150005579,0.06292000412940979,0.004994836635887623
ZCH0336,2,NORMAL,NORMAL,0.022764643654227257,0.9712303876876831,0.00013551025767810643,0.0010027085663750768,0.004866886883974075
ZCH0337,2,NORMAL,NORMAL,0.01697760447859764,0.9702660441398621,0.0033501768484711647,0.00706521375104785,0.0023408331908285618
ZCH0338,1,NORMAL,NORMAL,0.00041562644764781,0.9983190894126892,9.645608224673197e-05,0.0004399710160214454,0.0007288969936780632
ZCH0339,1,NORMAL,NORMAL,0.01828979142010212,0.9664360880851746,0.007845036685466766,0.001975269755348563,0.005453905090689659
ZCH0340,2,NORMAL,NORMAL,0.14284786581993103,0.820562481880188,0.024068070575594902,0.009170081466436386,0.003351424355059862
ZCH0341,0,NORMAL,NORMAL,0.0002619545557536185,0.9908012747764587,6.152463902253658e-05,0.003637345740571618,0.005237792152911425
ZCH0342,1,NORMAL,NORMAL,0.00030305804102681577,0.9987743496894836,0.000163873570272699,0.00022946922399569303,0.0005293991416692734
ZCH0343,1,NORMAL,NORMAL,0.00791755598038435,0.9892577528953552,0.0003243159153498709,0.0003940720052924007,0.002106311498209834
ZCH0344,2,NORMAL,NORMAL,0.00027573684928938746,0.9982985854148865,0.0001701718138065189,0.00019018357852473855,0.001065323012880981
ZCH0345,1,NORMAL,NORMAL,0.00036494946107268333,0.9985703229904175,4.291807999834418e-05,1.7393173038726673e-05,0.0010042756330221891
ZCH0346,2,NORMAL,NORMAL,0.0025896658189594746,0.9940618872642517,0.0007681847782805562,0.00035097013460472226,0.0022293496876955032
ZCH0347,3,NORMAL,NORMAL,0.0001102170572266914,0.9998599290847778,8.039426120376447e-07,4.583927875501104e-06,2.444214806018863e-05
ZCH0348,4,NORMAL,NORMAL,0.0511477030813694,0.9471169114112854,0.0002845495182555169,0.00041178957326337695,0.001039058086462319
ZCH0349,0,NORMAL,NORMAL,0.00034533266443759203,0.9918625354766846,0.00027292597224004567,0.0005622805329039693,0.0069569475017488
ZCH0350,2,NORMAL,NORMAL,0.01840882934629917,0.9690443277359009,0.0057410853914916515,0.004509580321609974,0.002296152524650097
ZCH0351,4,NORMAL,NORMAL,0.000208910001674667,0.999244213104248,2.1017445760662667e-05,2.828778451657854e-05,0.0004976787022314966
ZCH0352,2,NORMAL,NORMAL,0.1009589210152626,0.6670261025428772,0.09727995842695236,0.003039695555344224,0.13169528543949127
ZCH0353,3,NORMAL,NORMAL,0.00023573983344249427,0.9986138343811035,4.363017524156021e-06,4.284561782696983e-06,0.0011418049689382315
ZCH0354,0,NORMAL,NORMAL,4.6364672016352415e-05,0.9930744171142578,5.151063305675052e-05,0.00010084397945320234,0.006726764142513275
ZCH0355,4,NORMAL,NORMAL,0.00017357258184347302,0.9997147917747498,6.290685632848181e-06,3.3131615055026487e-05,7.225556328194216e-05
ZCH0356,1,NORMAL,NORMAL,0.0005337242037057877,0.9938797950744629,0.0033232879359275103,0.000583763001486659,0.0016794505063444376
ZCH0357,4,NORMAL,NORMAL,0.14188626408576965,0.8518728017807007,4.611687108990736e-05,0.0019330541836097836,0.004261771682649851
ZCH0358,0,NORMAL,NORMAL,0.00028191899764351547,0.9942756295204163,0.0002371832524659112,0.0013816362479701638,0.00382357113994658
ZCH0359,3,NORMAL,NORMAL,8.420023368671536e-05,0.9979069232940674,7.029063272057101e-05,0.0007319779833778739,0.0012066420167684555
ZCH0360,3,NORMAL,NORMAL,1.0268853657180443e-05,0.9999501705169678,1.8081611870002234e-06,6.15400404058164e-06,3.155497688567266e-05
ZCH0361,4,NORMAL,NORMAL,0.00012868789781350642,0.9996346235275269,3.7011712265666574e-05,5.036257061874494e-05,0.00014923659909982234
ZCH0362,2,NORMAL,NORMAL,0.00024369420134462416,0.9986666440963745,3.178285260219127e-05,0.0006871075602248311,0.0003707241849042475
ZCH0363,1,NORMAL,NORMAL,0.0007417419110424817,0.9973241090774536,2.977884105348494e-05,7.275447569554672e-05,0.0018315792549401522
ZCH0364,3,NORMAL,NORMAL,6.0769394622184336e-05,0.9991795420646667,5.520995273400331e-06,0.0006407113396562636,0.00011352080764481798
ZCH0365,0,NORMAL,NORMAL,2.047443740593735e-05,0.9997797608375549,2.8913887035741936e-06,2.345331995456945e-05,0.00017345097148790956
ZCH0366,2,NORMAL,NORMAL,0.0022251519840210676,0.9932263493537903,0.0005232117837294936,0.0022398382425308228,0.0017854414181783795
ZCH0367,4,NORMAL,NORMAL,0.0009862444130703807,0.9986454844474792,3.770521652768366e-05,9.837404650170356e-05,0.00023224050528369844
ZCH0368,4,NORMAL,NORMAL,0.00012267993588466197,0.9997941851615906,1.5195476407825481e-05,1.4871018720441498e-05,5.309860716806725e-05
ZCH0369,4,NORMAL,NORMAL,0.019546013325452805,0.9753384590148926,0.00046515787835232913,0.00011751626880140975,0.0045327129773795605
ZCH0370,1,NORMAL,NORMAL,0.00020675624546129256,0.9986664056777954,1.0675117664504796e-05,3.4245218557771295e-05,0.0010818004375323653
ZCH0371,2,NORMAL,NORMAL,0.004257654305547476,0.9488916397094727,0.007716284599155188,0.0009956040885299444,0.03813886269927025
ZCH0372,1,NORMAL,NORMAL,0.0029327208176255226,0.9482277631759644,0.00012649106793105602,0.003848553169518709,0.04486437141895294
ZCH0373,0,NORMAL,NORMAL,0.00026226730551570654,0.9649159908294678,4.6938021114328876e-05,0.0002803485549520701,0.03449452668428421
ZCH0374,4,NORMAL,NORMAL,0.00040182567317970097,0.9990278482437134,9.200455679092556e-05,0.00014308882236946374,0.0003352535131853074
ZCH0375,2,NORMAL,PDA,0.30051106214523315,0.2300109714269638,0.3453534245491028,0.013523287139832973,0.11060120165348053
ZCH0376,4,NORMAL,NORMAL,0.0006373002543114126,0.9990935325622559,6.620348358410411e-06,6.078073784010485e-05,0.00020170175412204117
ZCH0377,3,NORMAL,NORMAL,9.646144462749362e-06,0.9999768733978271,2.4402473286500026e-07,8.69525501911994e-06,4.510212875175057e-06
ZCH0378,3,NORMAL,NORMAL,3.817044853349216e-05,0.999860405921936,6.059715360606788e-06,3.045644916710444e-06,9.222219523508102e-05
ZCH0379,1,NORMAL,NORMAL,0.011590613052248955,0.9494264721870422,0.0012983563356101513,0.007160716224461794,0.030523862689733505
ZCH0380,4,NORMAL,NORMAL,0.0010959646897390485,0.9985851049423218,2.7298336135572754e-05,0.00015631591668352485,0.00013529846910387278
ZCH0381,3,NORMAL,NORMAL,5.5753935157554224e-05,0.9998672008514404,2.123566900991136e-06,8.56535552884452e-06,6.623842637054622e-05
ZCH0382,4,NORMAL,NORMAL,3.6809917219216004e-05,0.9998218417167664,3.4948593565786723e-06,4.426985833561048e-05,9.367203165311366e-05
ZCH0383,3,NORMAL,NORMAL,4.478571645449847e-05,0.99952232837677,3.4533914003986865e-06,1.8667184122023173e-05,0.00041072137537412345
ZCH0384,1,NORMAL,PDA,0.0013344790786504745,0.32942265272140503,0.6634705066680908,0.002561150584369898,0.003211177187040448
ZCH0385,2,NORMAL,NORMAL,0.0009318391093984246,0.9981727600097656,0.00014043303963262588,0.00044764013728126884,0.00030734826577827334
ZCH0386,0,NORMAL,NORMAL,2.1971231035422534e-05,0.9993213415145874,5.6409362514386885e-06,1.6412561308243312e-05,0.0006347675807774067
ZCH0387,4,NORMAL,NORMAL,0.0011256550205871463,0.9984018206596375,7.430154801113531e-05,0.00021041756554041058,0.00018777982040774077
ZCH0388,0,NORMAL,NORMAL,6.049101648386568e-05,0.9918251037597656,0.00017999991541728377,0.0002936153905466199,0.007640799041837454
ZCH0389,4,NORMAL,NORMAL,5.8563146012602374e-05,0.9991927742958069,6.946252688067034e-05,0.000203058632905595,0.00047611299669370055
ZCH0390,3,NORMAL,NORMAL,6.492131797131151e-05,0.9998879432678223,2.784439914194081e-07,2.1852433746971656e-06,4.46931881015189e-05
ZCH0391,3,NORMAL,NORMAL,0.0002542549918871373,0.9982811212539673,5.63077992410399e-05,1.3008190762775484e-05,0.0013953243615105748
ZCH0392,0,NORMAL,NORMAL,0.00021031442156527191,0.9830475449562073,1.7400936485501006e-05,0.0009065464255400002,0.0158181581646204
ZCH0393,2,NORMAL,NORMAL,0.00044068359420634806,0.9982181191444397,4.287774208933115e-05,0.00030310076544992626,0.0009953116532415152
ZCH0394,4,NORMAL,NORMAL,0.0002436181384837255,0.9991663694381714,6.783594926673686e-06,7.40081159165129e-05,0.0005092825158499181
ZCH0395,0,NORMAL,NORMAL,0.0024097643326967955,0.8965409398078918,0.006395719945430756,0.03469789773225784,0.05995569005608559
ZCH0396,1,NORMAL,NORMAL,0.00039610930252820253,0.998581051826477,2.3656026314711198e-05,6.13954834989272e-05,0.0009377101669088006
ZCH0397,0,NORMAL,NORMAL,0.00019179304945282638,0.9993420243263245,7.343229754042113e-06,0.00011891089525306597,0.0003398407425265759
ZCH0398,1,NORMAL,NORMAL,0.0012209824053570628,0.8070513606071472,0.00222148559987545,0.17699600756168365,0.012510229833424091
ZCH0399,1,NORMAL,NORMAL,0.0007913089357316494,0.9972551465034485,0.00017975566152017564,0.0006258068606257439,0.0011480837129056454
ZCH0400,3,NORMAL,NORMAL,0.00017646877677179873,0.9997079968452454,1.9772680388996378e-05,1.8882667063735425e-05,7.687500328756869e-05
ZCH0401,4,NORMAL,NORMAL,0.00012047185737174004,0.9994538426399231,2.0069643142051063e-05,0.00018005185120273381,0.00022567715495824814
ZCH0402,3,NORMAL,NORMAL,9.79168398771435e-05,0.9997729659080505,2.0948184101143852e-05,2.1324633053154685e-05,8.67944399942644e-05
ZCH0403,2,NORMAL,NORMAL,0.337233304977417,0.6325147747993469,0.015520527958869934,0.0028011086396872997,0.011930283159017563
ZCH0404,0,NORMAL,NORMAL,0.0005630250670947134,0.9976205229759216,0.0002823655668180436,3.948034645873122e-05,0.0014947083545848727
ZCH0405,1,NORMAL,NORMAL,0.00021002799621783197,0.9970428347587585,0.0012042286107316613,0.00020238048455212265,0.0013404429191723466
ZCH0406,1,NORMAL,ASD,0.7918995022773743,0.1588752567768097,0.0006705945124849677,0.00284862844273448,0.04570596292614937
ZCH0407,3,NORMAL,NORMAL,0.0005843618419021368,0.999344527721405,4.52074118584278e-06,2.070044047286501e-06,6.458297866629437e-05
ZCH0408,0,NORMAL,NORMAL,0.00011870436719618738,0.9993337988853455,1.0688376278267242e-05,5.211258030612953e-05,0.000484739663079381
ZCH0409,2,NORMAL,NORMAL,0.0419931523501873,0.8600572347640991,0.012046483345329762,0.06791693717241287,0.01798621378839016
ZCH0410,1,NORMAL,NORMAL,0.19324442744255066,0.7716257572174072,0.00015224996604956686,0.011033385992050171,0.02394426055252552
ZCH0411,0,NORMAL,PFO,0.02449423260986805,0.00575995072722435,0.00023780959600117058,0.9561274647712708,0.013380605727434158
ZCH0412,2,NORMAL,NORMAL,0.03599248081445694,0.9428644180297852,0.0032540964893996716,0.005275392904877663,0.012613502331078053
ZCH0413,3,NORMAL,NORMAL,4.7872559662209824e-05,0.9997826218605042,2.870353273465298e-05,7.702455150138121e-06,0.00013296348333824426
ZCH0414,0,NORMAL,NORMAL,6.479665171355009e-05,0.9886210560798645,7.238836133183213e-06,0.0027854356449097395,0.00852147862315178
ZCH0415,1,NORMAL,NORMAL,0.11539875715970993,0.8623586297035217,0.0008596119005233049,0.0020071060862392187,0.01937592215836048
ZCH0416,2,NORMAL,NORMAL,0.0008150832145474851,0.9971852898597717,0.0003621189098339528,0.0010861367918550968,0.0005512936040759087
ZCH0417,0,NORMAL,NORMAL,0.0004510170838329941,0.9959398508071899,6.592345744138584e-05,0.001696901977993548,0.0018462713342159986
ZCH0418,4,NORMAL,NORMAL,0.014360965229570866,0.9674622416496277,0.0010767822386696935,0.005776379723101854,0.0113237788900733
ZCH0419,4,NORMAL,NORMAL,0.0003261155216023326,0.9995436072349548,5.4040938266552985e-06,2.598939863673877e-05,9.885949111776426e-05
ZCH0420,2,NORMAL,NORMAL,0.0015867826296016574,0.9974607229232788,7.010152330622077e-05,0.00010836184810614213,0.0007739904685877264
ZCH0421,1,NORMAL,NORMAL,0.014303256757557392,0.9721749424934387,4.536277992883697e-05,0.003620099276304245,0.009856252931058407
ZCH0422,0,NORMAL,NORMAL,0.0005265725776553154,0.7819234728813171,0.008294901810586452,0.00026914349291473627,0.20898601412773132
ZCH0423,1,NORMAL,NORMAL,0.09349649399518967,0.7684537768363953,0.018086066469550133,0.0013669707113876939,0.11859674006700516
ZCH0424,2,NORMAL,NORMAL,0.015048244036734104,0.9788746237754822,0.0027471783105283976,0.0018509522778913379,0.0014790624845772982
ZCH0425,0,NORMAL,NORMAL,0.0015586110530421138,0.9670214056968689,4.341510430094786e-05,0.0005498281097970903,0.03082669898867607
ZCH0426,1,NORMAL,NORMAL,0.00891894195228815,0.8279488682746887,0.00037084295763634145,0.00011773125879699364,0.1626436561346054
ZCH0427,3,NORMAL,NORMAL,3.265521809225902e-05,0.9994431138038635,4.5548196794698015e-05,4.512306259130128e-05,0.00043351558269932866
ZCH0428,3,NORMAL,NORMAL,1.4616534826927818e-05,0.9999817609786987,2.711764750529255e-07,8.2211221297257e-07,2.45267756326939e-06
ZCH0429,1,NORMAL,NORMAL,0.0007513921009376645,0.9786575436592102,0.004148431587964296,0.0006508041988126934,0.015791935846209526
ZCH0430,4,NORMAL,NORMAL,0.0004818573943339288,0.9991833567619324,7.383168849628419e-06,0.00010678479156922549,0.00022060965420678258
ZCH0431,0,NORMAL,NORMAL,0.0008265663054771721,0.9744619727134705,0.001180789084173739,0.0019528382690623403,0.021577885374426842
ZCH0432,1,NORMAL,NORMAL,0.024022268131375313,0.9282371401786804,0.043915215879678726,0.0007118638604879379,0.003113523591309786
ZCH0433,4,NORMAL,NORMAL,0.00059083744417876,0.9975672960281372,1.1969348634011112e-05,0.0007160324603319168,0.0011139443377032876
ZCH0434,0,NORMAL,NORMAL,0.0012567528756335378,0.9847462177276611,0.000292175478534773,0.001953353174030781,0.011751357465982437
ZCH0435,2,NORMAL,NORMAL,0.005630130879580975,0.9578801989555359,0.01960613951086998,0.0012761768884956837,0.015607397072017193
ZCH0436,2,NORMAL,NORMAL,0.052264973521232605,0.7795981764793396,0.1030588373541832,0.0006229475839063525,0.06445514410734177
ZCH0437,3,NORMAL,NORMAL,1.875399175332859e-05,0.9999397993087769,1.3798376130580436e-06,2.1033090433775214e-06,3.7947709643049166e-05
ZCH0438,4,NORMAL,NORMAL,0.0019272048957645893,0.9952516555786133,4.575775164994411e-05,0.00043515180004760623,0.002340075094252825
ZCH0439,2,NORMAL,NORMAL,0.0456930436193943,0.9310596585273743,0.00762450136244297,0.010700498707592487,0.0049222782254219055
ZCH0440,1,NORMAL,NORMAL,0.0002998260606545955,0.9989234805107117,6.325796130113304e-05,0.0002453060878906399,0.0004680523124989122
ZCH0441,2,NORMAL,NORMAL,0.00035492979804985225,0.9989131689071655,0.00015465905016753823,0.0003184287343174219,0.00025871090474538505
ZCH0442,3,NORMAL,NORMAL,0.0003936091379728168,0.9990525841712952,0.00016285933088511229,8.241476280090865e-06,0.00038273530662991107
ZCH0443,0,NORMAL,NORMAL,0.015168252401053905,0.6849928498268127,0.029833372682332993,0.008723922073841095,0.26128146052360535
ZCH0444,0,NORMAL,NORMAL,0.0005843203398399055,0.8064101934432983,0.005085440818220377,0.00017815343744587153,0.1877419650554657
ZCH0445,0,NORMAL,NORMAL,0.00011263979104114696,0.9993523955345154,2.358852725592442e-05,7.714784442214295e-05,0.0004341431485954672
ZCH0446,0,NORMAL,NORMAL,0.000821032386738807,0.9894266128540039,0.0005110722268000245,0.00835367850959301,0.0008875824860297143
ZCH0447,0,NORMAL,NORMAL,0.004822953138500452,0.9937760829925537,5.613559915218502e-05,0.00027920270804315805,0.0010656049707904458
ZCH0448,2,NORMAL,NORMAL,0.0010521403746679425,0.9961357116699219,0.00048191676614806056,0.0018906566547229886,0.0004396589647512883
ZCH0449,0,NORMAL,NORMAL,0.00028096159803681076,0.9984840750694275,2.2535057723871432e-05,0.0005580255528911948,0.0006544965435750782
ZCH0450,4,NORMAL,NORMAL,0.004416952840983868,0.9186601042747498,0.00046083496999926865,0.0005637094145640731,0.07589844614267349
ZCH0451,0,NORMAL,NORMAL,0.0002272921265102923,0.9993098974227905,4.434746188053396e-06,0.000205952615942806,0.00025247418670915067
ZCH0452,2,NORMAL,NORMAL,0.0030292540322989225,0.993661642074585,0.000922053528483957,0.0008584596798755229,0.0015285889385268092
ZCH0453,0,NORMAL,NORMAL,0.00010722399747464806,0.9985364675521851,3.9139318687375635e-05,0.00010129241127287969,0.0012158278841525316
ZCH0454,0,NORMAL,NORMAL,0.002487119287252426,0.9735283851623535,0.00025019413442350924,0.016727173700928688,0.00700704799965024
ZCH0455,3,NORMAL,NORMAL,3.643598029157147e-05,0.9985112547874451,2.2995231120148674e-05,1.072345366992522e-05,0.001418656320311129
ZCH0456,1,NORMAL,NORMAL,0.030514394864439964,0.9504619240760803,0.00020766509987879544,0.0004537974891718477,0.01836218498647213
ZCH0457,4,NORMAL,NORMAL,0.0003668777353595942,0.9552227854728699,0.0017335128504782915,0.0009734266786836088,0.04170345887541771
ZCH0458,4,NORMAL,NORMAL,0.09402768313884735,0.8845616579055786,0.00019025633810088038,0.002363556297495961,0.018856918439269066
ZCH0459,3,NORMAL,NORMAL,9.337108508589154e-08,0.9999995231628418,3.1899289876236026e-09,2.447749558598389e-09,3.5758878880187694e-07
ZCH0460,1,NORMAL,NORMAL,0.000878061749972403,0.9988334774971008,3.5996941733174026e-05,2.780612339847721e-05,0.00022466506925411522
ZCH0461,4,NORMAL,NORMAL,0.00015911983791738749,0.9996057152748108,9.064606274478137e-06,1.3612595466838684e-05,0.00021256390027701855
ZCH0462,1,NORMAL,NORMAL,0.0027168269734829664,0.8267053961753845,0.013571841642260551,0.004438780248165131,0.15256711840629578
ZCH0463,0,NORMAL,NORMAL,0.0023602356668561697,0.9309886693954468,0.000724267796613276,0.0037753270007669926,0.06215158477425575
ZCH0464,2,NORMAL,NORMAL,0.03396362066268921,0.9599141478538513,0.002023732988163829,0.0028473457787185907,0.0012512364191934466
ZCH0465,0,NORMAL,NORMAL,4.7392473788931966e-05,0.9990785121917725,6.717737414874136e-05,0.0002522229915484786,0.0005546321626752615
ZCH0466,4,NORMAL,NORMAL,0.00012431568757165223,0.999847412109375,2.26629549615609e-06,1.3389282685238868e-05,1.2605157280631829e-05
ZCH0467,1,NORMAL,NORMAL,0.00029888463905081153,0.997613787651062,0.0010528608690947294,8.682126644998789e-05,0.0009477423736825585
ZCH0468,2,NORMAL,NORMAL,0.002048271941021085,0.9866383075714111,0.00014220901357475668,0.010452358983457088,0.0007188920280896127
ZCH0469,4,NORMAL,NORMAL,0.3054942190647125,0.596227765083313,0.0012193910079076886,0.0944514125585556,0.002607205184176564
ZCH0470,0,NORMAL,NORMAL,0.0005576174007728696,0.7809625267982483,0.00010849985119421035,0.0026455409824848175,0.21572580933570862
ZCH0471,2,NORMAL,NORMAL,0.0007188946474343538,0.998384952545166,0.0001276578550459817,0.0004921660874970257,0.0002763920638244599
ZCH0472,2,NORMAL,NORMAL,0.047000110149383545,0.8809564113616943,0.011627648025751114,0.05416338890790939,0.006252452731132507
ZCH0473,2,NORMAL,NORMAL,0.003909348044544458,0.9922580122947693,0.00018506075139157474,0.0025083364453166723,0.0011391020379960537
ZCH0474,1,NORMAL,NORMAL,0.0003721058601513505,0.9954192638397217,0.0002243618218926713,7.018049655016512e-05,0.003914120607078075
ZCH0475,0,NORMAL,NORMAL,6.0928447055630386e-05,0.9941161870956421,0.00018294221081305295,0.00014750176342204213,0.005492347292602062
ZCH0476,3,NORMAL,NORMAL,7.3507903834979516e-06,0.999984622001648,5.112991630085162e-07,1.948625822478789e-06,5.626374331768602e-06
ZCH0477,2,NORMAL,NORMAL,0.1913509964942932,0.7401407957077026,0.0023380171041935682,0.06141579896211624,0.004754329100251198
ZCH0478,2,NORMAL,NORMAL,0.0003291308821644634,0.9992614388465881,3.641796865849756e-05,0.00022224787971936166,0.00015074701514095068
ZCH0479,1,NORMAL,NORMAL,0.00025514961453154683,0.9990527033805847,5.5621665524085984e-05,8.60557338455692e-05,0.0005504465661942959
ZCH0480,1,NORMAL,NORMAL,0.00026975199580192566,0.9979673027992249,2.34041490330128e-05,0.0004010124539490789,0.0013384936610236764
ZCH0481,1,NORMAL,NORMAL,0.0011011370224878192,0.9957659244537354,0.0007786516798660159,0.0005406161653809249,0.0018136284779757261
ZCH0482,1,NORMAL,NORMAL,9.310694440500811e-05,0.9992606043815613,1.4828818166279234e-05,0.0001417699531884864,0.0004897199105471373
ZCH0483,3,NORMAL,NORMAL,5.7430879678577185e-06,0.9999275207519531,6.553666935360525e-06,4.272372734703822e-06,5.5962609621929005e-05
ZCH0484,0,NORMAL,NORMAL,0.00032653778907842934,0.9953495860099792,0.00033825679565779865,0.0001973528414964676,0.003788342233747244
ZCH0485,2,NORMAL,NORMAL,0.003008662723004818,0.9858075380325317,0.002521114656701684,0.0056678359396755695,0.0029948356095701456
ZCH0486,2,NORMAL,NORMAL,0.0006585348164662719,0.9942124485969543,0.00023496329959016293,0.0018834645161405206,0.0030106548219919205
ZCH0487,2,NORMAL,NORMAL,0.0004516126646194607,0.9967865943908691,0.000367169821402058,0.001129269483499229,0.001265290193259716
ZCH0488,1,NORMAL,NORMAL,0.0006765436264686286,0.9953515529632568,0.0004309861396905035,0.0026332305278629065,0.0009077470749616623
ZCH0489,4,NORMAL,NORMAL,0.00037646209239028394,0.9992629885673523,7.34376662876457e-05,7.447294774465263e-05,0.00021278853819239885
ZCH0490,3,NORMAL,NORMAL,6.330731594061945e-06,0.9998970031738281,1.0011845915869344e-05,8.259627975348849e-06,7.848385575925931e-05
ZCH0491,4,NORMAL,NORMAL,9.316615614807233e-05,0.9997978806495667,8.38717824080959e-06,2.141485492757056e-05,7.908688712632284e-05
ZCH0492,2,NORMAL,NORMAL,0.0041949511505663395,0.9705796241760254,0.009442535229027271,0.0006598819745704532,0.015123104676604271
ZCH0493,3,NORMAL,NORMAL,0.0005676393629983068,0.998874843120575,5.782849257229827e-06,0.00011089927284047008,0.0004408744862303138
ZCH0494,1,NORMAL,NORMAL,0.017554040998220444,0.9689484238624573,0.002246188698336482,0.0014115514932200313,0.009839902631938457
ZCH0495,1,NORMAL,NORMAL,0.009017513133585453,0.9745060205459595,0.001239110715687275,0.011486372910439968,0.003751190844923258
ZCH0496,0,NORMAL,NORMAL,0.0004330492520239204,0.9971109628677368,0.0002955446543637663,0.00043416861444711685,0.0017262938199564815
ZCH0497,0,NORMAL,NORMAL,5.581428558798507e-05,0.9993032217025757,6.987829237914411e-06,4.5500361011363566e-05,0.0005883731064386666
ZCH0498,3,NORMAL,NORMAL,5.5444002100557555e-06,0.9998875856399536,2.906700046878541e-06,3.8015834888938116e-06,0.00010017601744038984
ZCH0499,3,NORMAL,NORMAL,0.008376623503863811,0.9814600944519043,6.409613706637174e-05,4.246053140377626e-05,0.010056640952825546
ZCH0500,3,NORMAL,NORMAL,5.11777943756897e-05,0.9997009038925171,2.075423253700137e-05,4.392728442326188e-05,0.00018331386672798544
ZCH0501,0,NORMAL,NORMAL,0.0001407407398801297,0.9982946515083313,0.00017791194841265678,0.0006034074467606843,0.0007833488052710891
ZCH0502,2,NORMAL,NORMAL,0.0006388628389686346,0.9932057857513428,0.001191132701933384,0.0010557894129306078,0.003908427897840738
ZCH0503,0,NORMAL,NORMAL,0.00010251885396428406,0.9860751032829285,0.0005574069218710065,0.001963067101314664,0.011301934719085693
ZCH0504,3,NORMAL,NORMAL,6.215163739398122e-05,0.9999338388442993,3.084982154177851e-07,3.1217902574098844e-07,3.3346254895150196e-06
ZCH0505,0,NORMAL,NORMAL,0.004401571117341518,0.9581212401390076,0.00023375173623207957,0.0007822458865121007,0.036461129784584045
ZCH0506,3,NORMAL,NORMAL,1.966474883374758e-06,0.9999836683273315,3.059272103200783e-06,9.877420779957902e-06,1.4600421991417534e-06
ZCH0507,1,NORMAL,NORMAL,0.0009888848289847374,0.9963206052780151,0.00011077825183747336,0.0009613032452762127,0.00161833711899817
ZCH0508,3,NORMAL,NORMAL,1.617214184079785e-05,0.999961256980896,3.004617610713467e-06,2.6395889562991215e-06,1.691941542958375e-05
ZCH0509,1,NORMAL,NORMAL,0.011624112725257874,0.9765235781669617,0.0018173332791775465,0.00015455450920853764,0.009880458004772663
ZCH0510,1,NORMAL,NORMAL,0.023996926844120026,0.9545614719390869,0.007136221043765545,0.0007476609898731112,0.013557733967900276
ZCH0511,3,NORMAL,VSD,2.96806865662802e-05,0.06361562758684158,1.0492689398233779e-05,2.5307248506578617e-05,0.9363188743591309
ZCH0512,3,NORMAL,NORMAL,0.010957571677863598,0.9622280597686768,9.495472113485448e-06,0.012357986532151699,0.01444687508046627
ZCH0513,2,NORMAL,NORMAL,5.133635568199679e-05,0.9994213581085205,5.543865881918464e-06,5.158611020306125e-05,0.00047007304965518415
ZCH0514,2,NORMAL,NORMAL,0.00028608538559637964,0.9988880753517151,0.00011459496454335749,0.0001657695829635486,0.0005455389618873596
ZCH0515,3,NORMAL,NORMAL,1.8397963685856666e-06,0.9999797344207764,5.484961889123952e-07,8.542737077732454e-07,1.7058791854651645e-05
ZCH0516,2,NORMAL,NORMAL,0.03660565987229347,0.8568324446678162,0.005602543707937002,0.09243600815534592,0.008523421362042427
ZCH0517,1,NORMAL,NORMAL,8.259787136921659e-05,0.997368335723877,1.7124742953456007e-05,5.469705138239078e-05,0.002477178117260337
ZCH0518,1,NORMAL,NORMAL,0.002491220599040389,0.9628223776817322,0.002430443186312914,0.026591666042804718,0.005664368625730276
ZCH0519,3,NORMAL,NORMAL,2.9436555450956803e-06,0.9999529123306274,3.3983978937612846e-06,3.0343026082846336e-05,1.020395393425133e-05
ZCH0520,3,NORMAL,NORMAL,0.0004982187529094517,0.999134361743927,1.9073056591878412e-06,1.8971331883221865e-05,0.00034654184128157794
ZCH0521,3,NORMAL,NORMAL,3.5296336591272848e-06,0.999995231628418,2.559081302422328e-08,4.366409882550215e-07,6.91374225425534e-07
ZCH0522,3,NORMAL,NORMAL,1.2312832041061483e-05,0.9994890689849854,5.124459494254552e-05,9.912352106766775e-05,0.0003483014297671616
ZCH0523,0,NORMAL,NORMAL,0.002723936690017581,0.9648155570030212,0.017052317038178444,0.004824277479201555,0.010583963245153427
ZCH0524,3,NORMAL,NORMAL,0.0009813779033720493,0.9921827912330627,0.00026979611720889807,1.4534189176629297e-05,0.006551551632583141
ZCH0525,0,NORMAL,NORMAL,0.005376598332077265,0.9044588208198547,0.00010738623677752912,0.0685964971780777,0.021460695192217827
ZCH0526,1,NORMAL,NORMAL,0.04631868004798889,0.9268989562988281,0.00018519819423090667,0.005001746583729982,0.021595308557152748
ZCH0527,1,NORMAL,NORMAL,0.09680201858282089,0.8275977969169617,0.03932260349392891,0.010460657998919487,0.02581695280969143
ZCH0528,3,NORMAL,NORMAL,9.783313726074994e-05,0.9846647381782532,0.0002651289978530258,8.762929610384163e-06,0.014963556081056595
ZCH0529,2,NORMAL,NORMAL,0.3626282215118408,0.41185271739959717,0.05419757589697838,0.022704364731907845,0.14861707389354706
ZCH0530,2,NORMAL,NORMAL,0.01705309748649597,0.9704048037528992,0.00015792343765497208,0.01178971491754055,0.0005943877040408552
ZCH0531,4,NORMAL,NORMAL,0.001890935585834086,0.9954155683517456,0.00014942513371352106,0.0008681078907102346,0.0016759721329435706
ZCH0532,0,NORMAL,NORMAL,0.002546116476878524,0.9803206920623779,0.0013552524615079165,0.0011571241775527596,0.014620783738791943
ZCH0533,4,NORMAL,NORMAL,0.00015077342686709017,0.9866166114807129,0.0003915711131412536,0.010956835001707077,0.001884298282675445
ZCH0534,3,ASD,NORMAL,0.00685740914195776,0.9928257465362549,0.00011995296517852694,5.516071178135462e-05,0.00014168179768603295
ZCH0535,2,ASD,VSD,0.012815196998417377,0.0048222970217466354,0.005950292106717825,0.05440761521458626,0.9220045804977417
ZCH0536,4,ASD,ASD,0.9999203681945801,2.3030845113680698e-05,1.084498126147082e-05,1.3764339200861286e-05,3.2042196835391223e-05
ZCH0537,2,ASD,VSD,0.26247671246528625,0.010310159996151924,0.011282098479568958,0.2674048840999603,0.44852614402770996
ZCH0538,4,ASD,VSD,0.00024299355573020875,0.0038140618707984686,0.1523282378911972,0.021187083795666695,0.8224276304244995
ZCH0539,1,ASD,ASD,0.4901896119117737,0.032101746648550034,0.0013851268449798226,0.4761945903301239,0.0001289050851482898
ZCH0540,2,ASD,ASD,0.9985973238945007,0.0009205516544170678,0.00036759505746886134,5.944613803876564e-05,5.5114334827521816e-05
ZCH0541,2,ASD,NORMAL,0.11750619113445282,0.8718419075012207,0.005152674857527018,0.003193942364305258,0.0023052694741636515
ZCH0542,4,ASD,VSD,0.004959392361342907,0.008379857987165451,0.0006393285002559423,0.000803754257503897,0.9852176308631897
ZCH0543,1,ASD,VSD,0.20808309316635132,0.05369460955262184,5.366370896808803e-05,3.2759573514340445e-05,0.7381358742713928
ZCH0544,2,ASD,PDA,0.03413801267743111,0.010824864730238914,0.8395040035247803,0.0007160252425819635,0.1148170754313469
ZCH0545,1,ASD,VSD,0.0004997150972485542,0.00015531599638052285,0.00041064340621232986,1.7726913938531652e-05,0.9989166259765625
ZCH0546,3,ASD,PFO,7.73192587075755e-05,0.012198442593216896,0.00015312687901314348,0.983887255191803,0.0036837568040937185
ZCH0547,0,ASD,PFO,0.0010093474993482232,0.0021060423459857702,0.0007539453799836338,0.9916896820068359,0.00444098049774766
ZCH0548,4,ASD,PDA,0.00037025014171376824,0.0003803072322625667,0.7329548597335815,0.0068198605440557,0.2594746947288513
ZCH0549,4,ASD,NORMAL,0.0015139214228838682,0.9722034335136414,0.025175342336297035,2.8393795219017193e-05,0.0010789111256599426
ZCH0550,4,ASD,VSD,0.3379460573196411,0.004879571497440338,0.00018409680342301726,0.00101149408146739,0.655978798866272
ZCH0551,0,ASD,VSD,0.24725067615509033,0.01271023228764534,0.00011212666140636429,0.002513446845114231,0.7374135255813599
ZCH0552,2,ASD,VSD,0.3685852587223053,0.019371546804904938,0.015255891717970371,0.007397355046123266,0.5893899202346802
ZCH0553,1,ASD,ASD,0.5479922294616699,0.1384080946445465,0.02410035766661167,0.08188184350728989,0.20761741697788239
ZCH0554,0,ASD,PFO,0.1133134514093399,0.017026696354150772,0.019397851079702377,0.5578502416610718,0.29241180419921875
ZCH0555,2,ASD,ASD,0.42356935143470764,0.3894868791103363,0.006678354926407337,0.031099580228328705,0.1491657942533493
ZCH0556,2,ASD,VSD,0.002122089033946395,0.003812665119767189,0.000947383523453027,0.0009635281749069691,0.9921543002128601
ZCH0557,0,ASD,PFO,0.001999886706471443,0.03455737978219986,0.0001894456217996776,0.9612703919410706,0.0019829161465168
ZCH0558,1,ASD,ASD,0.6825553774833679,0.17362089455127716,0.0013928803382441401,0.0015268741408362985,0.14090394973754883
ZCH0559,4,ASD,ASD,0.9992601275444031,0.00010908963304245844,5.453560788737377e-06,6.501372240563796e-07,0.0006246272241696715
ZCH0560,2,ASD,NORMAL,0.12352925539016724,0.6408841013908386,0.05322122201323509,0.1756986379623413,0.006666797678917646
ZCH0561,2,ASD,NORMAL,0.02912096120417118,0.9471916556358337,0.007512116804718971,0.005001264624297619,0.011173860169947147
ZCH0562,3,ASD,ASD,0.9351053237915039,0.00036681530764326453,3.2894407922867686e-05,0.06257861852645874,0.0019162948010489345
ZCH0563,2,ASD,NORMAL,0.17200855910778046,0.5520902276039124,0.014155518263578415,0.042489275336265564,0.2192564308643341
ZCH0564,4,ASD,PFO,0.008214632980525494,0.004743691999465227,0.00022696400992572308,0.9859539866447449,0.000860741245560348
ZCH0565,4,ASD,ASD,0.9967933297157288,0.0011516809463500977,0.0001203653882839717,0.001074757892638445,0.0008598871063441038
ZCH0566,3,ASD,VSD,0.0028847092762589455,4.156083014095202e-05,0.00020741925982292742,0.024335239082574844,0.9725311398506165
ZCH0567,4,ASD,VSD,2.5057646780624054e-05,0.0001511241716798395,5.49376018170733e-05,0.0048084198497235775,0.9949604272842407
ZCH0568,1,ASD,PFO,0.029028747230768204,0.003046345664188266,0.005249686539173126,0.9617274403572083,0.0009478393476456404
ZCH0569,2,ASD,PFO,0.22688640654087067,0.01711142249405384,0.011842494830489159,0.7093296051025391,0.034830059856176376
ZCH0570,0,ASD,PFO,0.15004068613052368,0.013655913062393665,0.004620657302439213,0.5228331685066223,0.3088495433330536
ZCH0571,1,ASD,ASD,0.5635209679603577,0.0005061283009126782,0.0031769564375281334,0.4255812466144562,0.007214728742837906
ZCH0572,1,ASD,ASD,0.7660398483276367,0.0021035317331552505,0.004899573978036642,0.19378210604190826,0.03317493572831154
ZCH0573,0,ASD,PFO,0.030994754284620285,0.005086625460535288,0.007180451415479183,0.7498624920845032,0.2068757563829422
ZCH0574,4,ASD,NORMAL,0.017678702250123024,0.9333051443099976,0.0020694530103355646,0.0002178270078729838,0.04672897607088089
ZCH0575,1,ASD,VSD,0.10339885950088501,0.007214966230094433,0.33756721019744873,0.0013236477971076965,0.5504953265190125
ZCH0576,0,ASD,PDA,0.0030082205776125193,0.013208757154643536,0.9185020923614502,0.04908844456076622,0.016192536801099777
ZCH0577,1,ASD,VSD,0.04343024641275406,0.0028209397569298744,0.007447650656104088,0.1663513481616974,0.7799497842788696
ZCH0578,0,ASD,PFO,0.05322353169322014,0.0004353889380581677,0.001127676572650671,0.9446325302124023,0.0005807920824736357
ZCH0579,3,ASD,VSD,0.33083993196487427,0.001474534161388874,0.0010707394685596228,0.00023620716820005327,0.6663785576820374
ZCH0580,1,ASD,ASD,0.9200907349586487,0.0011389907449483871,0.0001290119980694726,2.2439844542532228e-05,0.07861880958080292
ZCH0581,4,ASD,PFO,0.001999854575842619,0.0006759361131116748,4.051774158142507e-05,0.9938191771507263,0.003464476438239217
ZCH0582,3,ASD,VSD,0.003087772987782955,0.19086340069770813,0.0006088477675803006,0.00010092114098370075,0.8053390383720398
ZCH0583,0,ASD,NORMAL,0.0009917734423652291,0.5432578921318054,4.281409565010108e-05,0.00012513693945948035,0.4555824398994446
ZCH0584,3,ASD,NORMAL,0.15734168887138367,0.8416815996170044,5.4664586059516296e-05,0.0003147473034914583,0.0006072038086131215
ZCH0585,4,ASD,PDA,0.00131411652546376,0.003520980244502425,0.9187238216400146,0.0012477119453251362,0.07519329339265823
ZCH0586,2,ASD,PFO,0.2963190972805023,0.09548131376504898,0.0011609465582296252,0.5903450846672058,0.016693592071533203
ZCH0587,3,ASD,NORMAL,0.0033965951297432184,0.9673356413841248,0.02287133038043976,8.619703294243664e-06,0.006387816742062569
ZCH0588,4,ASD,NORMAL,0.0038189475890249014,0.9366489052772522,0.0046135359443724155,0.00037525183870457113,0.0545433834195137
ZCH0589,2,ASD,VSD,0.011171091347932816,0.0062285917811095715,0.0012562564807012677,0.003327292622998357,0.97801673412323
ZCH0590,1,ASD,PFO,0.11392668634653091,0.10210743546485901,0.15830838680267334,0.5756089687347412,0.050048477947711945
ZCH0591,0,ASD,NORMAL,0.0304158553481102,0.9293960332870483,0.0015137200243771076,0.0034813666716217995,0.03519294038414955
ZCH0592,0,ASD,VSD,0.02054639160633087,0.0020333649590611458,0.00044747666106559336,0.02627936191856861,0.9506934285163879
ZCH0593,0,ASD,PFO,0.0031712583731859922,0.0006654742755927145,4.126226940570632e-06,0.9908435344696045,0.005315656773746014
ZCH0594,3,ASD,NORMAL,0.0011290265247225761,0.9982656836509705,3.0753637929592514e-06,4.051320047437912e-06,0.0005982514703646302
ZCH0595,3,ASD,NORMAL,0.30057358741760254,0.6739984154701233,0.00019792332022916526,0.01741098426282406,0.007819132879376411
ZCH0596,0,ASD,NORMAL,0.003763050539419055,0.9937368631362915,2.9859676942578517e-05,0.00016185441927518696,0.0023083589039742947
ZCH0597,4,ASD,NORMAL,0.002937106881290674,0.6050439476966858,0.0005957303219474852,0.39121419191360474,0.00020901572133880109
ZCH0598,4,ASD,ASD,0.6200670003890991,0.3458060622215271,0.0007131024613045156,0.032181091606616974,0.001232727663591504
ZCH0599,2,ASD,ASD,0.8974246978759766,0.0012756738578900695,0.07088949531316757,0.029227925464510918,0.0011822141241282225
ZCH0600,1,ASD,ASD,0.9918266534805298,0.007282786071300507,3.909511724486947e-05,0.00032075413037091494,0.0005306837847456336
ZCH0601,3,ASD,ASD,0.9705561399459839,0.00015527645882684737,0.00020503139239735901,0.00583787402138114,0.023245718330144882
ZCH0602,1,ASD,VSD,0.05625702440738678,0.005183754954487085,0.004581023473292589,0.001895705470815301,0.93208247423172
ZCH0603,0,ASD,NORMAL,4.2812425817828625e-05,0.9986507296562195,4.81477172797895e-06,0.0005649214144796133,0.0007367974030785263
ZCH0604,3,ASD,NORMAL,0.0005795617471449077,0.9987072944641113,4.40577969129663e-06,1.3467215467244387e-05,0.0006953019183129072
ZCH0605,3,ASD,NORMAL,0.004671954549849033,0.9947242140769958,0.00013649715401697904,0.0003652901796158403,0.00010193976777372882
ZCH0606,2,ASD,PFO,0.2975405156612396,0.14221073687076569,0.0017458503134548664,0.5506531000137329,0.00784977711737156
ZCH0607,1,ASD,ASD,0.9541957974433899,0.0005483261775225401,0.000208371362532489,0.026039989665150642,0.019007617607712746
ZCH0608,3,ASD,PFO,0.0020401664078235626,0.035191819071769714,0.0004894926096312702,0.9596595764160156,0.0026190034113824368
ZCH0609,0,ASD,PFO,0.00554065965116024,0.0018954250263050199,6.307282455964014e-05,0.9910380840301514,0.0014628177741542459
ZCH0610,3,ASD,NORMAL,0.00010051792924059555,0.9986363053321838,0.00024122292234096676,9.917221905197948e-05,0.0009228959097526968
ZCH0611,4,ASD,ASD,0.9890535473823547,0.005199078004807234,1.060715385392541e-05,0.0032197607215493917,0.0025170750450342894
ZCH0612,3,ASD,ASD,0.9726481437683105,5.534144293051213e-05,6.221676449058577e-05,0.0005264922510832548,0.02670777402818203
ZCH0613,2,ASD,PDA,0.35579365491867065,0.004182642325758934,0.5003967881202698,0.09235783666372299,0.04726902022957802
ZCH0614,1,ASD,ASD,0.4288419783115387,0.2940119504928589,0.019678030163049698,0.22172695398330688,0.03574107214808464
ZCH0615,3,ASD,VSD,0.09500200301408768,0.312122642993927,0.0007179416716098785,0.21634426712989807,0.3758131265640259
ZCH0616,3,ASD,PFO,8.729752153158188e-05,0.000639673846308142,0.0002747718244791031,0.9930644631385803,0.005933790002018213
ZCH0617,2,ASD,ASD,0.9347215294837952,0.0010041738860309124,0.02168242074549198,0.04055943712592125,0.0020324664656072855
ZCH0618,2,ASD,ASD,0.7593666315078735,0.0030262749642133713,0.04788045212626457,0.1724322885274887,0.017294306308031082
ZCH0619,1,ASD,ASD,0.9085950255393982,0.0027199434116482735,0.07950829714536667,0.006746831815689802,0.0024298662319779396
ZCH0620,2,ASD,NORMAL,0.014440092258155346,0.9831809401512146,0.0004946084809489548,0.0005182953318580985,0.0013661463744938374
ZCH0621,3,ASD,NORMAL,0.014991997741162777,0.9835415482521057,4.0397575503448024e-05,0.0010861711343750358,0.0003399232227820903
ZCH0622,0,ASD,NORMAL,0.0013905789237469435,0.9635897874832153,0.0004225714656058699,0.0033073523081839085,0.0312897190451622
ZCH0623,1,ASD,NORMAL,0.027158008888363838,0.9663541316986084,0.00010138589277630672,0.0012881072470918298,0.005098377820104361
ZCH0624,3,ASD,NORMAL,0.03383507579565048,0.9656077027320862,3.9854607166489586e-05,0.000438469898654148,7.90074554970488e-05
ZCH0625,3,ASD,NORMAL,0.00015400562551803887,0.9995157718658447,0.00010967967682518065,0.00010937738261418417,0.00011108710168628022
ZCH0626,2,ASD,ASD,0.9409818053245544,0.03975757211446762,0.002404734492301941,0.010363837704062462,0.006492052227258682
ZCH0627,2,ASD,PFO,0.2621246576309204,0.08466250449419022,0.030777232721447945,0.39956262707710266,0.22287298738956451
ZCH0628,0,ASD,PFO,0.0020903015974909067,0.005450568627566099,0.011385530233383179,0.9717357754707336,0.009337883442640305
ZCH0629,1,ASD,NORMAL,0.005161540117114782,0.7789828777313232,0.04092903807759285,0.06225433945655823,0.11267220973968506
ZCH0630,0,ASD,PFO,0.0007505115354433656,0.0024893477093428373,0.00022449287644121796,0.996391236782074,0.00014447938883677125
ZCH0631,4,ASD,PFO,0.03351178392767906,0.4086148142814636,0.0025461483746767044,0.5110563039779663,0.04427089914679527
ZCH0632,0,ASD,PFO,0.035980306565761566,0.015117268078029156,0.01189358439296484,0.931646466255188,0.0053623514249920845
ZCH0633,4,ASD,PFO,0.0015288941795006394,0.0024039007257670164,0.0004778664733748883,0.988863468170166,0.006725899875164032
ZCH0634,0,ASD,PFO,0.03140483424067497,0.002036275574937463,0.0005242793704383075,0.9647141098976135,0.0013204336864873767
ZCH0635,3,ASD,VSD,0.10250040888786316,0.003768523223698139,0.0043014828115701675,0.0003081655304413289,0.889121413230896
ZCH0636,4,ASD,NORMAL,0.0005898416275158525,0.9760738611221313,0.00020076018699910492,0.0020846989937126637,0.02105094864964485
ZCH0637,4,ASD,ASD,0.9110668301582336,0.003601914970204234,0.00113208987750113,0.000499628484249115,0.08369958400726318
ZCH0638,0,ASD,PDA,0.02223806083202362,0.0041467901319265366,0.9446457028388977,0.0002370223228354007,0.028732361271977425
ZCH0639,1,ASD,PFO,0.20038984715938568,0.0038358098827302456,0.08984120190143585,0.6554933190345764,0.050439897924661636
ZCH0640,4,ASD,PDA,0.15212248265743256,0.030701417475938797,0.7223283052444458,0.004371121991425753,0.09047664701938629
ZCH0641,0,ASD,VSD,0.16002477705478668,0.19592782855033875,0.17452558875083923,0.014517975971102715,0.45500388741493225
ZCH0642,1,ASD,ASD,0.726922333240509,0.1819624900817871,0.0008675855933688581,0.00032732877298258245,0.08992031961679459
ZCH0643,2,ASD,VSD,0.18582627177238464,0.05492701008915901,0.020451100543141365,0.00012750095629598945,0.7386681437492371
ZCH0644,3,ASD,NORMAL,1.0329536053177435e-05,0.9997310042381287,2.641383161972044e-06,3.510007809381932e-05,0.00022088598052505404
ZCH0645,2,ASD,NORMAL,0.017014596611261368,0.7682251334190369,9.888788190437481e-05,0.21326519548892975,0.0013962254161015153
ZCH0646,1,ASD,ASD,0.9602562189102173,0.033531900495290756,0.0022225608117878437,3.131503035547212e-05,0.003957926295697689
ZCH0647,3,ASD,NORMAL,0.0006161597557365894,0.9872038960456848,3.804768493864685e-05,2.239405694126617e-05,0.012119513005018234
ZCH0648,1,ASD,NORMAL,0.4175579845905304,0.5071935057640076,0.0020999398548156023,0.038728635758161545,0.03442002087831497
ZCH0649,0,ASD,NORMAL,0.014819853939116001,0.6726998090744019,0.004672087728977203,0.00677640363574028,0.3010319173336029
ZCH0650,0,ASD,NORMAL,0.012674769386649132,0.6265417337417603,0.00462357047945261,0.009494309313595295,0.346665620803833
ZCH0651,4,ASD,NORMAL,0.0005603338941000402,0.9977860450744629,1.6750895156292245e-05,1.1814354365924373e-05,0.0016249899053946137
ZCH0652,1,ASD,ASD,0.6121830940246582,0.07398179918527603,0.07501959800720215,0.19589073956012726,0.04292474314570427
ZCH0653,1,PDA,VSD,0.0022843971382826567,0.00044070379226468503,0.000262516550719738,2.1404828657978214e-05,0.9969909191131592
ZCH0654,4,PDA,VSD,0.0009217272163368762,0.0015638621989637613,0.23763272166252136,0.0006834504310972989,0.7591982483863831
ZCH0655,4,PDA,VSD,0.08259850740432739,0.01893543265759945,0.0009084423072636127,0.004952505696564913,0.8926050662994385
ZCH0656,2,PDA,VSD,0.02297867462038994,0.003522714599967003,0.0016797464340925217,0.005030137952417135,0.9667887091636658
ZCH0657,0,PDA,VSD,0.0019435770809650421,0.0014126735040917993,9.949471859727055e-05,0.004219886381179094,0.9923243522644043
ZCH0658,3,PDA,ASD,0.752346396446228,0.011913279071450233,0.23156248033046722,0.0006660084472969174,0.0035118949599564075
ZCH0659,3,PDA,NORMAL,0.06482861191034317,0.9338681697845459,1.6212276022997685e-05,0.00018478688434697688,0.0011020759120583534
ZCH0660,4,PDA,VSD,0.0042655570432543755,0.00029144660220481455,0.01230460125952959,0.001284344820305705,0.9818540811538696
ZCH0661,0,PDA,VSD,0.0013551670126616955,0.003197805490344763,0.006211781408637762,0.0004082466184627265,0.9888269901275635
ZCH0662,2,PDA,VSD,0.006549638696014881,0.0065133897587656975,0.0057397279888391495,0.0004327086207922548,0.9807645678520203
ZCH0663,2,PDA,NORMAL,0.15251027047634125,0.4519983232021332,0.015899358317255974,0.01510181836783886,0.36449021100997925
ZCH0664,2,PDA,VSD,0.009661568328738213,0.01301814615726471,0.0018924082396551967,0.0013277791440486908,0.9741000533103943
ZCH0665,2,PDA,ASD,0.48934200406074524,0.33692771196365356,0.004241463728249073,0.017101163044571877,0.15238767862319946
ZCH0666,4,PDA,ASD,0.9860153198242188,0.0001869864936452359,6.682078674202785e-05,0.0030553191900253296,0.010675677098333836
ZCH0667,4,PDA,PFO,0.0003367646422702819,0.006608961150050163,0.11725769937038422,0.5680789947509766,0.30771753191947937
ZCH0668,1,PDA,VSD,0.009708539582788944,0.09746450930833817,0.0016393547412008047,0.00039060969720594585,0.890796959400177
ZCH0669,1,PDA,NORMAL,0.00949233677238226,0.9370289444923401,0.026430364698171616,0.02671290561556816,0.00033545447513461113
ZCH0670,0,PDA,PFO,0.00901614036411047,0.2529248297214508,0.00020063421106897295,0.7299175262451172,0.00794092658907175
ZCH0671,0,PDA,ASD,0.6834754943847656,0.039645880460739136,0.00031868816586211324,0.0947616696357727,0.1817983090877533
ZCH0672,2,PDA,VSD,0.1779433637857437,0.003767093177884817,0.050763048231601715,0.01213457528501749,0.7553918957710266
ZCH0673,3,PDA,NORMAL,0.0016200809041038156,0.9974484443664551,3.971411842940142e-06,0.0008612293167971075,6.638382910750806e-05
ZCH0674,0,PDA,NORMAL,0.008339159190654755,0.8177042603492737,0.011366580612957478,0.003689919365569949,0.15890005230903625
ZCH0675,1,PDA,VSD,0.034721408039331436,0.0015039767604321241,0.014836599119007587,5.689706449629739e-05,0.9488810896873474
ZCH0676,1,PDA,VSD,0.08072379976511002,0.009906258434057236,0.003002970013767481,0.011721624992787838,0.8946453332901001
ZCH0677,1,PDA,VSD,0.00035975032369606197,0.0005564342136494815,0.002049837028607726,2.29437409871025e-05,0.9970110654830933
ZCH0678,3,PDA,VSD,0.0739130824804306,0.010448222979903221,0.000835724757052958,0.004866993986070156,0.9099360108375549
ZCH0679,0,PDA,VSD,0.022398000583052635,0.002446926198899746,0.0002758869668468833,0.10574240982532501,0.8691367506980896
ZCH0680,4,PDA,VSD,0.14005498588085175,0.002552718622609973,0.0010530657600611448,0.001210762420669198,0.8551284074783325
ZCH0681,0,PDA,VSD,0.0002855345082934946,0.019272230565547943,0.00016933468577917665,0.00014716290752403438,0.9801257252693176
ZCH0682,3,PDA,VSD,0.0033240532502532005,0.0006062216125428677,0.0366179421544075,0.00012698410137090832,0.9593247175216675
ZCH0683,3,PDA,VSD,0.0005031285108998418,0.00054958212422207,0.000283827685052529,0.00030853835050947964,0.9983548521995544
ZCH0684,1,PDA,NORMAL,0.24189138412475586,0.4758985638618469,0.2644971013069153,0.0017644279869273305,0.015948528423905373
ZCH0685,1,PFO,PFO,0.009990047663450241,0.00023048017465043813,0.0014216603012755513,0.9870887398719788,0.001269047730602324
ZCH0686,1,PFO,NORMAL,0.012728038243949413,0.9809210300445557,0.003551224246621132,0.00042530783684924245,0.0023744627833366394
ZCH0687,2,PFO,ASD,0.7227401733398438,0.12629656493663788,0.01348748616874218,0.13535422086715698,0.0021215169690549374
ZCH0688,2,PFO,ASD,0.45225974917411804,0.019302917644381523,0.0721840113401413,0.3489183187484741,0.10733504593372345
ZCH0689,2,PFO,NORMAL,0.0504898838698864,0.779938817024231,0.057131700217723846,0.02714286558330059,0.08529680222272873
ZCH0690,4,PFO,ASD,0.47333306074142456,0.0735032930970192,0.04673372581601143,0.3517841398715973,0.0546458475291729
ZCH0691,2,PFO,PFO,0.04783950746059418,0.04583637788891792,0.0022488883696496487,0.9001913666725159,0.0038838484324514866
ZCH0692,3,PFO,PFO,0.0008812902960926294,0.005037324503064156,0.00011875228665303439,0.9905591011047363,0.003403529291972518
ZCH0693,0,PFO,ASD,0.7609116435050964,0.006999721750617027,0.0032766840886324644,0.2214967906475067,0.007315096445381641
ZCH0694,3,PFO,ASD,0.7989216446876526,0.00442728353664279,7.365494093392044e-05,0.19548499584197998,0.0010924488306045532
ZCH0695,2,PFO,ASD,0.8226080536842346,0.00211211945861578,0.007462858222424984,0.15446767210960388,0.01334935612976551
ZCH0696,1,PFO,PDA,0.009091941639780998,0.07746793329715729,0.39499104022979736,0.19764932990074158,0.3207998275756836
ZCH0697,4,PFO,PDA,0.025396455079317093,0.0037009199149906635,0.9636144638061523,0.0006263431278057396,0.006661760155111551
ZCH0698,4,PFO,PFO,0.016587702557444572,0.16373737156391144,0.0006938400911167264,0.8147217631340027,0.004259438253939152
ZCH0699,3,PFO,ASD,0.8669363856315613,0.0030767216812819242,4.431121124071069e-05,0.1257694512605667,0.004173119552433491
ZCH0700,1,PFO,PFO,0.007677281275391579,0.0010471525602042675,0.00024584829225204885,0.9751111268997192,0.015918569639325142
ZCH0701,2,PFO,ASD,0.4174179434776306,0.030930226668715477,0.0416707769036293,0.16418682038784027,0.3457942008972168
ZCH0702,3,PFO,VSD,0.012943485751748085,0.00014984649897087365,0.003254316048696637,0.002180566545575857,0.9814717769622803
ZCH0703,0,PFO,ASD,0.7893585562705994,0.04955730587244034,0.046293359249830246,0.06429026275873184,0.050500642508268356
ZCH0704,1,PFO,ASD,0.9980100989341736,0.00015785668801981956,1.481147683080053e-05,8.022214387892745e-06,0.001809295848943293
ZCH0705,4,PFO,ASD,0.9812326431274414,0.0033548488281667233,0.00024347305588889867,0.000992793240584433,0.014176287688314915
ZCH0706,0,PFO,PFO,0.3255460560321808,0.022036341950297356,0.00029220551368780434,0.6426376700401306,0.009487755596637726
ZCH0707,3,PFO,PFO,0.0012930044904351234,0.002060784725472331,0.00017316342564299703,0.9786282777786255,0.017844779416918755
ZCH0708,1,PFO,NORMAL,0.052431270480155945,0.5362610220909119,0.0648842453956604,0.318393737077713,0.02802973799407482
ZCH0709,2,PFO,PFO,0.1080806776881218,0.008738473989069462,0.055148106068372726,0.7926828265190125,0.03534992039203644
ZCH0710,2,PFO,ASD,0.8153455257415771,0.005634570959955454,0.04135498031973839,0.11328642815351486,0.024378500878810883
ZCH0711,4,PFO,PFO,0.126742422580719,0.18073327839374542,0.026319796219468117,0.6581328511238098,0.008071639575064182
ZCH0712,2,PFO,ASD,0.7002676129341125,0.01769072562456131,0.01537052821367979,0.25537487864494324,0.01129624992609024
ZCH0713,4,PFO,ASD,0.9059470891952515,0.005000333767384291,0.0004654185031540692,0.0875547006726265,0.0010323856258764863
ZCH0714,2,PFO,VSD,0.4640246331691742,0.006964466534554958,0.06139637902379036,0.001620375202037394,0.46599411964416504
ZCH0715,2,PFO,NORMAL,0.1754859983921051,0.582192599773407,0.008492209948599339,0.19266648590564728,0.04116278514266014
ZCH0716,2,PFO,PFO,0.043917618691921234,0.0003460547304712236,0.0009303088882006705,0.9537909030914307,0.0010151269380003214
ZCH0717,0,PFO,PFO,0.014047632925212383,0.0007767959614284337,0.0014680033782497048,0.9757571816444397,0.007950427941977978
ZCH0718,3,PFO,PFO,0.0006764330319128931,0.0005268608219921589,1.814433744584676e-05,0.9975571632385254,0.0012213836889714003
ZCH0719,0,PFO,PFO,0.00040407339110970497,0.02606041543185711,0.00016565457917749882,0.9730181097984314,0.0003518488083500415
ZCH0720,1,PFO,ASD,0.543571949005127,0.06269396841526031,0.001261511817574501,0.3834797739982605,0.008992761373519897
ZCH0721,4,PFO,PFO,0.0024838647805154324,0.1819797307252884,0.0017524020513519645,0.8111646175384521,0.0026193526573479176
ZCH0722,1,PFO,PFO,0.004238608758896589,0.05635816976428032,0.04684137552976608,0.881650447845459,0.010911417193710804
ZCH0723,0,PFO,NORMAL,0.05045787990093231,0.5500088334083557,0.0007306483457796276,0.3663661479949951,0.03243652731180191
ZCH0724,0,PFO,PFO,0.18230995535850525,0.002798444125801325,0.0011507703457027674,0.8065366744995117,0.00720415823161602
ZCH0725,4,PFO,ASD,0.9915210008621216,0.0007696677348576486,0.0001169692914118059,0.006967547815293074,0.0006246318225748837
ZCH0726,1,PFO,ASD,0.4212592542171478,0.005200537852942944,0.07817014306783676,0.36391526460647583,0.13145481050014496
ZCH0727,2,PFO,VSD,0.14058533310890198,0.006921912543475628,0.0597502775490284,0.1523757129907608,0.6403667330741882
ZCH0728,0,PFO,PFO,0.40004727244377136,0.02734186314046383,0.014834140427410603,0.4636470675468445,0.09412962943315506
ZCH0729,1,PFO,ASD,0.9050615429878235,0.0010708235204219818,0.0040386030450463295,0.0032757294829934835,0.08655339479446411
ZCH0730,0,PFO,ASD,0.863284707069397,0.00975908525288105,0.0010043787769973278,0.10178747773170471,0.024164365604519844
ZCH0731,1,PFO,ASD,0.7603403925895691,0.019278859719634056,0.007548220455646515,0.20766614377498627,0.005166373215615749
ZCH0732,1,PFO,VSD,0.019031256437301636,0.017531737685203552,0.0007779260049574077,0.099295973777771,0.8633630275726318
ZCH0733,0,PFO,PFO,0.0026456296909600496,0.0002394335315329954,1.1064010323025286e-05,0.9818436503410339,0.015260235406458378
ZCH0734,3,PFO,ASD,0.9851012229919434,0.004792609717696905,1.6625540411041584e-06,2.2616111891693436e-05,0.010081891901791096
ZCH0735,3,PFO,VSD,0.002388241235166788,0.004144876729696989,0.0002651698887348175,0.00016023872012738138,0.9930415153503418
ZCH0736,1,PFO,ASD,0.7766981720924377,0.0016636638902127743,0.005258894059807062,0.006294309161603451,0.210084930062294
ZCH0737,4,PFO,PFO,0.004277202766388655,0.0002484651922713965,0.00010546666453592479,0.9866717457771301,0.008697143755853176
ZCH0738,4,PFO,ASD,0.9989444613456726,0.0005322281504049897,3.93144873669371e-05,8.123567386064678e-05,0.00040287087904289365
ZCH0739,4,PFO,ASD,0.9991481304168701,0.0004251855716574937,1.4271280633693095e-05,0.0002709536929614842,0.00014140766870696098
ZCH0740,4,PFO,NORMAL,0.016885709017515182,0.5975416302680969,0.0010684699518606067,0.38445931673049927,4.4781718315789476e-05
ZCH0741,3,PFO,PFO,0.0030568144284188747,0.054939668625593185,0.0011282290797680616,0.9313627481460571,0.009512631222605705
ZCH0742,0,PFO,NORMAL,0.0028249623719602823,0.767472505569458,0.00017057803052011877,0.00877068005502224,0.22076135873794556
ZCH0743,3,PFO,ASD,0.9840385913848877,0.013813589699566364,6.8085264501860365e-06,0.0018816549563780427,0.0002595094556454569
ZCH0744,0,PFO,PFO,0.0021446598693728447,9.368570317747071e-05,0.00013335795665625483,0.9975218176841736,0.00010641992412274703
ZCH0745,2,PFO,NORMAL,0.15934428572654724,0.5498529672622681,0.06888695806264877,0.17180822789669037,0.05010758340358734
ZCH0746,3,PFO,VSD,0.004436851479113102,0.07475077360868454,0.003034318331629038,0.002769885351881385,0.9150081276893616
ZCH0747,3,PFO,PFO,0.0006813088548369706,0.0026019334327429533,0.0018821714911609888,0.895755410194397,0.09907915443181992
ZCH0748,3,PFO,VSD,0.05149771273136139,0.0008885136339813471,2.1959067453281023e-05,0.0002992524241562933,0.9472925662994385
ZCH0749,4,PFO,NORMAL,0.002084205159917474,0.8714594841003418,0.004886468406766653,0.09490972757339478,0.0266601350158453
ZCH0750,1,PFO,PFO,0.24292674660682678,0.0015497667482122779,0.013090456835925579,0.7382074594497681,0.004225582350045443
ZCH0751,3,PFO,VSD,0.2849651575088501,0.00010722439037635922,0.0009405435412190855,0.0010972858872264624,0.7128897905349731
ZCH0752,0,PFO,PFO,0.07539042830467224,9.037039853865281e-05,0.00028843365726061165,0.9181874990463257,0.006043233908712864
ZCH0753,0,PFO,PFO,0.00041907699778676033,3.299363379483111e-05,4.109082146896981e-05,0.9994964599609375,1.0333516911487095e-05
ZCH0754,4,PFO,NORMAL,0.0005451501929201186,0.9606522917747498,2.646340180945117e-05,0.00011261901090620086,0.03866355121135712
ZCH0755,0,VSD,PFO,0.26274561882019043,0.007249188143759966,0.008306127972900867,0.6243588924407959,0.0973401665687561
ZCH0756,3,VSD,VSD,0.0003315555804874748,9.676443733042106e-05,0.00030038109980523586,0.000523761089425534,0.9987474679946899
ZCH0757,3,VSD,VSD,0.00033153826370835304,5.788157068309374e-05,5.256007716525346e-05,0.00013475875311996788,0.9994232654571533
ZCH0758,3,VSD,VSD,0.003724395763128996,0.00029249125509522855,0.00039578857831656933,0.00013012770796194673,0.9954571723937988
ZCH0759,2,VSD,VSD,7.80094342189841e-05,0.0008874377235770226,0.000479493202874437,0.0001430926931789145,0.9984118938446045
ZCH0760,3,VSD,VSD,0.0004902047221548855,3.171114803990349e-05,0.00030767041607759893,0.0001230074412887916,0.9990473389625549
ZCH0761,4,VSD,VSD,7.624629688507412e-06,0.00011562632425921038,5.4320928029483184e-05,6.0300350014586e-05,0.9997621178627014
ZCH0762,2,VSD,VSD,5.5792435887269676e-05,0.001296347938477993,0.0003732972836587578,0.00014332967111840844,0.9981312155723572
ZCH0763,0,VSD,VSD,0.00042346687405370176,0.001277496456168592,0.00010287247278029099,0.0002046909648925066,0.9979914426803589
ZCH0764,1,VSD,VSD,0.0011753748403862119,0.0007493385928682983,0.00010304275201633573,0.00017574391677044332,0.9977965354919434
ZCH0765,1,VSD,VSD,0.00090155063662678,0.0002885476569645107,2.5001085305120796e-05,8.62215383676812e-05,0.9986987113952637
ZCH0766,4,VSD,VSD,0.00022028459352441132,0.0005903909332118928,0.0009370407206006348,0.00024618010502308607,0.9980061650276184
ZCH0767,1,VSD,VSD,0.00041182205313816667,0.0011384838726371527,0.0005191555828787386,0.0003881432057823986,0.9975423812866211
ZCH0768,4,VSD,VSD,0.00020396501349750906,0.001560849603265524,0.0020403943490236998,0.001029364881105721,0.9951654672622681
ZCH0769,0,VSD,VSD,2.3954507923917845e-05,0.0005911760963499546,6.960109021747485e-05,0.00021067717170808464,0.9991045594215393
ZCH0770,0,VSD,VSD,1.6427982700406574e-05,0.0001644382136873901,4.133804759476334e-05,0.00020600757852662355,0.9995717406272888
ZCH0771,1,VSD,VSD,0.0031841546297073364,0.0003332722408231348,0.000520887435413897,0.0001709785865386948,0.9957907795906067
ZCH0772,0,VSD,VSD,0.00010085089161293581,0.0007675921078771353,3.460572406766005e-05,0.00022954028099775314,0.998867392539978
ZCH0773,1,VSD,VSD,0.00013340999430511147,9.055252303369343e-05,1.4864896911603864e-05,3.536601070663892e-05,0.9997257590293884
ZCH0774,2,VSD,VSD,6.239797949092463e-05,0.0008379617938771844,0.00020638426940422505,6.706069689244032e-05,0.9988262057304382
ZCH0775,4,VSD,PDA,0.04498451203107834,0.001827850821428001,0.9201812744140625,0.013603481464087963,0.0194028839468956
ZCH0776,1,VSD,VSD,0.0015272095333784819,0.00014942103007342666,0.00018487265333533287,2.88106548396172e-05,0.9981096982955933
ZCH0777,2,VSD,VSD,9.319580567535013e-05,0.001013446832075715,0.0005103628500364721,5.286559826345183e-05,0.9983301758766174
ZCH0778,1,VSD,VSD,6.671001756330952e-05,8.32701480248943e-05,1.3238099199952558e-05,4.01553297706414e-05,0.9997966885566711
ZCH0779,2,VSD,VSD,9.440175745112356e-06,0.000849842675961554,1.9567754861782305e-05,4.9963200581260026e-05,0.9990711212158203
ZCH0780,4,VSD,VSD,5.577951742452569e-05,2.0208783098496497e-05,3.869049578497652e-06,4.054258897667751e-05,0.9998795986175537
ZCH0781,3,VSD,VSD,0.006860201712697744,5.901485201320611e-05,1.4503551938105375e-05,0.0002766285906545818,0.9927896857261658
ZCH0782,3,VSD,VSD,0.009550950489938259,0.04357605054974556,0.002219455549493432,0.0015171472914516926,0.9431363940238953
ZCH0783,2,VSD,VSD,0.000433033041190356,0.008769359439611435,0.0015174110885709524,0.0004104441904928535,0.9888697862625122
ZCH0784,4,VSD,VSD,0.00033419416286051273,0.00014336577442009002,5.503696229425259e-06,9.889836655929685e-05,0.9994180202484131
ZCH0785,0,VSD,VSD,7.609111889905762e-06,0.0005570939392782748,1.1147611985506956e-05,5.790609429823235e-05,0.9993662238121033
ZCH0786,3,VSD,VSD,0.00010164803825318813,7.258252298925072e-05,7.1731269599695224e-06,9.597180178388953e-05,0.9997226595878601
ZCH0787,4,VSD,VSD,6.772422057110816e-05,5.037941082264297e-05,5.370071448851377e-05,0.00015004652959760278,0.9996781349182129
ZCH0788,0,VSD,VSD,0.0006284175324253738,0.001624454278498888,0.00013954630412627012,0.0007429530378431082,0.9968646168708801
ZCH0789,3,VSD,VSD,0.07005440443754196,0.0002800184302031994,0.0016025337390601635,0.0002837098727468401,0.9277793765068054
ZCH0790,2,VSD,VSD,0.0010207794839516282,0.01199738122522831,0.0010376686695963144,0.0006481728632934391,0.9852960109710693
ZCH0791,4,VSD,VSD,0.005057534668594599,0.0009289636509492993,0.06553634256124496,0.002424052683636546,0.9260531663894653
ZCH0792,4,VSD,VSD,7.244445441756397e-05,2.9484192054951563e-05,3.895777354046004e-06,4.428461761563085e-05,0.9998499155044556
ZCH0793,3,VSD,VSD,0.0009453188395127654,4.612798147718422e-05,7.402544724754989e-05,0.0003830281493719667,0.9985514283180237
ZCH0794,0,VSD,VSD,0.0005484776920638978,0.0007137993816286325,5.1835537306033075e-05,0.0005715255392715335,0.9981143474578857
ZCH0795,2,VSD,VSD,0.012824837118387222,0.04469921812415123,0.0019784707110375166,0.004531409125775099,0.9359660744667053
ZCH0796,3,VSD,VSD,0.0003217408375348896,8.155839896062389e-05,3.0193765269359574e-05,7.949689461383969e-05,0.999487042427063
ZCH0797,3,VSD,VSD,0.004495927598327398,0.00023067151778377593,0.04755697399377823,0.0014413300668820739,0.9462751150131226
ZCH0798,2,VSD,VSD,0.004536797758191824,0.0014973703073337674,0.0005846794229000807,0.001556128030642867,0.9918249845504761
ZCH0799,2,VSD,VSD,0.012486203573644161,0.002593883080407977,0.0008128624758683145,0.002280309796333313,0.9818267822265625
ZCH0800,0,VSD,VSD,4.731071385322139e-05,0.00021488142374437302,3.891942469635978e-06,0.0003794566437136382,0.9993544220924377
ZCH0801,3,VSD,VSD,7.362246105913073e-05,2.6821675419341773e-05,7.468947296729311e-05,0.00028999222558923066,0.9995348453521729
ZCH0802,2,VSD,ASD,0.9873047471046448,0.0028714139480143785,0.006573289632797241,0.0005778007907792926,0.002672729315236211
ZCH0803,1,VSD,VSD,0.0398353710770607,0.012711968272924423,0.005991595331579447,0.01370567362755537,0.9277553558349609
ZCH0804,4,VSD,VSD,0.00017663493053987622,0.0001010397681966424,5.071758641861379e-05,0.0007252017385326326,0.9989463686943054
ZCH0805,1,VSD,VSD,0.428027480840683,0.0007023049984127283,0.00047767622163519263,0.0024910084903240204,0.5683015584945679
ZCH0806,1,VSD,VSD,0.004163154400885105,0.009549615904688835,0.0603141263127327,0.01604938507080078,0.9099237322807312
ZCH0807,4,VSD,VSD,0.00028195942286401987,0.0001373031409457326,1.535252340545412e-05,0.00031881610630080104,0.9992465972900391
ZCH0808,3,VSD,VSD,0.0002964968734886497,3.531487891450524e-05,0.00011377192276995629,0.000130894870380871,0.9994235038757324
ZCH0809,0,VSD,VSD,0.04106753692030907,0.012756471522152424,0.004234547261148691,0.017425404861569405,0.9245160222053528
ZCH0810,3,VSD,VSD,0.004563977476209402,0.0006999026518315077,0.39366525411605835,0.003855351824313402,0.5972155332565308
ZCH0811,4,VSD,VSD,0.00023350758419837803,2.1334093617042527e-05,2.0926952402078314e-06,0.00012719958613160998,0.9996157884597778
ZCH0812,0,VSD,PFO,0.0034689512103796005,0.03630898520350456,0.00017468491569161415,0.9589452147483826,0.001102272653952241
ZCH0813,2,VSD,ASD,0.7447365522384644,0.028522159904241562,0.00885971263051033,0.18588414788246155,0.03199737146496773
ZCH0814,1,VSD,VSD,0.0020306548103690147,0.0001137650033342652,5.802247687825002e-05,4.323809844208881e-05,0.9977542757987976
ZCH0815,3,VSD,VSD,0.365075945854187,0.0001587043225299567,9.226478141499683e-05,0.0026800748892128468,0.6319930553436279
ZCH0816,3,VSD,VSD,0.0010239131515845656,6.031473458278924e-05,4.698319753515534e-05,0.00018526651547290385,0.998683512210846
ZCH0817,2,VSD,NORMAL,0.12487603724002838,0.5971465706825256,0.023357924073934555,0.008534543216228485,0.24608492851257324
ZCH0818,3,VSD,ASD,0.9793198704719543,8.173756941687316e-05,6.522527201013872e-06,1.4772295799048152e-05,0.02057706005871296
ZCH0819,4,VSD,ASD,0.9649201035499573,0.0014291253173723817,0.010018731467425823,0.00015516323037445545,0.023476850241422653
ZCH0820,0,VSD,VSD,0.0001454973389627412,0.00024149130331352353,2.64346890617162e-05,5.459980820887722e-05,0.9995319843292236
ZCH0821,1,VSD,VSD,0.0007950185681693256,0.00016086742107290775,6.563715578522533e-05,6.890907388878986e-05,0.998909592628479
ZCH0822,1,VSD,VSD,0.14258097112178802,0.008403048850595951,0.08266505599021912,0.00026146910386160016,0.7660894393920898
ZCH0823,4,VSD,VSD,0.001905705314129591,3.414119055378251e-05,0.00026375314337201416,0.003963168244808912,0.9938331842422485
ZCH0824,1,VSD,VSD,0.0015100589953362942,0.0005543960724025965,5.617664646706544e-05,6.571951234946027e-05,0.9978135824203491
ZCH0825,2,VSD,ASD,0.5223467350006104,0.050370097160339355,0.05275482311844826,0.004836502019315958,0.3696918189525604
ZCH0826,3,VSD,VSD,0.0011873836629092693,0.001144984969869256,3.391189602552913e-05,4.6086533984635025e-05,0.9975876808166504
ZCH0827,4,VSD,VSD,0.010052996687591076,0.00029187111067585647,0.00025540663045831025,0.00321001885458827,0.9861897826194763
ZCH0828,4,VSD,VSD,0.00013470588601194322,5.85200687055476e-05,5.17066337124561e-06,3.553794158506207e-05,0.9997660517692566
ZCH0829,0,VSD,VSD,0.15353457629680634,0.004791921470314264,0.06010181084275246,0.17147444188594818,0.6100972294807434
ZCH0830,1,VSD,VSD,0.042339060455560684,0.0017554755322635174,0.009798001497983932,0.031672403216362,0.9144350290298462
ZCH0831,2,VSD,VSD,8.400292426813394e-05,0.0018490429501980543,5.236664219410159e-05,0.00015812224592082202,0.9978564381599426
ZCH0832,0,VSD,VSD,0.0005562974256463349,0.002375122858211398,0.00028011889662593603,0.0008443902479484677,0.995944082736969
ZCH0833,0,VSD,VSD,0.0002756521862465888,0.0007087098783813417,0.0002933085197582841,0.0003590159467421472,0.9983633160591125
ZCH0834,0,VSD,NORMAL,0.058935895562171936,0.5778561234474182,0.1579141765832901,0.008201774209737778,0.19709205627441406
ZCH0835,4,VSD,VSD,0.005375694949179888,8.982702274806798e-05,4.807984078070149e-05,0.0006600725464522839,0.9938263297080994
ZCH0836,0,VSD,VSD,0.0004025267844554037,0.001468795002438128,0.0022859973832964897,0.003477470250800252,0.9923651814460754
ZCH0837,3,VSD,VSD,0.002419108059257269,6.473960820585489e-05,0.00017484460840933025,0.000409837462939322,0.9969314336776733
ZCH0838,1,VSD,VSD,5.2689902076963335e-06,3.62056634912733e-05,1.5364169030362973e-06,2.0555111404974014e-05,0.9999364614486694
ZCH0839,2,VSD,VSD,0.0006250460282899439,0.0011381935328245163,3.269536318839528e-05,4.651887502404861e-05,0.9981575608253479
ZCH0840,2,VSD,VSD,4.158123192610219e-05,0.00027022851281799376,1.8726477719610557e-05,1.1529844414326362e-05,0.9996579885482788
ZCH0841,4,VSD,VSD,3.7027835787739605e-05,1.9876908481819555e-05,2.1390301299106795e-06,8.05480158305727e-05,0.999860405921936
ZCH0842,1,VSD,VSD,2.7342177418177016e-05,0.00019247669843025506,4.702041042037308e-05,4.2233445128658786e-05,0.9996910095214844
ZCH0843,4,VSD,PFO,0.013407810591161251,0.007086183410137892,0.04516280069947243,0.7772789597511292,0.1570643037557602
ZCH0844,0,VSD,VSD,0.031715892255306244,0.00348923122510314,0.008533287793397903,0.054507650434970856,0.9017540216445923
ZCH0845,2,VSD,VSD,0.0026783051434904337,0.008121303282678127,0.007309803273528814,0.0021519886795431376,0.9797385931015015
ZCH0846,2,VSD,NORMAL,0.2097790688276291,0.432713121175766,0.12703897058963776,0.02492223121225834,0.20554663240909576
ZCH0847,2,VSD,ASD,0.5484726428985596,0.03255920857191086,0.15721997618675232,0.1825922280550003,0.07915593683719635
ZCH0848,3,VSD,ASD,0.82636559009552,0.011581297032535076,0.011461209505796432,0.14671674370765686,0.0038751885294914246
ZCH0849,2,VSD,VSD,0.008413296192884445,0.0037937848828732967,0.0001823433703975752,0.00038170767948031425,0.9872288703918457
ZCH0850,0,VSD,VSD,0.0005086277378723025,0.08954941481351852,0.0034539748448878527,0.0008277421002276242,0.9056602120399475
ZCH0851,4,VSD,VSD,0.0005133077502250671,5.725615847040899e-05,4.0051487303571776e-05,0.00024488833150826395,0.999144434928894
ZCH0852,3,VSD,VSD,0.002128517720848322,0.001898417598567903,0.02502848394215107,0.001082122209481895,0.9698624610900879
ZCH0853,1,VSD,VSD,0.0061906082555651665,0.048440173268318176,0.0003314773493912071,0.0046023097820580006,0.9404354691505432
ZCH0854,4,VSD,VSD,0.0002292927965754643,2.7578829758567736e-05,2.190275608882075e-06,7.318490679608658e-05,0.999667763710022
ZCH0855,0,VSD,VSD,0.00041598547250032425,0.0394146628677845,0.006959686521440744,0.0020453487522900105,0.9511643052101135
ZCH0856,2,VSD,VSD,0.00014400719373952597,0.004836851730942726,0.002450010972097516,0.00027299788780510426,0.9922961592674255
ZCH0857,3,VSD,VSD,0.0004892379511147738,8.875090861693025e-05,0.00014587005716748536,0.00014650901721324772,0.999129593372345
ZCH0858,1,VSD,VSD,0.00039308954728767276,0.0005749195697717369,0.00033362823887728155,0.00028924542129971087,0.9984090924263
ZCH0859,3,VSD,VSD,0.0009430940845049918,0.00015690781583543867,8.516834350302815e-05,8.019541564863175e-05,0.9987346529960632
ZCH0860,0,VSD,VSD,0.00010410029790364206,0.001178760314360261,0.0005332370055839419,0.000398863572627306,0.9977849721908569
ZCH0861,4,VSD,VSD,0.03478880971670151,0.0011200427543371916,0.0017906411085277796,0.0010134315816685557,0.9612870216369629
ZCH0862,0,VSD,VSD,0.000996281742118299,0.2203352153301239,0.0006594682927243412,0.001158511615358293,0.7768505811691284
ZCH0863,0,VSD,VSD,0.0016380480956286192,0.4029807448387146,0.0023390394635498524,0.016495389863848686,0.5765467882156372
ZCH0864,2,VSD,VSD,0.0013734456151723862,0.05785034969449043,0.003110260469838977,0.00045812033931724727,0.937207818031311
ZCH0865,4,VSD,VSD,0.0008279430912807584,0.12966521084308624,0.05873512476682663,0.01979413814842701,0.7909775972366333
ZCH0866,3,VSD,VSD,0.0006878009880892932,9.914326074067503e-05,3.6328357964521274e-05,0.00011002747487509623,0.9990667700767517
ZCH0867,1,VSD,VSD,0.01193399541079998,0.06198985129594803,0.02547346241772175,0.016946561634540558,0.8836561441421509
ZCH0868,1,VSD,VSD,0.0005929843755438924,0.0021243758965283632,6.0052403568988666e-05,0.00010228827886749059,0.9971203804016113
ZCH0869,4,VSD,VSD,0.0001628075842745602,0.00010023072536569089,1.5941324818413705e-05,2.9223743695183657e-05,0.9996918439865112
ZCH0870,0,VSD,PFO,0.001776816905476153,0.00019929732661694288,1.5293273463612422e-05,0.9979128241539001,9.570409747539088e-05
ZCH0871,0,VSD,VSD,4.6368400944629684e-05,0.0031392599921673536,0.0003116237057838589,5.4607822676189244e-05,0.9964481592178345
ZCH0872,2,VSD,VSD,0.0001968059514183551,0.0012643015943467617,0.00040019091102294624,0.0007098557543940842,0.997428834438324
ZCH0873,1,VSD,ASD,0.5997616648674011,0.34817689657211304,0.009751817211508751,0.01399154867976904,0.02831811085343361
ZCH0874,1,VSD,VSD,0.420456200838089,0.043958939611911774,0.005058141425251961,0.019213393330574036,0.5113133192062378
ZCH0875,2,VSD,PFO,0.1508864015340805,0.0014129884075373411,0.0004113668983336538,0.8469560146331787,0.00033315300242975354
ZCH0876,2,VSD,ASD,0.5521414875984192,0.00290834647603333,0.001460061757825315,0.44311028718948364,0.00037978807813487947
ZCH0877,1,VSD,VSD,0.05698883906006813,0.03134758397936821,0.0006876822444610298,0.006707282271236181,0.9042686223983765
ZCH0878,1,VSD,NORMAL,0.0015483787283301353,0.9915953278541565,8.367789996555075e-05,3.673692117445171e-05,0.006735816597938538
ZCH0879,1,VSD,VSD,0.008267302997410297,0.003295646980404854,0.0008900639950297773,0.0004605117137543857,0.9870864152908325
ZCH0880,0,VSD,VSD,0.00013651240442413837,0.0004436632734723389,0.00012716300261672586,0.00033121637534350157,0.9989614486694336
ZCH0881,0,VSD,VSD,0.00012628716649487615,0.0014109958428889513,0.00020775535085704178,8.395162876695395e-05,0.9981709718704224
ZCH0882,4,VSD,VSD,0.0008391030132770538,0.00012166659871581942,0.00014027264842297882,0.00034090335248038173,0.9985581040382385
ZCH0883,2,VSD,VSD,0.04940622299909592,0.008678003214299679,0.027052870020270348,0.010811771266162395,0.9040511250495911
ZCH0884,3,VSD,VSD,0.0007527576526626945,9.848978515947238e-05,0.0003009593638125807,0.0001691782963462174,0.9986786246299744
ZCH0885,3,VSD,NORMAL,0.000491751532536,0.9988704323768616,0.00026696763234212995,3.4920399230031762e-06,0.0003673052997328341
ZCH0886,2,VSD,ASD,0.7478024363517761,0.016948068514466286,0.1415465772151947,0.04124492034316063,0.052458006888628006
ZCH0887,4,VSD,PFO,0.28382524847984314,0.001110019744373858,0.009910987690091133,0.6074085831642151,0.09774518758058548
ZCH0888,2,VSD,VSD,0.0012379285180941224,0.0013400429161265492,0.0007711863145232201,0.00017604941967874765,0.9964748024940491
ZCH0889,4,VSD,VSD,9.85408914857544e-05,1.9701055862242356e-05,2.378746557951672e-06,0.0003088277589995414,0.9995705485343933
ZCH0890,0,VSD,VSD,3.2140265830093995e-05,9.72267662291415e-05,9.288203727919608e-06,3.504074629745446e-05,0.9998263716697693
ZCH0891,1,VSD,VSD,0.0006739783566445112,0.0012134015560150146,0.0012537500588223338,0.0002204195043304935,0.9966384172439575
ZCH0892,0,VSD,VSD,0.0011410991428419948,0.0007176753133535385,0.0004713920643553138,0.00039157556602731347,0.9972782731056213
ZCH0893,0,VSD,VSD,7.93949220678769e-06,0.000674690178129822,2.7504342142492533e-05,8.801892545307055e-05,0.9992018342018127
ZCH0894,1,VSD,VSD,0.0002421777753625065,0.0001500900834798813,0.00010994918557116762,0.000672443478833884,0.9988253712654114
ZCH0895,1,VSD,VSD,0.0003445273032411933,0.00020591646898537874,3.44579057127703e-05,6.058616781956516e-05,0.9993545413017273
ZCH0896,0,VSD,VSD,0.005852780304849148,0.10033050179481506,0.0002981244761031121,0.029420388862490654,0.8640981912612915
ZCH0897,4,VSD,VSD,0.00032456903136335313,4.399221143103205e-05,5.229789621807868e-06,0.00016776149277575314,0.9994584918022156
ZCH0898,4,VSD,PFO,0.0008811854640953243,0.010623385198414326,0.016140613704919815,0.9364466667175293,0.035908110439777374
ZCH0899,1,VSD,VSD,0.00023416118347086012,0.0003922292380593717,5.0792634283425286e-05,0.00020640838192775846,0.9991163611412048
ZCH0900,3,VSD,ASD,0.8496686816215515,0.0009370465995743871,0.0011508043389767408,0.14700071513652802,0.0012427447363734245
ZCH0901,3,VSD,VSD,0.000784801784902811,0.00010877817840082571,7.071394065860659e-05,7.870225090300664e-05,0.9989570379257202
ZCH0902,0,VSD,VSD,0.005913540255278349,0.00884204264730215,0.0006282992544583976,0.03230239450931549,0.9523137211799622
ZCH0903,4,VSD,VSD,0.012437805533409119,0.0011145082535222173,0.0049611725844442844,0.0006059953011572361,0.9808805584907532
ZCH0904,3,VSD,VSD,0.00023001930094324052,0.0001775098207872361,0.00023992973729036748,0.0001565685379318893,0.9991959929466248
ZCH0905,3,VSD,VSD,0.0001349805825157091,0.00025825368356890976,6.629253039136529e-05,4.590635217027739e-05,0.9994945526123047
ZCH0906,1,VSD,ASD,0.9641534090042114,0.0005590118234977126,0.004556551575660706,0.002537935506552458,0.028193071484565735
ZCH0907,4,VSD,VSD,0.00021569334785453975,0.00022151808661874384,0.00013658283569384366,7.32592525309883e-05,0.9993529915809631
ZCH0908,1,VSD,NORMAL,0.04807345196604729,0.9287328720092773,0.00789281353354454,0.005382017698138952,0.009918823838233948
ZCH0909,3,VSD,ASD,0.8160451650619507,0.0027742262464016676,0.0017794443992897868,0.011140311136841774,0.1682608723640442
ZCH0910,4,VSD,NORMAL,0.00033070353674702346,0.9169339537620544,0.0011775067541748285,0.00025650966563262045,0.08130136877298355
ZCH0911,2,VSD,VSD,0.000652148446533829,0.003912047483026981,0.0027608699165284634,0.00010337540879845619,0.9925715327262878
ZCH0912,3,VSD,VSD,0.0006662805681116879,0.00017097112140618265,0.00728520518168807,0.00017978865071199834,0.9916977882385254
ZCH0913,0,VSD,VSD,0.0098405871540308,0.0035679014399647713,0.0025818264111876488,0.024117499589920044,0.9598921537399292
ZCH0914,0,VSD,VSD,0.00016244719154201448,0.0007780147134326398,1.282977063965518e-05,0.0003055783163290471,0.9987412095069885
ZCH0915,1,VSD,NORMAL,0.11748165637254715,0.7556830048561096,0.1074603721499443,0.00023955918732099235,0.01913546770811081
ZCH0916,3,VSD,VSD,0.00028444116469472647,3.7539342883974314e-05,1.7762336938176304e-05,6.589313852600753e-05,0.9995943903923035
ZCH0917,0,VSD,VSD,0.0015888485359027982,0.002184612676501274,0.004104747902601957,0.0007613998604938388,0.9913603663444519
ZCH0918,3,VSD,VSD,0.00042814359767362475,3.988671232946217e-05,0.0008359720814041793,0.0005466280854307115,0.9981493949890137
ZCH0919,4,VSD,VSD,0.00010821555770235136,0.00016572421009186655,8.066707960097119e-05,0.00042664093780331314,0.9992187023162842
ZCH0920,1,VSD,PFO,0.20851169526576996,0.019973797723650932,0.3226316571235657,0.4458702802658081,0.0030125733464956284
ZCH0921,0,VSD,VSD,0.003318545175716281,0.2595776319503784,0.00027394163771532476,0.0009735727217048407,0.735856294631958
ZCH0922,3,VSD,VSD,0.0005560303688980639,0.00013256621605250984,0.00014413219469133765,0.00036215485306456685,0.9988051652908325
ZCH0923,2,VSD,VSD,0.07671137154102325,0.014794952236115932,0.02005831152200699,0.003314367262646556,0.8851210474967957
ZCH0924,4,VSD,VSD,0.005755496211349964,0.1358684003353119,0.02263781428337097,0.004169389605522156,0.8315689563751221
ZCH0925,1,VSD,VSD,0.0017233164981007576,0.000349890353390947,0.005359010770916939,0.0002894003700930625,0.9922783374786377
ZCH0926,2,VSD,VSD,4.404537321534008e-05,0.001135332160629332,2.8308733817539178e-05,3.570344051695429e-05,0.9987566471099854
ZCH0927,2,VSD,NORMAL,0.0840015709400177,0.7111075520515442,0.015928078442811966,0.1671888530254364,0.021773895248770714
ZCH0928,4,VSD,VSD,0.006639705505222082,0.0015091367531567812,0.004521770868450403,0.0012855259701609612,0.9860438108444214
ZCH0929,2,VSD,VSD,8.007794531295076e-05,0.0007676394307054579,0.00014279386959969997,6.2288409026223235e-06,0.9990032315254211
ZCH0930,4,VSD,VSD,0.0005995001993142068,9.186634270008653e-05,2.1641773855662905e-05,6.899612344568595e-05,0.9992179870605469
ZCH0931,1,VSD,VSD,0.0002211822575191036,0.0004191134066786617,0.0012516770511865616,0.00011303684732411057,0.9979950189590454
ZCH0932,3,VSD,VSD,0.0009057688293978572,0.0004835918080061674,0.009094332344830036,0.00030827036243863404,0.9892080426216125
ZCH0933,3,VSD,NORMAL,0.005094212479889393,0.9608687162399292,0.008246047422289848,9.393202344654128e-05,0.025696996599435806
ZCH0934,4,VSD,VSD,0.0004123710095882416,0.0002031419862760231,3.928773003281094e-05,0.00017972236673813313,0.9991655349731445
ZCH0935,0,VSD,VSD,0.00022630876628682017,0.03226622939109802,0.0003864797472488135,0.000380446610506624,0.9667405486106873
ZCH0936,0,VSD,VSD,1.184696338896174e-05,0.001391007681377232,0.00032498687505722046,0.0002756720641627908,0.9979965090751648
ZCH0937,2,VSD,VSD,8.120654820231721e-05,0.0016622847178950906,3.1747582397656515e-05,5.362257070373744e-05,0.9981710910797119
ZCH0938,1,VSD,NORMAL,0.0014149413909763098,0.8141785860061646,0.0006043243338353932,0.0011011239839717746,0.18270114064216614
ZCH0939,1,VSD,PDA,0.12442851811647415,0.0006619955529458821,0.8748486638069153,7.640755029569846e-06,5.317465547705069e-05
ZCH0940,2,VSD,VSD,0.0009738471126183867,0.014377526938915253,0.007776282727718353,0.0038231026846915483,0.9730492830276489
ZCH0941,2,VSD,VSD,0.008189493790268898,0.4115760326385498,0.002148230327293277,0.0009875391842797399,0.5770987272262573
