recording_id,fold,true_label,pred_label,prob_ASD,prob_NORMAL,prob_PDA,prob_PFO,prob_VSD
ZCH0001,2,NORMAL,NORMAL,7.568240107502788e-05,0.9994986057281494,1.816212898120284e-05,3.197228579665534e-05,0.0003757240192499012
ZCH0002,1,NORMAL,NORMAL,0.00033461081329733133,0.9992173910140991,4.486296165850945e-05,9.806100933928974e-06,0.0003933050320483744
ZCH0003,0,NORMAL,NORMAL,7.744783943053335e-05,0.9997389912605286,9.508887160336599e-06,1.9680468540173024e-05,0.0001543029211461544
ZCH0004,4,NORMAL,NORMAL,0.00013398767623584718,0.9994460940361023,2.862046312657185e-05,4.324179099057801e-05,0.0003480362647678703
ZCH0005,2,NORMAL,NORMAL,0.0001790684909792617,0.9995620846748352,1.794558011170011e-05,6.442324229283258e-05,0.0001763563632266596
ZCH0006,3,NORMAL,NORMAL,8.859571607899852e-06,0.9999828338623047,3.879829932884604e-07,1.4951809816921013e-06,6.474764177255565e-06
ZCH0007,1,NORMAL,NORMAL,0.0012214933522045612,0.9980827569961548,0.0001570482854731381,0.00010597758227959275,0.00043277544318698347
ZCH0008,0,NORMAL,NORMAL,0.0009302998660132289,0.9983779191970825,1.342549057881115e-05,1.5485040421481244e-05,0.0006628243718296289
ZCH0009,1,NORMAL,NORMAL,0.017802352085709572,0.9777676463127136,0.0005916661466471851,0.00046898119035176933,0.003369262907654047
ZCH0010,1,NORMAL,NORMAL,0.0020919705275446177,0.9949818253517151,0.0002199616574216634,4.8478257667738944e-05,0.0026578037068247795
ZCH0011,4,NORMAL,NORMAL,0.005365863908082247,0.9843734502792358,0.0007531946175731719,0.00040120567427948117,0.009106227196753025
ZCH0012,2,NORMAL,NORMAL,8.921692642616108e-05,0.9997981190681458,7.211607680801535e-06,2.530099118303042e-05,8.004709525266662e-05
ZCH0013,4,NORMAL,NORMAL,0.001065524178557098,0.9957693815231323,0.00032196901156567037,0.0005752894794568419,0.0022679863031953573
ZCH0014,2,NORMAL,NORMAL,7.870692206779495e-05,0.9996329545974731,3.893873326887842e-06,2.06478284781042e-06,0.0002824102994054556
ZCH0015,1,NORMAL,NORMAL,0.00027525293990038335,0.9993855953216553,6.644111999776214e-05,3.972620106651448e-05,0.00023302072077058256
ZCH0016,1,NORMAL,NORMAL,4.7119388909777626e-05,0.9996203184127808,1.991113822441548e-05,1.2963702829438262e-05,0.00029970178729854524
ZCH0017,0,NORMAL,NORMAL,0.09145044535398483,0.8402377963066101,6.60302466712892e-05,0.00023091149341780692,0.06801491230726242
ZCH0018,0,NORMAL,NORMAL,0.4347729980945587,0.5618273615837097,2.3982180209713988e-05,0.002374362898990512,0.0010013042483478785
ZCH0019,0,NORMAL,NORMAL,0.00011667859507724643,0.9997292160987854,9.378817594551947e-06,1.7180969734909013e-05,0.00012747231812682003
ZCH0020,1,NORMAL,NORMAL,0.0005304092192091048,0.997907280921936,8.489044557791203e-05,5.298136966302991e-05,0.0014243804616853595
ZCH0021,3,NORMAL,NORMAL,2.4484745154040866e-05,0.9999284744262695,3.0286064429674298e-06,9.069133739103563e-06,3.50299924321007e-05
ZCH0022,4,NORMAL,NORMAL,0.00045789769501425326,0.9989771842956543,9.052950917975977e-05,9.817969112191349e-05,0.00037628851714544
ZCH0023,4,NORMAL,NORMAL,0.019543543457984924,0.9732166528701782,0.0005382621893659234,0.0002851285971701145,0.00641634501516819
ZCH0024,4,NORMAL,NORMAL,0.0004915439058095217,0.9989511966705322,9.951647371053696e-05,6.492232205346227e-05,0.00039272767025977373
ZCH0025,1,NORMAL,NORMAL,0.02393171563744545,0.8686565160751343,0.00414185831323266,0.0010983532993122935,0.10217157006263733
ZCH0026,0,NORMAL,NORMAL,0.00010458944598212838,0.9995265007019043,1.871553286036942e-05,5.8242174418410286e-05,0.00029186648316681385
ZCH0027,1,NORMAL,NORMAL,0.00013259403931442648,0.9997419714927673,2.3194415916805156e-05,2.1740854208474047e-05,8.040908141992986e-05
ZCH0028,1,NORMAL,NORMAL,0.06942461431026459,0.8095806837081909,0.004899245221167803,0.0019928619731217623,0.11410262435674667
ZCH0029,0,NORMAL,NORMAL,9.967514051822945e-05,0.9998284578323364,3.5710836527869105e-06,1.3038697034062352e-05,5.5272776080528274e-05
ZCH0030,0,NORMAL,NORMAL,0.00011646583152469248,0.9994377493858337,2.9695062039536424e-05,0.00010198954987572506,0.00031410501105710864
ZCH0031,4,NORMAL,NORMAL,0.00021212524734437466,0.9992052912712097,7.384482159977779e-05,6.72929163556546e-05,0.00044144343701191247
ZCH0032,4,NORMAL,NORMAL,0.0020127941388636827,0.9969933032989502,0.00015278650971595198,0.00020872248569503427,0.000632416398730129
ZCH0033,4,NORMAL,NORMAL,0.0002458113885950297,0.999539852142334,2.4324675905518234e-05,6.140140612842515e-05,0.00012869323836639524
ZCH0034,4,NORMAL,NORMAL,0.0037425977643579245,0.9918973445892334,0.00013012393901590258,8.584988972870633e-05,0.004144132137298584
ZCH0035,4,NORMAL,NORMAL,0.00022340194846037775,0.9994470477104187,6.010487777530216e-05,3.604410812840797e-05,0.0002333443844690919
ZCH0036,4,NORMAL,NORMAL,0.0008540733833797276,0.9984593391418457,9.65046783676371e-05,0.00019195048662368208,0.00039803082472644746
ZCH0037,4,NORMAL,NORMAL,0.0001063282325048931,0.99896240234375,3.0827581213088706e-05,2.301795393577777e-05,0.0008774614543654025
ZCH0038,0,NORMAL,VSD,0.002913031028583646,0.010269786231219769,2.3153077563620172e-05,4.649237234843895e-05,0.9867475032806396
ZCH0039,2,NORMAL,NORMAL,0.010522635653614998,0.9877963066101074,0.00026241136947646737,5.0570914027048275e-05,0.0013681564014405012
ZCH0040,3,NORMAL,ASD,0.6543962955474854,0.31032857298851013,0.02533690072596073,0.008705398067831993,0.0012328142765909433
ZCH0041,0,NORMAL,NORMAL,8.067065209615976e-05,0.9997681975364685,1.0014394320023712e-05,6.508543447125703e-05,7.599555101478472e-05
ZCH0042,4,NORMAL,NORMAL,0.006491031032055616,0.9918892979621887,0.00024549470981583,0.00031474261777475476,0.0010594185441732407
ZCH0043,0,NORMAL,NORMAL,0.0003164205700159073,0.9995146989822388,1.594435343577061e-05,3.445038237259723e-05,0.00011839569197036326
ZCH0044,3,NORMAL,NORMAL,8.195593545679003e-05,0.9997527003288269,9.22945673664799e-06,5.4869447922101244e-05,0.00010128424764843658
ZCH0045,1,NORMAL,NORMAL,7.380182796623558e-05,0.999705970287323,1.9366067135706544e-05,7.867285603424534e-06,0.00019293997320346534
ZCH0046,3,NORMAL,NORMAL,7.882316276663914e-05,0.9998564720153809,6.3050738390302286e-06,1.3800273336528335e-05,4.452272696653381e-05
ZCH0047,3,NORMAL,NORMAL,2.3794435037416406e-05,0.9999697208404541,3.5583471458267013e-07,3.3563387660251465e-06,2.7105340905109188e-06
ZCH0048,1,NORMAL,NORMAL,6.71832385705784e-05,0.9997738003730774,1.9275652448413894e-05,7.277445547515526e-06,0.00013240630505606532
ZCH0049,0,NORMAL,NORMAL,0.0004845651565119624,0.9986907839775085,1.7140304407803342e-05,6.905823101988062e-05,0.0007384735508821905
ZCH0050,2,NORMAL,NORMAL,0.00010452657443238422,0.9997957348823547,1.1193179489055183e-05,2.6500965759623796e-05,6.20361024630256e-05
ZCH0051,2,NORMAL,NORMAL,2.9124736101948656e-05,0.9997933506965637,3.8087946450104937e-06,4.655671091313707e-06,0.00016909906116779894
ZCH0052,2,NORMAL,NORMAL,1.2436817996785976e-05,0.999940037727356,2.171506139347912e-06,5.6531125665060245e-06,3.978821769123897e-05
ZCH0053,1,NORMAL,NORMAL,0.002452910877764225,0.995360791683197,0.0003093340201303363,0.0001884817611426115,0.001688568270765245
ZCH0054,0,NORMAL,NORMAL,0.0420924574136734,0.9372236132621765,0.0006908428622409701,0.0005027517909184098,0.01949034258723259
ZCH0055,0,NORMAL,NORMAL,6.84941842337139e-05,0.9997201561927795,1.7066891814465635e-05,3.673418177640997e-05,0.00015756674110889435
ZCH0056,4,NORMAL,NORMAL,4.6691569878021255e-05,0.999887228012085,2.607902388263028e-06,3.659790081655956e-06,5.971578502794728e-05
ZCH0057,2,NORMAL,NORMAL,0.010134076699614525,0.9846414923667908,8.286049705930054e-05,0.0050069233402609825,0.00013457630120683461
ZCH0058,0,NORMAL,NORMAL,4.7353245463455096e-05,0.9996987581253052,1.864055411715526e-05,5.128194243297912e-05,0.0001841768535086885
ZCH0059,0,NORMAL,NORMAL,0.30779996514320374,0.4069761037826538,0.00029222655575722456,0.28461793065071106,0.0003137744788546115
ZCH0060,0,NORMAL,NORMAL,0.00014358095359057188,0.9995827078819275,1.717104714771267e-05,9.012511873152107e-05,0.00016650631732773036
ZCH0061,2,NORMAL,NORMAL,0.00018596915469970554,0.9993858337402344,2.9642793379025534e-05,6.779145041946322e-05,0.0003306682629045099
ZCH0062,1,NORMAL,NORMAL,0.00896067451685667,0.982410728931427,0.0011136778630316257,0.0015488665085285902,0.00596622982993722
ZCH0063,1,NORMAL,NORMAL,0.25386372208595276,0.6874450445175171,0.006292865611612797,0.00971174892038107,0.04268665239214897
ZCH0064,3,NORMAL,NORMAL,0.2720406949520111,0.39586111903190613,0.0004960753722116351,0.3173796832561493,0.01422251109033823
ZCH0065,4,NORMAL,NORMAL,0.001484228647314012,0.9815042614936829,0.0011063816491514444,0.001069572870619595,0.014835523441433907
ZCH0066,1,NORMAL,NORMAL,0.013758229091763496,0.9823570251464844,0.0008333172299899161,0.0010349908843636513,0.0020164239685982466
ZCH0067,1,NORMAL,NORMAL,0.001724578090943396,0.9971768856048584,0.00019699374388437718,0.00015819039253983647,0.0007432549027726054
ZCH0068,2,NORMAL,NORMAL,0.03514184057712555,0.6844487190246582,0.000107152147393208,0.2801876962184906,0.00011465691932244226
ZCH0069,4,NORMAL,NORMAL,0.0004078191705048084,0.9979763627052307,8.488845924148336e-05,0.0001043385491357185,0.001426595263183117
ZCH0070,1,NORMAL,NORMAL,0.002888120710849762,0.9954515099525452,0.00030987244099378586,0.0002640138554852456,0.0010864799842238426
ZCH0071,4,NORMAL,NORMAL,0.0013966013211756945,0.9971247315406799,0.00019937426259275526,0.0003757906670216471,0.000903592852409929
ZCH0072,0,NORMAL,NORMAL,0.00015654363960493356,0.9994144439697266,2.6236448320560157e-05,3.7115660234121606e-05,0.000365600164514035
ZCH0073,3,NORMAL,NORMAL,5.8655437896959484e-05,0.9999078512191772,3.5902342006011168e-06,7.6802834882983e-06,2.2259799152379856e-05
ZCH0074,3,NORMAL,NORMAL,5.0069102144334465e-06,0.9999688863754272,3.381658189027803e-07,8.482294902023568e-07,2.4857386961230077e-05
ZCH0075,2,NORMAL,NORMAL,0.0001430223201168701,0.9996688365936279,1.5089113730937243e-05,3.7841746234335005e-05,0.0001351482787868008
ZCH0076,4,NORMAL,NORMAL,0.060906440019607544,0.9354444146156311,0.00029640542925335467,0.00012971933756489307,0.0032230692449957132
ZCH0077,4,NORMAL,NORMAL,0.00031198334181681275,0.999028205871582,8.048619201872498e-05,7.594871567562222e-05,0.0005032942281104624
ZCH0078,4,NORMAL,NORMAL,0.00042344193207100034,0.9979625940322876,0.0001325306948274374,0.0001665809832047671,0.0013149426085874438
ZCH0079,4,NORMAL,NORMAL,0.0006129297544248402,0.9974610805511475,0.00012440135469660163,0.00016376300482079387,0.0016377854626625776
ZCH0080,3,NORMAL,NORMAL,0.001105432864278555,0.996901273727417,7.614810601808131e-05,0.00116054923273623,0.0007565043633803725
ZCH0081,1,NORMAL,NORMAL,5.5516313295811415e-05,0.9997962117195129,1.4640744666394312e-05,5.4388115131587256e-06,0.0001281637669308111
ZCH0082,1,NORMAL,ASD,0.5678173899650574,0.36110037565231323,0.014758347533643246,0.007762949448078871,0.04856090992689133
ZCH0083,1,NORMAL,NORMAL,0.00017884936823975295,0.9996440410614014,1.1602393897192087e-05,2.1597888917312957e-06,0.00016342918388545513
ZCH0084,0,NORMAL,NORMAL,0.0009886041516438127,0.9987248778343201,3.802956052822992e-05,2.2169269868754782e-05,0.00022633023036178201
ZCH0085,0,NORMAL,NORMAL,0.00019554571190383285,0.9996151924133301,1.5930225345073268e-05,6.729768210789189e-05,0.00010593844490358606
ZCH0086,4,NORMAL,NORMAL,0.0028108262922614813,0.9535020589828491,0.0011381475487723947,0.0003486185451038182,0.04220030456781387
ZCH0087,0,NORMAL,NORMAL,0.03822126239538193,0.9596248865127563,0.00033792047179304063,0.00047813320998102427,0.0013377669965848327
ZCH0088,2,NORMAL,NORMAL,0.0018738455837592483,0.997087299823761,9.015133400680497e-05,0.0004062431398779154,0.0005424981354735792
ZCH0089,3,NORMAL,NORMAL,8.811291627353057e-05,0.9997690320014954,5.747804607381113e-06,1.0912097422988154e-05,0.0001261568395420909
ZCH0090,3,NORMAL,NORMAL,3.001631557708606e-05,0.999924898147583,4.632334821508266e-06,1.0672701137082186e-05,2.967187720059883e-05
ZCH0091,4,NORMAL,NORMAL,0.0004191444313619286,0.9988058805465698,0.00010529729479458183,0.0001453034783480689,0.0005245275096967816
ZCH0092,1,NORMAL,NORMAL,0.1727360635995865,0.8218624591827393,0.0017263699555769563,0.0018797239754348993,0.001795386429876089
ZCH0093,0,NORMAL,NORMAL,0.0009851959766820073,0.9982213377952576,3.093286068178713e-05,0.000325297616655007,0.0004372301045805216
ZCH0094,0,NORMAL,NORMAL,0.00293411361053586,0.9966728687286377,4.381909093353897e-05,5.391362356022e-05,0.0002952765207737684
ZCH0095,4,NORMAL,NORMAL,0.0006279523367993534,0.998382568359375,0.00011748168617486954,0.00023675394186284393,0.0006352931959554553
ZCH0096,3,NORMAL,NORMAL,0.00011652597459033132,0.9998031258583069,7.2130878834286705e-06,2.4090748411254026e-05,4.8984995373757556e-05
ZCH0097,3,NORMAL,NORMAL,3.331625339342281e-05,0.9999371767044067,2.6268339752277825e-06,5.914886969549116e-06,2.100914753100369e-05
ZCH0098,2,NORMAL,NORMAL,0.0012467341730371118,0.9980114698410034,5.472036718856543e-05,5.830037844134495e-05,0.0006287962314672768
ZCH0099,1,NORMAL,NORMAL,0.006472710985690355,0.9906634092330933,0.0005240968312136829,0.001304350676946342,0.0010353097459301353
ZCH0100,1,NORMAL,NORMAL,0.000810350407846272,0.9980764389038086,0.00018497741257306188,7.783737237332389e-05,0.0008503850549459457
ZCH0101,4,NORMAL,NORMAL,0.0005440341774374247,0.9983125925064087,7.730430661467835e-05,6.191325519466773e-05,0.0010041911154985428
ZCH0102,4,NORMAL,NORMAL,0.0005661121103912592,0.9962803721427917,0.00017175772518385202,0.00030196443549357355,0.002679753117263317
ZCH0103,2,NORMAL,NORMAL,0.22705696523189545,0.5830084085464478,0.014239517040550709,0.0021630132105201483,0.1735321432352066
ZCH0104,3,NORMAL,NORMAL,0.0007170576136559248,0.9990850687026978,1.5328230801969767e-05,8.480886754114181e-05,9.766915900399908e-05
ZCH0105,0,NORMAL,NORMAL,0.0005150038632564247,0.9992026686668396,2.5464565624133684e-05,3.381414353498258e-05,0.0002230084646726027
ZCH0106,1,NORMAL,ASD,0.5523957014083862,0.013119345530867577,0.01066672895103693,0.41655027866363525,0.007267927750945091
ZCH0107,1,NORMAL,NORMAL,0.0002677347220014781,0.9990862607955933,7.926179387141019e-05,2.7054818929173052e-05,0.0005396514316089451
ZCH0108,3,NORMAL,NORMAL,0.000592714874073863,0.993709921836853,3.131884295726195e-05,0.005414910614490509,0.00025117359473370016
ZCH0109,4,NORMAL,NORMAL,0.0044827950187027454,0.7529704570770264,0.0008227346115745604,0.23702378571033478,0.004700209479779005
ZCH0110,2,NORMAL,NORMAL,0.00010484715312486514,0.9994286894798279,1.181004881800618e-05,1.1471860489109531e-05,0.00044322211761027575
ZCH0111,4,NORMAL,VSD,0.013754832558333874,0.480848103761673,0.00080146110849455,9.034076356329024e-05,0.5045052766799927
ZCH0112,2,NORMAL,NORMAL,0.06995949149131775,0.9245884418487549,0.0013113750610500574,0.0014187610941007733,0.0027218179311603308
ZCH0113,0,NORMAL,NORMAL,0.00014655926497653127,0.999613344669342,1.2751437679980882e-05,4.868483665632084e-05,0.00017865396512206644
ZCH0114,2,NORMAL,NORMAL,0.21895965933799744,0.7714594006538391,0.0006909412913955748,0.00493446784093976,0.003955526277422905
ZCH0115,2,NORMAL,NORMAL,0.0007842708728276193,0.9980999827384949,0.00014565208402927965,0.00024522305466234684,0.0007249633781611919
ZCH0116,2,NORMAL,NORMAL,0.04405985772609711,0.9457893967628479,0.0018871541833505034,0.0018206997774541378,0.006442830432206392
ZCH0117,3,NORMAL,NORMAL,0.0033258425537496805,0.9892974495887756,0.00024933292297646403,0.0031418628059327602,0.003985566087067127
ZCH0118,4,NORMAL,NORMAL,0.0003575539158191532,0.9987778067588806,0.00011433594045229256,0.000171178238815628,0.0005790984723716974
ZCH0119,1,NORMAL,NORMAL,0.19233451783657074,0.6416722536087036,0.00779575202614069,0.0013535494217649102,0.15684397518634796
ZCH0120,1,NORMAL,NORMAL,0.00011840101797133684,0.9997379183769226,1.5015191820566542e-05,2.7113792384625413e-06,0.00012594086001627147
ZCH0121,3,NORMAL,NORMAL,2.861204120563343e-05,0.9998630285263062,1.4434672266361304e-05,1.3320689504325856e-05,8.060555410338566e-05
ZCH0122,4,NORMAL,NORMAL,0.0022476701997220516,0.9948086142539978,0.0005605596816167235,6.0152149671921507e-05,0.002323010005056858
ZCH0123,3,NORMAL,NORMAL,3.4479839086998254e-05,0.9998723268508911,5.130628323968267e-06,5.867469553777482e-06,8.220560994232073e-05
ZCH0124,1,NORMAL,NORMAL,0.0002583843597676605,0.9994997978210449,4.040936619276181e-05,6.650075374636799e-05,0.00013491875142790377
ZCH0125,1,NORMAL,NORMAL,0.0286470465362072,0.9679226279258728,0.0009665770339779556,0.0013295082608237863,0.001134292921051383
ZCH0126,2,NORMAL,NORMAL,0.00014074714272283018,0.9996052384376526,2.027376467594877e-05,3.873822424793616e-05,0.00019501578935887665
ZCH0127,3,NORMAL,NORMAL,3.900307274307124e-05,0.9999071359634399,1.9700239590747515e-06,2.8896838557557203e-06,4.899070336250588e-05
ZCH0128,0,NORMAL,NORMAL,0.00044129849993623793,0.9991434812545776,4.846803130931221e-05,4.675919990404509e-05,0.0003198945487383753
ZCH0129,4,NORMAL,NORMAL,0.00016670156037434936,0.9991346001625061,6.783395656384528e-05,8.43324523884803e-05,0.0005464605055749416
ZCH0130,1,NORMAL,NORMAL,0.0004836347361560911,0.9976728558540344,9.668595157563686e-05,3.4139218769269064e-05,0.0017127644969150424
ZCH0131,2,NORMAL,NORMAL,0.0001591415493749082,0.9994427561759949,2.6102172341779806e-05,9.167264215648174e-05,0.0002802947419695556
ZCH0132,3,NORMAL,NORMAL,0.010137340985238552,0.8825720548629761,0.004891209304332733,0.0008099089027382433,0.10158941894769669
ZCH0133,2,NORMAL,NORMAL,0.0008622711757197976,0.9989051818847656,2.709086038521491e-05,6.522247713292018e-05,0.0001401941990479827
ZCH0134,2,NORMAL,NORMAL,0.000296892219921574,0.999613344669342,8.608049938629847e-06,3.588463005144149e-05,4.5380900701275095e-05
ZCH0135,4,NORMAL,NORMAL,0.00033577001886442304,0.9995788931846619,1.02424128272105e-05,8.62606248119846e-06,6.645123357884586e-05
ZCH0136,0,NORMAL,NORMAL,0.002822886686772108,0.9954383969306946,0.00020793202565982938,0.0006107878871262074,0.0009200581116601825
ZCH0137,0,NORMAL,NORMAL,5.4700361943105236e-05,0.9995961785316467,1.1562096005945932e-05,3.1712232157588005e-05,0.0003058311704080552
ZCH0138,1,NORMAL,NORMAL,0.0029496382921934128,0.9966580867767334,3.833805749309249e-05,0.00022756449470762163,0.00012640772911254317
ZCH0139,2,NORMAL,NORMAL,3.216065306332894e-05,0.9999263286590576,1.3162760978957522e-06,7.437644399033161e-06,3.2756110158516094e-05
ZCH0140,2,NORMAL,ASD,0.9855437278747559,0.004575161729007959,0.0035771820694208145,0.006082497071474791,0.00022146139235701412
ZCH0141,2,NORMAL,NORMAL,0.3768852651119232,0.6195900440216064,0.000471143692266196,0.001381573616527021,0.0016719719860702753
ZCH0142,1,NORMAL,NORMAL,7.767324859742075e-05,0.999536395072937,2.500402115401812e-05,8.810674444248434e-06,0.0003520535246934742
ZCH0143,3,NORMAL,NORMAL,0.00025899059255607426,0.9991675615310669,3.9522343286080286e-05,0.00012655316095333546,0.0004074435855727643
ZCH0144,1,NORMAL,NORMAL,0.00013191250036470592,0.9996479749679565,2.9965105568408035e-05,8.287604941870086e-06,0.0001819030148908496
ZCH0145,3,NORMAL,NORMAL,3.4927659726236016e-05,0.9999021291732788,1.2748172366627841e-06,1.5751232922411873e-06,6.008799755363725e-05
ZCH0146,3,NORMAL,NORMAL,2.0851575754932128e-05,0.9998444318771362,8.704241736268159e-06,1.0868054232560098e-05,0.00011511870980029926
ZCH0147,0,NORMAL,NORMAL,3.8535410567419603e-05,0.9998900890350342,4.276251729606884e-06,1.0064658454211894e-05,5.7090033806161955e-05
ZCH0148,3,NORMAL,NORMAL,8.034954953473061e-05,0.9998281002044678,3.2970870051940437e-06,6.395299715222791e-05,2.4222688807640225e-05
ZCH0149,3,NORMAL,NORMAL,0.0001133841069531627,0.9998082518577576,7.291048405022593e-06,1.6456899174954742e-05,5.4742031352361664e-05
ZCH0150,1,NORMAL,NORMAL,3.155100785079412e-05,0.9999035596847534,1.1604917744989507e-05,1.249522392754443e-05,4.075662582181394e-05
ZCH0151,4,NORMAL,NORMAL,0.018516236916184425,0.9791107773780823,0.0003906937490683049,0.0013049605768173933,0.0006774612120352685
ZCH0152,1,NORMAL,NORMAL,0.004887545481324196,0.9947655200958252,5.060666808276437e-05,1.181130028271582e-05,0.0002844517875928432
ZCH0153,4,NORMAL,NORMAL,0.011220991611480713,0.9618528485298157,0.006611234042793512,0.0037969325203448534,0.01651792973279953
ZCH0154,2,NORMAL,NORMAL,0.0002815992047544569,0.9994644522666931,1.6992082237266004e-05,3.1875901186140254e-05,0.0002050595503533259
ZCH0155,2,NORMAL,NORMAL,0.00022897901362739503,0.9992769360542297,2.665567626536358e-05,7.036962051643059e-05,0.0003969940880779177
ZCH0156,0,NORMAL,NORMAL,0.00013232558558229357,0.9996017813682556,6.554662377311615e-06,1.1563860425667372e-05,0.00024781632237136364
ZCH0157,3,NORMAL,NORMAL,7.856398588046432e-05,0.9998788833618164,2.3673480882280273e-06,9.080072231881786e-06,3.105285213678144e-05
ZCH0158,1,NORMAL,ASD,0.5517787337303162,0.1458512246608734,0.010616721585392952,0.2618410289287567,0.029912283644080162
ZCH0159,0,NORMAL,NORMAL,0.0008086847956292331,0.9988467693328857,1.659858571656514e-05,5.045281068305485e-05,0.0002774254244286567
ZCH0160,0,NORMAL,NORMAL,0.0018122084438800812,0.9980692267417908,5.802957730338676e-06,1.2253679415152874e-05,0.00010058375482913107
ZCH0161,0,NORMAL,NORMAL,1.8373517377767712e-05,0.9998806715011597,5.280023287923541e-06,1.3649792890646495e-05,8.194775000447407e-05
ZCH0162,3,NORMAL,NORMAL,0.0001784079213393852,0.9997133612632751,2.156469417968765e-05,1.2336025065451395e-05,7.421335612889379e-05
ZCH0163,1,NORMAL,NORMAL,0.0011456054635345936,0.9980144500732422,7.400518370559439e-05,3.806431413977407e-05,0.0007278640405274928
ZCH0164,0,NORMAL,NORMAL,0.0008027721778489649,0.9990028738975525,4.7465051466133446e-05,5.445476926979609e-05,9.246571426047012e-05
ZCH0165,4,NORMAL,NORMAL,0.00013560577644966543,0.9990460276603699,4.6718403609702364e-05,0.00011557711695786566,0.0006561223417520523
ZCH0166,1,NORMAL,NORMAL,0.05972366780042648,0.9276382923126221,0.0032295752316713333,0.006908489391207695,0.0024999757297337055
ZCH0167,2,NORMAL,NORMAL,0.0026744429487735033,0.9959948062896729,7.662337156943977e-05,0.0009972302941605449,0.00025693129282444715
ZCH0168,0,NORMAL,NORMAL,1.5734369299025275e-05,0.9997394680976868,1.0523708624532446e-05,1.380757112201536e-05,0.0002204993215855211
ZCH0169,0,NORMAL,NORMAL,0.004634815733879805,0.9944928884506226,7.170361641328782e-05,0.0002394889306742698,0.0005611582892015576
ZCH0170,4,NORMAL,NORMAL,9.213255543727428e-05,0.9994202852249146,2.6782714485307224e-05,6.61309459246695e-05,0.0003947411314584315
ZCH0171,3,NORMAL,NORMAL,3.001631557708606e-05,0.999924898147583,4.632334821508266e-06,1.0672701137082186e-05,2.967187720059883e-05
ZCH0172,1,NORMAL,NORMAL,0.0006413478404283524,0.9987505674362183,9.165801020571962e-05,6.662432861048728e-05,0.00044963922118768096
ZCH0173,0,NORMAL,NORMAL,0.00018051813822239637,0.9996436834335327,1.4775007002754137e-05,4.2958392441505566e-05,0.00011806142720161006
ZCH0174,4,NORMAL,NORMAL,0.0003139658074360341,0.9992567896842957,5.076715751783922e-06,8.767826511757448e-05,0.00033639217144809663
ZCH0175,4,NORMAL,PFO,0.003404823364689946,0.06648029386997223,0.00018913672829512507,0.9289021492004395,0.0010236658854410052
ZCH0176,1,NORMAL,NORMAL,0.0025979147758334875,0.994490385055542,0.0003462106396909803,0.00022949498088564724,0.002335952827706933
ZCH0177,0,NORMAL,NORMAL,0.0002228592784376815,0.9995430707931519,1.3647176274389494e-05,8.892543701222166e-05,0.00013159410445950925
ZCH0178,1,NORMAL,NORMAL,0.01255407091230154,0.9743639230728149,0.0014672591350972652,0.0003539792087394744,0.011260723695158958
ZCH0179,1,NORMAL,NORMAL,7.81908820499666e-05,0.9997591376304626,1.1806835573224816e-05,3.534134748406359e-06,0.00014733239368069917
ZCH0180,3,NORMAL,NORMAL,0.008608275093138218,0.991230845451355,2.0513103663688526e-05,4.4217838876647875e-05,9.619915363145992e-05
ZCH0181,2,NORMAL,NORMAL,0.0004133420006837696,0.9990726709365845,5.425112976809032e-05,6.79082004353404e-05,0.0003917322610504925
ZCH0182,4,NORMAL,NORMAL,0.0006522397743538022,0.9986805319786072,0.00010388774535385892,6.0959795519011095e-05,0.0005022769910283387
ZCH0183,3,NORMAL,ASD,0.9400759339332581,0.0596747025847435,6.979280897212448e-06,0.0002347798435948789,7.6110600275569595e-06
ZCH0184,1,NORMAL,NORMAL,0.22869059443473816,0.7480132579803467,0.006392612587660551,0.007021776400506496,0.009881752543151379
ZCH0185,4,NORMAL,NORMAL,0.17940956354141235,0.8132129311561584,0.000770354934502393,0.0020535490475594997,0.004553596023470163
ZCH0186,4,NORMAL,NORMAL,0.000244579860009253,0.9990456700325012,6.17467230767943e-05,0.00011115501547465101,0.0005368790589272976
ZCH0187,1,NORMAL,NORMAL,0.041009239852428436,0.9554330706596375,0.001039227470755577,0.0014866512501612306,0.0010318189160898328
ZCH0188,2,NORMAL,NORMAL,0.000948178640101105,0.9981424808502197,0.00010928035044344142,0.00023482188407797366,0.0005652947584167123
ZCH0189,1,NORMAL,NORMAL,0.0005691773258149624,0.9990018010139465,5.2869592764182016e-05,1.8960963643621653e-05,0.0003572873829398304
ZCH0190,1,NORMAL,NORMAL,0.001521231373772025,0.9977312684059143,0.00014506700972560793,6.330024916678667e-05,0.000539110682439059
ZCH0191,0,NORMAL,NORMAL,0.0005942959105595946,0.9991889595985413,2.0880515876342542e-05,4.707875632448122e-05,0.00014885129348840564
ZCH0192,4,NORMAL,NORMAL,0.00020562474674079567,0.9993388056755066,4.5623477490153164e-05,3.5378496249904856e-05,0.000374533177819103
ZCH0193,3,NORMAL,NORMAL,0.04536712169647217,0.9540113806724548,0.00015433500811923295,0.00014056639338377863,0.0003265727136749774
ZCH0194,3,NORMAL,NORMAL,0.00020717299776151776,0.9997369647026062,4.044086836074712e-06,5.337747552403016e-06,4.65143020846881e-05
ZCH0195,2,NORMAL,NORMAL,3.056083369301632e-05,0.9998385906219482,3.70288080375758e-06,3.429752950978582e-06,0.00012367557792458683
ZCH0196,4,NORMAL,NORMAL,0.032782405614852905,0.9670982360839844,1.3154646694601979e-05,1.8215374439023435e-05,8.797671034699306e-05
ZCH0197,3,NORMAL,NORMAL,0.0825776681303978,0.7413691878318787,8.39223648654297e-05,0.17570626735687256,0.00026289004017598927
ZCH0198,3,NORMAL,NORMAL,0.2068319320678711,0.79075026512146,0.00043404416646808386,0.0009331796900369227,0.0010504404781386256
ZCH0199,0,NORMAL,NORMAL,2.319779923709575e-05,0.9998382329940796,6.228312486200593e-06,8.748927939450368e-06,0.00012359807442408055
ZCH0200,1,NORMAL,NORMAL,0.00014956675295252353,0.9997255206108093,2.094581395795103e-05,2.2793105017626658e-05,8.112570503726602e-05
ZCH0201,0,NORMAL,NORMAL,0.002439862582832575,0.9970064759254456,6.269785444601439e-06,0.00026620429707691073,0.0002811149461194873
ZCH0202,4,NORMAL,NORMAL,0.0004355386190582067,0.9982109069824219,9.900932491291314e-05,0.00013316149124875665,0.0011213781544938684
ZCH0203,3,NORMAL,NORMAL,0.0004735436523333192,0.999483585357666,1.0592399348752224e-06,3.0123815122351516e-06,3.883292811224237e-05
ZCH0204,0,NORMAL,NORMAL,0.00011865898704854771,0.9997009038925171,1.1932721463381313e-05,4.622809501597658e-05,0.00012226718536112458
ZCH0205,1,NORMAL,NORMAL,0.43517276644706726,0.5356070399284363,0.006366966292262077,0.00497277919203043,0.01788034476339817
ZCH0206,2,NORMAL,NORMAL,5.441080065793358e-05,0.9998282194137573,5.796201548946556e-06,1.226076710736379e-05,9.918174328049645e-05
ZCH0207,0,NORMAL,NORMAL,0.0006288488511927426,0.9976348876953125,1.8398472093394957e-05,0.0014388961717486382,0.0002788787824101746
ZCH0208,4,NORMAL,NORMAL,0.00019412950496189296,0.9995848536491394,1.1715291293512564e-05,2.0301484255469404e-05,0.00018915132386609912
ZCH0209,3,NORMAL,NORMAL,0.00010006309457821772,0.9998689889907837,4.845142484555254e-06,2.0692825728474418e-06,2.3935985154821537e-05
ZCH0210,2,NORMAL,NORMAL,0.0005479984101839364,0.9987475872039795,3.4910561225842685e-05,0.00010476411262061447,0.0005647055222652853
ZCH0211,4,NORMAL,NORMAL,0.0009658122435212135,0.9955990314483643,0.00020570527703966945,0.00011647147766780108,0.0031129473354667425
ZCH0212,1,NORMAL,NORMAL,0.0007104382384568453,0.9989073276519775,7.14896377758123e-05,0.00011912207992281765,0.00019169224833603948
ZCH0213,3,NORMAL,NORMAL,0.0010497388429939747,0.9988939166069031,1.021911998577707e-06,1.549023545521777e-05,3.981400004704483e-05
ZCH0214,0,NORMAL,NORMAL,0.00037357149994932115,0.9993481040000916,1.1696599358401727e-05,8.649996743770316e-05,0.00018017242837231606
ZCH0215,0,NORMAL,NORMAL,2.691198096727021e-05,0.9999072551727295,2.299223751833779e-06,7.2166326390288305e-06,5.631020030705258e-05
ZCH0216,4,NORMAL,NORMAL,0.0007165937568061054,0.9990083575248718,2.2709646145813167e-05,6.833088264102116e-05,0.00018400173576083034
ZCH0217,4,NORMAL,NORMAL,0.0001340992166660726,0.9993246793746948,5.056565350969322e-05,4.6340315748238936e-05,0.00044434546725824475
ZCH0218,2,NORMAL,NORMAL,9.514511475572363e-05,0.9996451139450073,1.396022162225563e-05,3.5234868846600875e-05,0.0002105633175233379
ZCH0219,2,NORMAL,NORMAL,9.262645471608266e-05,0.9996510744094849,2.0199677237542346e-05,2.1040610590716824e-05,0.00021497269335668534
ZCH0220,3,NORMAL,NORMAL,2.5490830012131482e-05,0.9999376535415649,1.715205598884495e-06,9.076130481844302e-06,2.6106405130121857e-05
ZCH0221,4,NORMAL,NORMAL,0.0005153600941412151,0.9992026686668396,1.2433230040187482e-05,7.77967507019639e-05,0.0001917264162329957
ZCH0222,0,NORMAL,NORMAL,0.0001835695147747174,0.9996258020401001,8.619887921668123e-06,1.9806306227110326e-05,0.00016231734480243176
ZCH0223,0,NORMAL,NORMAL,0.001116079860366881,0.9984992742538452,1.8473547243047506e-05,4.231150523992255e-05,0.0003240566002205014
ZCH0224,3,NORMAL,NORMAL,2.8770111384801567e-05,0.9999345541000366,2.195315119024599e-06,1.1778887710534036e-05,2.2801721570431255e-05
ZCH0225,0,NORMAL,NORMAL,0.000214838728425093,0.9995513558387756,1.2081191016477533e-05,6.6525276452011894e-06,0.0002151189837604761
ZCH0226,0,NORMAL,NORMAL,0.014649741351604462,0.9848564267158508,1.6324196622008458e-05,0.00023173840600065887,0.00024572512484155595
ZCH0227,0,NORMAL,NORMAL,0.0001136912833317183,0.9995392560958862,3.139279942843132e-05,4.8165955377044156e-05,0.00026756120496429503
ZCH0228,0,NORMAL,NORMAL,0.0002992318186443299,0.9993576407432556,2.1082631064928137e-05,5.5665819672867656e-05,0.00026632787194103
ZCH0229,2,NORMAL,NORMAL,0.06092666834592819,0.937029242515564,0.0008868720033206046,0.0004806716169696301,0.0006765813450329006
ZCH0230,0,NORMAL,NORMAL,0.0005611986271105707,0.9991503953933716,1.677967156865634e-05,4.784133125212975e-05,0.00022363208699971437
ZCH0231,0,NORMAL,NORMAL,7.326221384573728e-05,0.9998109936714172,5.269363555271411e-06,1.2038502973155119e-05,9.846801549429074e-05
ZCH0232,2,NORMAL,NORMAL,0.0005393656902015209,0.998359739780426,7.053135050227866e-05,0.00019819053704850376,0.0008320953347720206
ZCH0233,3,NORMAL,NORMAL,0.00036453839857131243,0.9994014501571655,7.541571449110052e-06,9.419033449376002e-05,0.00013227472663857043
ZCH0234,1,NORMAL,ASD,0.821235179901123,0.08644095063209534,0.011490033008158207,0.01138544362038374,0.06944838166236877
ZCH0235,4,NORMAL,NORMAL,0.00039692260907031596,0.999323844909668,3.1426527129951864e-05,7.271684444276616e-05,0.00017514239880256355
ZCH0236,2,NORMAL,NORMAL,0.00045645120553672314,0.9980452060699463,0.0001090200967155397,0.0004196490626782179,0.0009698121575638652
ZCH0237,2,NORMAL,NORMAL,0.001672551385127008,0.9976736903190613,5.885427162866108e-05,0.00023412698647007346,0.0003607539110817015
ZCH0238,2,NORMAL,NORMAL,0.0003113191050942987,0.9993619322776794,1.318900194746675e-05,4.882330904365517e-05,0.0002647541696205735
ZCH0239,2,NORMAL,NORMAL,0.04170774295926094,0.9436159729957581,0.00037458798033185303,0.012207232415676117,0.0020944627467542887
ZCH0240,4,NORMAL,NORMAL,0.0005434685153886676,0.99909508228302,3.895571353496052e-05,7.995450141606852e-05,0.00024266907712444663
ZCH0241,0,NORMAL,NORMAL,0.0023632824886590242,0.9968968629837036,2.5093968361034058e-05,0.00028571338043548167,0.0004290943325031549
ZCH0242,3,NORMAL,NORMAL,2.1312136595952325e-05,0.9999459981918335,6.765894227100944e-07,2.2390663616533857e-06,2.9738426746916957e-05
ZCH0243,3,NORMAL,NORMAL,2.7675121600623243e-05,0.9999421834945679,2.4208811737480573e-06,2.8884958283015294e-06,2.4899691197788343e-05
ZCH0244,2,NORMAL,NORMAL,0.004453897476196289,0.9936999082565308,0.00029959867242723703,9.503722685622051e-05,0.0014515327056869864
ZCH0245,2,NORMAL,NORMAL,0.00015579626779071987,0.9997336268424988,8.660223102197051e-06,3.4238975786138326e-05,6.77417338010855e-05
ZCH0246,4,NORMAL,NORMAL,0.0013750109355896711,0.9980396628379822,4.867629104410298e-05,0.00015832406643312424,0.00037836647243238986
ZCH0247,0,NORMAL,NORMAL,8.705318032298237e-05,0.9997465014457703,6.1066857597325e-06,2.596365266072098e-05,0.00013443644274957478
ZCH0248,4,NORMAL,NORMAL,0.0010449762921780348,0.9938192963600159,0.00019092419825028628,0.00025698571698740125,0.004687794949859381
ZCH0249,3,NORMAL,NORMAL,6.290677993092686e-05,0.9998637437820435,7.608320174767869e-06,1.4463342267845292e-05,5.125422103446908e-05
ZCH0250,4,NORMAL,NORMAL,0.00042261325870640576,0.9990471005439758,3.254402327002026e-05,3.59289042535238e-05,0.00046167915570549667
ZCH0251,3,NORMAL,NORMAL,9.273608156945556e-05,0.9991605281829834,3.186857793480158e-05,5.219586910243379e-06,0.0007095822948031127
ZCH0252,1,NORMAL,NORMAL,0.14239263534545898,0.8470360636711121,0.001942480681464076,0.004297955892980099,0.004330863710492849
ZCH0253,4,NORMAL,NORMAL,0.00017895303608383983,0.9981366395950317,9.956104622688144e-05,3.547014421201311e-05,0.0015493410173803568
ZCH0254,4,NORMAL,NORMAL,0.0011672573164105415,0.998591959476471,1.5212590369628742e-05,6.948885857127607e-05,0.00015607372915837914
ZCH0255,2,NORMAL,NORMAL,0.0005827330751344562,0.9988841414451599,5.005518323741853e-05,0.00025875744177028537,0.00022437884763348848
ZCH0256,4,NORMAL,NORMAL,0.00022034118592273444,0.9994264841079712,3.616252797655761e-05,0.00010181114339502528,0.0002152172673959285
ZCH0257,3,NORMAL,NORMAL,1.5578303646179847e-05,0.9999409914016724,2.8541896881506545e-06,7.945614925120026e-06,3.2551150070503354e-05
ZCH0258,2,NORMAL,NORMAL,0.00028445699717849493,0.9991181492805481,3.726512659341097e-05,5.621502350550145e-05,0.0005038926028646529
ZCH0259,2,NORMAL,ASD,0.5125819444656372,0.1705804020166397,0.2853758633136749,0.021211877465248108,0.0102498484775424
ZCH0260,3,NORMAL,NORMAL,9.607558604329824e-05,0.9977732300758362,3.774474680540152e-05,0.00013295923417899758,0.0019599429797381163
ZCH0261,1,NORMAL,NORMAL,0.0030163107439875603,0.9963704347610474,0.0002039453393081203,0.00012041052104905248,0.00028883793856948614
ZCH0262,4,NORMAL,NORMAL,8.823070675134659e-05,0.9996286630630493,1.5817084204172716e-05,4.553206963464618e-05,0.00022175190679263324
ZCH0263,1,NORMAL,NORMAL,0.0002431355678709224,0.9995540976524353,3.395638850633986e-05,2.1726906197727658e-05,0.00014718885358888656
ZCH0264,0,NORMAL,NORMAL,0.00014431778981816024,0.9996793270111084,3.9084075069695245e-06,3.628406921052374e-05,0.00013617162767332047
ZCH0265,0,NORMAL,NORMAL,0.0010774402180686593,0.9981428384780884,5.2875748224323615e-05,0.00012223167868796736,0.0006047264905646443
ZCH0266,4,NORMAL,NORMAL,0.00104155030567199,0.9980192184448242,6.94349582772702e-05,0.00027346517890691757,0.0005963529110886157
ZCH0267,3,NORMAL,NORMAL,0.0007959200884215534,0.9990780353546143,2.1213566014921525e-06,5.559051351156086e-05,6.82587269693613e-05
ZCH0268,4,NORMAL,NORMAL,0.0015801546396687627,0.9964904189109802,0.00018966612697113305,0.0004792340041603893,0.001260547200217843
ZCH0269,0,NORMAL,NORMAL,5.9767862694570795e-05,0.9997863173484802,2.804065616146545e-06,1.75774530362105e-05,0.00013358243450056762
ZCH0270,3,NORMAL,PFO,0.028735393658280373,0.012035386636853218,0.0001375427091261372,0.958781898021698,0.0003097791050095111
ZCH0271,3,NORMAL,NORMAL,6.295689672697335e-05,0.9997913241386414,9.660094292485155e-06,3.976625157520175e-05,9.62805570452474e-05
ZCH0272,1,NORMAL,NORMAL,0.012309573590755463,0.9865683317184448,0.0001628427708055824,0.00027506920741871,0.00068417948205024
ZCH0273,3,NORMAL,NORMAL,0.00041663466254249215,0.999495267868042,7.323695172090083e-06,1.932018858497031e-05,6.150633271317929e-05
ZCH0274,4,NORMAL,NORMAL,0.012212175875902176,0.9861595034599304,8.362628432223573e-05,0.0009877666598185897,0.0005569741479121149
ZCH0275,3,NORMAL,NORMAL,5.992496517137624e-05,0.9997945427894592,2.079965270240791e-05,3.112206468358636e-05,9.355234215036035e-05
ZCH0276,3,NORMAL,NORMAL,0.0002940541016869247,0.9996304512023926,2.3706591036898317e-06,2.1394573195721023e-05,5.160320142749697e-05
ZCH0277,3,NORMAL,NORMAL,1.7810649296734482e-05,0.9999492168426514,1.4738626532562193e-06,8.42357530927984e-06,2.3112193957786076e-05
ZCH0278,2,NORMAL,NORMAL,5.843710823683068e-05,0.999799907207489,6.045380814612145e-06,2.2300739146885462e-05,0.00011333127622492611
ZCH0279,4,NORMAL,NORMAL,0.0017051560571417212,0.9961745738983154,0.00016808802320156246,3.302820914541371e-05,0.0019192072795704007
ZCH0280,2,NORMAL,NORMAL,4.070233990205452e-05,0.9998458623886108,2.290326619913685e-06,3.6823650589212775e-05,7.439376349793747e-05
ZCH0281,0,NORMAL,NORMAL,8.818263449938968e-05,0.9997445940971375,9.362696800963022e-06,1.562859870318789e-05,0.00014220229058992118
ZCH0282,1,NORMAL,NORMAL,0.00023120293917600065,0.9996553659439087,2.8799242500099353e-05,1.3604653759102803e-05,7.100294897099957e-05
ZCH0283,0,NORMAL,NORMAL,7.153744081733748e-05,0.9997190833091736,1.1981038369413e-05,5.0378737796563655e-05,0.0001469134440412745
ZCH0284,2,NORMAL,NORMAL,6.683562241960317e-05,0.9997408986091614,9.349572792416438e-06,4.08917767344974e-05,0.0001420133630745113
ZCH0285,3,NORMAL,NORMAL,0.00011795709724538028,0.9998390674591064,3.3935809824470198e-06,1.2939635780639946e-05,2.653461524459999e-05
ZCH0286,3,NORMAL,NORMAL,1.516464544693008e-05,0.9999642372131348,1.92824791156454e-06,7.1525273597217165e-06,1.1604528481257148e-05
ZCH0287,0,NORMAL,NORMAL,0.0039986735209822655,0.9955541491508484,7.369496415776666e-06,0.00016233146016020328,0.00027747376589104533
ZCH0288,4,NORMAL,NORMAL,6.0677815781673416e-05,0.9995937943458557,2.106833562720567e-05,1.6453934222226962e-05,0.00030799550586380064
ZCH0289,2,NORMAL,NORMAL,0.0002488891186658293,0.9983408451080322,5.516201417776756e-05,0.0001407315576216206,0.001214287942275405
ZCH0290,4,NORMAL,NORMAL,0.009694986045360565,0.9871036410331726,0.00016494370356667787,0.0002971691719722003,0.002739229239523411
ZCH0291,3,NORMAL,NORMAL,0.005398038774728775,0.9313046932220459,0.0008873871993273497,0.0022276914678514004,0.060182105749845505
ZCH0292,4,NORMAL,NORMAL,0.00014600464783143252,0.9992972612380981,3.7979283661115915e-05,5.9434383729239926e-05,0.00045917215174995363
ZCH0293,4,NORMAL,NORMAL,0.00013616180513054132,0.9995775818824768,2.544294693507254e-05,5.9171296015847474e-05,0.00020152083016000688
ZCH0294,2,NORMAL,NORMAL,7.19938034308143e-05,0.9994856119155884,1.4420680599869229e-05,2.1030786228948273e-05,0.00040687675937078893
ZCH0295,1,NORMAL,NORMAL,0.3619542717933655,0.58411705493927,0.007085470948368311,0.029811451211571693,0.017031649127602577
ZCH0296,4,NORMAL,NORMAL,0.000378038123017177,0.9995419979095459,1.8702039596973918e-06,3.7084428186062723e-06,7.435050792992115e-05
ZCH0297,0,NORMAL,NORMAL,0.000530721212271601,0.9992615580558777,1.062639057636261e-05,4.046185131301172e-05,0.00015670264838263392
ZCH0298,4,NORMAL,NORMAL,0.006200020667165518,0.677990734577179,0.00349444174207747,0.0008823606185615063,0.31143245100975037
ZCH0299,3,NORMAL,NORMAL,0.005013611167669296,0.9932443499565125,3.0328283173730597e-05,0.001093399478122592,0.0006184014491736889
ZCH0300,1,NORMAL,NORMAL,0.010230815969407558,0.9850597381591797,0.000769957376178354,0.0010235378285869956,0.0029159560799598694
ZCH0301,0,NORMAL,NORMAL,0.0002769810089375824,0.9995396137237549,9.368296559841838e-06,4.324929977883585e-05,0.00013074226444587111
ZCH0302,2,NORMAL,NORMAL,0.00015955643902998418,0.9994210004806519,1.7762426068657078e-05,8.40877037262544e-05,0.0003176789323333651
ZCH0303,3,NORMAL,NORMAL,5.908916500629857e-05,0.9998356103897095,6.308683623501565e-06,4.136264760745689e-05,5.7546851166989654e-05
ZCH0304,0,NORMAL,NORMAL,0.0003350350016262382,0.9992721676826477,1.735744262987282e-05,8.55313046486117e-05,0.0002898399834521115
ZCH0305,3,NORMAL,NORMAL,0.0019095448078587651,0.997441291809082,0.00012891559163108468,5.711349513148889e-05,0.0004630967741832137
ZCH0306,1,NORMAL,NORMAL,0.04163622111082077,0.8682374358177185,0.006375915836542845,0.0011448138393461704,0.0826055258512497
ZCH0307,4,NORMAL,NORMAL,0.060673788189888,0.8987250328063965,0.0015964317135512829,0.006369046866893768,0.03263569250702858
ZCH0308,1,NORMAL,NORMAL,0.0002626779896672815,0.99943608045578,4.8101312131620944e-05,5.328809857019223e-05,0.00019986020924989134
ZCH0309,2,NORMAL,NORMAL,5.912000051466748e-05,0.9998947381973267,3.1260133255273104e-06,6.115769338066457e-06,3.699564695125446e-05
ZCH0310,4,NORMAL,NORMAL,0.00010588314762571827,0.9991706609725952,2.4024931917665526e-05,3.4888031223090366e-05,0.0006645479588769376
ZCH0311,4,NORMAL,NORMAL,0.0010967098642140627,0.9968540072441101,0.00028446948272176087,0.0006025976035743952,0.001162199885584414
ZCH0312,1,NORMAL,NORMAL,0.008077535778284073,0.98109370470047,0.00046922426554374397,0.008749034255743027,0.0016104956157505512
ZCH0313,3,NORMAL,NORMAL,0.019767552614212036,0.9768769145011902,3.706236384459771e-05,0.0028967778198421,0.0004217454406898469
ZCH0314,2,NORMAL,NORMAL,0.0016802471363916993,0.9970542192459106,0.00010771589586511254,0.0005604897742159665,0.0005973120569251478
ZCH0315,2,NORMAL,NORMAL,0.0002040803083218634,0.9992982149124146,3.4000444429693744e-05,7.838047167751938e-05,0.0003853609086945653
ZCH0316,3,NORMAL,NORMAL,2.1463509256136604e-05,0.999947190284729,3.6307583286543377e-06,6.224626758921659e-06,2.158304960175883e-05
ZCH0317,4,NORMAL,NORMAL,0.0015364644350484014,0.9950414299964905,0.0001551070308778435,0.0007209395989775658,0.002546006115153432
ZCH0318,1,NORMAL,NORMAL,0.030363904312253,0.9577854871749878,0.0019163526594638824,0.003563666483387351,0.006370650604367256
ZCH0319,2,NORMAL,NORMAL,7.254596130223945e-05,0.9997442364692688,8.507636266585905e-06,2.4953636966529302e-05,0.00014984910376369953
ZCH0320,1,NORMAL,NORMAL,0.003026912920176983,0.9682862162590027,0.0009238414349965751,0.00024009002663660794,0.027522936463356018
ZCH0321,2,NORMAL,NORMAL,0.00014723911590408534,0.9995588660240173,2.2510917915496975e-05,6.642343214480206e-05,0.0002049059112323448
ZCH0322,0,NORMAL,NORMAL,0.00024610443506389856,0.999420166015625,2.39503297052579e-05,3.907042264472693e-05,0.00027065526228398085
ZCH0323,3,NORMAL,NORMAL,0.00013861553452443331,0.9997977614402771,5.112555300001986e-06,6.263148861762602e-06,5.219552986091003e-05
ZCH0324,4,NORMAL,NORMAL,0.16092093288898468,0.82748943567276,0.0014195379335433245,0.003027826314792037,0.0071423291228711605
ZCH0325,2,NORMAL,NORMAL,0.00019175768829882145,0.9994970560073853,1.4547649698215537e-05,9.049788786796853e-05,0.00020613188098650426
ZCH0326,3,NORMAL,NORMAL,0.0005763022345490754,0.9991950392723083,1.292534579988569e-05,0.0001385264185955748,7.715194806223735e-05
ZCH0327,3,NORMAL,NORMAL,0.00015229247219394892,0.9997782111167908,6.39658674117527e-06,2.9903458198532462e-05,3.314035348012112e-05
ZCH0328,2,NORMAL,NORMAL,0.0008408434805460274,0.9983741044998169,8.069826435530558e-05,0.0002820263907779008,0.0004222894785925746
ZCH0329,2,NORMAL,NORMAL,0.0003667128039523959,0.999233603477478,2.4454038793919608e-05,3.789610855164938e-05,0.0003373189829289913
ZCH0330,3,NORMAL,NORMAL,0.0001429789699614048,0.9997099041938782,6.175451289891498e-06,5.2331065489852335e-06,0.00013563533138949424
ZCH0331,2,NORMAL,NORMAL,0.016069093719124794,0.973512589931488,0.0003284182457718998,0.000101941914181225,0.009987961500883102
ZCH0332,4,NORMAL,NORMAL,8.518069807905704e-05,0.9993788003921509,2.8874592317151837e-05,1.931556107592769e-05,0.00048781948862597346
ZCH0333,2,NORMAL,NORMAL,4.75658816867508e-05,0.9999276399612427,1.2224086276546586e-05,2.4576722807978513e-06,1.006243473966606e-05
ZCH0334,1,NORMAL,NORMAL,0.02733023092150688,0.9653404951095581,0.001023516640998423,0.002539560664445162,0.0037662535905838013
ZCH0335,2,NORMAL,PFO,0.06638683378696442,0.28365716338157654,0.0008827050332911313,0.6482558250427246,0.0008174710674211383
ZCH0336,2,NORMAL,NORMAL,0.0028577488847076893,0.9968729615211487,6.618690531468019e-05,4.469776831683703e-05,0.00015837489627301693
ZCH0337,2,NORMAL,NORMAL,0.0016139602521434426,0.9976323843002319,7.667546742595732e-05,0.00013932706497143954,0.0005375572363846004
ZCH0338,1,NORMAL,NORMAL,0.0001674314116826281,0.9996071457862854,4.620793697540648e-05,3.368225952726789e-05,0.00014554824156221002
ZCH0339,1,NORMAL,NORMAL,0.0053614601492881775,0.9926660656929016,0.00037803989835083485,0.0006094389827921987,0.0009850433561950922
ZCH0340,2,NORMAL,NORMAL,0.0016534056048840284,0.9980265498161316,2.904876964748837e-05,8.508255996275693e-05,0.00020595254318322986
ZCH0341,0,NORMAL,NORMAL,0.004214513581246138,0.9941965341567993,2.581016451586038e-05,0.0005548462504521012,0.001008200109936297
ZCH0342,1,NORMAL,NORMAL,2.414999653410632e-05,0.999955415725708,4.357161742518656e-06,3.489737537165638e-06,1.2559119568322785e-05
ZCH0343,1,NORMAL,NORMAL,0.02476463094353676,0.9676874876022339,0.0018539198208600283,0.002216674154624343,0.0034771922510117292
ZCH0344,2,NORMAL,NORMAL,4.9728907470125705e-05,0.9997825026512146,8.774551133683417e-06,1.9691202396643348e-05,0.00013932166621088982
ZCH0345,1,NORMAL,NORMAL,0.0001921220391523093,0.9996671676635742,2.5957164325518534e-05,1.703064117464237e-05,9.776642400538549e-05
ZCH0346,2,NORMAL,NORMAL,4.211467967252247e-05,0.9997759461402893,7.81767175794812e-06,1.015254201774951e-05,0.0001639929978409782
ZCH0347,3,NORMAL,NORMAL,1.4960865883040242e-05,0.9999736547470093,6.593555781364557e-07,1.7302296555499197e-06,8.856050953909289e-06
ZCH0348,4,NORMAL,NORMAL,0.004976748488843441,0.9937818646430969,0.00016818154836073518,0.0005110329948365688,0.0005621267482638359
ZCH0349,0,NORMAL,NORMAL,0.0004741351876873523,0.9987488985061646,2.7521491574589163e-05,3.9727216062601656e-05,0.0007096665212884545
ZCH0350,2,NORMAL,NORMAL,0.00019780377624556422,0.9997963309288025,9.200291515298886e-07,1.716491624392802e-06,3.210981276424718e-06
ZCH0351,4,NORMAL,NORMAL,0.00020027742721140385,0.9989897608757019,7.997810462256894e-05,7.289941277122125e-05,0.0006570320692844689
ZCH0352,2,NORMAL,NORMAL,0.03481341898441315,0.9425527453422546,0.0005871435278095305,0.00018955548875965178,0.021857140585780144
ZCH0353,3,NORMAL,NORMAL,0.0004972676979377866,0.9992733597755432,9.735735147842206e-06,1.2101582797185984e-05,0.00020754331490024924
ZCH0354,0,NORMAL,NORMAL,0.00023655133554711938,0.9991552829742432,5.0557515351101756e-05,2.4837707314873114e-05,0.0005327475955709815
ZCH0355,4,NORMAL,NORMAL,0.00012252284795977175,0.9993351101875305,3.9700109482510015e-05,6.583749200217426e-05,0.0004369069938547909
ZCH0356,1,NORMAL,NORMAL,0.0002891420153900981,0.9995180368423462,3.167735121678561e-05,2.4770070012891665e-05,0.00013634117203764617
ZCH0357,4,NORMAL,NORMAL,0.12375373393297195,0.871583878993988,0.0007589292945340276,0.0011990268249064684,0.00270444224588573
ZCH0358,0,NORMAL,NORMAL,0.002102254657074809,0.9973903298377991,2.2170683223521337e-05,5.526917811948806e-05,0.0004300028958823532
ZCH0359,3,NORMAL,NORMAL,0.2168663591146469,0.7737151384353638,3.659702997538261e-05,0.008572236634790897,0.0008096108795143664
ZCH0360,3,NORMAL,NORMAL,0.00017235222912859172,0.9997562766075134,4.290609012969071e-06,3.123260830761865e-05,3.5896784538635984e-05
ZCH0361,4,NORMAL,NORMAL,0.0004042841901537031,0.9988954067230225,5.225844870437868e-05,0.00010757541167549789,0.0005404428229667246
ZCH0362,2,NORMAL,NORMAL,0.00020770700939465314,0.9992139339447021,1.7312244381173514e-05,0.000166158628417179,0.00039481325075030327
ZCH0363,1,NORMAL,NORMAL,0.0001213100113091059,0.9997512698173523,2.1406158339232206e-05,1.3462611605064012e-05,9.253781900042668e-05
ZCH0364,3,NORMAL,NORMAL,0.00012078003055648878,0.9997082352638245,1.4387636838364415e-05,4.165686550550163e-05,0.00011489442113088444
ZCH0365,0,NORMAL,NORMAL,0.00021008327894378453,0.9983643889427185,3.304345455035218e-06,6.546580607391661e-06,0.0014157298719510436
ZCH0366,2,NORMAL,NORMAL,0.0001675648964010179,0.9996659755706787,6.669833510386525e-06,6.604615919059142e-05,9.380303526995704e-05
ZCH0367,4,NORMAL,NORMAL,0.0019751451909542084,0.997082531452179,0.00011795744649134576,0.00019082090875599533,0.0006336775259114802
ZCH0368,4,NORMAL,NORMAL,0.0003253921167925,0.9991514682769775,3.0103596145636402e-05,3.252901660744101e-05,0.0004605076683219522
ZCH0369,4,NORMAL,NORMAL,0.01932372711598873,0.9783669114112854,8.589993376517668e-05,0.0004418767348397523,0.001781510771252215
ZCH0370,1,NORMAL,NORMAL,0.0001593085180502385,0.9993423819541931,1.8323162294109352e-05,3.892704171448713e-06,0.0004760711744893342
ZCH0371,2,NORMAL,NORMAL,0.0017406176775693893,0.99732506275177,4.380934842629358e-05,0.00013213040074333549,0.0007583519327454269
ZCH0372,1,NORMAL,NORMAL,0.00485276710242033,0.9920754432678223,0.0004579020314849913,0.0002686072839424014,0.002345332643017173
ZCH0373,0,NORMAL,NORMAL,0.0005866748397238553,0.9976221919059753,4.720839933725074e-05,0.00011136710236314684,0.0016326640034094453
ZCH0374,4,NORMAL,NORMAL,0.00027643455541692674,0.9991784691810608,2.546268660807982e-05,0.00012246661935932934,0.00039708823896944523
ZCH0375,2,NORMAL,ASD,0.6046425700187683,0.26033252477645874,0.08463580161333084,0.005609661340713501,0.04477935656905174
ZCH0376,4,NORMAL,NORMAL,0.001302547985687852,0.9982902407646179,5.799343853141181e-05,3.171353819197975e-05,0.00031765742460265756
ZCH0377,3,NORMAL,NORMAL,3.097767330473289e-05,0.9998897314071655,4.498681391851278e-06,8.595711733505595e-06,6.613955338252708e-05
ZCH0378,3,NORMAL,NORMAL,0.00038591783959418535,0.99955815076828,2.0940897229593247e-06,1.8837123207049444e-05,3.490925155347213e-05
ZCH0379,1,NORMAL,NORMAL,0.0009188499534502625,0.9966477751731873,8.335931488545612e-05,6.0432441387092695e-05,0.002289449330419302
ZCH0380,4,NORMAL,NORMAL,0.0003564896178431809,0.9993958473205566,1.5951292880345136e-05,1.5374831491499208e-05,0.00021635567827615887
ZCH0381,3,NORMAL,NORMAL,6.100868995417841e-05,0.9997904896736145,6.147707154013915e-06,1.3531671356759034e-05,0.00012869457714259624
ZCH0382,4,NORMAL,NORMAL,0.0007941737421788275,0.9987053871154785,3.087580989813432e-05,4.289352000341751e-05,0.0004266633477527648
ZCH0383,3,NORMAL,NORMAL,0.00016641555703245103,0.9996392726898193,9.113756277656648e-06,4.980768426321447e-05,0.00013545034744311124
ZCH0384,1,NORMAL,NORMAL,0.41574230790138245,0.498239129781723,0.016772331669926643,0.017443779855966568,0.051802463829517365
ZCH0385,2,NORMAL,NORMAL,0.0001404423383064568,0.9996516704559326,8.428718501818366e-06,5.9467820392455906e-05,0.0001398493186570704
ZCH0386,0,NORMAL,NORMAL,4.5475469960365444e-05,0.999245285987854,8.589630851929542e-06,8.729574801691342e-06,0.000691906432621181
ZCH0387,4,NORMAL,NORMAL,0.0033809684682637453,0.9950361847877502,2.2953085135668516e-05,0.0004931518342345953,0.0010667562019079924
ZCH0388,0,NORMAL,NORMAL,2.9477920179488137e-05,0.9998459815979004,7.083544460328994e-06,1.5071134839672595e-05,0.00010247930913465098
ZCH0389,4,NORMAL,NORMAL,0.00013593265612144023,0.9996832609176636,3.4561683150968747e-06,9.433912055101246e-06,0.00016796747513581067
ZCH0390,3,NORMAL,NORMAL,0.00012216606410220265,0.9997614026069641,6.380365448421799e-06,3.1333307560998946e-05,7.864244253141806e-05
ZCH0391,3,NORMAL,NORMAL,0.005283256061375141,0.9941393136978149,0.00010627927258610725,2.933014002337586e-05,0.00044194754445925355
ZCH0392,0,NORMAL,NORMAL,0.0036656095180660486,0.9939077496528625,1.5260800864780322e-05,0.0006384997395798564,0.0017728281673043966
ZCH0393,2,NORMAL,NORMAL,8.263790368800983e-05,0.9996347427368164,1.5210420315270312e-05,2.1769063096144237e-05,0.0002456053043715656
ZCH0394,4,NORMAL,NORMAL,0.0009289601584896445,0.9985016584396362,2.5708748580655083e-05,6.281023524934426e-05,0.00048092950601130724
ZCH0395,0,NORMAL,NORMAL,0.010188601911067963,0.9839658737182617,0.0015668662963435054,9.247593698091805e-05,0.004186239559203386
ZCH0396,1,NORMAL,NORMAL,0.0008747737156227231,0.9984796643257141,7.035123417153955e-05,0.00014822494995314628,0.0004270985955372453
ZCH0397,0,NORMAL,NORMAL,5.8274461480323225e-05,0.9998955726623535,1.0281743243467645e-06,6.533563464472536e-06,3.846248364425264e-05
ZCH0398,1,NORMAL,NORMAL,0.002401028061285615,0.9958189129829407,0.0002535236126277596,0.0004171650798525661,0.0011094106594100595
ZCH0399,1,NORMAL,NORMAL,0.0002993508242070675,0.9991669654846191,6.144239159766585e-05,7.449008262483403e-05,0.00039788137655705214
ZCH0400,3,NORMAL,NORMAL,0.0011316523887217045,0.9988118410110474,1.3671444776264252e-06,2.9002339942962863e-05,2.6226054615108296e-05
ZCH0401,4,NORMAL,NORMAL,0.0006528463563881814,0.9986796975135803,0.00010392886906629428,6.100370592321269e-05,0.0005025382270105183
ZCH0402,3,NORMAL,NORMAL,0.00010857197048608214,0.9998571872711182,2.493929287084029e-06,1.8912348878075136e-06,2.975203824462369e-05
ZCH0403,2,NORMAL,NORMAL,0.4200648367404938,0.5704401135444641,0.0019064899533987045,0.003965891432017088,0.0036227593664079905
ZCH0404,0,NORMAL,NORMAL,0.0001504504616605118,0.999651312828064,2.3083526684786193e-05,1.827708911150694e-05,0.0001568532024975866
ZCH0405,1,NORMAL,NORMAL,0.0013307601911947131,0.9979788661003113,0.00012700969818979502,0.00018333068874198943,0.00037999229971319437
ZCH0406,1,NORMAL,NORMAL,0.07827728241682053,0.8724406957626343,0.008163413032889366,0.008547917939722538,0.03257074952125549
ZCH0407,3,NORMAL,NORMAL,0.0003663889365270734,0.9995381832122803,8.638849976705387e-06,5.267077540338505e-06,8.150013309204951e-05
ZCH0408,0,NORMAL,NORMAL,0.0001255023234989494,0.99972003698349,1.2045848961861338e-05,2.7010708436137065e-05,0.00011540334526216611
ZCH0409,2,NORMAL,NORMAL,0.0018416882958263159,0.9936239719390869,0.0002879841485992074,0.0004988380242139101,0.003747632959857583
ZCH0410,1,NORMAL,NORMAL,0.04061683267354965,0.9555939435958862,0.0004936012555845082,0.0015699936775490642,0.0017256479477509856
ZCH0411,0,NORMAL,NORMAL,0.04291894659399986,0.8321051001548767,0.0018306243000552058,0.08285065740346909,0.040294621139764786
ZCH0412,2,NORMAL,NORMAL,0.003460040083155036,0.9637565016746521,0.0006560934707522392,0.0005331988213583827,0.03159422054886818
ZCH0413,3,NORMAL,NORMAL,0.0002272353885928169,0.9996036887168884,4.854460712522268e-06,4.9280559323960915e-05,0.00011481602996354923
ZCH0414,0,NORMAL,NORMAL,0.0006190537824295461,0.998956561088562,2.2378550056600943e-05,9.320448589278385e-05,0.00030880645499564707
ZCH0415,1,NORMAL,NORMAL,0.19512398540973663,0.7931501269340515,0.0020299595780670643,0.0002875568752642721,0.0094084981828928
ZCH0416,2,NORMAL,NORMAL,5.4236366850091144e-05,0.9998377561569214,6.209598723216914e-06,2.2400128727895208e-05,7.935221219668165e-05
ZCH0417,0,NORMAL,NORMAL,0.0005695192376151681,0.9989670515060425,1.0789418411150109e-05,7.349185761995614e-05,0.00037921732291579247
ZCH0418,4,NORMAL,NORMAL,0.004379812628030777,0.9919828772544861,0.0001951943413587287,0.000783778727054596,0.0026583406142890453
ZCH0419,4,NORMAL,NORMAL,0.00017482860130257905,0.9993996620178223,1.66112877195701e-05,5.475432408275083e-05,0.00035422685323283076
ZCH0420,2,NORMAL,NORMAL,0.0015924657927826047,0.994607150554657,0.000140084681333974,0.0003381613933015615,0.0033221947960555553
ZCH0421,1,NORMAL,NORMAL,0.04901419207453728,0.9297506213188171,0.001626520068384707,0.011855014599859715,0.007753731682896614
ZCH0422,0,NORMAL,NORMAL,0.03327925130724907,0.8681262731552124,0.09522143006324768,0.0010163502302020788,0.0023566721938550472
ZCH0423,1,NORMAL,NORMAL,0.043029412627220154,0.906632661819458,0.0037340864073485136,0.0003984666254837066,0.04620528966188431
ZCH0424,2,NORMAL,NORMAL,0.0001479265483794734,0.9998258948326111,9.018065725285851e-07,2.5250146791222505e-06,2.2741414795746095e-05
ZCH0425,0,NORMAL,NORMAL,0.0005199002916924655,0.9987398982048035,5.567057814914733e-05,0.00027064597816206515,0.00041383664938621223
ZCH0426,1,NORMAL,NORMAL,0.07129441946744919,0.5792970657348633,0.0037455339916050434,0.00103231321554631,0.3446305990219116
ZCH0427,3,NORMAL,NORMAL,0.0001319101284025237,0.999727189540863,1.6727268302929588e-05,1.6048883480834775e-05,0.00010807905346155167
ZCH0428,3,NORMAL,NORMAL,1.1286974768154323e-05,0.9999616146087646,8.910472502066114e-07,1.1730961659850436e-06,2.5019977329066023e-05
ZCH0429,1,NORMAL,NORMAL,0.0004142701509408653,0.9990758895874023,9.44179919315502e-05,5.106742537464015e-05,0.0003643197997007519
ZCH0430,4,NORMAL,NORMAL,0.0011305196676403284,0.9980570673942566,0.00015939811419229954,0.0001516714401077479,0.0005012086476199329
ZCH0431,0,NORMAL,NORMAL,0.041843194514513016,0.9569251537322998,0.000304200395476073,0.0005018353695049882,0.0004256471584085375
ZCH0432,1,NORMAL,NORMAL,0.001945568947121501,0.9977695941925049,7.060887583065778e-05,6.536773071275093e-06,0.00020771911658812314
ZCH0433,4,NORMAL,NORMAL,0.0001338545698672533,0.9992685914039612,5.648047954309732e-05,0.00011500698019517586,0.00042609518277458847
ZCH0434,0,NORMAL,NORMAL,0.0024301339872181416,0.9974163770675659,1.0697199286369141e-05,1.4037782420928124e-05,0.00012873325613327324
ZCH0435,2,NORMAL,NORMAL,0.00013858379679732025,0.9995439648628235,6.815296364948153e-05,4.999955308448989e-06,0.00024428567849099636
ZCH0436,2,NORMAL,NORMAL,0.006902165245264769,0.9875441789627075,0.000757646921556443,8.601362787885591e-05,0.004709950182586908
ZCH0437,3,NORMAL,NORMAL,2.776959809125401e-05,0.9998596906661987,1.0086057045555208e-05,1.9135139154968783e-05,8.324554801220074e-05
ZCH0438,4,NORMAL,NORMAL,0.07728585600852966,0.9189683794975281,0.00017868398572318256,0.0019930873531848192,0.0015740026719868183
ZCH0439,2,NORMAL,NORMAL,0.0988275334239006,0.885735034942627,0.0015001901192590594,0.009113894775509834,0.004823331255465746
ZCH0440,1,NORMAL,NORMAL,0.0001837379822973162,0.9996809959411621,2.638812475197483e-05,3.7741359847132117e-05,7.11620450601913e-05
ZCH0441,2,NORMAL,NORMAL,0.00016165897250175476,0.9997071623802185,9.961300747818314e-06,4.0918563172454014e-05,8.033875201363117e-05
ZCH0442,3,NORMAL,NORMAL,5.7958335673902184e-05,0.9999330043792725,3.2434147669846425e-06,1.3496910469257273e-06,4.54166092822561e-06
ZCH0443,0,NORMAL,ASD,0.574514627456665,0.15711067616939545,0.26004698872566223,0.0034755400847643614,0.004852164536714554
ZCH0444,0,NORMAL,NORMAL,0.023322293534874916,0.7166332006454468,0.22042536735534668,0.0005518860998563468,0.03906729817390442
ZCH0445,0,NORMAL,NORMAL,4.850340337725356e-05,0.9998239874839783,7.266083230206277e-06,3.0163182600517757e-05,9.012125519802794e-05
ZCH0446,0,NORMAL,NORMAL,0.0003605869133025408,0.9992876648902893,1.4069644748815335e-05,0.00011148038174724206,0.00022617219656240195
ZCH0447,0,NORMAL,NORMAL,0.005358301568776369,0.9944021105766296,3.248344364692457e-05,3.227180786780082e-05,0.00017480680253356695
ZCH0448,2,NORMAL,NORMAL,0.0009503937908448279,0.9988250136375427,1.638964931771625e-05,0.00011583047307794914,9.231341391569003e-05
ZCH0449,0,NORMAL,NORMAL,0.0009384459117427468,0.9989357590675354,1.2441769285942428e-05,5.2685962145915255e-05,6.078841397538781e-05
ZCH0450,4,NORMAL,NORMAL,0.0006664565880782902,0.9947448968887329,3.224754618713632e-05,5.2546198276104406e-05,0.00450384896248579
ZCH0451,0,NORMAL,NORMAL,0.0010788521030917764,0.9987309575080872,7.973483661771752e-06,2.847897667379584e-05,0.0001537616190034896
ZCH0452,2,NORMAL,NORMAL,0.0004066933470312506,0.9981117248535156,6.889830547152087e-05,8.346687536686659e-05,0.0013293313095346093
ZCH0453,0,NORMAL,NORMAL,9.338412928627804e-05,0.999671459197998,1.9394969058339484e-05,4.60994997411035e-05,0.00016962709196377546
ZCH0454,0,NORMAL,NORMAL,0.0014892484759911895,0.9969078898429871,5.215236888034269e-05,0.00034665147541090846,0.001204069470986724
ZCH0455,3,NORMAL,NORMAL,0.000123477861052379,0.9952051639556885,0.0001162649568868801,1.663157672737725e-05,0.004538457375019789
ZCH0456,1,NORMAL,NORMAL,0.0008118028636090457,0.9990485310554504,1.6990927178994752e-05,2.060044153040508e-06,0.00012070320372004062
ZCH0457,4,NORMAL,NORMAL,0.0004001226625405252,0.9982682466506958,7.804226333973929e-05,7.414898573188111e-05,0.001179470680654049
ZCH0458,4,NORMAL,NORMAL,0.01345738209784031,0.9822579026222229,0.0005404072580859065,0.0011088695609942079,0.0026354265864938498
ZCH0459,3,NORMAL,NORMAL,9.827923349803314e-06,0.9999551773071289,2.2574492959392956e-06,3.961840775446035e-06,2.8856409699073993e-05
ZCH0460,1,NORMAL,NORMAL,0.00021806474251206964,0.9994982481002808,3.9553106034873053e-05,2.858060906874016e-05,0.0002154874091502279
ZCH0461,4,NORMAL,NORMAL,0.00014110126357991248,0.9991600513458252,7.384437049040571e-05,6.596214370802045e-05,0.0005589801585301757
ZCH0462,1,NORMAL,NORMAL,0.003693309612572193,0.9817757606506348,0.0012581609189510345,0.0006496766582131386,0.012623175978660583
ZCH0463,0,NORMAL,NORMAL,0.0007282468141056597,0.9990988969802856,2.6881916710408404e-05,4.298930798540823e-05,0.00010305039177183062
ZCH0464,2,NORMAL,NORMAL,0.0006525617791339755,0.9988558292388916,1.0845199540199246e-05,1.5118251212697942e-05,0.0004657453391700983
ZCH0465,0,NORMAL,NORMAL,8.187186904251575e-05,0.9996275901794434,1.6503930964972824e-05,7.959638605825603e-05,0.00019452364358585328
ZCH0466,4,NORMAL,NORMAL,7.163798727560788e-05,0.9997828602790833,1.321059880865505e-05,1.871023232524749e-05,0.0001135757120209746
ZCH0467,1,NORMAL,NORMAL,0.0001939325884450227,0.9993864297866821,5.4936244850978255e-05,3.056813875446096e-05,0.00033410522155463696
ZCH0468,2,NORMAL,NORMAL,0.00014849656145088375,0.9997475743293762,6.938748811080586e-06,5.184475230635144e-05,4.521138907875866e-05
ZCH0469,4,NORMAL,PFO,0.2895164489746094,0.11420685797929764,0.0010054644662886858,0.5901896357536316,0.005081634968519211
ZCH0470,0,NORMAL,NORMAL,0.00018732018361333758,0.9995719790458679,1.1772437574109063e-05,4.740606891573407e-05,0.0001815223367884755
ZCH0471,2,NORMAL,NORMAL,4.111898670089431e-05,0.999870777130127,5.975647127343109e-06,6.161748842714587e-06,7.589296728838235e-05
ZCH0472,2,NORMAL,NORMAL,0.07356172055006027,0.9223757386207581,0.0004700239223893732,0.0025919312611222267,0.0010006355587393045
ZCH0473,2,NORMAL,NORMAL,0.001240832032635808,0.9980864524841309,5.202554530114867e-05,8.14394443295896e-05,0.0005392846651375294
ZCH0474,1,NORMAL,NORMAL,5.5156779126264155e-05,0.999806821346283,1.8881219148170203e-05,5.259642421151511e-06,0.00011392262968001887
ZCH0475,0,NORMAL,NORMAL,6.209724233485758e-05,0.999495267868042,3.263814505771734e-05,5.0806571380235255e-05,0.0003592667053453624
ZCH0476,3,NORMAL,NORMAL,1.514401265012566e-05,0.9999417066574097,2.625618435558863e-06,4.7128000915108714e-06,3.57842436642386e-05
ZCH0477,2,NORMAL,NORMAL,0.008125795982778072,0.9871699810028076,2.659410711203236e-05,0.004609839990735054,6.773682980565354e-05
ZCH0478,2,NORMAL,NORMAL,3.2264128094539046e-05,0.9998636245727539,4.30159161624033e-06,1.758431244525127e-05,8.211289969040081e-05
ZCH0479,1,NORMAL,NORMAL,8.302854257635772e-05,0.9997549653053284,2.5290612029493786e-05,6.905245300004026e-06,0.000129843145259656
ZCH0480,1,NORMAL,NORMAL,0.00021239768830128014,0.9994214773178101,2.9966917281853966e-05,1.0799351002788171e-05,0.00032522936817258596
ZCH0481,1,NORMAL,NORMAL,0.00021311797900125384,0.9993841648101807,3.218530036974698e-05,1.0732112059486099e-05,0.0003597403410822153
ZCH0482,1,NORMAL,NORMAL,0.00018093323160428554,0.9995618462562561,2.625338311190717e-05,1.068003439286258e-05,0.0002202655450673774
ZCH0483,3,NORMAL,NORMAL,0.00023503106785938144,0.9995996356010437,2.288303403474856e-05,3.629868297139183e-05,0.0001061541261151433
ZCH0484,0,NORMAL,NORMAL,0.0002090987254632637,0.9996222257614136,1.54557255882537e-05,2.7331538149155676e-05,0.00012588355457410216
ZCH0485,2,NORMAL,NORMAL,0.0006216754554770887,0.9974316954612732,6.955416029086336e-05,0.0002313378790859133,0.0016457205638289452
ZCH0486,2,NORMAL,NORMAL,0.0035573546774685383,0.991817831993103,0.00014544808072969317,0.001841157441958785,0.002638240810483694
ZCH0487,2,NORMAL,NORMAL,4.206092489766888e-05,0.9997909665107727,7.790407835273072e-06,1.5164822798396926e-05,0.00014411300071515143
ZCH0488,1,NORMAL,NORMAL,0.0004926751716993749,0.9990174770355225,9.152026905212551e-05,7.342543540289626e-05,0.00032493515755049884
ZCH0489,4,NORMAL,NORMAL,0.003943924326449633,0.9793816804885864,0.001249303575605154,0.0005017392686568201,0.01492319442331791
ZCH0490,3,NORMAL,NORMAL,6.13669617450796e-05,0.9998111128807068,6.439041499106679e-06,1.2024793250020593e-05,0.00010911085701081902
ZCH0491,4,NORMAL,NORMAL,7.943309901747853e-05,0.9996008276939392,1.177821286546532e-05,2.132974441337865e-05,0.00028655200731009245
ZCH0492,2,NORMAL,NORMAL,0.0009042942547239363,0.9981890320777893,8.011820318643004e-05,9.741809481056407e-05,0.0007291135261766613
ZCH0493,3,NORMAL,NORMAL,0.0005069843027740717,0.9992095232009888,2.324849219803582e-06,1.046488068823237e-05,0.0002706199011299759
ZCH0494,1,NORMAL,NORMAL,0.009053900837898254,0.9830111265182495,0.0007259984267875552,0.0003467294154688716,0.006862333044409752
ZCH0495,1,NORMAL,NORMAL,0.003671754850074649,0.9913908243179321,0.000467386533273384,0.00017690211825538427,0.0042931209318339825
ZCH0496,0,NORMAL,NORMAL,0.00026929250452667475,0.9995755553245544,1.538936521683354e-05,6.599529297091067e-05,7.373500557150692e-05
ZCH0497,0,NORMAL,NORMAL,0.0001325659832218662,0.9995266199111938,4.5932523789815605e-05,3.323137934785336e-05,0.0002616444253362715
ZCH0498,3,NORMAL,NORMAL,1.757174322847277e-05,0.9999659061431885,1.0539716868152027e-06,2.197989942942513e-06,1.3308447705639992e-05
ZCH0499,3,NORMAL,NORMAL,0.002954829251393676,0.985721230506897,0.001094524166546762,0.0002791911247186363,0.009950172156095505
ZCH0500,3,NORMAL,NORMAL,0.0008641619933769107,0.9990370273590088,2.0852585294051096e-05,2.8550884962896816e-05,4.9431393563281745e-05
ZCH0501,0,NORMAL,NORMAL,0.00022369182261172682,0.999298095703125,2.4161434339475818e-05,0.00020940561080351472,0.00024454251979477704
ZCH0502,2,NORMAL,NORMAL,2.2265838197199628e-05,0.9998490810394287,5.138343567523407e-06,1.2290970516914967e-05,0.00011119200644316152
ZCH0503,0,NORMAL,NORMAL,8.499450632371008e-05,0.9996013045310974,1.0482491234142799e-05,0.00010683883738238364,0.00019642575352918357
ZCH0504,3,NORMAL,NORMAL,0.0005834288895130157,0.999316930770874,1.3204644346842542e-05,1.209900619869586e-05,7.426022784784436e-05
ZCH0505,0,NORMAL,NORMAL,0.3815437853336334,0.5853335857391357,0.00010017491149483249,4.5116725232219324e-05,0.03297727182507515
ZCH0506,3,NORMAL,NORMAL,3.577433017198928e-05,0.9998601675033569,1.078714649338508e-05,1.2625735507754143e-05,8.057964441832155e-05
ZCH0507,1,NORMAL,NORMAL,0.001292999368160963,0.9969344139099121,0.0001551744935568422,0.00012470464571379125,0.0014927105512470007
ZCH0508,3,NORMAL,NORMAL,0.0028480191249400377,0.9966750144958496,4.60013143310789e-05,0.0003034486435353756,0.00012753040937241167
ZCH0509,1,NORMAL,NORMAL,0.02040112018585205,0.9714950323104858,0.001455666613765061,0.0009683698881417513,0.005679895170032978
ZCH0510,1,NORMAL,NORMAL,0.015413991175591946,0.9681459665298462,0.001096621504984796,9.248108108295128e-05,0.015250985510647297
ZCH0511,3,NORMAL,NORMAL,8.027738658711314e-05,0.9861056804656982,1.148291448771488e-05,7.404979896818986e-06,0.013795040547847748
ZCH0512,3,NORMAL,NORMAL,0.0017735593719407916,0.9977438449859619,3.2168545658350922e-06,3.739769454114139e-05,0.00044214504305273294
ZCH0513,2,NORMAL,NORMAL,4.203442586003803e-05,0.9998549222946167,6.8945646489737555e-06,7.342096523643704e-06,8.867417636793107e-05
ZCH0514,2,NORMAL,NORMAL,3.9506408938905224e-05,0.9997568726539612,7.035318049020134e-06,2.1753250621259212e-05,0.00017483938427176327
ZCH0515,3,NORMAL,NORMAL,6.253462197491899e-05,0.9998457431793213,1.3318883247848134e-05,2.275811493746005e-05,5.551610956899822e-05
ZCH0516,2,NORMAL,NORMAL,0.10433191806077957,0.8071693181991577,0.00561823695898056,0.05800577998161316,0.024874871596693993
ZCH0517,1,NORMAL,NORMAL,0.00015421408170368522,0.9993608593940735,5.311053246259689e-05,1.5019825696072076e-05,0.0004168538434896618
ZCH0518,1,NORMAL,NORMAL,0.037202272564172745,0.9550340175628662,0.0013377702562138438,0.0037305946461856365,0.0026953616179525852
ZCH0519,3,NORMAL,NORMAL,3.748272865777835e-05,0.9998559951782227,2.5127865228569135e-06,3.1841509553487413e-06,0.00010089094575960189
ZCH0520,3,NORMAL,NORMAL,0.0028653081972151995,0.9969390630722046,4.0486400394001976e-05,7.521092629758641e-05,7.981514499988407e-05
ZCH0521,3,NORMAL,NORMAL,3.025465957762208e-05,0.999946117401123,3.4030715596600203e-06,1.5330010683101136e-06,1.8622544303070754e-05
ZCH0522,3,NORMAL,NORMAL,0.000939725199714303,0.9979973435401917,5.633787441183813e-05,0.0005797133781015873,0.0004266989417374134
ZCH0523,0,NORMAL,NORMAL,0.015569103881716728,0.981359601020813,0.0013557490892708302,0.0006142892525531352,0.001101227244362235
ZCH0524,3,NORMAL,NORMAL,0.04083887115120888,0.9555215835571289,0.00014607736375182867,0.00023867416894063354,0.003254855750128627
ZCH0525,0,NORMAL,NORMAL,0.02210082672536373,0.9740601778030396,6.945159111637622e-05,0.0010363259352743626,0.002733300207182765
ZCH0526,1,NORMAL,NORMAL,0.008952174335718155,0.9855308532714844,0.0009709068690426648,0.0015568790258839726,0.0029891834128648043
ZCH0527,1,NORMAL,ASD,0.7697573900222778,0.09821943193674088,0.02166389301419258,0.0876663401722908,0.022692948579788208
ZCH0528,3,NORMAL,NORMAL,0.01625250279903412,0.9829047918319702,4.9753263738239184e-05,6.294196646194905e-05,0.0007299425196833909
ZCH0529,2,NORMAL,ASD,0.5675137639045715,0.3291368782520294,0.04986022785305977,0.016948845237493515,0.03654033690690994
ZCH0530,2,NORMAL,NORMAL,0.009729044511914253,0.9706274271011353,0.00017373841546941549,0.01728709787130356,0.0021825884468853474
ZCH0531,4,NORMAL,NORMAL,0.0014812415465712547,0.9952481389045715,0.00019393683760426939,0.00018517622083891183,0.0028914366848766804
ZCH0532,0,NORMAL,NORMAL,0.0006684118998236954,0.9986953139305115,2.091048372676596e-05,4.4924308895133436e-05,0.0005704472423531115
ZCH0533,4,NORMAL,NORMAL,0.0036933182273060083,0.9813512563705444,0.00016859012248460203,0.010573015548288822,0.0042138006538152695
ZCH0534,3,ASD,NORMAL,0.024698102846741676,0.9749964475631714,6.631154246861115e-05,1.3774180160908145e-06,0.00023772769782226533
ZCH0535,2,ASD,ASD,0.4848819375038147,0.018608462065458298,0.005154428072273731,0.38322266936302185,0.10813247412443161
ZCH0536,4,ASD,ASD,0.9753706455230713,0.005761341657489538,0.0005393658066168427,0.0008846771088428795,0.017443841323256493
ZCH0537,2,ASD,PFO,0.05885005742311478,0.0013813413679599762,0.00010117464262293652,0.9393677115440369,0.0002997302508447319
ZCH0538,4,ASD,VSD,0.22708860039710999,0.01849476248025894,0.15106023848056793,0.017623543739318848,0.5857329368591309
ZCH0539,1,ASD,PFO,0.4671032428741455,0.05462540686130524,0.004212663043290377,0.46960482001304626,0.004453996662050486
ZCH0540,2,ASD,ASD,0.9995394945144653,0.00016792264068499207,0.00022843426268082112,2.532486178097315e-05,3.887296770699322e-05
ZCH0541,2,ASD,ASD,0.5592620968818665,0.4285266697406769,0.0016017641173675656,0.0027198507450520992,0.007889642380177975
ZCH0542,4,ASD,VSD,0.03518826514482498,0.009466909803450108,0.0028482929337769747,0.00025763316079974174,0.952238917350769
ZCH0543,1,ASD,VSD,0.1348123997449875,0.04849385842680931,0.011290391907095909,0.0003922847972717136,0.8050110340118408
ZCH0544,2,ASD,PDA,0.09929003566503525,0.034088920801877975,0.7801867127418518,0.00464070588350296,0.08179359138011932
ZCH0545,1,ASD,VSD,0.013965591788291931,0.0019985001999884844,0.014414426870644093,0.0014298174064606428,0.9681916236877441
ZCH0546,3,ASD,PFO,0.05445128679275513,0.00868325773626566,0.00016925450472626835,0.9313684105873108,0.005327796097844839
ZCH0547,0,ASD,NORMAL,0.11189693212509155,0.5033251047134399,0.0011103737633675337,0.34971776604652405,0.033949822187423706
ZCH0548,4,ASD,PDA,0.07944551110267639,0.08064568042755127,0.445966899394989,0.007812312338501215,0.38612955808639526
ZCH0549,4,ASD,NORMAL,0.00012758605589624494,0.9985076785087585,0.0008190776570700109,5.174184843781404e-05,0.0004938732599839568
ZCH0550,4,ASD,ASD,0.6713265776634216,0.042964302003383636,0.0017543071880936623,0.0010367928771302104,0.28291812539100647
ZCH0551,0,ASD,VSD,0.43390247225761414,0.008507834747433662,0.000754196778871119,0.0027324785478413105,0.5541029572486877
ZCH0552,2,ASD,VSD,0.2095063477754593,0.02186737023293972,0.03912767022848129,0.021571217104792595,0.707927405834198
ZCH0553,1,ASD,VSD,0.34538203477859497,0.15806016325950623,0.03346528485417366,0.08451949805021286,0.3785730004310608
ZCH0554,0,ASD,ASD,0.8686662912368774,0.03925018012523651,0.00042250388651154935,0.05137654021382332,0.040284547954797745
ZCH0555,2,ASD,ASD,0.8373289108276367,0.06493241339921951,0.002283786190673709,0.02909027598798275,0.06636463105678558
ZCH0556,2,ASD,VSD,0.00033356164931319654,0.0007314805989153683,0.0002414137270534411,9.717673674458638e-05,0.9985963702201843
ZCH0557,0,ASD,PFO,0.19585934281349182,0.3113720417022705,0.0003772469935938716,0.4777841866016388,0.014607211574912071
ZCH0558,1,ASD,VSD,0.12388283759355545,0.010123983956873417,0.01328091137111187,0.001440949272364378,0.8512713313102722
ZCH0559,4,ASD,ASD,0.476872980594635,0.051585603505373,0.25299909710884094,0.0009435302345082164,0.2175988107919693
ZCH0560,2,ASD,NORMAL,0.003311250824481249,0.9942264556884766,0.000270672986516729,0.0010723758023232222,0.0011192196980118752
ZCH0561,2,ASD,NORMAL,0.4353947639465332,0.5543395280838013,0.0005589283537119627,0.0005407775170169771,0.009166100062429905
ZCH0562,3,ASD,PFO,0.25846487283706665,0.00019918079487979412,8.855970008880831e-06,0.7409175634384155,0.0004095445619896054
ZCH0563,2,ASD,VSD,0.025918273255228996,0.02043130248785019,0.003021813230589032,0.0036429071333259344,0.9469857215881348
ZCH0564,4,ASD,PFO,0.2587152421474457,0.09900407493114471,0.004377007018774748,0.593323290348053,0.044580355286598206
ZCH0565,4,ASD,ASD,0.8274900317192078,0.021046780049800873,0.0014885496348142624,0.1402529925107956,0.009721673093736172
ZCH0566,3,ASD,VSD,0.24491937458515167,0.0031284024007618427,0.043308280408382416,0.00487685389816761,0.7037670612335205
ZCH0567,4,ASD,VSD,0.003439937252551317,0.0006196624599397182,6.095861317589879e-05,0.0004947822890244424,0.9953846335411072
ZCH0568,1,ASD,PFO,0.20100153982639313,0.006240356247872114,0.0038991037290543318,0.7856174111366272,0.003241627011448145
ZCH0569,2,ASD,PFO,0.1399035006761551,0.005402866750955582,0.0019256682135164738,0.8459780216217041,0.006789969280362129
ZCH0570,0,ASD,VSD,0.12448223680257797,0.23120525479316711,0.048519574105739594,0.11157255619764328,0.48422038555145264
ZCH0571,1,ASD,PFO,0.30295902490615845,0.008249037899076939,0.014745363965630531,0.6497352123260498,0.024311326444149017
ZCH0572,1,ASD,ASD,0.49582168459892273,0.01113411970436573,0.009161209687590599,0.4577259123325348,0.026156973093748093
ZCH0573,0,ASD,ASD,0.506685733795166,0.004626626148819923,0.0005399724468588829,0.0024016553070396185,0.48574602603912354
ZCH0574,4,ASD,NORMAL,0.3864622712135315,0.39218756556510925,0.002602343214675784,0.001479285303503275,0.21726857125759125
ZCH0575,1,ASD,VSD,0.011044150218367577,0.007001932244747877,0.011731063015758991,0.00203800480812788,0.9681848287582397
ZCH0576,0,ASD,PDA,0.0007977868663147092,0.009509831666946411,0.965090274810791,0.0009584554936736822,0.02364368550479412
ZCH0577,1,ASD,VSD,0.244401216506958,0.019753502681851387,0.052132632583379745,0.057591043412685394,0.6261215806007385
ZCH0578,0,ASD,PFO,0.17979715764522552,0.009059862233698368,0.0002402323007117957,0.8074132800102234,0.0034894670825451612
ZCH0579,3,ASD,PFO,0.048553917557001114,0.005289347842335701,5.218907608650625e-05,0.9417167901992798,0.004387725610285997
ZCH0580,1,ASD,ASD,0.8907867074012756,0.004378156270831823,0.007406053598970175,0.07254231721162796,0.024886813014745712
ZCH0581,4,ASD,PFO,0.008580121211707592,0.0006419598357751966,0.00016829775995574892,0.9739678502082825,0.01664169505238533
ZCH0582,3,ASD,ASD,0.994905948638916,0.0016560618532821536,0.00042388003203086555,0.00010675592784537002,0.002907389774918556
ZCH0583,0,ASD,NORMAL,0.14431126415729523,0.7463420629501343,0.0002109657070832327,0.0003762231790460646,0.10875944793224335
ZCH0584,3,ASD,ASD,0.8190627694129944,0.18074262142181396,7.127944263629615e-05,5.689861427526921e-05,6.641921936534345e-05
ZCH0585,4,ASD,VSD,0.0767754539847374,0.07064303010702133,0.03935505449771881,0.0034072473645210266,0.809819221496582
ZCH0586,2,ASD,PFO,0.168862983584404,0.003273051232099533,0.0004528967838268727,0.8266660571098328,0.0007449870463460684
ZCH0587,3,ASD,NORMAL,0.06320294737815857,0.9327093362808228,0.00036826165160164237,2.3096301447367296e-05,0.0036963550373911858
ZCH0588,4,ASD,NORMAL,0.013692064210772514,0.8897594809532166,0.00895363837480545,0.002682884456589818,0.0849120020866394
ZCH0589,2,ASD,VSD,0.30101627111434937,0.015167241916060448,0.0049780611880123615,0.12998320162296295,0.548855185508728
ZCH0590,1,ASD,ASD,0.85625159740448,0.021826574578881264,0.029480677098035812,0.0770563930273056,0.015384670346975327
ZCH0591,0,ASD,NORMAL,0.010831637308001518,0.9889722466468811,6.840378773631528e-06,3.379433837835677e-05,0.00015542966139037162
ZCH0592,0,ASD,VSD,0.20699487626552582,0.03238242119550705,0.006613574922084808,0.00898707751184702,0.7450219988822937
ZCH0593,0,ASD,ASD,0.7911418080329895,0.07374167442321777,2.8571610528160818e-05,0.13431553542613983,0.0007723666494712234
ZCH0594,3,ASD,NORMAL,0.0025286595337092876,0.997370719909668,8.920371328713372e-06,1.6832362234708853e-05,7.473195728380233e-05
ZCH0595,3,ASD,NORMAL,0.1747252494096756,0.5948408842086792,0.000615808239672333,0.19744038581848145,0.032377660274505615
ZCH0596,0,ASD,NORMAL,0.007299847900867462,0.9917090535163879,2.485373079252895e-05,0.0005968440091237426,0.0003692879108712077
ZCH0597,4,ASD,NORMAL,0.29127126932144165,0.3736262619495392,0.010924611240625381,0.29645389318466187,0.027723990380764008
ZCH0598,4,ASD,ASD,0.7875071167945862,0.1001461073756218,0.00019553354650270194,0.10886560380458832,0.003285555401816964
ZCH0599,2,ASD,PFO,0.3883820176124573,0.0042701903730630875,0.005121468100696802,0.5965716242790222,0.005654736887663603
ZCH0600,1,ASD,ASD,0.8950996398925781,0.01644877716898918,0.006284480914473534,0.07135774195194244,0.010809315368533134
ZCH0601,3,ASD,ASD,0.9987460374832153,0.0003344743454363197,0.0003387111646588892,0.00024403455608990043,0.0003367018362041563
ZCH0602,1,ASD,VSD,0.22658134996891022,0.00415690615773201,0.01845906302332878,0.003887057537212968,0.7469156384468079
ZCH0603,0,ASD,NORMAL,0.00029340197215788066,0.9995065927505493,2.0206949557177722e-05,2.307723661942873e-05,0.0001566290156915784
ZCH0604,3,ASD,NORMAL,0.21099206805229187,0.7870399355888367,0.0003621016803663224,0.0010723051382228732,0.0005335265304893255
ZCH0605,3,ASD,NORMAL,0.0036370628513395786,0.9956907629966736,0.00010084482346428558,0.00032945352722890675,0.0002417305950075388
ZCH0606,2,ASD,PFO,0.06653919816017151,0.09926089644432068,0.00024972748360596597,0.8322547674179077,0.0016954574966803193
ZCH0607,1,ASD,ASD,0.5737489461898804,0.010886921547353268,0.019833451136946678,0.29502907395362854,0.1005016341805458
ZCH0608,3,ASD,PFO,0.42743638157844543,0.06432497501373291,0.0003488411311991513,0.5062556266784668,0.0016341498121619225
ZCH0609,0,ASD,PFO,0.12114342302083969,0.024737976491451263,0.0005464713321998715,0.8448809385299683,0.00869122426956892
ZCH0610,3,ASD,NORMAL,0.00045821626554243267,0.9989450573921204,4.3953823478659615e-06,1.5726928950243746e-06,0.000590766139794141
ZCH0611,4,ASD,ASD,0.8705452680587769,0.09803957492113113,7.925458339741454e-05,0.0007923913653939962,0.030543433502316475
ZCH0612,3,ASD,ASD,0.9994369149208069,9.669568680692464e-05,3.181289912390639e-06,2.2559102944796905e-05,0.0004405825457070023
ZCH0613,2,ASD,PDA,0.30611178278923035,0.09197032451629639,0.3982076048851013,0.12583449482917786,0.07787580043077469
ZCH0614,1,ASD,ASD,0.4147809147834778,0.2326718121767044,0.02618674747645855,0.13025057315826416,0.19610998034477234
ZCH0615,3,ASD,ASD,0.9700589179992676,0.02231632173061371,0.001635267399251461,0.00042968153138644993,0.005559752229601145
ZCH0616,3,ASD,PFO,0.0012830756604671478,0.00017115434457082301,2.466242221998982e-06,0.9985230565071106,2.0221903469064273e-05
ZCH0617,2,ASD,ASD,0.9637084603309631,0.029293568804860115,0.005005788989365101,0.00047235089004971087,0.0015198327600955963
ZCH0618,2,ASD,ASD,0.6093860864639282,0.09352640807628632,0.23454077541828156,0.021427148953080177,0.041119612753391266
ZCH0619,1,ASD,ASD,0.9751767516136169,0.02163529582321644,0.0010198932141065598,0.0010681572603061795,0.0010999494697898626
ZCH0620,2,ASD,NORMAL,0.2618938088417053,0.7039663791656494,0.03224225714802742,0.0005973316729068756,0.0013002355117350817
ZCH0621,3,ASD,NORMAL,0.07907544821500778,0.9166581034660339,5.429869270301424e-05,0.0038777892477810383,0.000334221578668803
ZCH0622,0,ASD,NORMAL,0.0008967206231318414,0.9982337951660156,1.221609545609681e-05,3.142052446492016e-05,0.0008257299778051674
ZCH0623,1,ASD,NORMAL,0.010935544036328793,0.9861152172088623,0.0005725384689867496,0.0010842705378308892,0.0012923461617901921
ZCH0624,3,ASD,NORMAL,0.1326625794172287,0.8515617847442627,0.0003039026341866702,0.014684650115668774,0.0007871404523029923
ZCH0625,3,ASD,NORMAL,7.365136116277426e-05,0.9998327493667603,3.410807721593301e-06,1.847508792707231e-05,7.1674985520076e-05
ZCH0626,2,ASD,ASD,0.8505638837814331,0.010883048176765442,0.00804738700389862,0.125679150223732,0.004826470743864775
ZCH0627,2,ASD,ASD,0.5179858207702637,0.31601133942604065,0.015523049980401993,0.1066829264163971,0.04379688575863838
ZCH0628,0,ASD,PFO,0.3602011203765869,0.028675589710474014,0.006195655092597008,0.5228688716888428,0.08205875009298325
ZCH0629,1,ASD,ASD,0.4685882031917572,0.36441749334335327,0.03090858645737171,0.08395896852016449,0.05212676525115967
ZCH0630,0,ASD,PFO,0.018018845468759537,0.015771716833114624,0.00015431649808306247,0.9643674492835999,0.001687676296569407
ZCH0631,4,ASD,VSD,0.1272563934326172,0.3316473960876465,0.007693900261074305,0.03459072485566139,0.4988115727901459
ZCH0632,0,ASD,PFO,0.01178014650940895,0.020874207839369774,0.00023754636640660465,0.9646210670471191,0.0024870382621884346
ZCH0633,4,ASD,PFO,0.039443325251340866,0.008225001394748688,0.0007790472591295838,0.931312084197998,0.02024054154753685
ZCH0634,0,ASD,PFO,0.3851884603500366,0.0786546915769577,0.001280633034184575,0.4913829267024994,0.0434933640062809
ZCH0635,3,ASD,PDA,0.008151394315063953,0.018910842016339302,0.8948544263839722,0.00014119231491349638,0.07794205844402313
ZCH0636,4,ASD,NORMAL,0.06389065086841583,0.7932098507881165,0.001500587211921811,0.023028744384646416,0.11837027966976166
ZCH0637,4,ASD,VSD,0.28713494539260864,0.18316571414470673,0.09222429245710373,0.009746361523866653,0.4277285933494568
ZCH0638,0,ASD,ASD,0.4733390808105469,0.06760785728693008,0.44509974122047424,0.0001874802546808496,0.013765936717391014
ZCH0639,1,ASD,ASD,0.6722346544265747,0.015535718761384487,0.03240415081381798,0.16679799556732178,0.11302754282951355
ZCH0640,4,ASD,NORMAL,0.02518666535615921,0.7434144616127014,0.16230764985084534,0.008379267528653145,0.06071186065673828
ZCH0641,0,ASD,ASD,0.8222071528434753,0.1377587616443634,0.002848899457603693,0.0008864825358614326,0.03629879653453827
ZCH0642,1,ASD,NORMAL,0.19850972294807434,0.7944387197494507,0.0017661963356658816,0.0012573465937748551,0.004027956631034613
ZCH0643,2,ASD,VSD,0.12357009202241898,0.018127765506505966,0.0720447525382042,0.0005596533883363008,0.7856977581977844
ZCH0644,3,ASD,NORMAL,0.00022170768352225423,0.9983823299407959,0.00011014909250661731,5.189303556107916e-05,0.001233934424817562
ZCH0645,2,ASD,NORMAL,0.007739277556538582,0.9695869088172913,4.494979293667711e-05,0.02170586585998535,0.0009229957940988243
ZCH0646,1,ASD,VSD,0.03958354890346527,0.005088400561362505,0.009112165309488773,0.0008992257062345743,0.9453166723251343
ZCH0647,3,ASD,NORMAL,0.014079326763749123,0.9747573733329773,0.00017500660032965243,4.652704228647053e-05,0.010941815562546253
ZCH0648,1,ASD,NORMAL,0.08994133770465851,0.8900251388549805,0.0025609778240323067,0.0016564372926950455,0.01581612043082714
ZCH0649,0,ASD,ASD,0.8736405372619629,0.12298435717821121,6.691830640193075e-05,0.0004089700523763895,0.002899192739278078
ZCH0650,0,ASD,NORMAL,0.002729321364313364,0.9935032725334167,0.0007076083566062152,0.0011412082239985466,0.0019185078563168645
ZCH0651,4,ASD,NORMAL,0.09626627713441849,0.6265193819999695,0.0033693830482661724,0.0006918871076777577,0.27315306663513184
ZCH0652,1,ASD,ASD,0.5245311856269836,0.22594411671161652,0.031313490122556686,0.016886649653315544,0.20132452249526978
ZCH0653,1,PDA,VSD,0.004191562533378601,0.010863595642149448,0.031253259629011154,0.001699958462268114,0.9519915580749512
ZCH0654,4,PDA,VSD,0.0032875051256269217,0.016827009618282318,0.23166680335998535,0.0030860197730362415,0.7451326251029968
ZCH0655,4,PDA,NORMAL,0.04372803494334221,0.4993647038936615,0.021525729447603226,0.003528631990775466,0.43185296654701233
ZCH0656,2,PDA,VSD,0.02734985202550888,0.0020693386904895306,0.002035698387771845,0.006432332564145327,0.9621127247810364
ZCH0657,0,PDA,VSD,0.009606756269931793,0.00475434260442853,0.004933136980980635,0.0022112519945949316,0.9784945249557495
ZCH0658,3,PDA,ASD,0.9997327923774719,0.0001537990610813722,4.386981891002506e-05,5.0997594371438026e-05,1.847257408371661e-05
ZCH0659,3,PDA,NORMAL,0.20810239017009735,0.7859152555465698,7.913980516605079e-05,0.0019029425457119942,0.004000266082584858
ZCH0660,4,PDA,VSD,0.0011631946545094252,0.006715449970215559,0.004244578070938587,0.0014235525159165263,0.9864532351493835
ZCH0661,0,PDA,VSD,0.000603902677539736,0.0029717080760747194,0.0007012980058789253,0.0004953879397362471,0.9952276945114136
ZCH0662,2,PDA,VSD,0.059419721364974976,0.018999500200152397,0.11207878589630127,0.008329607546329498,0.8011723756790161
ZCH0663,2,PDA,VSD,0.02519027516245842,0.279797226190567,0.0010601673275232315,0.00040864673792384565,0.6935436725616455
ZCH0664,2,PDA,VSD,0.0007454782607965171,0.004895586520433426,0.0008299091714434326,9.710874292068183e-05,0.9934319853782654
ZCH0665,2,PDA,ASD,0.9045211672782898,0.08130576461553574,0.00010245099838357419,0.013509425334632397,0.0005611365777440369
ZCH0666,4,PDA,PFO,0.4858470559120178,0.0055305534042418,0.0004914315068162978,0.48761558532714844,0.020515505224466324
ZCH0667,4,PDA,PDA,0.022483566775918007,0.01230930257588625,0.7702363133430481,0.024126235395669937,0.17084456980228424
ZCH0668,1,PDA,VSD,0.004376114811748266,0.024898936972022057,0.008994031697511673,0.0004653758369386196,0.9612655639648438
ZCH0669,1,PDA,NORMAL,0.016538463532924652,0.719070315361023,0.002287556417286396,0.25996631383895874,0.0021374530624598265
ZCH0670,0,PDA,ASD,0.5115808844566345,0.4785131812095642,0.00016948590928222984,0.0005305304657667875,0.009205966256558895
ZCH0671,0,PDA,ASD,0.3968774378299713,0.16735967993736267,0.1300233155488968,0.16080477833747864,0.14493469893932343
ZCH0672,2,PDA,ASD,0.43194127082824707,0.022934114560484886,0.41640928387641907,0.008960573002696037,0.11975482851266861
ZCH0673,3,PDA,NORMAL,0.0011057914234697819,0.9988549947738647,1.8809380435413914e-06,1.3949246522315661e-06,3.579007170628756e-05
ZCH0674,0,PDA,NORMAL,0.007548043038696051,0.9871622920036316,6.70040026307106e-05,1.3700860108656343e-05,0.005209103226661682
ZCH0675,1,PDA,VSD,0.06910078972578049,0.010694315657019615,0.026207519695162773,0.0047400351613759995,0.8892573118209839
ZCH0676,1,PDA,ASD,0.6685850024223328,0.040959056466817856,0.058339137583971024,0.03205692395567894,0.2000599205493927
ZCH0677,1,PDA,VSD,0.0027619663160294294,0.0030318477656692266,0.016871457919478416,0.0002723583020269871,0.9770623445510864
ZCH0678,3,PDA,ASD,0.9611096382141113,0.006020943634212017,0.0012501736637204885,0.0021605207584798336,0.029458725824952126
ZCH0679,0,PDA,ASD,0.4762924909591675,0.02664891816675663,0.001836999785155058,0.04167868569493294,0.45354288816452026
ZCH0680,4,PDA,VSD,0.056688327342271805,0.012639349326491356,0.00023180330754257739,0.0005471630720421672,0.9298933744430542
ZCH0681,0,PDA,VSD,0.0008093863143585622,0.010664258152246475,0.000302109750919044,0.00021311690215952694,0.9880111813545227
ZCH0682,3,PDA,VSD,0.009763742797076702,0.00652744947001338,0.022766493260860443,0.000198838984942995,0.9607434868812561
ZCH0683,3,PDA,VSD,0.00025596312480047345,0.0025037520099431276,0.0005875768256373703,9.889398643281311e-05,0.9965537786483765
ZCH0684,1,PDA,ASD,0.8560872673988342,0.12847711145877838,0.006956303492188454,0.0008956773090176284,0.007583565078675747
ZCH0685,1,PFO,PFO,0.2992180585861206,0.019311195239424706,0.024515999481081963,0.5832377076148987,0.07371704280376434
ZCH0686,1,PFO,NORMAL,0.07151205092668533,0.9238836169242859,0.0010888443794101477,0.00023600047279614955,0.0032794754952192307
ZCH0687,2,PFO,PFO,0.43607017397880554,0.10816149413585663,0.009294609539210796,0.4455311894416809,0.0009425541502423584
ZCH0688,2,PFO,ASD,0.6106650829315186,0.008144273422658443,0.023875391110777855,0.3512730300426483,0.006042203865945339
ZCH0689,2,PFO,ASD,0.7095469236373901,0.11031617969274521,0.0045196618884801865,0.1685854196548462,0.0070317466743290424
ZCH0690,4,PFO,ASD,0.8203562498092651,0.023909740149974823,0.0028100605122745037,0.13778647780418396,0.015137401409447193
ZCH0691,2,PFO,PFO,0.05039092153310776,0.010235236026346684,0.0010577432112768292,0.9374107718467712,0.0009052635286934674
ZCH0692,3,PFO,PFO,0.34553447365760803,0.017445316538214684,0.0008465609862469137,0.6279113292694092,0.008262239396572113
ZCH0693,0,PFO,ASD,0.9026238918304443,0.010806073434650898,0.00027411457267589867,0.07683177292346954,0.009464194066822529
ZCH0694,3,PFO,ASD,0.5212997198104858,0.0012311029713600874,4.293894562579226e-06,0.47674107551574707,0.0007238149410113692
ZCH0695,2,PFO,PFO,0.22187452018260956,0.0034889003727585077,0.005278142634779215,0.7664492726325989,0.0029091439209878445
ZCH0696,1,PFO,ASD,0.5212672352790833,0.006927352398633957,0.02215227298438549,0.05237876623868942,0.3972744047641754
ZCH0697,4,PFO,ASD,0.5848408341407776,0.02130424976348877,0.010364667512476444,0.008000106550753117,0.37549009919166565
ZCH0698,4,PFO,NORMAL,0.030981343239545822,0.5637814402580261,0.006764025427401066,0.3314194679260254,0.06705377250909805
ZCH0699,3,PFO,PFO,0.15131759643554688,0.0032571018673479557,0.0003554642607923597,0.8392914533615112,0.005778320133686066
ZCH0700,1,PFO,PFO,0.3634583055973053,0.019071560353040695,0.01807594485580921,0.5650649070739746,0.03432928025722504
ZCH0701,2,PFO,ASD,0.6958752870559692,0.008822808042168617,0.01670752465724945,0.13532830774784088,0.14326612651348114
ZCH0702,3,PFO,VSD,0.3187984228134155,0.03158562257885933,0.20262548327445984,0.07494525611400604,0.3720451891422272
ZCH0703,0,PFO,ASD,0.9725283980369568,0.024872584268450737,4.7466677642660215e-05,0.00019144584075547755,0.0023601604625582695
ZCH0704,1,PFO,ASD,0.8979617953300476,0.001748714130371809,0.006002337671816349,0.08523049205541611,0.009056659415364265
ZCH0705,4,PFO,ASD,0.8805076479911804,0.004725599195808172,0.00031838667928241193,0.112490214407444,0.0019580929074436426
ZCH0706,0,PFO,ASD,0.8160619139671326,0.022655492648482323,0.00045662184129469097,0.12062862515449524,0.040197353810071945
ZCH0707,3,PFO,PFO,0.06350045651197433,0.010977955535054207,0.002464262768626213,0.9204322695732117,0.002625070745125413
ZCH0708,1,PFO,ASD,0.4707498550415039,0.37596049904823303,0.021327467635273933,0.11842991411685944,0.013532246463000774
ZCH0709,2,PFO,PFO,0.13832229375839233,0.05194874107837677,0.0026447903364896774,0.8049676418304443,0.002116500400006771
ZCH0710,2,PFO,ASD,0.939724862575531,0.007725948467850685,0.014023486524820328,0.023439856246113777,0.015085802413523197
ZCH0711,4,PFO,PFO,0.12863077223300934,0.36113137006759644,0.001528363092802465,0.4980650544166565,0.010644469410181046
ZCH0712,2,PFO,PFO,0.17757146060466766,0.009461767040193081,0.012112193740904331,0.7985613942146301,0.0022931667044758797
ZCH0713,4,PFO,PFO,0.09996169805526733,0.0022022754419595003,0.0002312426222488284,0.896456241607666,0.0011486217845231295
ZCH0714,2,PFO,ASD,0.9720767140388489,0.0008990766364149749,0.00903140939772129,0.00030547447386197746,0.0176873579621315
ZCH0715,2,PFO,NORMAL,0.3110610842704773,0.3699038326740265,0.0028884862549602985,0.2970200777053833,0.019126513972878456
ZCH0716,2,PFO,PFO,0.006793492008000612,0.00017219968140125275,1.014444114844082e-05,0.9930132031440735,1.1027218533854466e-05
ZCH0717,0,PFO,PFO,0.1599203497171402,0.00729279825463891,0.00033512653317302465,0.7709576487541199,0.06149410828948021
ZCH0718,3,PFO,PFO,0.002896122634410858,0.0001235753297805786,2.4380227841902524e-05,0.9968372583389282,0.00011859519145218655
ZCH0719,0,PFO,NORMAL,0.010372056625783443,0.7073331475257874,0.0005324013764038682,0.2786273956298828,0.003135050181299448
ZCH0720,1,PFO,ASD,0.8798256516456604,0.027882829308509827,0.017827831208705902,0.03798805549740791,0.03647559508681297
ZCH0721,4,PFO,NORMAL,0.040171124041080475,0.9392712712287903,0.0011976505629718304,0.012726452201604843,0.006633508484810591
ZCH0722,1,PFO,ASD,0.6341400742530823,0.11431710422039032,0.028124837204813957,0.0925203487277031,0.130897656083107
ZCH0723,0,PFO,PFO,0.2762300670146942,0.3367178738117218,0.00041173616773448884,0.37615227699279785,0.010488108731806278
ZCH0724,0,PFO,PFO,0.29654964804649353,0.01942959800362587,0.0003409831551834941,0.6760557889938354,0.007623945828527212
ZCH0725,4,PFO,PFO,0.2472037374973297,0.0010252660140395164,8.375992183573544e-05,0.7500527501106262,0.0016344679752364755
ZCH0726,1,PFO,ASD,0.6060248613357544,0.005680239759385586,0.033262789249420166,0.05273463949561119,0.3022975027561188
ZCH0727,2,PFO,ASD,0.7736234664916992,0.019089290872216225,0.026187296956777573,0.0936911478638649,0.08740886300802231
ZCH0728,0,PFO,PFO,0.07292495667934418,0.0029127132147550583,4.3466396164149046e-05,0.9226345419883728,0.0014843266690149903
ZCH0729,1,PFO,ASD,0.7569384574890137,0.004697368014603853,0.010065805166959763,0.061239320784807205,0.16705892980098724
ZCH0730,0,PFO,ASD,0.8697273135185242,0.011777063831686974,0.00013778056018054485,0.11166548728942871,0.0066923401318490505
ZCH0731,1,PFO,PFO,0.4576916992664337,0.012580765411257744,0.006332602351903915,0.5096470713615417,0.013747838325798512
ZCH0732,1,PFO,VSD,0.1821170300245285,0.053944457322359085,0.05186845362186432,0.032280515879392624,0.6797895431518555
ZCH0733,0,PFO,PFO,0.016648966819047928,0.0007613472989760339,3.5746299545280635e-05,0.9821065664291382,0.0004473717708606273
ZCH0734,3,PFO,ASD,0.8958115577697754,0.009929496794939041,6.380833656294271e-05,0.09349261224269867,0.0007024170481599867
ZCH0735,3,PFO,NORMAL,0.0329095721244812,0.6358739137649536,0.009541361592710018,0.008116203360259533,0.3135589361190796
ZCH0736,1,PFO,PFO,0.3880760371685028,0.005546134896576405,0.021066814661026,0.47820255160331726,0.10710844397544861
ZCH0737,4,PFO,PFO,0.08443565666675568,0.0009364639408886433,0.0005462619010359049,0.9024698734283447,0.011611692607402802
ZCH0738,4,PFO,ASD,0.5003200769424438,0.05054107680916786,0.0003613758890423924,0.10890164971351624,0.3398757874965668
ZCH0739,4,PFO,ASD,0.8951343894004822,0.0013750926591455936,9.933712135534734e-05,0.08953140676021576,0.013859787955880165
ZCH0740,4,PFO,PFO,0.007822293788194656,0.14466264843940735,0.0007402595365419984,0.842563807964325,0.004210959188640118
ZCH0741,3,PFO,ASD,0.5358895659446716,0.1156434416770935,0.0013112721499055624,0.34598857164382935,0.001167166861705482
ZCH0742,0,PFO,NORMAL,0.28769776225090027,0.6736270785331726,0.00011971365165663883,0.008331012912094593,0.03022446483373642
ZCH0743,3,PFO,ASD,0.7357788681983948,0.17128236591815948,9.014390525408089e-05,0.09159249812364578,0.0012561320327222347
ZCH0744,0,PFO,PFO,0.0031426548957824707,0.0007823137566447258,6.741937977494672e-05,0.9955011010169983,0.000506523298099637
ZCH0745,2,PFO,NORMAL,0.4338630139827728,0.47487178444862366,0.00420414051041007,0.07143843173980713,0.01562266144901514
ZCH0746,3,PFO,PFO,0.2059839814901352,0.1077040284872055,0.006984346080571413,0.4134264588356018,0.26590120792388916
ZCH0747,3,PFO,PFO,0.06300395727157593,0.0066681355237960815,0.0032054795883595943,0.9217420220375061,0.005380348302423954
ZCH0748,3,PFO,ASD,0.7482008337974548,0.01686779595911503,0.0053850398398935795,0.0025305876042693853,0.22701580822467804
ZCH0749,4,PFO,NORMAL,0.028827810660004616,0.7383659482002258,0.0011485146824270487,0.21502678096294403,0.016630927100777626
ZCH0750,1,PFO,PFO,0.4528055191040039,0.014427424408495426,0.022470053285360336,0.4670967757701874,0.043200165033340454
ZCH0751,3,PFO,ASD,0.9618850350379944,0.002727590734139085,0.011061813682317734,0.004691672511398792,0.019633982330560684
ZCH0752,0,PFO,PFO,0.04311743006110191,0.0031910035759210587,0.0005620771553367376,0.93744957447052,0.015679895877838135
ZCH0753,0,PFO,PFO,0.0006788615137338638,0.0006259111687541008,3.806800668826327e-05,0.9984729886054993,0.00018408002506475896
ZCH0754,4,PFO,NORMAL,0.0010120411170646548,0.9824693202972412,0.000628882844466716,0.00015173105930443853,0.01573791354894638
ZCH0755,0,VSD,PFO,0.3636123239994049,0.03988199308514595,0.09876824170351028,0.47212210297584534,0.02561534009873867
ZCH0756,3,VSD,VSD,7.60676630306989e-05,0.0007179821259342134,0.00011813385935965925,4.927436020807363e-05,0.999038577079773
ZCH0757,3,VSD,VSD,0.00011936308146687225,0.00020572742505464703,4.7361954784719273e-05,2.2472531782113947e-05,0.999605119228363
ZCH0758,3,VSD,VSD,0.00018530887609813362,0.001937230583280325,0.0011986963218078017,6.679776561213657e-05,0.9966118931770325
ZCH0759,2,VSD,VSD,0.00017212453531101346,0.0008024089620448649,0.00025580410147085786,5.400536610977724e-05,0.9987156391143799
ZCH0760,3,VSD,VSD,0.00012198302283650264,0.0007015441660769284,0.00019589104340411723,6.292012403719127e-05,0.9989176988601685
ZCH0761,4,VSD,VSD,0.0014621146256104112,0.006446668412536383,0.001977863721549511,0.0015133889392018318,0.9886000156402588
ZCH0762,2,VSD,VSD,0.00012074605911038816,0.00047075681504793465,0.0003478687140159309,4.705173341790214e-05,0.9990135431289673
ZCH0763,0,VSD,VSD,0.00045095678069628775,0.0010809077648445964,0.00018579342577140778,0.00024624267825856805,0.9980360865592957
ZCH0764,1,VSD,VSD,0.00027699320344254375,0.0005047772428952157,0.0018733005272224545,3.718681909958832e-05,0.9973077774047852
ZCH0765,1,VSD,VSD,0.0010333012323826551,0.0014072427293285728,0.006528693716973066,0.000149371539009735,0.9908814430236816
ZCH0766,4,VSD,VSD,0.0010847216472029686,0.0036450447514653206,0.0008146627806127071,0.001414645230397582,0.993040919303894
ZCH0767,1,VSD,VSD,9.461673471378163e-05,0.0006634850287809968,0.0033579629380255938,1.7713193301460706e-05,0.9958661794662476
ZCH0768,4,VSD,VSD,0.00015721176168881357,0.0003407680196687579,8.650313975522295e-05,0.00010606421710690483,0.9993094205856323
ZCH0769,0,VSD,VSD,0.0004163999983575195,0.0014331070706248283,0.0001543425751151517,0.00024918714188970625,0.9977468848228455
ZCH0770,0,VSD,VSD,0.0004143980040680617,0.0015749532030895352,0.00024162701447494328,0.0004089042777195573,0.9973600506782532
ZCH0771,1,VSD,VSD,0.0055120596662163734,0.0013957065530121326,0.00477923359721899,0.00037736279773525894,0.9879356622695923
ZCH0772,0,VSD,VSD,0.00039452689816243947,0.0009306014399044216,0.00011860812082886696,0.00021750557061750442,0.9983386993408203
ZCH0773,1,VSD,VSD,0.0021871819626539946,0.001616472378373146,0.014082930982112885,0.00024162740737665445,0.9818717837333679
ZCH0774,2,VSD,VSD,0.00020626689365599304,0.00026581119163893163,0.0002545790921431035,7.702898437855765e-05,0.9991963505744934
ZCH0775,4,VSD,ASD,0.6134516000747681,0.02133542113006115,0.024338020011782646,0.004648938775062561,0.3362259566783905
ZCH0776,1,VSD,VSD,0.00027293202583678067,0.00038985611172392964,0.0009111687541007996,2.7294699975755066e-05,0.9983987212181091
ZCH0777,2,VSD,VSD,0.00016550213331356645,0.000387449748814106,0.000531650148332119,5.0378050218569115e-05,0.998865008354187
ZCH0778,1,VSD,VSD,0.001484992215409875,0.00040382632869295776,0.0026928933802992105,0.00012586810044012964,0.9952924251556396
ZCH0779,2,VSD,VSD,6.029188079992309e-05,0.0007369339000433683,0.00023956499353516847,3.426052717259154e-05,0.998928964138031
ZCH0780,4,VSD,VSD,0.000711348548065871,0.0015150012914091349,0.00030273536685854197,0.0010652856435626745,0.9964056015014648
ZCH0781,3,VSD,VSD,0.00014271005056798458,0.0008898198720999062,5.3664542065234855e-05,8.533391519449651e-05,0.9988284707069397
ZCH0782,3,VSD,VSD,0.13621264696121216,0.33373308181762695,0.10120295733213425,0.006003404501825571,0.4228479564189911
ZCH0783,2,VSD,VSD,0.0008593468810431659,0.004166385158896446,0.01792972907423973,0.000471977808047086,0.976572573184967
ZCH0784,4,VSD,VSD,0.0037665662821382284,0.0046985577791929245,0.0020900170784443617,0.0036070742644369602,0.9858377575874329
ZCH0785,0,VSD,VSD,0.0002644310879986733,0.003946719225496054,0.00022851390531286597,0.00030266414978541434,0.9952576756477356
ZCH0786,3,VSD,VSD,0.00016974937170743942,0.0008466667495667934,0.00017283113265875727,7.91451457189396e-05,0.9987315535545349
ZCH0787,4,VSD,VSD,0.005320515483617783,0.017916226759552956,0.020558413118124008,0.001981783891096711,0.9542230367660522
ZCH0788,0,VSD,VSD,0.0006294994382187724,0.0026937469374388456,0.00021167509839870036,0.00047309856745414436,0.9959920048713684
ZCH0789,3,VSD,VSD,0.002106306841596961,0.0013683346332982183,0.02016700990498066,0.00011308722605463117,0.9762452840805054
ZCH0790,2,VSD,VSD,0.0016317146364599466,0.0035046760458499193,0.0008431155001744628,8.332691504620016e-05,0.9939371347427368
ZCH0791,4,VSD,VSD,0.0010853979038074613,0.003157231491059065,0.0020841488149017096,0.0008241061004810035,0.9928491115570068
ZCH0792,4,VSD,VSD,0.0009604674414731562,0.0026640049181878567,0.000996160670183599,0.0014244264457374811,0.9939549565315247
ZCH0793,3,VSD,VSD,0.00014151564391795546,0.0014192239614203572,0.00018196807650383562,0.00011354305752320215,0.9981437921524048
ZCH0794,0,VSD,VSD,0.0011487295851111412,0.007149588782340288,0.00048561469884589314,0.00013433961430564523,0.991081714630127
ZCH0795,2,VSD,VSD,0.002385001163929701,0.005275111645460129,0.00045232009142637253,2.6917876311927103e-05,0.9918606877326965
ZCH0796,3,VSD,VSD,0.00027466629398986697,0.001034220797009766,0.0002815487969201058,0.00013093644520267844,0.9982786178588867
ZCH0797,3,VSD,VSD,0.0003814362862613052,0.0013389738742262125,0.0026093637570738792,2.5116800316027366e-05,0.9956451654434204
ZCH0798,2,VSD,VSD,0.029948271811008453,0.009562916122376919,0.013750440441071987,0.017111212015151978,0.9296271800994873
ZCH0799,2,VSD,VSD,0.031459175050258636,0.0023796516470611095,0.005406935233622789,0.00849580392241478,0.9522584080696106
ZCH0800,0,VSD,VSD,0.0005086752353236079,0.0005244864150881767,4.1627859900472686e-05,8.188506762962788e-05,0.9988433122634888
ZCH0801,3,VSD,VSD,0.0006762031698599458,0.00017230866069439799,0.001529955887235701,3.5709534131456167e-05,0.9975857734680176
ZCH0802,2,VSD,ASD,0.9859471321105957,0.0008448087610304356,0.0026455081533640623,0.0009257616475224495,0.009636694565415382
ZCH0803,1,VSD,ASD,0.4710559546947479,0.01885063201189041,0.10191204398870468,0.06650929152965546,0.34167203307151794
ZCH0804,4,VSD,VSD,0.0008040166576392949,0.0027304841205477715,0.0005677915760315955,0.0011887435102835298,0.9947088956832886
ZCH0805,1,VSD,ASD,0.7237363457679749,0.0096725570037961,0.04381285607814789,0.010876605287194252,0.21190162003040314
ZCH0806,1,VSD,VSD,0.24350231885910034,0.005812926217913628,0.018801134079694748,0.0043038553558290005,0.7275797128677368
ZCH0807,4,VSD,VSD,0.010001027956604958,0.0011369504500180483,0.0003637731133494526,0.0015713912434875965,0.9869268536567688
ZCH0808,3,VSD,VSD,0.00015122213517315686,8.013031765585765e-05,0.0005861978861503303,1.5726629499113187e-05,0.99916672706604
ZCH0809,0,VSD,VSD,0.14020578563213348,0.005385682452470064,0.006095448974519968,0.004328664857894182,0.8439843654632568
ZCH0810,3,VSD,VSD,0.0015628659166395664,0.0012823635479435325,0.16116587817668915,8.779344352660701e-05,0.835901141166687
ZCH0811,4,VSD,VSD,0.0009914522524923086,0.002503237221390009,0.0008030912140384316,0.001380349276587367,0.9943218231201172
ZCH0812,0,VSD,PFO,0.024195745587348938,0.24909862875938416,0.000280400417977944,0.7223330736160278,0.004092183895409107
ZCH0813,2,VSD,ASD,0.6962782740592957,0.031119178980588913,0.011623981408774853,0.23592336475849152,0.025055212900042534
ZCH0814,1,VSD,VSD,0.0002401435631327331,0.00025163855752907693,0.0005987537442706525,1.5302692190743983e-05,0.9988941550254822
ZCH0815,3,VSD,ASD,0.4802875518798828,0.01404247060418129,0.05848722532391548,0.004236103966832161,0.4429466426372528
ZCH0816,3,VSD,VSD,4.5978620619280264e-05,0.0007164437556639314,4.4094747863709927e-05,3.4028224035864696e-05,0.9991594552993774
ZCH0817,2,VSD,NORMAL,0.008063053712248802,0.8881590366363525,0.0013794534606859088,0.0014576102839782834,0.10094087570905685
ZCH0818,3,VSD,ASD,0.9158071875572205,0.009942860342562199,2.8581005608430132e-05,0.003605443285778165,0.07061582058668137
ZCH0819,4,VSD,ASD,0.9582529067993164,0.018414493650197983,9.4920105766505e-05,0.0007297706906683743,0.022507961839437485
ZCH0820,0,VSD,VSD,0.007947869598865509,0.0005923665012232959,6.232443411136046e-05,3.648741767392494e-05,0.9913609623908997
ZCH0821,1,VSD,VSD,0.011824422515928745,0.001698263455182314,0.005777019541710615,0.0018183583160862327,0.9788819551467896
ZCH0822,1,VSD,VSD,0.004756576847285032,0.0004382592742331326,0.0034127337858080864,0.00012838923430535942,0.9912641048431396
ZCH0823,4,VSD,VSD,0.014983969740569592,0.005364512093365192,0.0027833215426653624,0.03756687417626381,0.9393013119697571
ZCH0824,1,VSD,VSD,0.0028086223173886538,0.002460346557199955,0.003479254199191928,0.00010162542457692325,0.9911501407623291
ZCH0825,2,VSD,VSD,0.17401200532913208,0.07322682440280914,0.1470794677734375,0.006238377187401056,0.5994433760643005
ZCH0826,3,VSD,VSD,0.021580694243311882,0.07838831841945648,0.011410471983253956,9.571758710080758e-05,0.8885248303413391
ZCH0827,4,VSD,VSD,0.05788293853402138,0.01294639240950346,0.001541796838864684,0.027936065569519997,0.8996928334236145
ZCH0828,4,VSD,VSD,0.0006010658689774573,0.002774821827188134,0.001136666163802147,0.0007750628865323961,0.9947123527526855
ZCH0829,0,VSD,VSD,0.012451627291738987,0.0022138631902635098,0.00041826008236967027,0.0007850469555705786,0.9841311573982239
ZCH0830,1,VSD,ASD,0.49709445238113403,0.00510758999735117,0.026062769815325737,0.03745127469301224,0.43428388237953186
ZCH0831,2,VSD,VSD,0.0007443015347234905,0.0009415774838998914,0.001150512951426208,0.00011967708269366995,0.9970439076423645
ZCH0832,0,VSD,VSD,0.0008783267112448812,0.0024809427559375763,0.0003071289975196123,0.0003863728779833764,0.9959473013877869
ZCH0833,0,VSD,VSD,0.0005278355092741549,0.0027693379670381546,0.00024591191322542727,0.0003609380219131708,0.9960959553718567
ZCH0834,0,VSD,ASD,0.5419067144393921,0.23942981660366058,0.005399857647716999,0.000202226874534972,0.2130613923072815
ZCH0835,4,VSD,VSD,0.024792468175292015,0.010214347392320633,0.0006132109556347132,0.00253761513158679,0.9618423581123352
ZCH0836,0,VSD,VSD,0.0008671634132042527,0.0022832402028143406,0.001691345707513392,0.0002279947220813483,0.9949302077293396
ZCH0837,3,VSD,VSD,0.00014990368799772114,0.0005001499084755778,8.795523172011599e-05,6.414790550479665e-05,0.9991979002952576
ZCH0838,1,VSD,VSD,0.00042350083822384477,0.00040618990897201,0.003428625175729394,3.127851232420653e-05,0.9957103729248047
ZCH0839,2,VSD,VSD,0.0013139918446540833,0.00021380050748120993,0.0007456160965375602,1.96168457478052e-05,0.9977070093154907
ZCH0840,2,VSD,VSD,0.0004429097753018141,0.0001455398742109537,0.0003256137133575976,4.7167261072900146e-05,0.999038815498352
ZCH0841,4,VSD,VSD,0.0005599356954917312,0.002009261166676879,0.0006601396598853171,0.0008475159993395209,0.9959231615066528
ZCH0842,1,VSD,VSD,0.0012512740213423967,0.0008967838366515934,0.007617713417857885,0.00012684770626947284,0.9901074171066284
ZCH0843,4,VSD,ASD,0.6054490804672241,0.003863717196509242,0.001338029047474265,0.37531551718711853,0.014033588580787182
ZCH0844,0,VSD,PFO,0.02245803363621235,0.005470566917210817,0.0033606893848627806,0.7614719271659851,0.2072388380765915
ZCH0845,2,VSD,VSD,0.10950833559036255,0.021158315241336823,0.09884916990995407,0.014995547942817211,0.7554886341094971
ZCH0846,2,VSD,NORMAL,0.11337663233280182,0.6041098833084106,0.004657326731830835,0.001265871338546276,0.27659034729003906
ZCH0847,2,VSD,ASD,0.868533730506897,0.032293710857629776,0.015592913143336773,0.05352846160531044,0.03005121648311615
ZCH0848,3,VSD,ASD,0.7326034903526306,0.006307539064437151,2.9044396796962246e-05,0.26062607765197754,0.0004337577265687287
ZCH0849,2,VSD,ASD,0.8291787505149841,0.015813300386071205,0.001686407020315528,0.0100930230692029,0.14322860538959503
ZCH0850,0,VSD,VSD,0.01847408339381218,0.12809041142463684,0.00040136429015547037,0.00046101814950816333,0.8525730967521667
ZCH0851,4,VSD,VSD,0.0008570844656787813,0.006750721018761396,0.0030629660468548536,0.0006727326544933021,0.9886565208435059
ZCH0852,3,VSD,VSD,0.0018247823463752866,0.3489304482936859,0.04470280557870865,0.0004090744478162378,0.6041328310966492
ZCH0853,1,VSD,VSD,0.021552609279751778,0.024020371958613396,0.005793639924377203,0.0002584897156339139,0.94837486743927
ZCH0854,4,VSD,VSD,0.002221855102106929,0.005513176787644625,0.00024309090804308653,0.0029859188944101334,0.9890359044075012
ZCH0855,0,VSD,PDA,0.0011049608001485467,0.1071682870388031,0.6388047933578491,0.0034971111454069614,0.24942494928836823
ZCH0856,2,VSD,VSD,0.00024170805409085006,0.0008394026081077754,0.0009634111193008721,9.530358511256054e-05,0.9978601336479187
ZCH0857,3,VSD,VSD,0.00018708656716626137,0.007760730106383562,0.0008102316642180085,7.62744020903483e-05,0.9911656975746155
ZCH0858,1,VSD,VSD,0.0001400971959810704,0.0012685626279562712,0.0020155468955636024,1.87360419658944e-05,0.9965571165084839
ZCH0859,3,VSD,VSD,0.0014992192154750228,0.0399276539683342,0.002965556923300028,0.00029137174715287983,0.9553162455558777
ZCH0860,0,VSD,VSD,0.00016082642832770944,0.011931845918297768,0.006144099868834019,0.0005589128704741597,0.9812043309211731
ZCH0861,4,VSD,VSD,0.006599010434001684,0.006460405886173248,0.0027459864504635334,0.001580981770530343,0.9826136231422424
ZCH0862,0,VSD,NORMAL,0.013637364841997623,0.5379732847213745,8.755719136388507e-06,2.0392770238686353e-05,0.4483602046966553
ZCH0863,0,VSD,NORMAL,0.11659713089466095,0.8712517619132996,8.457435615127906e-05,0.0006931741372682154,0.011373455636203289
ZCH0864,2,VSD,VSD,0.0009105897042900324,0.013438246212899685,0.023053092882037163,0.00015969363448675722,0.9624383449554443
ZCH0865,4,VSD,VSD,0.0476720966398716,0.27774742245674133,0.008532505482435226,0.01419932022690773,0.6518486738204956
ZCH0866,3,VSD,VSD,3.654685860965401e-05,0.0008854958578012884,2.8791917429771274e-05,1.579940362717025e-05,0.9990333318710327
ZCH0867,1,VSD,VSD,0.18955543637275696,0.027386659756302834,0.01946721225976944,0.010908359661698341,0.7526822686195374
ZCH0868,1,VSD,VSD,0.0047158291563391685,0.3023330569267273,0.007812128402292728,0.0003215012839064002,0.6848174929618835
ZCH0869,4,VSD,VSD,0.00035952054895460606,0.001979713561013341,0.0013963483506813645,0.0003394819505047053,0.9959249496459961
ZCH0870,0,VSD,PFO,0.1034131646156311,0.15668857097625732,0.0003562917991075665,0.7221768498420715,0.0173651110380888
ZCH0871,0,VSD,VSD,0.005063064396381378,0.025425607338547707,7.079418719513342e-05,0.00011954092042287812,0.9693210124969482
ZCH0872,2,VSD,VSD,0.0008612946257926524,0.0008843260002322495,0.00018267554696649313,0.0006664521642960608,0.9974052309989929
ZCH0873,1,VSD,ASD,0.6912702322006226,0.019213803112506866,0.019440283998847008,0.25841185450553894,0.011663778685033321
ZCH0874,1,VSD,ASD,0.749187171459198,0.019996048882603645,0.04367370158433914,0.06521358340978622,0.12192947417497635
ZCH0875,2,VSD,PFO,0.10749335587024689,0.004327788949012756,0.00023451316519640386,0.8873790502548218,0.0005653604748658836
ZCH0876,2,VSD,PFO,0.22968415915966034,0.013893610797822475,0.0004895786405541003,0.7551917433738708,0.0007409427198581398
ZCH0877,1,VSD,VSD,0.010966721922159195,0.0861029252409935,0.011881801299750805,0.0007007772801443934,0.8903477191925049
ZCH0878,1,VSD,NORMAL,0.0008798836497589946,0.9974021911621094,0.00034734452492557466,0.00039235359872691333,0.0009783051209524274
ZCH0879,1,VSD,VSD,0.004306150134652853,0.009675519540905952,0.0070787412114441395,0.00021676855976693332,0.9787228107452393
ZCH0880,0,VSD,VSD,0.00021645725064445287,0.0012822009157389402,0.0005621610325761139,0.00023244805925060064,0.9977066516876221
ZCH0881,0,VSD,VSD,8.933569915825501e-05,0.0019739416893571615,8.449418965028599e-05,6.301198300207034e-05,0.9977892637252808
ZCH0882,4,VSD,VSD,0.00031729720649309456,0.0013933954760432243,0.0001972978498088196,0.0001935784675879404,0.9978984594345093
ZCH0883,2,VSD,VSD,0.06716088205575943,0.005904086399823427,0.005313396453857422,0.006453400943428278,0.915168285369873
ZCH0884,3,VSD,VSD,6.8921763158869e-05,0.0012165311491116881,0.0005421682726591825,3.883940007654019e-05,0.9981335997581482
ZCH0885,3,VSD,VSD,0.06021484360098839,0.07518504559993744,0.19485488533973694,0.0018838217947632074,0.6678614020347595
ZCH0886,2,VSD,ASD,0.8544430136680603,0.0042323456145823,0.01695098541676998,0.12043707817792892,0.003936476539820433
ZCH0887,4,VSD,VSD,0.2018953263759613,0.045375507324934006,0.09285590052604675,0.26410382986068726,0.39576947689056396
ZCH0888,2,VSD,VSD,0.00019473236170597374,0.001073130639269948,0.0007725255563855171,8.89418224687688e-05,0.997870683670044
ZCH0889,4,VSD,VSD,0.0005974792293272913,0.0008149471832439303,9.506609058007598e-05,0.0005346277612261474,0.9979578256607056
ZCH0890,0,VSD,VSD,0.00027688994305208325,0.001976605271920562,0.0005035295616835356,0.00015293006435967982,0.9970899820327759
ZCH0891,1,VSD,VSD,0.001275836955755949,0.0012701189843937755,0.0057100714184343815,0.00011321839701849967,0.9916307330131531
ZCH0892,0,VSD,VSD,0.0004076701879967004,0.00045082371798343956,0.00013619456149172038,9.649188723415136e-05,0.9989088773727417
ZCH0893,0,VSD,VSD,0.00018799270037561655,0.0011415439657866955,1.505853833805304e-05,1.2609411896846723e-05,0.9986427426338196
ZCH0894,1,VSD,VSD,0.012461361475288868,0.0012485531624406576,0.007533176802098751,0.0005951682105660439,0.9781618118286133
ZCH0895,1,VSD,VSD,0.00020670058438554406,0.00041873534792102873,0.0013330113142728806,1.3414937711786479e-05,0.9980280995368958
ZCH0896,0,VSD,NORMAL,0.0009400674025528133,0.9560778737068176,0.0001822780177462846,0.00022772717056795955,0.042572107166051865
ZCH0897,4,VSD,VSD,0.002180706709623337,0.0035458558704704046,0.0009255209006369114,0.002429482527077198,0.9909183979034424
ZCH0898,4,VSD,PFO,0.06522691249847412,0.025733431801199913,0.007558702491223812,0.8608304858207703,0.04065044969320297
ZCH0899,1,VSD,VSD,0.0012085259659215808,0.0010652928613126278,0.004614361561834812,0.00017941278929356486,0.9929324388504028
ZCH0900,3,VSD,ASD,0.9907037019729614,0.0003765994624700397,0.00022643545526079834,0.007812339346855879,0.0008809692808426917
ZCH0901,3,VSD,VSD,0.00188499188516289,0.002196682384237647,0.00225815805606544,2.022980152105447e-05,0.9936398863792419
ZCH0902,0,VSD,VSD,0.0025428985245525837,0.010882845148444176,0.0005258170422166586,0.001413205754943192,0.9846352338790894
ZCH0903,4,VSD,VSD,0.000896015961188823,0.0036846636794507504,0.0005298125906847417,0.00041061409865505993,0.9944788217544556
ZCH0904,3,VSD,VSD,4.231858110870235e-05,0.0006936316494829953,3.956434375140816e-05,2.464321005390957e-05,0.9991998076438904
ZCH0905,3,VSD,VSD,6.717136420775205e-05,0.0019471733830869198,0.00015306416025850922,1.0947908776870463e-05,0.9978216886520386
ZCH0906,1,VSD,ASD,0.9426112771034241,0.005583236459642649,0.015346604399383068,0.010441463440656662,0.026017416268587112
ZCH0907,4,VSD,VSD,0.0005998341366648674,0.004462390672415495,0.0005385908298194408,0.0005759061314165592,0.9938232898712158
ZCH0908,1,VSD,NORMAL,0.04681886360049248,0.9288668036460876,0.0028397254645824432,0.0006759820389561355,0.0207985732704401
ZCH0909,3,VSD,ASD,0.4740535020828247,0.008656259626150131,0.10124102234840393,0.0017700725002214313,0.41427919268608093
ZCH0910,4,VSD,VSD,0.006882748566567898,0.4464394748210907,0.004477798938751221,0.0007676722016185522,0.5414323210716248
ZCH0911,2,VSD,VSD,0.0077239819802343845,0.002065547276288271,0.0035889821592718363,0.00041711251833476126,0.9862043857574463
ZCH0912,3,VSD,VSD,0.0006281525711528957,0.0024476738180965185,0.0053296820260584354,0.00016355550906155258,0.991430938243866
ZCH0913,0,VSD,VSD,0.03858313709497452,0.018248392269015312,0.005379293113946915,0.003637616988271475,0.9341515302658081
ZCH0914,0,VSD,VSD,0.00017192214727401733,0.0006209437851794064,0.0001830901310313493,0.00016046255768742412,0.9988635778427124
ZCH0915,1,VSD,ASD,0.49638667702674866,0.31562089920043945,0.024028941988945007,0.001710836892016232,0.16225264966487885
ZCH0916,3,VSD,VSD,6.236130866454914e-05,0.0007135049672797322,0.0002969909692183137,4.499558053794317e-05,0.9988821148872375
ZCH0917,0,VSD,VSD,0.0032841337379068136,0.0021274664904922247,0.00010362383909523487,0.00011505511065479368,0.9943696856498718
ZCH0918,3,VSD,VSD,0.00239468552172184,0.0012069306103512645,0.0010290560312569141,3.172836295561865e-05,0.9953376054763794
ZCH0919,4,VSD,VSD,0.00037487249937839806,0.0025719343684613705,0.0011126811150461435,0.0007562680984847248,0.9951842427253723
ZCH0920,1,VSD,PFO,0.37474584579467773,0.02274957485496998,0.012913139536976814,0.5816981792449951,0.007893361151218414
ZCH0921,0,VSD,NORMAL,0.1166919618844986,0.596241295337677,0.0003068709629587829,0.0004525483527686447,0.2863073945045471
ZCH0922,3,VSD,VSD,7.800350431352854e-05,0.0009797719540074468,0.001461526146158576,3.47037821484264e-05,0.9974460601806641
ZCH0923,2,VSD,VSD,0.0319535993039608,0.01593780145049095,0.010264778509736061,0.0024425459560006857,0.9394012689590454
ZCH0924,4,VSD,VSD,0.01916186884045601,0.007688657846301794,0.0005127809126861393,0.002191300969570875,0.970445454120636
ZCH0925,1,VSD,VSD,0.018930701538920403,0.00879452284425497,0.007017116993665695,0.0004973897594027221,0.9647603034973145
ZCH0926,2,VSD,VSD,7.300451397895813e-05,0.0006083132466301322,0.0001091461381292902,1.3296352335601114e-05,0.9991962313652039
ZCH0927,2,VSD,NORMAL,0.0018181753112003207,0.996791660785675,0.00010700571147026494,0.0003720085951499641,0.0009110487881116569
ZCH0928,4,VSD,VSD,0.0016503756633028388,0.003456173464655876,0.0028475522994995117,0.00023170547501649708,0.9918141961097717
ZCH0929,2,VSD,VSD,4.1041788790607825e-05,0.00046791316708549857,0.00018751372408587486,1.3860555554856546e-05,0.9992896318435669
ZCH0930,4,VSD,VSD,0.0010583166731521487,0.004976772237569094,0.0009463105234317482,0.0007150170858949423,0.9923036098480225
ZCH0931,1,VSD,VSD,0.002338877646252513,0.0034178460482507944,0.025760013610124588,0.0006166675011627376,0.9678665995597839
ZCH0932,3,VSD,VSD,0.0009459745488129556,0.002075583441182971,0.0010872711427509785,4.896452446701005e-05,0.9958421587944031
ZCH0933,3,VSD,NORMAL,0.14769387245178223,0.8461614847183228,0.0038582696579396725,2.7435757147031836e-05,0.0022589247673749924
ZCH0934,4,VSD,VSD,0.022325333207845688,0.04414604604244232,0.005898589268326759,0.0008685545763000846,0.9267614483833313
ZCH0935,0,VSD,VSD,0.00010687152825994417,0.005123182199895382,8.128116314765066e-05,3.3456486562499776e-05,0.9946552515029907
ZCH0936,0,VSD,VSD,0.00011835181794594973,0.0031714527867734432,0.0003223625826649368,0.00014652822574134916,0.9962413311004639
ZCH0937,2,VSD,VSD,0.00020393572049215436,0.00021002700668759644,0.00019654379866551608,6.0929000028409064e-05,0.99932861328125
ZCH0938,1,VSD,NORMAL,0.0012712363386526704,0.9507859945297241,0.0010953069431707263,3.621633004513569e-05,0.04681115224957466
ZCH0939,1,VSD,ASD,0.9300459623336792,0.04585994407534599,0.008771661669015884,0.0016072409925982356,0.013715064153075218
ZCH0940,2,VSD,VSD,0.0006064862827770412,0.023500630632042885,0.00043137968168593943,7.975042535690591e-05,0.9753817915916443
ZCH0941,2,VSD,NORMAL,0.0001427164679626003,0.989781379699707,2.5564921088516712e-05,8.860178240865935e-06,0.010041406378149986
