recording_id,fold,true_label,pred_label,prob_ASD,prob_NORMAL,prob_PDA,prob_PFO,prob_VSD
ZCH0001,2,NORMAL,NORMAL,0.008229778040770887,0.9554870307611819,0.015180537052293282,0.003161492553530633,0.01794116159222342
ZCH0002,1,NORMAL,NORMAL,0.030261743433220224,0.9136202953571587,0.03124717731260255,0.013440135931944966,0.011430647965073676
ZCH0003,0,NORMAL,NORMAL,0.03269838145092787,0.9141302480309473,0.027113457955283058,0.015352953214787884,0.010704959348053858
ZCH0004,4,NORMAL,NORMAL,0.010910507875838502,0.9677950562166429,0.012232436820369473,0.003644353392637676,0.0054176456945114835
ZCH0005,2,NORMAL,NORMAL,0.04716851036928178,0.9248072940517489,0.012996131130165055,0.011976085173076127,0.003051979275728119
ZCH0006,3,NORMAL,NORMAL,0.06804088232997547,0.8464895142918274,0.03420512059288886,0.04026112132845056,0.011003361456857657
ZCH0007,1,NORMAL,NORMAL,0.03703769376510799,0.91456852291961,0.021623377896640567,0.01475708509880071,0.012013320319840703
ZCH0008,0,NORMAL,NORMAL,0.03201916504599065,0.9231137025893429,0.02826162279711917,0.012938310278318125,0.003667199289229043
ZCH0009,1,NORMAL,NORMAL,0.04362038776752355,0.8841323339568002,0.03637108055808851,0.025595741285614985,0.010280456431972675
ZCH0010,1,NORMAL,NORMAL,0.03489416909434597,0.8932110118379755,0.03098217094482916,0.014821097533645406,0.026091550589204093
ZCH0011,4,NORMAL,NORMAL,0.036422561858827945,0.9331619173941735,0.015151695268217467,0.00436553547519346,0.010898290003587446
ZCH0012,2,NORMAL,NORMAL,0.005853153549487003,0.9692076467724533,0.013403367537356459,0.004470110668001673,0.007065721472701638
ZCH0013,4,NORMAL,NORMAL,0.04771032845821394,0.8809996097794148,0.023533702066415012,0.02925270096806924,0.018503658727886955
ZCH0014,2,NORMAL,NORMAL,0.02983334143606353,0.9250442115880342,0.015004302852693123,0.00453918146999121,0.025578962653217904
ZCH0015,1,NORMAL,NORMAL,0.027356545397079737,0.9259018938767134,0.023222726527457743,0.01447510385442191,0.009043730344327273
ZCH0016,1,NORMAL,NORMAL,0.02377974486234935,0.9121881751134994,0.030783046654785866,0.009084742797003822,0.02416429057236172
ZCH0017,0,NORMAL,NORMAL,0.0338453061249093,0.8730725995295294,0.029278264904626882,0.04372695106124765,0.020076878379686684
ZCH0018,0,NORMAL,NORMAL,0.0150008863534165,0.9534213645775559,0.01246807013708483,0.01376513127102392,0.005344547660918805
ZCH0019,0,NORMAL,NORMAL,0.016071572162490038,0.9545497032274384,0.01360089875414844,0.00932340760050989,0.006454418255413408
ZCH0020,1,NORMAL,NORMAL,0.01495751228251968,0.9431413197445246,0.021671319121114103,0.007311428501017568,0.012918420350824113
ZCH0021,3,NORMAL,NORMAL,0.01450483459068718,0.9708670940994096,0.008539052895994534,0.0034472978199749046,0.0026417205939338203
ZCH0022,4,NORMAL,NORMAL,0.011124315056716025,0.9723747856696242,0.007998196797349113,0.003887624635683939,0.0046150778406266885
ZCH0023,4,NORMAL,NORMAL,0.013791348154590821,0.9515361990750131,0.015831981644549575,0.011337977158424314,0.007502493967422155
ZCH0024,4,NORMAL,NORMAL,0.006885957489040637,0.970647967309475,0.011817481235279762,0.006844724301780497,0.0038038696644241607
ZCH0025,1,NORMAL,NORMAL,0.07575163712329942,0.7117046945036484,0.02831339901663052,0.12687597391375566,0.057354295442666105
ZCH0026,0,NORMAL,NORMAL,0.005040505516833467,0.9804976960066736,0.006184978782165469,0.0051338448334811715,0.003142974860846355
ZCH0027,1,NORMAL,NORMAL,0.024383818203953134,0.9140495132911828,0.033413119992128565,0.019051465401953908,0.009102083110781504
ZCH0028,1,NORMAL,NORMAL,0.022324666003983043,0.8855486112471267,0.04196247068512961,0.020722722779788184,0.029441529283972378
ZCH0029,0,NORMAL,NORMAL,0.009172329763573796,0.9644024693597172,0.009473819525747421,0.014712254374281069,0.002239126976680427
ZCH0030,0,NORMAL,NORMAL,0.012543261982770474,0.9494422043194779,0.023756783887767034,0.008509328245806322,0.005748421564178288
ZCH0031,4,NORMAL,NORMAL,0.013950954803443903,0.9285356176219424,0.01408872363192522,0.031923582866732865,0.01150112107595564
ZCH0032,4,NORMAL,NORMAL,0.024932589900844317,0.9312312729649612,0.017725081655268787,0.017306673977745792,0.00880438150117989
ZCH0033,4,NORMAL,NORMAL,0.02220848996112361,0.9206845970708252,0.023723612704033482,0.025602343365749652,0.007780956898268158
ZCH0034,4,NORMAL,NORMAL,0.01839075202545069,0.9476717756604174,0.014546930621735421,0.00990605177588357,0.009484489916513007
ZCH0035,4,NORMAL,NORMAL,0.012790535691441,0.9449426474583936,0.02087677806383735,0.012686023680994613,0.008704015105333434
ZCH0036,4,NORMAL,NORMAL,0.02578468824674838,0.9281268765284042,0.014123706359456268,0.026418515510765402,0.005546213354625889
ZCH0037,4,NORMAL,NORMAL,0.013248938393446045,0.9340232866381404,0.014856119343598819,0.012858384813030555,0.025013270811784314
ZCH0038,0,NORMAL,ASD,0.3416907371965968,0.2561290217967735,0.21135947867874078,0.0335557270672131,0.1572650352606757
ZCH0039,2,NORMAL,NORMAL,0.11331564426336221,0.6509358603272145,0.06744544374688624,0.0341113893927739,0.13419166226976326
ZCH0040,3,NORMAL,PFO,0.21849043200328744,0.08004273124286594,0.3354073998206868,0.35131765997875386,0.014741776954406004
ZCH0041,0,NORMAL,NORMAL,0.027759188016574808,0.9300198538728699,0.01679482623269865,0.01985021391718872,0.0055759179606677586
ZCH0042,4,NORMAL,NORMAL,0.03162813412786348,0.8944542326667075,0.017570794786870285,0.04538966400574924,0.010957174412809566
ZCH0043,0,NORMAL,NORMAL,0.011702106473669477,0.9489720668892829,0.012587925107913728,0.02084846241106662,0.005889439118067265
ZCH0044,3,NORMAL,NORMAL,0.009793299826674366,0.934091719163473,0.014920336758639937,0.030500030871371247,0.010694613379841606
ZCH0045,1,NORMAL,NORMAL,0.02023656279444383,0.8971962335235262,0.039809351049547206,0.015160560775747078,0.027597291856735578
ZCH0046,3,NORMAL,NORMAL,0.012191908176666632,0.9605308411356946,0.016607127503623906,0.0053080430705649195,0.005362080113449958
ZCH0047,3,NORMAL,NORMAL,0.05974163550838369,0.8749265682367839,0.023124594388989384,0.03474133191933969,0.007465869946503162
ZCH0048,1,NORMAL,NORMAL,0.027704426586921793,0.8972940960676943,0.029578407836686683,0.018977625904312054,0.026445443604385308
ZCH0049,0,NORMAL,NORMAL,0.009629818716464077,0.954748770622517,0.012324174098277766,0.015866130916219183,0.007431105646521959
ZCH0050,2,NORMAL,NORMAL,0.008446864090979157,0.9465507519044254,0.020936048523186902,0.016243008209680207,0.00782332727172847
ZCH0051,2,NORMAL,NORMAL,0.01940024103646145,0.9185554479542346,0.02847696253929982,0.00754236293834084,0.02602498553166329
ZCH0052,2,NORMAL,NORMAL,0.003487130020650434,0.9714338295043837,0.01247197097718843,0.00606371926372297,0.0065433502340544
ZCH0053,1,NORMAL,NORMAL,0.025137780325842025,0.893741777775454,0.045728249682194064,0.01454617550045015,0.020846016716059852
ZCH0054,0,NORMAL,NORMAL,0.07745969610253332,0.7456555158919553,0.05673858850164354,0.07641093209340716,0.0437352674104607
ZCH0055,0,NORMAL,NORMAL,0.004651898880663239,0.9804533830515905,0.007258650574791938,0.005151717809056735,0.0024843496838977555
ZCH0056,4,NORMAL,NORMAL,0.12233915823128712,0.7856209655317019,0.024526823852233672,0.02400416987116162,0.0435088825136157
ZCH0057,2,NORMAL,NORMAL,0.10000926871219633,0.8507918826421254,0.023627915239865602,0.019885520230831,0.0056854131749818045
ZCH0058,0,NORMAL,NORMAL,0.008237683067783884,0.9693533790586969,0.010731719292157446,0.005984584529067195,0.005692634052294624
ZCH0059,0,NORMAL,PFO,0.02586700777429749,0.05855769935086674,0.034376760051596,0.871679431468317,0.009519101354922658
ZCH0060,0,NORMAL,NORMAL,0.017871594080557753,0.9475421934778274,0.02099421230042482,0.008166928472803073,0.005425071668386895
ZCH0061,2,NORMAL,NORMAL,0.016471559530213318,0.9045455884760272,0.0522156127546189,0.010134331745505069,0.016632907493635572
ZCH0062,1,NORMAL,NORMAL,0.07025892393085564,0.6183007737638165,0.042953618579703916,0.20900887526510156,0.05947780846052231
ZCH0063,1,NORMAL,NORMAL,0.05307388190728331,0.8449816038091207,0.023304144064181197,0.06585813656649112,0.012782233652923601
ZCH0064,3,NORMAL,PFO,0.11864571114439923,0.1258292334837474,0.1528246168690413,0.5005154101051106,0.10218502839770158
ZCH0065,4,NORMAL,NORMAL,0.02867293175497217,0.8372366348459535,0.0393680542918705,0.08502814051933787,0.009694238587866007
ZCH0066,1,NORMAL,NORMAL,0.13326840066386153,0.692948861797623,0.038273840697577166,0.09193415568775341,0.043574741153184986
ZCH0067,1,NORMAL,NORMAL,0.030315766723364466,0.9112223780354066,0.022317962560184052,0.02408609616590596,0.012057796515138865
ZCH0068,2,NORMAL,NORMAL,0.11912591785450126,0.4207511876770736,0.04624797746841085,0.39009892192778295,0.023775995072231406
ZCH0069,4,NORMAL,NORMAL,0.00544087960702081,0.9729105456524543,0.012619850835381108,0.005267760394501566,0.003760963510642256
ZCH0070,1,NORMAL,NORMAL,0.026187696515997214,0.8828823170411814,0.046298304953831936,0.02255737900265029,0.022074302486339143
ZCH0071,4,NORMAL,NORMAL,0.020017003782500778,0.9195628002820165,0.02379391442753817,0.030111914965147025,0.006514366542797248
ZCH0072,0,NORMAL,NORMAL,0.013131520017753136,0.954580277618361,0.018064859121409742,0.006650789140755572,0.0075725541017205985
ZCH0073,3,NORMAL,NORMAL,0.018074667797789806,0.9590396216415992,0.013376741818878537,0.004265799633175115,0.00524316910855744
ZCH0074,3,NORMAL,NORMAL,0.0490282074852701,0.8937911024727118,0.0296150734480824,0.019857655483283367,0.007707961110652334
ZCH0075,2,NORMAL,NORMAL,0.011721201242176281,0.9554057521748517,0.011877214302803269,0.012455272054447433,0.008540560225721366
ZCH0076,4,NORMAL,NORMAL,0.06738191979102519,0.8509324399565742,0.03018030520343463,0.010692952847586711,0.040812382201379345
ZCH0077,4,NORMAL,NORMAL,0.005943182573801556,0.9709309866016168,0.01059774733325261,0.0063837510269074684,0.006144332464421557
ZCH0078,4,NORMAL,NORMAL,0.00809876837348234,0.9535112785248102,0.019651442014034376,0.004877259938389818,0.013861251149283282
ZCH0079,4,NORMAL,NORMAL,0.0061294707616207905,0.9625686626024916,0.01383131995781251,0.011049124470807739,0.006421422207267453
ZCH0080,3,NORMAL,NORMAL,0.01905323644449176,0.8791036490243971,0.023448352009544322,0.051760901520632556,0.02663386100093432
ZCH0081,1,NORMAL,NORMAL,0.031807592272262465,0.9083661292448378,0.02880853612176618,0.012283030920229794,0.018734711440903756
ZCH0082,1,NORMAL,NORMAL,0.045741130647571605,0.8646876973480172,0.014983165383324603,0.0522150876064305,0.022372919014656246
ZCH0083,1,NORMAL,NORMAL,0.04010824064295323,0.9101180592207465,0.019760366337531303,0.013730485482611169,0.01628284831615781
ZCH0084,0,NORMAL,NORMAL,0.049225385023368595,0.8518907004242002,0.05321242560844566,0.03583197637746523,0.009839512566520343
ZCH0085,0,NORMAL,NORMAL,0.012313152508989103,0.9530094473943581,0.016824806984095417,0.009392953823144378,0.008459639289412846
ZCH0086,4,NORMAL,NORMAL,0.02033225997479053,0.9525293099428237,0.01605545769201622,0.005468848445721136,0.00561412394464851
ZCH0087,0,NORMAL,NORMAL,0.04990231136505764,0.9208054771323471,0.015699839942601542,0.011612385693573564,0.001979985866420258
ZCH0088,2,NORMAL,NORMAL,0.03874034570022721,0.8789019272454242,0.038115648390929444,0.03989172063776012,0.004350358025659106
ZCH0089,3,NORMAL,NORMAL,0.024648704963336637,0.9443189495156407,0.019580665662261052,0.005327997675695476,0.006123682183066324
ZCH0090,3,NORMAL,NORMAL,0.012946139515088115,0.9655974632736375,0.012894091942163123,0.0033820252726745282,0.005180279996436666
ZCH0091,4,NORMAL,NORMAL,0.01801314076929287,0.9409908406875612,0.012699678617187436,0.007566622427491232,0.020729717498467283
ZCH0092,1,NORMAL,NORMAL,0.03392126548303388,0.9165567120271377,0.031414725838654255,0.00888870440423281,0.009218592246941333
ZCH0093,0,NORMAL,NORMAL,0.012630852126256017,0.9591711976392443,0.013733689374536874,0.00860977067994462,0.005854490180018236
ZCH0094,0,NORMAL,NORMAL,0.020564494549450252,0.9275669480354116,0.013301201758757802,0.027992707394523763,0.010574648261856402
ZCH0095,4,NORMAL,NORMAL,0.009341110642950177,0.9629789409959814,0.013733235568215187,0.009225640317054008,0.004721072475799357
ZCH0096,3,NORMAL,NORMAL,0.011742237041087438,0.9426799633211481,0.015165979526397024,0.019141816412204794,0.011270003699162633
ZCH0097,3,NORMAL,NORMAL,0.021403159550267,0.9551564285812448,0.013214724186952534,0.004589941960837093,0.005635745720698597
ZCH0098,2,NORMAL,NORMAL,0.056645585229646106,0.9134977311631223,0.021695199846841866,0.004518879746096089,0.003642604014293598
ZCH0099,1,NORMAL,NORMAL,0.02591347122899732,0.925878056800395,0.023481916055514317,0.016212310878809675,0.008514245036283712
ZCH0100,1,NORMAL,NORMAL,0.030778070364932002,0.9012183888551923,0.028340273698724466,0.02500705802972691,0.014656209051424314
ZCH0101,4,NORMAL,NORMAL,0.009343210497468607,0.9773888021839382,0.006976761189001375,0.002709640750149188,0.00358158537944271
ZCH0102,4,NORMAL,NORMAL,0.006789289612290626,0.9686169598378838,0.011889711912523873,0.009331311062841602,0.003372727574460183
ZCH0103,2,NORMAL,NORMAL,0.043437922136558615,0.6837613904624487,0.14314596379437555,0.11879740279786427,0.010857320808752855
ZCH0104,3,NORMAL,NORMAL,0.02205561778581585,0.9240246000650002,0.026525585263626,0.019244703220648002,0.008149493664909968
ZCH0105,0,NORMAL,NORMAL,0.013791932458541682,0.9587803392192794,0.014630298481518499,0.007160939766773478,0.005636490073886844
ZCH0106,1,NORMAL,PFO,0.008454435954787334,0.3383586597255583,0.029326942112588388,0.6175797796486059,0.00628018255846017
ZCH0107,1,NORMAL,NORMAL,0.013745868144713864,0.9214312214435929,0.03197832719051148,0.013764761255016288,0.019079821966165405
ZCH0108,3,NORMAL,NORMAL,0.01667738456580944,0.9040198534097149,0.03438881031332215,0.034116980511744784,0.010796971199408596
ZCH0109,4,NORMAL,NORMAL,0.03888090202592707,0.857084056718947,0.04852419535315357,0.034173995536703396,0.02133685036526898
ZCH0110,2,NORMAL,NORMAL,0.03392942062606829,0.9020434839896239,0.04253266108181461,0.010600416003432686,0.010894018299060561
ZCH0111,4,NORMAL,NORMAL,0.18623658251543188,0.7036308979249529,0.026673215550280238,0.012795894448941624,0.07066340956039341
ZCH0112,2,NORMAL,NORMAL,0.05507353274111159,0.7904066872267281,0.04276966033164442,0.09939766722659711,0.012352452473918845
ZCH0113,0,NORMAL,NORMAL,0.006842061708322247,0.9609114477604522,0.011075747030983756,0.015977386048585545,0.005193357451656177
ZCH0114,2,NORMAL,NORMAL,0.05308974177553432,0.7719806914351962,0.037314927770402725,0.12224529067600982,0.015369348342857019
ZCH0115,2,NORMAL,NORMAL,0.00805720933214365,0.9585371090566897,0.015709830363381992,0.012288820618168897,0.005407030629615766
ZCH0116,2,NORMAL,NORMAL,0.0202419357406691,0.9267321601357091,0.019463948814774923,0.0249918739901737,0.008570081318673154
ZCH0117,3,NORMAL,NORMAL,0.10467853920692789,0.6143409510112364,0.03480557184795681,0.13274642409774182,0.11342851383613699
ZCH0118,4,NORMAL,NORMAL,0.006117043664914811,0.9788361578513514,0.007926278911750963,0.006041855493198498,0.001078664078784365
ZCH0119,1,NORMAL,NORMAL,0.26301626922744853,0.6795897583670699,0.02651852683591747,0.025001159252287943,0.005874286317275936
ZCH0120,1,NORMAL,NORMAL,0.022409644750445764,0.9124270817627885,0.03428525397284082,0.014575366367288461,0.01630265314663636
ZCH0121,3,NORMAL,NORMAL,0.013101139847642107,0.9608109014063563,0.017112292462385333,0.0044728386366195754,0.004502827646996508
ZCH0122,4,NORMAL,NORMAL,0.16773008314423832,0.6776884461514926,0.04974447837668092,0.06066712170487236,0.04416987062271584
ZCH0123,3,NORMAL,NORMAL,0.009897439378278685,0.9657830279522236,0.01103630665637094,0.0064306733571429485,0.006852552655983909
ZCH0124,1,NORMAL,NORMAL,0.014690448795737046,0.9381958920507806,0.022020457388213253,0.012611335853941474,0.012481865911327694
ZCH0125,1,NORMAL,NORMAL,0.10222237071465362,0.7899039108950702,0.03826827881162481,0.050495378758546365,0.01911006082010502
ZCH0126,2,NORMAL,NORMAL,0.009804134776193874,0.9607865530081662,0.013008297778079618,0.011442448323763278,0.004958566113797029
ZCH0127,3,NORMAL,NORMAL,0.014144347929423613,0.961896038436259,0.015796067287754678,0.002827394705558046,0.005336151641004504
ZCH0128,0,NORMAL,NORMAL,0.020941123859402014,0.9232530804092296,0.03510962120434492,0.0170480210546068,0.0036481534724166534
ZCH0129,4,NORMAL,NORMAL,0.007344420134017919,0.9602805385639966,0.015397565438446949,0.009662416142569191,0.007315059720969206
ZCH0130,1,NORMAL,NORMAL,0.03312899226065014,0.9281942260620093,0.01610051332848611,0.01047325649442834,0.01210301185442615
ZCH0131,2,NORMAL,NORMAL,0.003129303235350933,0.9727386599497023,0.014192420565573604,0.0056939942849275026,0.004245621964445757
ZCH0132,3,NORMAL,NORMAL,0.15596425411007997,0.5046451688009984,0.07363180965942963,0.10767081731842591,0.15808795011106616
ZCH0133,2,NORMAL,NORMAL,0.0055778404399469345,0.9522498859778656,0.01902850595822066,0.017659707453429273,0.005484060170537525
ZCH0134,2,NORMAL,NORMAL,0.010268997287788247,0.966945296642382,0.010284347903797331,0.0072900908640495974,0.005211267301982807
ZCH0135,4,NORMAL,NORMAL,0.0019749584131041765,0.973239211650879,0.01285304831807852,0.009361522301852873,0.002571259316085549
ZCH0136,0,NORMAL,NORMAL,0.05806964841504926,0.8756928714167314,0.02662978898773555,0.02333993696650822,0.01626775421397556
ZCH0137,0,NORMAL,NORMAL,0.017085419979608822,0.9541905008843281,0.013996727470107977,0.007582083508211323,0.007145268157743903
ZCH0138,1,NORMAL,NORMAL,0.01017549190991225,0.9337187771970442,0.027919011115487766,0.01720178159968596,0.010984938177869743
ZCH0139,2,NORMAL,NORMAL,0.008167731450635861,0.9739826987304171,0.009727381819588458,0.0037238239237845808,0.004398364075573995
ZCH0140,2,NORMAL,ASD,0.39997118736682385,0.24341864482811643,0.13326937046424844,0.17767831889344907,0.04566247844736224
ZCH0141,2,NORMAL,NORMAL,0.14417310571157615,0.66536622640193,0.07064411863729321,0.09996737841689028,0.019849170832310376
ZCH0142,1,NORMAL,NORMAL,0.018803663633786452,0.9373334966915171,0.02227144079254849,0.01136938492665837,0.010222013955489384
ZCH0143,3,NORMAL,NORMAL,0.01624188484030751,0.9620768159942593,0.013563355343173709,0.004351404820068537,0.0037665390021908757
ZCH0144,1,NORMAL,NORMAL,0.034493299875101774,0.8984124835024788,0.03159576139711738,0.014974117589443092,0.020524337635858973
ZCH0145,3,NORMAL,NORMAL,0.006155002280627225,0.9830798143738946,0.006970672903464935,0.0019492796438603426,0.001845230798152777
ZCH0146,3,NORMAL,NORMAL,0.013359334024524995,0.9670806890578096,0.009713614266480718,0.005690340005435309,0.0041560226457492
ZCH0147,0,NORMAL,NORMAL,0.011260664782041572,0.9646815726668793,0.01131162494856943,0.007453874560527252,0.005292263041982559
ZCH0148,3,NORMAL,NORMAL,0.017344835920915364,0.9538527827735943,0.014547683781944922,0.008425478418431357,0.0058292191051139575
ZCH0149,3,NORMAL,NORMAL,0.01541728831842074,0.9484994577782168,0.011899586573057267,0.017663833004073152,0.0065198343262321806
ZCH0150,1,NORMAL,NORMAL,0.043265582721265315,0.9006503982946202,0.023658769784994912,0.01467388143847862,0.017751367760640985
ZCH0151,4,NORMAL,NORMAL,0.014340200614072702,0.9628169381284053,0.008250027176570952,0.012360940456157559,0.002231893624793543
ZCH0152,1,NORMAL,NORMAL,0.016953756614934524,0.9329881768938928,0.023512224451074974,0.014432743679063224,0.012113098361034393
ZCH0153,4,NORMAL,NORMAL,0.03517131449704255,0.918165135415337,0.022015483960507745,0.013320296212670994,0.011327769914441628
ZCH0154,2,NORMAL,NORMAL,0.05381315335226046,0.9164996226095828,0.021887671028775642,0.0034218548579349937,0.004377698151446022
ZCH0155,2,NORMAL,NORMAL,0.011269902371675428,0.9610747546884335,0.01769895046307725,0.00295083453975024,0.007005557937063644
ZCH0156,0,NORMAL,NORMAL,0.017941568938767527,0.9578730900022239,0.011339081842955009,0.009041583454828299,0.0038046757612252564
ZCH0157,3,NORMAL,NORMAL,0.019632396040280994,0.9318806329160713,0.02459576488263242,0.016263766301333655,0.0076274398596817145
ZCH0158,1,NORMAL,PFO,0.1299272269476683,0.3183681591961183,0.03807899799223094,0.4975158624720088,0.016109753391973732
ZCH0159,0,NORMAL,NORMAL,0.024125272940803577,0.9218061901097433,0.025113363688685136,0.015572765168774575,0.01338240809199341
ZCH0160,0,NORMAL,NORMAL,0.05238817424594842,0.8344344998048971,0.035950774763290616,0.05942255986987317,0.017803991315990676
ZCH0161,0,NORMAL,NORMAL,0.008075432836544612,0.9629933392999598,0.012584747182108958,0.008975584398620756,0.007370896282765863
ZCH0162,3,NORMAL,NORMAL,0.016622081513799816,0.9365055331369436,0.019237350238926986,0.018914057750908958,0.008720977359420541
ZCH0163,1,NORMAL,NORMAL,0.02151480963865981,0.9115408675366092,0.02919206387870756,0.024421132799364833,0.013331126146658634
ZCH0164,0,NORMAL,NORMAL,0.07704099133577473,0.8368810249616451,0.034236328337058745,0.041876830909332204,0.009964824456189266
ZCH0165,4,NORMAL,NORMAL,0.0029663393818139348,0.9676829182207259,0.016320811603324117,0.008497074381211651,0.004532856412924499
ZCH0166,1,NORMAL,NORMAL,0.22293205294789814,0.40029006428019237,0.1365845052546454,0.19523819871931578,0.04495517879794813
ZCH0167,2,NORMAL,NORMAL,0.18987783048464582,0.6756346275058458,0.03824141615164305,0.08485283841979345,0.011393287438071942
ZCH0168,0,NORMAL,NORMAL,0.01503047332599159,0.9551579842566139,0.017027810386135798,0.006110269817188861,0.0066734622140699335
ZCH0169,0,NORMAL,NORMAL,0.021011127570601477,0.9508831474514492,0.016144069674365005,0.008063729470597924,0.0038979258329862538
ZCH0170,4,NORMAL,NORMAL,0.006842178583813484,0.9542135487193877,0.0222522220912815,0.008898504863775306,0.0077935457417419255
ZCH0171,3,NORMAL,NORMAL,0.011200119024306709,0.9730965728682602,0.010575249074806467,0.0018516245960590015,0.0032764344365675446
ZCH0172,1,NORMAL,NORMAL,0.018883345996074313,0.9265024258477835,0.02839623645165931,0.010053726620215551,0.016164265084267253
ZCH0173,0,NORMAL,NORMAL,0.007869282066981332,0.9689025687355564,0.010127035392316661,0.0106758056008948,0.002425308204250928
ZCH0174,4,NORMAL,PFO,0.012069947005411231,0.43282685127600135,0.031047093799067307,0.48535871236862443,0.03869739555089549
ZCH0175,4,NORMAL,PFO,0.016141225260399537,0.4209932414191984,0.01865883861912193,0.5329176967987627,0.011288997902517488
ZCH0176,1,NORMAL,NORMAL,0.025221077915805447,0.9222561837002027,0.023636550491846847,0.01283826185626865,0.0160479260358764
ZCH0177,0,NORMAL,NORMAL,0.038493035261893765,0.8992190551636876,0.02102763013101232,0.03195042471604448,0.009309854727361882
ZCH0178,1,NORMAL,NORMAL,0.028217698387678847,0.9043680367747896,0.04019324159584775,0.012331563959192457,0.014889459282491205
ZCH0179,1,NORMAL,NORMAL,0.01639371324605316,0.9211543518357548,0.026619491344886746,0.0182531430207148,0.01757930055259056
ZCH0180,3,NORMAL,NORMAL,0.016231292154649288,0.9713636611032876,0.007609151103545496,0.002853255827325111,0.0019426398111924885
ZCH0181,2,NORMAL,NORMAL,0.00501690092187745,0.9637716341569932,0.017499547699149243,0.004761826053236026,0.008950091168744161
ZCH0182,4,NORMAL,NORMAL,0.004936702887611275,0.97795267459701,0.007655454488610219,0.0060851142085638415,0.003370053818204635
ZCH0183,3,NORMAL,NORMAL,0.2235104283291549,0.6962011328883719,0.024931253175681414,0.05103632090744545,0.004320864699346153
ZCH0184,1,NORMAL,NORMAL,0.0752876546872193,0.8755064305967405,0.015898856483815723,0.025812359759135647,0.007494698473088786
ZCH0185,4,NORMAL,NORMAL,0.041116452643724835,0.893346693129013,0.014161640484342847,0.04737731054692882,0.0039979031959903235
ZCH0186,4,NORMAL,NORMAL,0.005587104302829229,0.9692181148560878,0.00867931236092449,0.010112698927384265,0.006402769552774285
ZCH0187,1,NORMAL,NORMAL,0.06363668297608738,0.8385317419725188,0.0355475519446286,0.053411202819208956,0.008872820287556355
ZCH0188,2,NORMAL,NORMAL,0.02739446321837046,0.8923448314933412,0.051370463889654445,0.011670072610868408,0.017220168787765548
ZCH0189,1,NORMAL,NORMAL,0.02949937903652587,0.8903973256205362,0.03521488535838946,0.035582624444144374,0.009305785540403958
ZCH0190,1,NORMAL,NORMAL,0.019697779977755545,0.921685438824681,0.028801794423496018,0.018631524857924995,0.01118346191614249
ZCH0191,0,NORMAL,NORMAL,0.013717151178506191,0.945394287281338,0.014503234153619045,0.01964959189875864,0.006735735487778165
ZCH0192,4,NORMAL,NORMAL,0.0176870017745372,0.9637985095605338,0.010169239377408561,0.003766150028616628,0.004579099258903902
ZCH0193,3,NORMAL,NORMAL,0.066863379735474,0.8398753140190772,0.03504327886763798,0.033417514168009345,0.024800513209801568
ZCH0194,3,NORMAL,NORMAL,0.01627896204046262,0.9607551630594308,0.015298127341686897,0.00380578444215549,0.0038619631162641536
ZCH0195,2,NORMAL,NORMAL,0.010105970617125527,0.9662398217621553,0.011292824779524563,0.0029687087966372427,0.009392674044557469
ZCH0196,4,NORMAL,NORMAL,0.007670981801985826,0.9668015843635502,0.009360770499024474,0.008891803749460395,0.007274859585979123
ZCH0197,3,NORMAL,NORMAL,0.029212521077354513,0.8818226489627382,0.013018152384503242,0.07165888920158035,0.00428778837382374
ZCH0198,3,NORMAL,NORMAL,0.05398084407542144,0.8154920712110565,0.014699265232978482,0.09528324597357403,0.020544573506969473
ZCH0199,0,NORMAL,NORMAL,0.013822367206397226,0.9524282379294668,0.018243908987117818,0.007435219704696563,0.008070266172321636
ZCH0200,1,NORMAL,NORMAL,0.017244331663287236,0.9383252318350577,0.02331191524169912,0.013364345391915325,0.007754175868040766
ZCH0201,0,NORMAL,NORMAL,0.013088701653040321,0.8670901292107359,0.011108437543413757,0.10281045740962237,0.00590227418318767
ZCH0202,4,NORMAL,NORMAL,0.011020003334265347,0.970536168388302,0.00907388843141551,0.0049408685069233646,0.004429071339093807
ZCH0203,3,NORMAL,NORMAL,0.013723535932271208,0.9632401042626907,0.012169486526427515,0.005208323550761726,0.005658549727848926
ZCH0204,0,NORMAL,NORMAL,0.010426276404998266,0.9625382616196811,0.011407335473690555,0.00784265072528532,0.007785475776344694
ZCH0205,1,NORMAL,NORMAL,0.08584690159148871,0.861824026945411,0.02460307179365194,0.02337781256385356,0.0043481871055948635
ZCH0206,2,NORMAL,NORMAL,0.011162488334471964,0.9570199479172897,0.015395462461223275,0.007262360869748135,0.009159740417266873
ZCH0207,0,NORMAL,NORMAL,0.00532342487380875,0.9641461585502283,0.01000734759518574,0.012652553615089896,0.007870515365687236
ZCH0208,4,NORMAL,NORMAL,0.003525774014638592,0.9819315581991553,0.0075548056317221775,0.003473319065626222,0.003514543088857652
ZCH0209,3,NORMAL,NORMAL,0.01639559294168597,0.9425978867064807,0.021296165827247276,0.011261131319898674,0.008449223204687458
ZCH0210,2,NORMAL,NORMAL,0.029229133344276365,0.9461807596612472,0.011259103463775708,0.010050310989314264,0.0032806925413866165
ZCH0211,4,NORMAL,NORMAL,0.01005042881326504,0.9708021412709225,0.0073925539608906375,0.009173947407860972,0.0025809285470609496
ZCH0212,1,NORMAL,NORMAL,0.12795193236915237,0.8243736191778698,0.023404805481137603,0.011082802237785737,0.013186840734054501
ZCH0213,3,NORMAL,NORMAL,0.05864284578468167,0.9151932154739962,0.00949242868204348,0.006029563420895151,0.010641946638383458
ZCH0214,0,NORMAL,NORMAL,0.03176265821393881,0.9366488534114337,0.013368268003949222,0.010432056107220039,0.007788164263458326
ZCH0215,0,NORMAL,NORMAL,0.026600825142136533,0.9250323416670772,0.025637219123925713,0.013402235229832377,0.009327378837028132
ZCH0216,4,NORMAL,NORMAL,0.02140588115928026,0.9502327303561228,0.016809693966008097,0.006419211085755552,0.005132483432833336
ZCH0217,4,NORMAL,NORMAL,0.010806281591630464,0.9591997971293665,0.014735382622595035,0.00456259647752782,0.010695942178880197
ZCH0218,2,NORMAL,NORMAL,0.01448059968143512,0.9609390794207741,0.013161979439187855,0.005309752388747743,0.006108589069855242
ZCH0219,2,NORMAL,NORMAL,0.005782522208974153,0.9689362030480373,0.009776756932231042,0.009097494787819557,0.006407023022938013
ZCH0220,3,NORMAL,NORMAL,0.028597731556413056,0.9453280034108673,0.012181852620834576,0.005613262837654475,0.008279149574230461
ZCH0221,4,NORMAL,NORMAL,0.014757860065728007,0.9591048145870418,0.015512160928194357,0.005789061693353152,0.004836102725682736
ZCH0222,0,NORMAL,NORMAL,0.03461494411249731,0.9251082939163341,0.01806749938953743,0.008700191299969616,0.013509071281661593
ZCH0223,0,NORMAL,NORMAL,0.09423819704025665,0.8569306152612322,0.013471006148260472,0.012133232250681275,0.023226949299569435
ZCH0224,3,NORMAL,NORMAL,0.02065630750264323,0.950767642264391,0.010542314090456124,0.011268463677708927,0.0067652724648006365
ZCH0225,0,NORMAL,NORMAL,0.022842438849984877,0.9279194164515454,0.031931026915504424,0.009567983905743776,0.007739133877221541
ZCH0226,0,NORMAL,NORMAL,0.03571250745756339,0.9037318210951943,0.01865292679908537,0.03529949975881097,0.00660324488934591
ZCH0227,0,NORMAL,NORMAL,0.03221381141134044,0.9127091151319087,0.03243659220005869,0.007167360773918162,0.015473120482774196
ZCH0228,0,NORMAL,NORMAL,0.012204138143197785,0.9600625568683511,0.01441470510287943,0.007972373320553713,0.005346226565018104
ZCH0229,2,NORMAL,NORMAL,0.03301743103347572,0.917942442682942,0.016442078379660354,0.029690507783883414,0.0029075401200383613
ZCH0230,0,NORMAL,NORMAL,0.02639247636183216,0.9413265869597653,0.01482269921866548,0.008681783695541215,0.008776453764195747
ZCH0231,0,NORMAL,NORMAL,0.01196133638022238,0.9606809251090359,0.011627170529638789,0.00913028537136877,0.006600282609734225
ZCH0232,2,NORMAL,NORMAL,0.019028666499408924,0.9531084727574287,0.012922217253860308,0.00490331212622467,0.010037331363077473
ZCH0233,3,NORMAL,NORMAL,0.0378239343410524,0.9387444487901868,0.01212482407326629,0.004897893628924899,0.00640889916656958
ZCH0234,1,NORMAL,NORMAL,0.22352781073511974,0.604625273191634,0.057484317602333385,0.09601487748172745,0.018347720989185447
ZCH0235,4,NORMAL,NORMAL,0.008592100180247841,0.9680909860357805,0.011669056929553898,0.006968073927565986,0.004679782926851865
ZCH0236,2,NORMAL,NORMAL,0.01408512954012542,0.9509220612440877,0.014460665389708378,0.013889114581924052,0.006643029244154411
ZCH0237,2,NORMAL,NORMAL,0.045367397121860324,0.9281895661422334,0.01498136610303952,0.0073677371755262915,0.00409393345734042
ZCH0238,2,NORMAL,NORMAL,0.019437907289877484,0.9566951624662787,0.012384995090426756,0.007025167904850614,0.004456767248566429
ZCH0239,2,NORMAL,NORMAL,0.08464305051831372,0.8287046450837864,0.019004953109431684,0.05859643176741389,0.009050919521054251
ZCH0240,4,NORMAL,NORMAL,0.007902056785338405,0.9742216604156159,0.01028455384199875,0.005454052565364431,0.0021376763916825287
ZCH0241,0,NORMAL,NORMAL,0.024737714183258822,0.9318004917364205,0.017258252587008496,0.016247502973731363,0.009956038519580754
ZCH0242,3,NORMAL,NORMAL,0.01470237544793005,0.9665338332038319,0.009667302920078688,0.002477277903477925,0.006619210524681486
ZCH0243,3,NORMAL,NORMAL,0.014052158987637812,0.969223851441243,0.00926496818125605,0.004818233068301371,0.0026407883215618794
ZCH0244,2,NORMAL,NORMAL,0.11252782012060945,0.7123664285142205,0.06857529083967065,0.028342750451288166,0.07818771007421131
ZCH0245,2,NORMAL,NORMAL,0.005013454293815154,0.9739440214786431,0.01098448107337051,0.006546818028895627,0.0035112251252756195
ZCH0246,4,NORMAL,NORMAL,0.010155259977019304,0.9684310347318109,0.011029330540257875,0.006674228226269134,0.0037101465246427625
ZCH0247,0,NORMAL,NORMAL,0.042999373511932934,0.9238547830207884,0.013860890397395477,0.011433566988542141,0.007851386081341019
ZCH0248,4,NORMAL,NORMAL,0.05871476734715537,0.8509252358620737,0.040274186954963334,0.03815292163797013,0.011932888197837332
ZCH0249,3,NORMAL,NORMAL,0.015425595518681189,0.9598918972220707,0.018124663043787157,0.0019960491473735927,0.0045617950680873565
ZCH0250,4,NORMAL,NORMAL,0.010120723065772845,0.9543823237353587,0.014575575132403783,0.00963797903839653,0.01128339902806815
ZCH0251,3,NORMAL,NORMAL,0.01109393891653637,0.975376542937843,0.007381038700721102,0.003453851957353186,0.0026946274875461543
ZCH0252,1,NORMAL,NORMAL,0.050029322275704904,0.9035735508863771,0.022642898845184875,0.013140786128679577,0.010613441864053656
ZCH0253,4,NORMAL,NORMAL,0.008397707331587805,0.9707533442360577,0.012778731859092082,0.005009957132779212,0.003060259440483242
ZCH0254,4,NORMAL,NORMAL,0.021448726242896583,0.9380366107248778,0.015203089899236522,0.01658148693608523,0.00873008619690397
ZCH0255,2,NORMAL,NORMAL,0.01220559765233509,0.9659124621998293,0.01676524198424281,0.0035327670790048765,0.0015839310845879948
ZCH0256,4,NORMAL,NORMAL,0.004286009900684439,0.9602188207421711,0.011757991274692696,0.02105549334740763,0.002681684735044246
ZCH0257,3,NORMAL,NORMAL,0.01057439284236659,0.976683928799473,0.006917923698478555,0.002599300555852752,0.0032244541038290607
ZCH0258,2,NORMAL,NORMAL,0.020372961545370508,0.952041665189849,0.010191732707197386,0.012179618809274003,0.0052140217483091006
ZCH0259,2,NORMAL,PDA,0.15108217712363436,0.17373625798346387,0.6198502652841836,0.038192686385581466,0.01713861322313667
ZCH0260,3,NORMAL,NORMAL,0.04900288075080859,0.9168783434958102,0.015566306488933278,0.013009727524946967,0.005542741739500947
ZCH0261,1,NORMAL,NORMAL,0.04767236246454566,0.8825093584187187,0.025603190623108524,0.025269572338097616,0.018945516155529342
ZCH0262,4,NORMAL,NORMAL,0.004391486682365111,0.9748813560178698,0.011371573146736374,0.005261346355655116,0.004094237797373497
ZCH0263,1,NORMAL,NORMAL,0.03730916039155592,0.9135634530789267,0.02893388805781375,0.014019721947450983,0.006173776524252686
ZCH0264,0,NORMAL,NORMAL,0.02406532722489479,0.940195811246778,0.017747136771433927,0.0077585784183546395,0.010233146338538742
ZCH0265,0,NORMAL,NORMAL,0.030350659905845897,0.792833711511422,0.05118817922470426,0.1163768770072813,0.0092505723507466
ZCH0266,4,NORMAL,NORMAL,0.04537003798881408,0.874340224516985,0.03674997531678906,0.026672890949824037,0.016866871227587805
ZCH0267,3,NORMAL,NORMAL,0.06669006692898634,0.8523400327531239,0.033542861084516803,0.027760124231058166,0.019666915002314937
ZCH0268,4,NORMAL,NORMAL,0.007881069282359482,0.9629166435074071,0.01783769484522606,0.006434504634348641,0.004930087730658725
ZCH0269,0,NORMAL,NORMAL,0.011141112931003616,0.9690852966987447,0.00985960074025186,0.006049160633085321,0.0038648289969145143
ZCH0270,3,NORMAL,NORMAL,0.2475173297976595,0.3443564856348951,0.06278033352103722,0.29618873818293884,0.04915711286346941
ZCH0271,3,NORMAL,NORMAL,0.018483805311925113,0.917693737725966,0.027927893102229744,0.020243124829388087,0.015651439030491203
ZCH0272,1,NORMAL,NORMAL,0.09323532835091644,0.8420950304453771,0.030101201634198094,0.023453456049119702,0.011114983520388675
ZCH0273,3,NORMAL,NORMAL,0.14937263736371048,0.6573683498196262,0.06788603824198551,0.05726950099772525,0.06810347357695272
ZCH0274,4,NORMAL,NORMAL,0.0657902624545465,0.8578642853675735,0.025381171218660646,0.04251986526835057,0.008444415690868678
ZCH0275,3,NORMAL,NORMAL,0.014414373655659191,0.9584107530356479,0.0169233792342447,0.005677230327300849,0.004574263747147312
ZCH0276,3,NORMAL,NORMAL,0.02151436264995752,0.9576257970241611,0.005928486916484835,0.008558475160532895,0.006372878248863714
ZCH0277,3,NORMAL,NORMAL,0.015954475287993014,0.9515931859754041,0.01507138744866476,0.010106214343481966,0.007274736944456252
ZCH0278,2,NORMAL,NORMAL,0.009088571166842124,0.9454954556873323,0.01946568713241242,0.01924619471849531,0.0067040912949179795
ZCH0279,4,NORMAL,NORMAL,0.0072154474622779935,0.9655387924225661,0.013316450127422722,0.010024530345084265,0.0039047796426489
ZCH0280,2,NORMAL,NORMAL,0.10062741427957325,0.7781326544928616,0.04948139543018104,0.045886612237369256,0.025871923560014862
ZCH0281,0,NORMAL,NORMAL,0.019462435481079704,0.9575706444924154,0.010813294993890311,0.00678463427785337,0.005368990754761232
ZCH0282,1,NORMAL,NORMAL,0.027003557896722936,0.92229347366966,0.02521090066139585,0.014437968123576195,0.011054099648645063
ZCH0283,0,NORMAL,NORMAL,0.019066084800089526,0.9519203775978474,0.013655525826591394,0.008385479300292412,0.006972532475179315
ZCH0284,2,NORMAL,NORMAL,0.10564739184691549,0.8179191990024534,0.031063069023985028,0.0364358884180533,0.008934451708592707
ZCH0285,3,NORMAL,NORMAL,0.04273134678746344,0.9251867465035444,0.014853869821823094,0.012036025692183492,0.005192011194985562
ZCH0286,3,NORMAL,NORMAL,0.02055731325703599,0.9604335410846093,0.011572026301562713,0.00416125033403704,0.0032758690227548013
ZCH0287,0,NORMAL,NORMAL,0.05484827488827016,0.8813535414006843,0.022665821496286636,0.027832330966680436,0.013300031248078485
ZCH0288,4,NORMAL,NORMAL,0.007417674109113538,0.9396259144238873,0.01336586305208229,0.0228677941741538,0.01672275424076305
ZCH0289,2,NORMAL,NORMAL,0.010506343379558875,0.9600385529728886,0.014201150335105363,0.005950734380906649,0.00930321893154039
ZCH0290,4,NORMAL,NORMAL,0.016667287386198135,0.9534414390354308,0.012404835253050148,0.004189309633241242,0.01329712869207965
ZCH0291,3,NORMAL,NORMAL,0.0629391246002532,0.8604283005788137,0.022858971878552185,0.04612154372737639,0.007652059215004542
ZCH0292,4,NORMAL,NORMAL,0.004202944176138517,0.9689156933442676,0.011555156639390435,0.008648557486716186,0.006677648353487207
ZCH0293,4,NORMAL,NORMAL,0.006608608206554191,0.9661330584999407,0.012921930849865414,0.010862985163758387,0.0034734172798813385
ZCH0294,2,NORMAL,NORMAL,0.006305329675169071,0.9698200678181582,0.012758553623236378,0.00515630914514553,0.00595973973829088
ZCH0295,1,NORMAL,NORMAL,0.13152385807691627,0.6223013858084426,0.07419341199127501,0.13726690332600844,0.03471444079735765
ZCH0296,4,NORMAL,NORMAL,0.02894830807115573,0.8962012394338305,0.02702627883525086,0.00745099229264723,0.04037318136711582
ZCH0297,0,NORMAL,NORMAL,0.009399654725509006,0.9660151401456393,0.008221899118689781,0.006431786538263416,0.009931519471898579
ZCH0298,4,NORMAL,VSD,0.13663473052216055,0.2524199901812594,0.2541907487687768,0.09549222195238435,0.2612623085754189
ZCH0299,3,NORMAL,NORMAL,0.20069668996683804,0.717767234389751,0.02730379326868715,0.017939615134868206,0.036292667239855726
ZCH0300,1,NORMAL,NORMAL,0.04585375507540158,0.9023680143516744,0.023449199334438616,0.02091242565129561,0.007416605587189964
ZCH0301,0,NORMAL,NORMAL,0.020210454240160727,0.9087145866101984,0.02518856826329644,0.031133430089099676,0.014752960797244802
ZCH0302,2,NORMAL,NORMAL,0.03785798133683051,0.9203085684886644,0.014979018013714651,0.018874175855775714,0.007980256305014841
ZCH0303,3,NORMAL,NORMAL,0.02079045159054895,0.955197880285244,0.012733199255002544,0.004280229465093081,0.006998239404111547
ZCH0304,0,NORMAL,NORMAL,0.02202832423174383,0.7887718152153621,0.016027210421751092,0.14488087303732733,0.028291777093815685
ZCH0305,3,NORMAL,NORMAL,0.1426883649332471,0.7608620537290324,0.03330506513519318,0.04221580111037804,0.020928715092149348
ZCH0306,1,NORMAL,NORMAL,0.024136814649215958,0.9135988018304301,0.03709862780065633,0.009982788050779274,0.015182967668918489
ZCH0307,4,NORMAL,NORMAL,0.02163859140319755,0.9505320359385576,0.014435207025879793,0.008541969803901126,0.004852195828464004
ZCH0308,1,NORMAL,NORMAL,0.023603435401472517,0.9249695274750295,0.027089059228365055,0.013764719940183245,0.010573257954949837
ZCH0309,2,NORMAL,NORMAL,0.12262737597826626,0.7837968893826277,0.05369024993323662,0.015574603028010883,0.0243108816778587
ZCH0310,4,NORMAL,NORMAL,0.005272359613367312,0.9714334544149971,0.012644239189469123,0.006219640751163778,0.00443030603100269
ZCH0311,4,NORMAL,NORMAL,0.004592544983697318,0.9437990098917961,0.009090177006705242,0.03922886335940859,0.0032894047583928924
ZCH0312,1,NORMAL,NORMAL,0.052548788733013475,0.857480585480862,0.03965012419827182,0.0302980978205789,0.02002240376727369
ZCH0313,3,NORMAL,NORMAL,0.18268766255300956,0.7657573499828985,0.017416660363068926,0.017983077093547583,0.016155250007475537
ZCH0314,2,NORMAL,NORMAL,0.03280787447144313,0.9323773367456752,0.020065281718945675,0.007288206868694777,0.007461300195241164
ZCH0315,2,NORMAL,NORMAL,0.006067878751986756,0.9606123144629896,0.013646759757680782,0.009958565135678587,0.009714481891664186
ZCH0316,3,NORMAL,NORMAL,0.02040907531759133,0.954178054423748,0.015198075184065117,0.005300898090490696,0.004913896984104835
ZCH0317,4,NORMAL,NORMAL,0.18848002412412157,0.6401393535604546,0.024221445740189976,0.01071323933067299,0.13644593724456094
ZCH0318,1,NORMAL,NORMAL,0.03884558891679737,0.902655895475015,0.030897369765172954,0.020258315461499567,0.0073428303815150624
ZCH0319,2,NORMAL,NORMAL,0.019537990432646583,0.9491302812308856,0.012815872053696858,0.006540261341984479,0.01197559494078643
ZCH0320,1,NORMAL,NORMAL,0.03197590816575507,0.910804692163476,0.029410842568666832,0.010519783999021367,0.017288773103080725
ZCH0321,2,NORMAL,NORMAL,0.0064816682647437915,0.9692887478295542,0.012527994364647098,0.005003170804454273,0.006698418736600634
ZCH0322,0,NORMAL,NORMAL,0.012704917226109948,0.9609401084646477,0.012678359940313421,0.006467396989696642,0.007209217379232198
ZCH0323,3,NORMAL,NORMAL,0.01805802811310013,0.9677860845708156,0.009115782816272273,0.0016778045444527736,0.003362299955359358
ZCH0324,4,NORMAL,NORMAL,0.16560851372969781,0.7676326196996384,0.025704185960848416,0.035073816036824,0.00598086457299128
ZCH0325,2,NORMAL,NORMAL,0.010717316999921742,0.971138846436445,0.006808227233568297,0.00676575757973225,0.004569851750332626
ZCH0326,3,NORMAL,NORMAL,0.022964505755464167,0.9570419814987887,0.012120670865632828,0.0036269960138235933,0.004245845866290721
ZCH0327,3,NORMAL,NORMAL,0.04277937158117586,0.9151136085202618,0.02320333568401172,0.008566037277561812,0.010337646936988952
ZCH0328,2,NORMAL,NORMAL,0.019807536847775954,0.9517043982340804,0.010450751690762662,0.014270241165308074,0.0037670720620728328
ZCH0329,2,NORMAL,NORMAL,0.018160004693526306,0.9068272520170614,0.01543105897260734,0.016165727956735723,0.04341595636006923
ZCH0330,3,NORMAL,NORMAL,0.007994896394307732,0.9715053280688996,0.011492606474580034,0.0036109575525664155,0.00539621150964614
ZCH0331,2,NORMAL,ASD,0.49640942500752844,0.36436263834777355,0.05468873308127015,0.014074311579752783,0.07046489198367507
ZCH0332,4,NORMAL,NORMAL,0.00336686508777976,0.9658458158440167,0.017207937412337535,0.008912035164016828,0.004667346491849216
ZCH0333,2,NORMAL,NORMAL,0.015429425963408317,0.9020822764984265,0.04450386002062995,0.03445638366178507,0.0035280538557500634
ZCH0334,1,NORMAL,NORMAL,0.052318525870080866,0.8176828301645085,0.040721790649029206,0.068361501988131,0.020915351328250547
ZCH0335,2,NORMAL,PFO,0.05756403940839327,0.2050817208825164,0.047906030627629236,0.6794155922641214,0.010032616817339789
ZCH0336,2,NORMAL,NORMAL,0.13977637298438989,0.6990979484665608,0.12758922901182787,0.02641457437726636,0.007121875159955152
ZCH0337,2,NORMAL,NORMAL,0.015484798500834885,0.922354467679523,0.014900878756111973,0.03323604080309077,0.014023814260439417
ZCH0338,1,NORMAL,NORMAL,0.0294623170883745,0.9190418857443564,0.02370375867111313,0.010701654813474628,0.017090383682681363
ZCH0339,1,NORMAL,NORMAL,0.05002744597373891,0.9079345730586629,0.025415969237778144,0.007063515499399153,0.009558496230420823
ZCH0340,2,NORMAL,NORMAL,0.059597549430293294,0.8409832923714645,0.025235038050648168,0.06940003311693498,0.004784087030659042
ZCH0341,0,NORMAL,NORMAL,0.05880858708328436,0.8501403314167096,0.023699948917286832,0.05732779305683328,0.010023339525885666
ZCH0342,1,NORMAL,NORMAL,0.01621362320328718,0.9359228741767679,0.023827411995923562,0.01599001841708037,0.008046072206941144
ZCH0343,1,NORMAL,NORMAL,0.05133042101691824,0.8807372304493221,0.028566661058226594,0.0332797467707176,0.006085940704815572
ZCH0344,2,NORMAL,NORMAL,0.008598992817252583,0.9673154230194573,0.007451831829034885,0.0032750294563280743,0.013358722877927198
ZCH0345,1,NORMAL,NORMAL,0.0310724469539855,0.9257373523703415,0.024868451761408693,0.011222839902109536,0.007098909012154839
ZCH0346,2,NORMAL,NORMAL,0.009074900927708948,0.9441089866210537,0.017004085497268326,0.006182040035695849,0.02362998691827329
ZCH0347,3,NORMAL,NORMAL,0.01594909763322666,0.9683256421665943,0.007865793315268068,0.004411448008021947,0.0034480188768890086
ZCH0348,4,NORMAL,NORMAL,0.0030106682165244605,0.9744849968943327,0.008711954925624826,0.011651000477499384,0.002141379486018667
ZCH0349,0,NORMAL,NORMAL,0.058653497945899115,0.9056206210401042,0.011454564332838322,0.011971839693964339,0.012299476987194006
ZCH0350,2,NORMAL,NORMAL,0.023477591699842867,0.919598063497715,0.029750397873091743,0.01976979489286424,0.007404152036486106
ZCH0351,4,NORMAL,NORMAL,0.0057869177265028725,0.9761385145452259,0.009647894776478464,0.006760848480352913,0.001665824471439973
ZCH0352,2,NORMAL,NORMAL,0.03988798665092019,0.7570176250669629,0.015725355947295093,0.014794770755229655,0.17257426157959216
ZCH0353,3,NORMAL,NORMAL,0.020854274464861586,0.9447615203025571,0.017856468936699933,0.004988397773661656,0.011539338522219778
ZCH0354,0,NORMAL,NORMAL,0.04724207564235393,0.8976798782427414,0.03387263323123457,0.011064617930058635,0.01014079495361136
ZCH0355,4,NORMAL,NORMAL,0.009442627875993561,0.9476466764791598,0.022940369684416446,0.011488169037029055,0.008482156923401022
ZCH0356,1,NORMAL,NORMAL,0.037736390049056705,0.8943185149600237,0.03642034898630428,0.01704869699817355,0.0144760490064417
ZCH0357,4,NORMAL,NORMAL,0.028401414646998285,0.9328959746083753,0.008827626434491047,0.02702051415164055,0.002854470158494859
ZCH0358,0,NORMAL,NORMAL,0.03273215398056281,0.9305557933870259,0.016075258803010396,0.011597654599171814,0.009039139230229016
ZCH0359,3,NORMAL,NORMAL,0.026814335167758347,0.9204521629322574,0.014445287762018592,0.03398827506087048,0.004299939077095325
ZCH0360,3,NORMAL,NORMAL,0.021741652310575097,0.9408524657373382,0.016379095651744745,0.015370951237603193,0.005655835062738686
ZCH0361,4,NORMAL,NORMAL,0.004209737100715778,0.9768988429148415,0.011938456320993832,0.0033479375514415275,0.0036050261120072176
ZCH0362,2,NORMAL,NORMAL,0.020704926267145738,0.9031936990610443,0.020407243671503584,0.04380838459769674,0.011885746402609745
ZCH0363,1,NORMAL,NORMAL,0.06298956611322379,0.8909283707236344,0.01846432805162211,0.011850695613528375,0.01576703949799133
ZCH0364,3,NORMAL,NORMAL,0.008476635945461268,0.970959697378681,0.011135073789227899,0.00524957280624315,0.004179020080386518
ZCH0365,0,NORMAL,NORMAL,0.05692150444403277,0.9140049048664735,0.011001256185662741,0.011963545214993411,0.006108789288837573
ZCH0366,2,NORMAL,NORMAL,0.029621109096635404,0.9091349495936865,0.03119525677568902,0.018675465451529087,0.011373219082460041
ZCH0367,4,NORMAL,NORMAL,0.018559888615803426,0.9645810962550116,0.011933561606224758,0.0025095755050252647,0.0024158780179350083
ZCH0368,4,NORMAL,NORMAL,0.007096151953305756,0.9772421831629289,0.009307227770384206,0.004747892500219238,0.0016065446131620204
ZCH0369,4,NORMAL,NORMAL,0.022439539949585578,0.9452248298965417,0.01636090936390418,0.005705421889353887,0.010269298900614711
ZCH0370,1,NORMAL,NORMAL,0.022905944028832885,0.9311310755247806,0.02238306209961324,0.009199923669251354,0.014379994677521863
ZCH0371,2,NORMAL,NORMAL,0.007208413369686954,0.96849486847728,0.010245841592814605,0.005102430832093434,0.008948445728125105
ZCH0372,1,NORMAL,NORMAL,0.10294906515223755,0.7658047888765398,0.0679557175290291,0.02153823711603964,0.04175219132615399
ZCH0373,0,NORMAL,NORMAL,0.02914213860317291,0.915154406027766,0.01824293684974292,0.014680467944191568,0.022780050575126675
ZCH0374,4,NORMAL,NORMAL,0.008350230323358836,0.9647861321909784,0.016905110967241243,0.00324287013229052,0.006715656386131077
ZCH0375,2,NORMAL,PFO,0.1012749796803013,0.12907470635554263,0.2666544302885898,0.42325232577162336,0.07974355790394297
ZCH0376,4,NORMAL,NORMAL,0.013457938228682633,0.9665324467505347,0.010321669387154087,0.007695774705226577,0.001992170928402033
ZCH0377,3,NORMAL,NORMAL,0.032096617255804906,0.9172474250771888,0.031572147516751685,0.00596841112276072,0.013115399027493924
ZCH0378,3,NORMAL,NORMAL,0.04247298630257879,0.9070094567694365,0.02743484631302077,0.014107742928949129,0.00897496768601496
ZCH0379,1,NORMAL,NORMAL,0.27140672904562946,0.6752049963254525,0.022709382558949304,0.014744063673796878,0.01593482839617187
ZCH0380,4,NORMAL,NORMAL,0.012494674904282634,0.9327668791193805,0.019295352652382882,0.02632568847250993,0.009117404851443914
ZCH0381,3,NORMAL,NORMAL,0.011152503027712705,0.9725130393957284,0.0061496260794681925,0.00682169635692135,0.003363135140169296
ZCH0382,4,NORMAL,NORMAL,0.018603842337579894,0.9352562879647278,0.015667560091774654,0.022213660861141425,0.008258648744776179
ZCH0383,3,NORMAL,NORMAL,0.029488862655101155,0.9245068230127774,0.015195350160052527,0.016850745574630236,0.013958218597438529
ZCH0384,1,NORMAL,NORMAL,0.02959640868319006,0.8746648119578387,0.06674926747587838,0.014242814918678421,0.014746696964414488
ZCH0385,2,NORMAL,NORMAL,0.004483971031375514,0.9807768515092865,0.005224761024258893,0.006137743657327649,0.0033766727777512205
ZCH0386,0,NORMAL,NORMAL,0.03453868478513751,0.9447670295550482,0.008854572092725813,0.006515604087243691,0.005324109479844736
ZCH0387,4,NORMAL,NORMAL,0.019022232301452564,0.927752380495381,0.026147005390767933,0.01269791468331189,0.014380467129086354
ZCH0388,0,NORMAL,NORMAL,0.013073270532977604,0.9517827627600355,0.01360355774661648,0.01084183724262433,0.010698571717746177
ZCH0389,4,NORMAL,NORMAL,0.01046293901407788,0.9508060197662054,0.01997750731866112,0.005704264066247027,0.013049269834808532
ZCH0390,3,NORMAL,NORMAL,0.02380108408032286,0.9623975482987062,0.008150343638293306,0.002313375504765245,0.0033376484779124925
ZCH0391,3,NORMAL,NORMAL,0.10065393694469973,0.7302037386661362,0.043408926409300976,0.04462709493209513,0.08110630304776804
ZCH0392,0,NORMAL,NORMAL,0.00513985642279863,0.9762963179635298,0.006761270524701839,0.008404388202384904,0.0033981668865847377
ZCH0393,2,NORMAL,NORMAL,0.004423071982181733,0.9747798451718668,0.008989863741527231,0.008034459864594114,0.003772759239830008
ZCH0394,4,NORMAL,NORMAL,0.017813003672394884,0.9424927530847425,0.01044032742266976,0.02251613600520634,0.006737779814986591
ZCH0395,0,NORMAL,NORMAL,0.07402264309160322,0.4871282593200497,0.05066905195381852,0.3692870670104933,0.01889297862403527
ZCH0396,1,NORMAL,NORMAL,0.04900489840310047,0.8198567857570213,0.030027785956440147,0.08193548434227782,0.019175045541160368
ZCH0397,0,NORMAL,NORMAL,0.04982726665319188,0.8908366450724792,0.023663958632868444,0.021934312508136954,0.013737817133323515
ZCH0398,1,NORMAL,NORMAL,0.019164871814498396,0.9184415545524592,0.02485292361709752,0.029184076400944694,0.008356573615000015
ZCH0399,1,NORMAL,NORMAL,0.02521167954260072,0.9033736483438106,0.03061461251190407,0.016371011881984573,0.024429047719700055
ZCH0400,3,NORMAL,NORMAL,0.010051173075380608,0.9721869205278784,0.007010228493120511,0.007183948992391347,0.0035677289112292076
ZCH0401,4,NORMAL,NORMAL,0.0036551417675725253,0.9831779804530183,0.00645782153203379,0.004457203112692505,0.002251853134682847
ZCH0402,3,NORMAL,NORMAL,0.026016189408236075,0.9402058582961903,0.01659123536743272,0.00585149086039701,0.011335226067743958
ZCH0403,2,NORMAL,NORMAL,0.25850716554673503,0.5811806601042662,0.016429086444506386,0.13582835549115846,0.008054732413333963
ZCH0404,0,NORMAL,NORMAL,0.026196104058028833,0.9223466228213014,0.027012049636110803,0.008515854696354103,0.015929368788204903
ZCH0405,1,NORMAL,NORMAL,0.029782790611294793,0.9010161969083489,0.0373132983588029,0.017185875927431687,0.01470183819412174
ZCH0406,1,NORMAL,NORMAL,0.3046129638876835,0.6225043205074233,0.04733838951825515,0.016026633222404982,0.009517692864233132
ZCH0407,3,NORMAL,NORMAL,0.012825822525240926,0.9691436204765644,0.009642331300212281,0.0036011921546051534,0.004787033543377173
ZCH0408,0,NORMAL,NORMAL,0.024076292003803717,0.9370371469833452,0.02079930676082455,0.008454150634384235,0.009633103617642339
ZCH0409,2,NORMAL,NORMAL,0.015099659245702517,0.890592142337257,0.05089460052817263,0.03419828557587315,0.009215312312994673
ZCH0410,1,NORMAL,NORMAL,0.24219097636329304,0.6993832063592771,0.02322558248908436,0.024513524893769633,0.010686709894575876
ZCH0411,0,NORMAL,ASD,0.48667545680992574,0.2679049329558159,0.12638471354703226,0.03266321556280319,0.08637168112442285
ZCH0412,2,NORMAL,NORMAL,0.10229869176869862,0.7285403537536655,0.14689238088555112,0.006569542917631451,0.0156990306744532
ZCH0413,3,NORMAL,NORMAL,0.022407054926485582,0.9447287810880477,0.0155674438588801,0.008231231749726904,0.009065488376859719
ZCH0414,0,NORMAL,NORMAL,0.017428934529734427,0.8980556694273681,0.03252397838411353,0.03466625980397737,0.017325157854806556
ZCH0415,1,NORMAL,NORMAL,0.08238262114982656,0.8701915368624064,0.02013671311977895,0.014406035281625831,0.012883093586362302
ZCH0416,2,NORMAL,NORMAL,0.12014716162189987,0.8232349077476645,0.03143827563889458,0.016539245063149112,0.008640409928392025
ZCH0417,0,NORMAL,NORMAL,0.024405574450483428,0.9468769567665314,0.013296303961680567,0.007695912470164019,0.007725252351140662
ZCH0418,4,NORMAL,NORMAL,0.07721629479186697,0.5015823335722172,0.0278462775142545,0.19728143462507441,0.19607365949658698
ZCH0419,4,NORMAL,NORMAL,0.012139314684762783,0.9390116915022146,0.018481058797471084,0.01532965327816477,0.015038281737386671
ZCH0420,2,NORMAL,NORMAL,0.060502787061237864,0.8915532129244467,0.015709019201682148,0.011466439347732718,0.020768541464900647
ZCH0421,1,NORMAL,NORMAL,0.09693542441433887,0.7779148898218595,0.046007384345856106,0.054871204561558556,0.024271096856387012
ZCH0422,0,NORMAL,NORMAL,0.08555464609517525,0.7316202742999479,0.09955242880732547,0.02880092748451954,0.05447172331303188
ZCH0423,1,NORMAL,NORMAL,0.07184939060132883,0.8803023853508046,0.021326248540407163,0.00966682876518555,0.01685514674227389
ZCH0424,2,NORMAL,NORMAL,0.02884181975982505,0.9314756841138748,0.01753574756521786,0.009648497058051198,0.012498251503031165
ZCH0425,0,NORMAL,NORMAL,0.025743076084586935,0.9305719945835214,0.017083400405485828,0.009427343393689459,0.01717418553271641
ZCH0426,1,NORMAL,NORMAL,0.021998733118736406,0.9155185039897958,0.0279001644670507,0.021489651303880752,0.013092947120536158
ZCH0427,3,NORMAL,NORMAL,0.007018959202253744,0.9733803175732255,0.009767772515121027,0.007242022854019549,0.002590927855380188
ZCH0428,3,NORMAL,NORMAL,0.011538733874436881,0.9734923207187249,0.008937967898891178,0.0015504826515576875,0.004480494856389268
ZCH0429,1,NORMAL,NORMAL,0.1523672937915185,0.7380081966080743,0.05632844973557326,0.02481196426743075,0.028484095597403232
ZCH0430,4,NORMAL,NORMAL,0.019765709221186138,0.9567115638411231,0.007935282612527371,0.011479835901247019,0.0041076084239164215
ZCH0431,0,NORMAL,NORMAL,0.10728349005726767,0.7343794934681286,0.060754652788584995,0.024992769373733,0.07258959431228573
ZCH0432,1,NORMAL,NORMAL,0.05923545786738863,0.9069795072872656,0.01986514701156466,0.006403033014548116,0.007516854819233011
ZCH0433,4,NORMAL,NORMAL,0.0371121758966966,0.90191278521754,0.01404152512033529,0.012649465317703792,0.034284048447724244
ZCH0434,0,NORMAL,NORMAL,0.04817493101577437,0.8943179157835764,0.024878938627248152,0.014485481319963918,0.018142733253436856
ZCH0435,2,NORMAL,NORMAL,0.025273091714135283,0.9448263096288809,0.01293679971850725,0.0034394568726546786,0.013524342065821796
ZCH0436,2,NORMAL,NORMAL,0.029055274976203204,0.947233196196311,0.014531771741788787,0.0023284545710811,0.006851302514616009
ZCH0437,3,NORMAL,NORMAL,0.03744349103628198,0.9097257388013328,0.016528752108392268,0.008398006775706688,0.027904011278286338
ZCH0438,4,NORMAL,NORMAL,0.05239955703699664,0.8774602945235839,0.029722403457531712,0.021416860070574407,0.019000884911313378
ZCH0439,2,NORMAL,NORMAL,0.286926747940498,0.535254976954046,0.09986310190485016,0.023555104888163172,0.05440006831244267
ZCH0440,1,NORMAL,NORMAL,0.03890510795923968,0.9229823110658151,0.01975261795964731,0.009990630658292468,0.008369332357005321
ZCH0441,2,NORMAL,NORMAL,0.11089540807232506,0.802973238426707,0.03433072099736883,0.03137001697752317,0.02043061552607585
ZCH0442,3,NORMAL,NORMAL,0.08356473725862316,0.8824488550051082,0.015248899243931451,0.009086280104732947,0.009651228387604082
ZCH0443,0,NORMAL,NORMAL,0.14680231051764306,0.6802964404455267,0.0926951747464039,0.033897196647051014,0.04630887764337536
ZCH0444,0,NORMAL,NORMAL,0.08810599571363166,0.7585965933016291,0.07779642012029382,0.029880041304626993,0.04562094955981856
ZCH0445,0,NORMAL,NORMAL,0.007427690762020532,0.9704677271901891,0.012216089477674675,0.005666306734700397,0.00422218583541519
ZCH0446,0,NORMAL,NORMAL,0.13993155426093482,0.707090644166322,0.03941957923769379,0.09178079160335063,0.021777430731698893
ZCH0447,0,NORMAL,NORMAL,0.07431525706767822,0.8831361179287062,0.029789671829299633,0.00816786188296974,0.004591091291346375
ZCH0448,2,NORMAL,NORMAL,0.0322682789694246,0.9092767923242322,0.016673000611459425,0.036585409451698706,0.005196518643185051
ZCH0449,0,NORMAL,NORMAL,0.05227622956117427,0.9084902367755974,0.01964448709911552,0.008552682251238392,0.011036364312874504
ZCH0450,4,NORMAL,NORMAL,0.036635935742807116,0.8174378111426064,0.05434798268330808,0.008965661220139478,0.082612609211139
ZCH0451,0,NORMAL,NORMAL,0.044682483323831165,0.921477915772876,0.017198398202043774,0.006151273681715601,0.010489929019533476
ZCH0452,2,NORMAL,NORMAL,0.09121969046973816,0.8225794241213472,0.04609924236618969,0.019757145981587856,0.02034449706113721
ZCH0453,0,NORMAL,NORMAL,0.011548693393124851,0.9601300746704238,0.01320047821663269,0.008191917303978153,0.006928836415840507
ZCH0454,0,NORMAL,NORMAL,0.262121746124466,0.5821191425812425,0.04923908992667366,0.0852250909458607,0.021294930421757122
ZCH0455,3,NORMAL,NORMAL,0.04251503952734401,0.9176262937425356,0.021391172410078603,0.006552454870344141,0.011915039449697634
ZCH0456,1,NORMAL,NORMAL,0.04136018756851706,0.9218907333700077,0.014249998670030765,0.012246622811380121,0.010252457580064251
ZCH0457,4,NORMAL,NORMAL,0.10834461239667179,0.7679323279164637,0.02584406392085259,0.006237989586964498,0.09164100617904739
ZCH0458,4,NORMAL,NORMAL,0.10692108357917479,0.8019891494507211,0.011877348585476044,0.01971118050266478,0.05950123788196343
ZCH0459,3,NORMAL,NORMAL,0.012253681889104771,0.9609862889997095,0.01643836732045345,0.005045652724612274,0.00527600906611982
ZCH0460,1,NORMAL,NORMAL,0.02226395183595061,0.9128930668275086,0.033576233026810884,0.013696323597209188,0.017570424712520627
ZCH0461,4,NORMAL,NORMAL,0.010085406825970417,0.9525079343768151,0.013837941420254159,0.013630886633256609,0.009937830743703682
ZCH0462,1,NORMAL,NORMAL,0.02427261670921879,0.8732387154141302,0.03942022557836485,0.04799369996257278,0.015074742335713381
ZCH0463,0,NORMAL,NORMAL,0.009466684055808153,0.953339052051695,0.013640797371336527,0.01808150374344099,0.005471962777719404
ZCH0464,2,NORMAL,NORMAL,0.04439956758000792,0.8443063636376171,0.020427742752139336,0.07794845507379759,0.012917870956438052
ZCH0465,0,NORMAL,NORMAL,0.007355613858368612,0.9653749558150446,0.013100996803969577,0.008867450979404858,0.005300982543212359
ZCH0466,4,NORMAL,NORMAL,0.011100152338774547,0.96243344613401,0.014424329777057744,0.004844586181589426,0.007197485568568141
ZCH0467,1,NORMAL,NORMAL,0.012974603613147923,0.9340898984578421,0.02966669875952575,0.011757396315406638,0.011511402854077564
ZCH0468,2,NORMAL,NORMAL,0.023303534385627635,0.8682158174030646,0.03373491555395045,0.05417205522900301,0.02057367742835433
ZCH0469,4,NORMAL,PFO,0.03865013076240415,0.1659829247879201,0.01502370975388361,0.7745743124320171,0.0057689222637750176
ZCH0470,0,NORMAL,NORMAL,0.02801675155863143,0.9082867758377682,0.025710683572876807,0.026412117700240035,0.011573671330483698
ZCH0471,2,NORMAL,NORMAL,0.0076670197484213845,0.9430468228227101,0.030739857787014734,0.0077887725816484085,0.01075752706020524
ZCH0472,2,NORMAL,NORMAL,0.038700549888651466,0.8923213431374848,0.026276404334110784,0.03522994757153144,0.007471755068221506
ZCH0473,2,NORMAL,NORMAL,0.021519503848925824,0.9518948529732573,0.016570395952565604,0.0037562039753804067,0.006259043249870866
ZCH0474,1,NORMAL,NORMAL,0.03513383202634546,0.9049604340474923,0.02828181196209335,0.014626725783218162,0.016997196180850844
ZCH0475,0,NORMAL,NORMAL,0.010008907725780085,0.9535431731438826,0.018453007390741075,0.012139329646807239,0.005855582092789124
ZCH0476,3,NORMAL,NORMAL,0.00732077217065263,0.9775581500979456,0.009432835567215001,0.0034992156179320505,0.0021890265462547833
ZCH0477,2,NORMAL,NORMAL,0.06178114550160558,0.792628892064201,0.03272811082197151,0.09956840004111675,0.013293451571105312
ZCH0478,2,NORMAL,NORMAL,0.013579449632892558,0.9467526117061352,0.018827125427069536,0.00927670514890834,0.011564108084994319
ZCH0479,1,NORMAL,NORMAL,0.037121684171381154,0.889085394747645,0.03387293149664163,0.021451683350359733,0.018468306233972522
ZCH0480,1,NORMAL,NORMAL,0.02547397788960985,0.9299565386707421,0.022311645186644136,0.009861774720680769,0.012396063532323169
ZCH0481,1,NORMAL,NORMAL,0.021430970325817325,0.9220373556428089,0.02708238985908648,0.012187742680648907,0.01726154149163848
ZCH0482,1,NORMAL,NORMAL,0.053934879391530584,0.864961187217366,0.043539264118288776,0.019249957947507453,0.01831471132530721
ZCH0483,3,NORMAL,NORMAL,0.017199802339224895,0.9389092201205052,0.023840241946054823,0.01286341722402878,0.007187318370186212
ZCH0484,0,NORMAL,NORMAL,0.011402563910776781,0.9640136251269229,0.011361650341820422,0.008742813111502146,0.004479347508977712
ZCH0485,2,NORMAL,NORMAL,0.025995914251329112,0.6929209614718714,0.04472241884141809,0.22314354437688183,0.013217161058499653
ZCH0486,2,NORMAL,NORMAL,0.01809030190810113,0.9102995185376247,0.028038262382459777,0.02421308703874667,0.019358830133067707
ZCH0487,2,NORMAL,NORMAL,0.01079133962641265,0.9366587686931639,0.02413632414477067,0.011244764441963418,0.017168803093689365
ZCH0488,1,NORMAL,NORMAL,0.015007462625963246,0.9200381293080582,0.030760517640278956,0.02213345793803538,0.012060432487664348
ZCH0489,4,NORMAL,NORMAL,0.009984492816303751,0.9702972318356483,0.010558653479624047,0.005110649615539678,0.004048972252884319
ZCH0490,3,NORMAL,NORMAL,0.015595874222475357,0.9480568566719537,0.022579842304855588,0.0035619549406199578,0.010205471860095405
ZCH0491,4,NORMAL,NORMAL,0.006554700903972211,0.9566532045078686,0.017361540274674497,0.010210219928870716,0.009220334384613928
ZCH0492,2,NORMAL,NORMAL,0.007746433338825801,0.9562278587420411,0.021228314410961343,0.004152662033799726,0.010644731474372069
ZCH0493,3,NORMAL,NORMAL,0.04395895181273206,0.9070749632547017,0.03168963136276173,0.00585370719470031,0.011422746375104272
ZCH0494,1,NORMAL,NORMAL,0.031294715143639476,0.8682421057198301,0.04114925310079885,0.031841256416513364,0.0274726696192182
ZCH0495,1,NORMAL,NORMAL,0.04399848219903889,0.9023000257009681,0.02633207142060326,0.019320872180946278,0.008048548498443485
ZCH0496,0,NORMAL,NORMAL,0.024259360093003633,0.9423800938421425,0.016195662588444258,0.012523278493087708,0.004641604983321772
ZCH0497,0,NORMAL,NORMAL,0.05289309363401638,0.9174959886564096,0.01178442529723093,0.004981997365554141,0.012844495046788963
ZCH0498,3,NORMAL,NORMAL,0.014125348890932518,0.9524148126548706,0.015352313165623148,0.0068580209084169895,0.011249504380156605
ZCH0499,3,NORMAL,NORMAL,0.13859067306759373,0.7367618294811706,0.03237042192229698,0.006883468426910496,0.08539360710202819
ZCH0500,3,NORMAL,NORMAL,0.06174894852756603,0.8836395413999708,0.02013296817332149,0.004432505457020657,0.030046036442121078
ZCH0501,0,NORMAL,NORMAL,0.009987659056470949,0.9627853712012319,0.012882824093886679,0.008037989589827028,0.006306156058583546
ZCH0502,2,NORMAL,NORMAL,0.008182937943006296,0.9348376697022368,0.025253378851763767,0.008334020765624868,0.02339199273736819
ZCH0503,0,NORMAL,NORMAL,0.012186806703987255,0.9588360814369665,0.011366637786056804,0.008397738217308654,0.009212735855680696
ZCH0504,3,NORMAL,NORMAL,0.02681092371344068,0.9191361977002275,0.018895233708380088,0.023994504885594615,0.011163139992357216
ZCH0505,0,NORMAL,NORMAL,0.26617785882434297,0.5755674083734568,0.05800735407669999,0.00995738641618054,0.09028999230931976
ZCH0506,3,NORMAL,NORMAL,0.005906542599700858,0.9761817635491091,0.009361913377371743,0.004329918306246381,0.004219862167571728
ZCH0507,1,NORMAL,NORMAL,0.02897366229179426,0.8945549054890202,0.03394459090424969,0.028570764336931117,0.013956076978004795
ZCH0508,3,NORMAL,NORMAL,0.028655721867143682,0.907000374549691,0.03122188329054395,0.024171105522454692,0.008950914770166598
ZCH0509,1,NORMAL,NORMAL,0.052625520433461775,0.8455806097407254,0.05368860341071456,0.01432844260131198,0.03377682381378637
ZCH0510,1,NORMAL,NORMAL,0.08885976188569329,0.8407322477872088,0.0387089352422349,0.009424435152322096,0.022274619932540936
ZCH0511,3,NORMAL,NORMAL,0.06068488134329428,0.9007438342825389,0.0071093048474782355,0.003701481090218233,0.02776049843647038
ZCH0512,3,NORMAL,NORMAL,0.04988540125867147,0.7428500779557028,0.0492093001787595,0.1303761412148435,0.027679079392022844
ZCH0513,2,NORMAL,NORMAL,0.006244793359647758,0.9540733848420897,0.008698690005899219,0.01928731338568624,0.011695818406677083
ZCH0514,2,NORMAL,NORMAL,0.008821716867006947,0.952857676313294,0.01839444208346975,0.006875524264920534,0.013050640471308666
ZCH0515,3,NORMAL,NORMAL,0.01720713805544109,0.9497792666341607,0.021057336605393072,0.006315024922523969,0.0056412337824812316
ZCH0516,2,NORMAL,PFO,0.08434186104092557,0.36706316074521983,0.07912335426517636,0.41858218602749386,0.0508894379211844
ZCH0517,1,NORMAL,NORMAL,0.038213079160253564,0.8968750723428578,0.028021939794205083,0.017631004809007592,0.019258903893676
ZCH0518,1,NORMAL,NORMAL,0.14932613510338455,0.7708532703690182,0.03948476102823919,0.030528563520102362,0.00980726997925575
ZCH0519,3,NORMAL,NORMAL,0.008661898217213887,0.9601560008426258,0.0177987530796829,0.004664043283801123,0.008719304576676402
ZCH0520,3,NORMAL,NORMAL,0.2060822378718444,0.7291084024152863,0.015033949749750544,0.005623451062734229,0.04415195890038456
ZCH0521,3,NORMAL,NORMAL,0.016631660785889277,0.934049631202047,0.020667329494556012,0.023043231199887028,0.005608147317620689
ZCH0522,3,NORMAL,NORMAL,0.15548256791955042,0.7105439302561891,0.03170982318917723,0.08257076166954226,0.019692916965541065
ZCH0523,0,NORMAL,NORMAL,0.13730192097494137,0.696780346071415,0.10483775454540602,0.04976995875814525,0.011310019650092403
ZCH0524,3,NORMAL,NORMAL,0.26476888370338075,0.4871483965382371,0.15363596346626707,0.03099532434543851,0.06345143194667653
ZCH0525,0,NORMAL,NORMAL,0.10284657829970494,0.7207330246540379,0.02619556612195699,0.11519696301328151,0.03502786791101873
ZCH0526,1,NORMAL,NORMAL,0.025107514761385903,0.9092168028985638,0.03050254562819115,0.026589653819892884,0.008583482891966098
ZCH0527,1,NORMAL,ASD,0.4892329138014224,0.3288286124035485,0.13183398523278542,0.03554877971062611,0.01455570885161766
ZCH0528,3,NORMAL,NORMAL,0.17531815858535518,0.5434745888760538,0.03214183633912793,0.03963152008725778,0.2094338961122054
ZCH0529,2,NORMAL,PFO,0.17409966542864236,0.14178662221255137,0.14004739326599083,0.4234043480255807,0.1206619710672347
ZCH0530,2,NORMAL,NORMAL,0.07596901555124601,0.843776012153949,0.018163513109726716,0.05330740284045694,0.008784056344621146
ZCH0531,4,NORMAL,NORMAL,0.03884389083061659,0.8369085633419983,0.03200656319644674,0.07185181759013244,0.02038916504080612
ZCH0532,0,NORMAL,NORMAL,0.07812629304700013,0.8204310422140082,0.02785298460894751,0.017424325678204986,0.05616535445183925
ZCH0533,4,NORMAL,NORMAL,0.01478366750775998,0.9067986214370692,0.009538524113816439,0.054254249257038374,0.01462493768431605
ZCH0534,3,ASD,NORMAL,0.10405594244542296,0.8052342244630533,0.07432380191524232,0.0044772840550823334,0.011908747121199173
ZCH0535,2,ASD,PFO,0.4325267702090958,0.0046582994505261835,0.08361207760763226,0.44248382054841,0.03671903218433579
ZCH0536,4,ASD,ASD,0.8847639604012656,0.03155081028366912,0.03434637390475933,0.00946354822219276,0.03987530718811318
ZCH0537,2,ASD,ASD,0.7520740411918841,0.0037735944432129064,0.06084635332713266,0.06632653267716627,0.11697947836060404
ZCH0538,4,ASD,PDA,0.25862068453694687,0.04393128576248831,0.3990611795814934,0.20464583211542994,0.09374101800364153
ZCH0539,1,ASD,NORMAL,0.011623238207406206,0.5709698751224621,0.04546790904203366,0.3599456120709551,0.01199336555714289
ZCH0540,2,ASD,ASD,0.9546947536223082,0.024622989256168896,0.006942488574291781,0.007846683248082392,0.005893085299148852
ZCH0541,2,ASD,ASD,0.9731524298855158,0.007106404726167781,0.007756330215982793,0.0072314018407319495,0.004753433331601842
ZCH0542,4,ASD,ASD,0.8902450504634042,0.0029310964129452555,0.012783303749448742,0.030610952350421397,0.06342959702378038
ZCH0543,1,ASD,VSD,0.18664917037735562,0.02552951778276763,0.0783392234713993,0.03187026608527989,0.6776118222831976
ZCH0544,2,ASD,ASD,0.49102998472939113,0.005849911037172111,0.3904248720682392,0.039251267924775,0.0734439642404226
ZCH0545,1,ASD,VSD,0.18631195150392285,0.013916458782237004,0.07437510000822402,0.027837279917399073,0.6975592097882171
ZCH0546,3,ASD,PFO,0.06420736851739017,0.01835428077825477,0.01665154389388447,0.8580021734029994,0.04278463340747102
ZCH0547,0,ASD,ASD,0.7572847142634627,0.028117206905733053,0.04133961135625615,0.15717588916503283,0.016082578309515122
ZCH0548,4,ASD,PDA,0.097027156232961,0.10076053761263823,0.401212352943573,0.3207230621781859,0.0802768910326419
ZCH0549,4,ASD,NORMAL,0.08559329556862505,0.6531984845069805,0.15615541726244878,0.08144368385916449,0.023609118802781083
ZCH0550,4,ASD,ASD,0.3047411136102284,0.2984731594861485,0.19150068302923123,0.13655206550286336,0.06873297837152852
ZCH0551,0,ASD,ASD,0.5638418955502165,0.08489777565410987,0.14950953943151518,0.08827811540974635,0.113472673954412
ZCH0552,2,ASD,ASD,0.7246455115495707,0.0005920995552400109,0.0537748427373011,0.09977366081414504,0.12121388534374311
ZCH0553,1,ASD,ASD,0.6135144164179049,0.016405085566299084,0.048936314338554644,0.27330243897376794,0.04784174470347344
ZCH0554,0,ASD,ASD,0.4092957471241059,0.01591026424576567,0.21174323873690964,0.30801745474316256,0.05503329515005637
ZCH0555,2,ASD,ASD,0.9365647295474923,0.008320914004570669,0.01232790964289284,0.024274087650557576,0.01851235915448661
ZCH0556,2,ASD,ASD,0.5966240026659966,0.016483333078269092,0.0760844241333503,0.016509636548055612,0.2942986035743286
ZCH0557,0,ASD,PFO,0.10800028670599811,0.050104130124379954,0.08116419594201696,0.7154770290191476,0.04525435820845745
ZCH0558,1,ASD,ASD,0.7037214825695515,0.09129077143545049,0.06426886447608655,0.059257205089223455,0.08146167642968799
ZCH0559,4,ASD,ASD,0.7596538192118147,0.18446767588492147,0.017819463256094334,0.010558297085301944,0.027500744561867567
ZCH0560,2,ASD,NORMAL,0.14935613514697818,0.41859318787367233,0.24719953796768487,0.15844112257059323,0.02641001644107147
ZCH0561,2,ASD,NORMAL,0.35073761059778263,0.519223392660644,0.015187331432933378,0.0938694288825949,0.02098223642604525
ZCH0562,3,ASD,PFO,0.3339360072747001,0.0011043708354041503,0.013487946115878445,0.6432719835695371,0.008199692204480304
ZCH0563,2,ASD,ASD,0.8251200626663836,0.0755609957181216,0.013030947829063114,0.047204438400709925,0.039083555385721946
ZCH0564,4,ASD,PFO,0.249272832942321,0.036082401896835245,0.06460954614911345,0.6090233793456253,0.04101183966610505
ZCH0565,4,ASD,PFO,0.22779040631549172,0.04108779069767273,0.05549239286300849,0.6530423483338891,0.022587061789937992
ZCH0566,3,ASD,ASD,0.5974989009353086,0.005138226913967325,0.17032394559606034,0.04708386207346897,0.17995506448119478
ZCH0567,4,ASD,PDA,0.043546357358792066,0.03489312517412696,0.5485492910353946,0.15587967923691073,0.21713154719477562
ZCH0568,1,ASD,PFO,0.022636326689397378,0.037612691349626796,0.02236087746048597,0.9060592697569139,0.01133083474357594
ZCH0569,2,ASD,PFO,0.14236786560476372,0.011333385454741544,0.026584968276577397,0.8097284495091168,0.009985331154800608
ZCH0570,0,ASD,ASD,0.7250176078206221,0.03653714927062301,0.07910581878546188,0.09806361544621257,0.06127580867708046
ZCH0571,1,ASD,PFO,0.3556071891357773,0.0058264268702723915,0.04549141535984947,0.5549325135506558,0.038142455083445104
ZCH0572,1,ASD,PFO,0.17164379342201247,0.04066919611161632,0.012095074385538054,0.7548286266354747,0.020763309445358345
ZCH0573,0,ASD,PFO,0.31527766146394914,0.0465867354688102,0.12141500727415655,0.4844857108239456,0.032234884969138455
ZCH0574,4,ASD,NORMAL,0.11595227791329227,0.6482475341396905,0.19951135700398867,0.01626347265411066,0.020025358288917983
ZCH0575,1,ASD,ASD,0.7725761088635967,0.08416111011437019,0.05829600650492355,0.06829374093514369,0.01667303358196596
ZCH0576,0,ASD,VSD,0.07573884948159079,0.048062581674087605,0.2459433674863823,0.29810120340551366,0.33215399795242573
ZCH0577,1,ASD,PFO,0.2872090572030085,0.01275097465100677,0.09643367501394293,0.5322270134602465,0.07137927967179536
ZCH0578,0,ASD,PFO,0.17039986205022822,0.04446021319247646,0.05457249907697594,0.6837368571873103,0.04683056849300907
ZCH0579,3,ASD,PFO,0.24587597380357465,0.002426861842237388,0.03614120025834012,0.6624899019406075,0.05306606215524039
ZCH0580,1,ASD,ASD,0.624922891552552,0.0248060161476568,0.06883336818254315,0.11762606882458744,0.1638116552926606
ZCH0581,4,ASD,PFO,0.010635837231761721,0.02318095974797192,0.07156594784457967,0.5633659829273042,0.3312512722483825
ZCH0582,3,ASD,NORMAL,0.16108784946171573,0.3545008207372382,0.11279094337208866,0.02517378988654024,0.34644659654241716
ZCH0583,0,ASD,NORMAL,0.16590359022107626,0.6285261689733451,0.15260355558358182,0.021915372566821474,0.031051312655175405
ZCH0584,3,ASD,ASD,0.44379669929176574,0.3689811683668328,0.0963683984856262,0.06085323834596498,0.03000049550981027
ZCH0585,4,ASD,VSD,0.22957684819464425,0.004934608034059276,0.3615945128083777,0.01632860883760341,0.38756542212531536
ZCH0586,2,ASD,PFO,0.2201922427956665,0.04110659034639794,0.22955128163437763,0.48793404784564604,0.021215837377912012
ZCH0587,3,ASD,ASD,0.6463962882121995,0.11303039081315168,0.12091215017064844,0.02608053647795786,0.0935806343260425
ZCH0588,4,ASD,NORMAL,0.1844250515648546,0.5037621266084389,0.051317751193709904,0.07973130119029438,0.1807637694427024
ZCH0589,2,ASD,ASD,0.3948730177103015,0.17140496622284662,0.18755075577954705,0.18747308052733513,0.0586981797599698
ZCH0590,1,ASD,ASD,0.513354663836001,0.09903027737960951,0.11502705590038824,0.2505847345088244,0.02200326837517674
ZCH0591,0,ASD,NORMAL,0.4187009424131155,0.5027330697977872,0.0352193546965232,0.03267822364468807,0.010668409447885935
ZCH0592,0,ASD,ASD,0.41333040812368327,0.018079217644245818,0.24966008627556224,0.11309726459322263,0.20583302336328607
ZCH0593,0,ASD,NORMAL,0.2518865145919214,0.4830749225894335,0.05471500950860651,0.17647963506637282,0.03384391824366589
ZCH0594,3,ASD,ASD,0.4728479366682479,0.4447012770219979,0.02294912721842503,0.04166716723605732,0.017834491855271906
ZCH0595,3,ASD,ASD,0.3948745891143925,0.12811976349094584,0.0539907259294346,0.35477608684270906,0.06823883462251817
ZCH0596,0,ASD,NORMAL,0.07310901189020874,0.8624300824732338,0.023909918385283793,0.023437186279631105,0.017113800971642657
ZCH0597,4,ASD,PFO,0.2104746339556029,0.26900783355849495,0.0681144324461211,0.35094011997001207,0.10146298006976892
ZCH0598,4,ASD,ASD,0.8713429295014838,0.026645998734874478,0.015096912020477393,0.05419580928411006,0.03271835045905427
ZCH0599,2,ASD,PFO,0.13889644268122853,0.00018541072168666838,0.04819976138662462,0.7788218186663097,0.03389656654415036
ZCH0600,1,ASD,ASD,0.7817241661672915,0.07617341228514846,0.035866045039918755,0.09141340799157587,0.014822968516065594
ZCH0601,3,ASD,PFO,0.01322361219062562,0.0007459193236662848,0.02763977331655245,0.9566914724317372,0.0016992227374183237
ZCH0602,1,ASD,ASD,0.5180937371925133,0.016075692145876137,0.1622749858728629,0.08898388553703618,0.2145716992517115
ZCH0603,0,ASD,NORMAL,0.012320777634538259,0.9412859737544385,0.017064291845950326,0.017944228648380488,0.011384728116692498
ZCH0604,3,ASD,NORMAL,0.19444814558241322,0.5402546277992603,0.07867606084162111,0.09384325702689844,0.09277790874980711
ZCH0605,3,ASD,NORMAL,0.13730127199255582,0.7954429366407032,0.03272971046407855,0.019154787067099485,0.015371293835562983
ZCH0606,2,ASD,PFO,0.4543764969093447,0.0004659673649014415,0.004626738774967516,0.5122966443475895,0.028234152603196783
ZCH0607,1,ASD,ASD,0.8334178095307012,0.02360391593857464,0.02072813321704186,0.1081860703595523,0.014064070954130002
ZCH0608,3,ASD,ASD,0.4137450738868279,0.31586960274282333,0.052141524182843076,0.2058118169568489,0.012431982230656793
ZCH0609,0,ASD,PFO,0.31693868770461314,0.12307331338113876,0.03880948536955155,0.48739351464122654,0.03378499890347011
ZCH0610,3,ASD,NORMAL,0.013247825096720393,0.9740625128764737,0.005447794702753385,0.004845899721296923,0.002395967602755672
ZCH0611,4,ASD,ASD,0.957460827061226,0.026201923734767884,0.008611107646430666,0.0029518554939625234,0.0047742860636128944
ZCH0612,3,ASD,ASD,0.850951991824597,0.03250489626325264,0.07760054424891843,0.02737067096399326,0.011571896699238778
ZCH0613,2,ASD,PDA,0.2328251151664619,0.0017119327736708247,0.463524832857233,0.27771092457966295,0.024227194622971265
ZCH0614,1,ASD,NORMAL,0.06083133778254361,0.41640957197927714,0.3660120012886846,0.07275326527221619,0.08399382367727852
ZCH0615,3,ASD,ASD,0.7526209896500512,0.05192284108964622,0.11794725500410279,0.042047320226002376,0.03546159403019759
ZCH0616,3,ASD,PFO,0.06725284559589387,0.004050204308265659,0.03789197266503861,0.7461671876219853,0.1446377898088166
ZCH0617,2,ASD,ASD,0.5544844265868367,0.0033255689789957804,0.20369350527441737,0.21856270670191422,0.019933792457835827
ZCH0618,2,ASD,ASD,0.5724664536868066,0.0072635614892714575,0.212873655306163,0.16607426557379343,0.041322063943965696
ZCH0619,1,ASD,ASD,0.8128154436597227,0.018798176202293394,0.059536313930192555,0.07866355981807693,0.030186506389714426
ZCH0620,2,ASD,ASD,0.5268599669887237,0.29259982096265125,0.15136233238636426,0.01451106724610847,0.014666812416152121
ZCH0621,3,ASD,NORMAL,0.23696308392516108,0.6687672759689253,0.033585855383423985,0.037867494596636735,0.022816290125852935
ZCH0622,0,ASD,NORMAL,0.06342032561536676,0.8865296576146054,0.019093398521040784,0.018843684577165246,0.012112933671821851
ZCH0623,1,ASD,NORMAL,0.1515312398686595,0.682281428121922,0.06420402233989402,0.07214203042527859,0.029841279244245993
ZCH0624,3,ASD,NORMAL,0.09973486127258296,0.612241514407579,0.04787291518089653,0.21365337056496442,0.02649733857397713
ZCH0625,3,ASD,NORMAL,0.009271668193255556,0.9696574244725251,0.00984152027957474,0.006778258073530325,0.004451128981114313
ZCH0626,2,ASD,ASD,0.600527167786203,0.0055792790288496765,0.05152010400818407,0.05004871258920484,0.2923247365875584
ZCH0627,2,ASD,ASD,0.8686608609387151,0.010351454810530436,0.027732483401773506,0.08551535165981866,0.007739849189162343
ZCH0628,0,ASD,PFO,0.2545984637365345,0.031152374682859404,0.11206734073068,0.48560209647951774,0.11657972437040841
ZCH0629,1,ASD,NORMAL,0.11171319822239717,0.5440084641853937,0.14532220021326336,0.15742444926077528,0.04153168811817032
ZCH0630,0,ASD,PFO,0.16355098924839762,0.21987093545580283,0.07394071559643045,0.5168825305777989,0.025754829121570216
ZCH0631,4,ASD,PFO,0.18431615460469225,0.16196591914324582,0.11067193136080715,0.3385016169585892,0.2045443779326655
ZCH0632,0,ASD,PFO,0.15065119486793627,0.3156402065913082,0.08922279129974639,0.4318169704608045,0.012668836780204676
ZCH0633,4,ASD,PFO,0.021467390240226213,0.002047839191789253,0.009183801548447003,0.8992988148650851,0.0680021541544524
ZCH0634,0,ASD,ASD,0.5650623866866605,0.03141100575354227,0.039090625945229274,0.3440947207398776,0.020341260874690334
ZCH0635,3,ASD,VSD,0.36930297528810296,0.012503415150354634,0.11017623221920327,0.13827384568254283,0.36974353165979645
ZCH0636,4,ASD,ASD,0.6151391588175328,0.3074671059509516,0.017103616333331628,0.04737522126530457,0.012914897632879353
ZCH0637,4,ASD,ASD,0.7458962526587504,0.015084391654077042,0.03893068485326291,0.05722021323041706,0.14286845760349262
ZCH0638,0,ASD,ASD,0.8240584282041548,0.0708016692189981,0.07644138534214132,0.0044969549139660305,0.024201562320739802
ZCH0639,1,ASD,PFO,0.17352456738284627,0.008382556855820109,0.013698498574290043,0.776198130277053,0.02819624690999061
ZCH0640,4,ASD,ASD,0.36104468822673275,0.272478994429189,0.2911152266471186,0.014911554615063684,0.060449536081896134
ZCH0641,0,ASD,ASD,0.7196659290036053,0.10942942756572807,0.06393034748665795,0.03694337420304289,0.07003092174096585
ZCH0642,1,ASD,ASD,0.9196357044073632,0.028835909882079052,0.01969754087581825,0.01001075888385454,0.021820085950885113
ZCH0643,2,ASD,ASD,0.7470901720356318,0.011698162235701304,0.1762766907600935,0.010909170353990008,0.05402580461458354
ZCH0644,3,ASD,NORMAL,0.018316654775664416,0.9402907455597107,0.015842803473655284,0.004817559677685622,0.02073223651328384
ZCH0645,2,ASD,NORMAL,0.03962200631061512,0.8415675206024187,0.022999976541892234,0.08678527412539028,0.009025222419683721
ZCH0646,1,ASD,ASD,0.9012237540016275,0.0645455725310509,0.016909913128025592,0.006905986810387077,0.01041477352890906
ZCH0647,3,ASD,NORMAL,0.08440294808138131,0.8487292749541536,0.012518957751533503,0.005742605028510068,0.04860621418442124
ZCH0648,1,ASD,NORMAL,0.07101280533250597,0.8306758134344653,0.037079385422376786,0.028353606878293715,0.032878388932358296
ZCH0649,0,ASD,NORMAL,0.16077020409692372,0.7512886655554879,0.019022784602360558,0.02103064919537582,0.047887696549852164
ZCH0650,0,ASD,NORMAL,0.08575369964682689,0.8344056878908237,0.03581376798591916,0.024694087883253103,0.019332756593177083
ZCH0651,4,ASD,ASD,0.7003768505944263,0.25514558735566073,0.020114103869255443,0.008731206793398418,0.015632251387259086
ZCH0652,1,ASD,NORMAL,0.3020349645010407,0.4085378335979716,0.14720239864681764,0.09247056372429066,0.04975423952987945
ZCH0653,1,PDA,PDA,0.1215467688259981,0.022981122933191513,0.46583015787887944,0.041621653358046656,0.3480202970038842
ZCH0654,4,PDA,PDA,0.056398258743908,0.006217222454363476,0.9117736132273173,0.007017786662771678,0.018593118911639655
ZCH0655,4,PDA,NORMAL,0.290646581452556,0.36602156336598207,0.2397244243750666,0.01771921630429259,0.08588821450210271
ZCH0656,2,PDA,VSD,0.0412680581363746,0.0040423534634087405,0.15009425489971057,0.039474605867252516,0.7651207276332537
ZCH0657,0,PDA,PDA,0.0247416457730118,0.03133628191640636,0.4758353651011726,0.04018766310450043,0.4278990441049089
ZCH0658,3,PDA,NORMAL,0.3068224074604456,0.5042933553601706,0.053517827221121125,0.12381303461144264,0.011553375346820082
ZCH0659,3,PDA,NORMAL,0.20958465198168352,0.6289166851853775,0.1224071480484629,0.01741346961692673,0.021678045167549363
ZCH0660,4,PDA,PDA,0.317212306787862,0.004897953316999514,0.6496089438233543,0.014210329654971196,0.014070466416812956
ZCH0661,0,PDA,PDA,0.020123004072914907,0.052348454825075205,0.7615293375329054,0.03037080986843414,0.13562839370067037
ZCH0662,2,PDA,PDA,0.01461271199311401,0.013307877616422156,0.923162025551211,0.0025111258894309936,0.04640625894982198
ZCH0663,2,PDA,PDA,0.2650193098102276,0.1661379666815369,0.49872025701492934,0.018283910969949174,0.051838555523357
ZCH0664,2,PDA,PDA,0.06042464670904611,0.010857054747980467,0.5146320509575315,0.03187819729324682,0.3822080502921951
ZCH0665,2,PDA,ASD,0.44136602119037316,0.0857800698559215,0.218532487467165,0.11319082346761497,0.14113059801892527
ZCH0666,4,PDA,ASD,0.9293762715782078,0.0015327655830154148,0.023867547662413554,0.02433900297362357,0.020884412202739573
ZCH0667,4,PDA,ASD,0.3612552717844973,0.09297082158754556,0.23348129486453598,0.19426310912697178,0.11802950263644946
ZCH0668,1,PDA,PDA,0.05193180791071415,0.25733311233764294,0.4429658219726506,0.018133746300566633,0.22963551147842562
ZCH0669,1,PDA,VSD,0.3000367883942519,0.10124610783630182,0.17474132896410305,0.08748316900885525,0.336492605796488
ZCH0670,0,PDA,NORMAL,0.23016784876057444,0.4420280093625776,0.03841402431857714,0.23987946557652048,0.04951065198175038
ZCH0671,0,PDA,ASD,0.37180358950888603,0.022326366539278136,0.15617947443630248,0.33253874573459996,0.11715182378093336
ZCH0672,2,PDA,ASD,0.5232344162097864,0.0034256114276672717,0.14865126390980982,0.09077801531676048,0.23391069313597615
ZCH0673,3,PDA,NORMAL,0.023183908823413722,0.9522860368639284,0.013827403402750618,0.005360442344779051,0.005342208565128257
ZCH0674,0,PDA,NORMAL,0.21692103574335206,0.5974816431493358,0.06306317830357291,0.037537354907122185,0.08499678789661702
ZCH0675,1,PDA,VSD,0.02031786992227775,0.02830363861824595,0.042641958182144474,0.03552125648156555,0.8732152767957663
ZCH0676,1,PDA,ASD,0.27976139592143606,0.21562287114842843,0.25538757830477676,0.06433516759296286,0.1848929870323959
ZCH0677,1,PDA,VSD,0.022816866283634375,0.028677150092768,0.06080037131605099,0.026349562346769047,0.8613560499607776
ZCH0678,3,PDA,ASD,0.4316651202264553,0.006399158498504148,0.19845468255332752,0.07016758649611828,0.2933134522255948
ZCH0679,0,PDA,VSD,0.07169351322928476,0.0415097491597327,0.11678187334656667,0.06486235231629163,0.7051525119481242
ZCH0680,4,PDA,VSD,0.1233236925483276,0.003969273955319137,0.3521579223263145,0.009133931156653653,0.5114151800133852
ZCH0681,0,PDA,PDA,0.21587585875017934,0.08179541384810732,0.4867826033097085,0.015794058746523173,0.19975206534548176
ZCH0682,3,PDA,PDA,0.11985935084327116,0.04970945729704457,0.7287500878637063,0.04161972400559319,0.0600613799903848
ZCH0683,3,PDA,VSD,0.01483180646089192,0.038931754810794285,0.031119678756184696,0.01861237833480482,0.8965043816373242
ZCH0684,1,PDA,ASD,0.6478703557095974,0.2740560229355267,0.048563869368962,0.01072431824487767,0.018785433741036306
ZCH0685,1,PFO,PFO,0.05714262369411381,0.04266900702619113,0.03916192320509023,0.8467180872777479,0.014308358796856983
ZCH0686,1,PFO,NORMAL,0.06284011730954966,0.8765317798743008,0.02338801447832837,0.01607735809377711,0.021162730244044168
ZCH0687,2,PFO,PFO,0.14533205959746615,0.16366458097701714,0.02019801898815815,0.6623039741029223,0.008501366334436215
ZCH0688,2,PFO,ASD,0.5460480849206235,0.0006954335149125469,0.03246237244053111,0.30484224836606394,0.11595186075786888
ZCH0689,2,PFO,ASD,0.4971584251877004,0.05582049155998928,0.03929398936480878,0.40179676689835125,0.0059303269891502015
ZCH0690,4,PFO,PFO,0.15993894454641272,0.0177642523802785,0.00949585406402714,0.8086241305630082,0.004176818446273367
ZCH0691,2,PFO,PFO,0.16421570298735663,0.020223664568594663,0.02369437090575071,0.7535119088613974,0.038354352676900516
ZCH0692,3,PFO,PFO,0.25096944825116085,0.03585857643176905,0.057567637861933654,0.6195991553735654,0.03600518208157102
ZCH0693,0,PFO,ASD,0.5815847101206023,0.1439423246107081,0.04472295046777704,0.20637194721353627,0.02337806758737635
ZCH0694,3,PFO,PFO,0.006420701738064027,0.029876649616366747,0.00552425385378252,0.9528668874990915,0.005311507292695121
ZCH0695,2,PFO,PFO,0.29439733313584854,0.0005602040564575275,0.00782818090572663,0.6892740432083364,0.007940238693631023
ZCH0696,1,PFO,PFO,0.13880502655056212,0.021661888098452726,0.03721490233707751,0.7309982230602305,0.0713199599536771
ZCH0697,4,PFO,ASD,0.47155117904441424,0.011352597010639396,0.28240643542190275,0.1011156627062891,0.1335741258167546
ZCH0698,4,PFO,NORMAL,0.07240198563543039,0.44305562895722056,0.04345130669728983,0.36926302579747317,0.07182805291258619
ZCH0699,3,PFO,PFO,0.220943557551093,0.00858468031182956,0.024082537154671495,0.725759925027079,0.020629299955327075
ZCH0700,1,PFO,PFO,0.22490585238371527,0.02176260159101168,0.014143223020665898,0.7126856119773034,0.026502711027303748
ZCH0701,2,PFO,ASD,0.5627912296450112,0.004947123036060226,0.03626609426053525,0.22340219478908652,0.17259335826930688
ZCH0702,3,PFO,VSD,0.1724209124169324,0.013274227991555572,0.09996605611208205,0.09147180734370479,0.6228669961357252
ZCH0703,0,PFO,ASD,0.33381248945365616,0.10386566700823217,0.14248439367129567,0.2811895465700146,0.13864790329680138
ZCH0704,1,PFO,ASD,0.6887373185439851,0.014183449235588574,0.04221564020415472,0.15038538822117936,0.10447820379509216
ZCH0705,4,PFO,ASD,0.45586614448560525,0.22360929072793798,0.19473201360184508,0.07785396490050382,0.0479385862841078
ZCH0706,0,PFO,PFO,0.21061444546518687,0.3291513785345543,0.021691558407061336,0.42746481772719475,0.011077799866002776
ZCH0707,3,PFO,PFO,0.30464940719816647,0.044692509055407406,0.16253949248201674,0.46052483855913795,0.027593752705271583
ZCH0708,1,PFO,ASD,0.3225236947214637,0.26412471256748016,0.15795101373367557,0.23690154893492216,0.018499030042458398
ZCH0709,2,PFO,PFO,0.3138436280266382,0.00583969040442704,0.029957851213094643,0.5911478453929848,0.0592109849628553
ZCH0710,2,PFO,PFO,0.22803526454929654,0.008667779233219182,0.204115057685206,0.53116875366254,0.02801314486973839
ZCH0711,4,PFO,NORMAL,0.3735211034273262,0.42860996902424886,0.015812164536807616,0.14800980470830863,0.03404695830330867
ZCH0712,2,PFO,PFO,0.1463117234025844,0.007244377371143522,0.016305959799536706,0.8169614073076459,0.01317653211908952
ZCH0713,4,PFO,PFO,0.05644820157662351,0.0008456558281061868,0.01741314523805405,0.9021261212960541,0.023166876061162262
ZCH0714,2,PFO,ASD,0.4572910869559924,0.007699213818651496,0.4315724730144425,0.015234357340667498,0.08820286887024614
ZCH0715,2,PFO,PFO,0.21881510134245744,0.3066131154700328,0.030177686133758697,0.43043072404587285,0.013963373007878237
ZCH0716,2,PFO,ASD,0.5567291235861536,0.0003685669963829031,0.037537608827974946,0.39903882840734445,0.006325872182144156
ZCH0717,0,PFO,PFO,0.2150613208973895,0.057275236498178075,0.031859061068064846,0.6463142173044435,0.0494901642319241
ZCH0718,3,PFO,PFO,0.1604300636491482,0.044709688101833484,0.028992626980837093,0.7419745557498136,0.02389306551836759
ZCH0719,0,PFO,NORMAL,0.058396561384455654,0.5733232026934942,0.016927244534163256,0.33631833187583304,0.015034659512053824
ZCH0720,1,PFO,PFO,0.357439351103856,0.16785329877873795,0.056318731456656994,0.39812013005987446,0.02026848860087464
ZCH0721,4,PFO,PFO,0.048095068779970385,0.1461993537761458,0.10364871303553813,0.6880539931308457,0.014002871277499895
ZCH0722,1,PFO,NORMAL,0.04590488214880275,0.6345527625911178,0.06815411475918241,0.24325815416805516,0.008130086332841815
ZCH0723,0,PFO,PFO,0.1068007552769448,0.24428843369170342,0.04796129620280184,0.5535187126507606,0.04743080217778947
ZCH0724,0,PFO,ASD,0.48238750357965815,0.030591069075344642,0.025719813894054585,0.43012266219281914,0.031178951258123602
ZCH0725,4,PFO,PFO,0.27350121501039176,0.009243043299376062,0.025921204769050132,0.643734810399507,0.047599726521674976
ZCH0726,1,PFO,PFO,0.32974940073659625,0.012588603799368337,0.07559098612008108,0.5624938824479209,0.019577126896033525
ZCH0727,2,PFO,ASD,0.7422665499222639,0.0019249159862424117,0.06161554288774697,0.08585224607652434,0.10834074512722237
ZCH0728,0,PFO,PFO,0.1160641339605192,0.022260439840591686,0.049685187325692666,0.7494494019453206,0.06254083692787592
ZCH0729,1,PFO,ASD,0.5178966226764858,0.037018358877525075,0.07013087091275574,0.36040117931217164,0.01455296822106174
ZCH0730,0,PFO,PFO,0.3639157217251468,0.032001204424214974,0.05984802036915795,0.5045853636430867,0.03964968983839357
ZCH0731,1,PFO,PFO,0.07333992918900038,0.21618021150501987,0.04868082342867118,0.6470504839785285,0.014748551898780153
ZCH0732,1,PFO,PFO,0.2722909459367792,0.029520392145548437,0.03894097996081293,0.48739478757734567,0.17185289437951382
ZCH0733,0,PFO,PFO,0.282321287087773,0.026379043535580956,0.0333294914263918,0.4840063475414296,0.1739638304088248
ZCH0734,3,PFO,ASD,0.7526427332493877,0.019043007239391632,0.034057846445895955,0.10309968380911472,0.09115672925620996
ZCH0735,3,PFO,PDA,0.23452049580193277,0.20946754407802423,0.3002429198700189,0.016620713731226172,0.23914832651879794
ZCH0736,1,PFO,PFO,0.4036629262549025,0.006768165129071686,0.04952118379919884,0.4683211270700101,0.07172659774681689
ZCH0737,4,PFO,ASD,0.44431743611749597,0.01208328729430815,0.05763700992571527,0.3357427612398147,0.1502195054226659
ZCH0738,4,PFO,ASD,0.5579085477766272,0.04753909205592138,0.061305398504132705,0.19415926114035498,0.13908770052296382
ZCH0739,4,PFO,PFO,0.12013613579318898,0.0066467376592941095,0.04705813885264148,0.6712026798157641,0.15495630787911133
ZCH0740,4,PFO,PFO,0.36384252067922973,0.08638119549527776,0.05394569090167813,0.4529930042355396,0.0428375886882748
ZCH0741,3,PFO,PFO,0.21905446301551817,0.18162489826927475,0.19724686418617113,0.368724054341186,0.03334972018784986
ZCH0742,0,PFO,NORMAL,0.1595126461112237,0.7841826888305146,0.011308123528993895,0.027783820286682706,0.017212721242585213
ZCH0743,3,PFO,PFO,0.22344590613380827,0.2695909004682447,0.04471817557844707,0.41652890477293647,0.04571611304656349
ZCH0744,0,PFO,PFO,0.2992637065028947,0.013326716597522104,0.06899234607087668,0.5972394509777333,0.02117777985097321
ZCH0745,2,PFO,ASD,0.8788047260980845,0.019693132270095455,0.022527775273714523,0.06853576241495332,0.010438603943152318
ZCH0746,3,PFO,PFO,0.1714932188836713,0.05941450982752999,0.0296363152525864,0.6035558426526356,0.1359001133835768
ZCH0747,3,PFO,PFO,0.07619266521030871,0.08884401701430973,0.08549956596698043,0.6662303264327409,0.08323342537566025
ZCH0748,3,PFO,PFO,0.2545210229874625,0.01984124072472473,0.037353814197769564,0.6490156400851833,0.03926828200486001
ZCH0749,4,PFO,PFO,0.03666729016181034,0.08781964067033446,0.015159818744439876,0.8453488701899918,0.015004380233423528
ZCH0750,1,PFO,PFO,0.22658433722163884,0.011634054542075016,0.023854091008227874,0.7007538005468764,0.03717371668118187
ZCH0751,3,PFO,ASD,0.42462998173323885,0.012030114266193942,0.10806157860925247,0.136008378485717,0.31926994690559773
ZCH0752,0,PFO,PFO,0.4497380869308091,0.006697258847239557,0.03802271589162352,0.489075186281861,0.016466752048466968
ZCH0753,0,PFO,PFO,0.20316040697663904,0.09813798211189513,0.025845966159278713,0.5117564059671312,0.16109923878505591
ZCH0754,4,PFO,NORMAL,0.01808255971124172,0.9539097331318273,0.006253053653506513,0.016191109243665458,0.005563544259758961
ZCH0755,0,VSD,VSD,0.30038511453924016,0.028639191868344172,0.17025475304379376,0.11035907665737425,0.39036186389124766
ZCH0756,3,VSD,VSD,0.03815269239164031,0.04816719602667976,0.04535563193786603,0.02861002537886273,0.8397144542649513
ZCH0757,3,VSD,VSD,0.05460294264951035,0.05254481014978677,0.08602867756225831,0.0333221996735647,0.7735013699648798
ZCH0758,3,VSD,VSD,0.02317034845216922,0.031850330532750194,0.037470272928084865,0.030323180899036038,0.8771858671879597
ZCH0759,2,VSD,VSD,0.01586648294922927,0.03179620038579263,0.015619123994323806,0.03489169195418066,0.9018265007164736
ZCH0760,3,VSD,VSD,0.027148013543140646,0.027659838331108393,0.0642088558196406,0.04320933781565341,0.8377739544904569
ZCH0761,4,VSD,VSD,0.01721983864088854,0.02060451959377854,0.021768033438851926,0.014985516993055042,0.925422091333426
ZCH0762,2,VSD,VSD,0.03669396574644531,0.008389052661922872,0.04279268043446137,0.02173005952630009,0.8903942416308704
ZCH0763,0,VSD,VSD,0.039672970148493206,0.03474320007910186,0.03043168945219698,0.03162400808673229,0.8635281322334757
ZCH0764,1,VSD,VSD,0.020957266159263452,0.039699582099906594,0.02979747548643423,0.03247891261794686,0.8770667636364489
ZCH0765,1,VSD,VSD,0.029072002244839787,0.0311277465136554,0.07055314750507698,0.07004999461502526,0.7991971091214026
ZCH0766,4,VSD,VSD,0.018935843007832943,0.013803972810532639,0.024715348310599756,0.019577616309234127,0.9229672195618005
ZCH0767,1,VSD,VSD,0.0384408832050995,0.03089679127280079,0.05463045432337196,0.0384409634998185,0.8375909076989093
ZCH0768,4,VSD,VSD,0.0059105194376554765,0.004572124008780468,0.05972007989029605,0.036224401128785035,0.8935728755344831
ZCH0769,0,VSD,VSD,0.0437913421938829,0.03234417849981054,0.039542189003084975,0.0378739334115584,0.8464483568916632
ZCH0770,0,VSD,VSD,0.031736883199999656,0.05442595950552199,0.05385319645653839,0.049377930194327735,0.8106060306436123
ZCH0771,1,VSD,VSD,0.02288716407666361,0.03472673008826936,0.03707591320203594,0.032551592821972064,0.872758599811059
ZCH0772,0,VSD,VSD,0.032965151217034236,0.051147786733848385,0.02490707582418892,0.03301281744528678,0.8579671687796416
ZCH0773,1,VSD,VSD,0.03158432782701164,0.026273235866295944,0.05221288939669642,0.03728785251819617,0.8526416943917999
ZCH0774,2,VSD,VSD,0.02616794676856546,0.024266723759678376,0.038185072949673896,0.032161428293186606,0.8792188282288957
ZCH0775,4,VSD,VSD,0.035737711600712874,0.018998210177049942,0.301279340999188,0.03568492762876431,0.608299809594285
ZCH0776,1,VSD,VSD,0.03671498922508088,0.030416790987737547,0.03917674016273195,0.03512694686248177,0.8585645327619679
ZCH0777,2,VSD,VSD,0.01141625945399926,0.024093027330370224,0.030278986751802926,0.0395874315389071,0.8946242949249205
ZCH0778,1,VSD,VSD,0.026567429480156186,0.033670307552219676,0.03187049241567243,0.047206038611658646,0.8606857319402932
ZCH0779,2,VSD,VSD,0.013198921931914452,0.012535459008652787,0.023345463192275887,0.0349634470052045,0.9159567088619524
ZCH0780,4,VSD,VSD,0.01780606903618739,0.016940704051483794,0.04416251492758317,0.023043995102205377,0.8980467168825402
ZCH0781,3,VSD,VSD,0.0176008435343583,0.02034519738187784,0.04575741375793987,0.02591499330141583,0.8903815520244082
ZCH0782,3,VSD,VSD,0.10851039110362812,0.13451326663615482,0.17337944993376075,0.09668315749988403,0.48691373482657235
ZCH0783,2,VSD,VSD,0.00827196029835347,0.01869562221363038,0.012884672405460108,0.013341188482229276,0.9468065566003269
ZCH0784,4,VSD,VSD,0.021886955570598266,0.019939791359597725,0.029264428730522887,0.03895557881058231,0.8899532455286989
ZCH0785,0,VSD,VSD,0.039253355979883595,0.0412343806357175,0.04113739202935596,0.048095170728063574,0.8302797006269793
ZCH0786,3,VSD,VSD,0.02321528260338749,0.02077330462853846,0.0921558458463992,0.016471212310655833,0.847384354611019
ZCH0787,4,VSD,VSD,0.013809234053632087,0.02931152269934922,0.06098996899026488,0.026809443213333072,0.8690798310434208
ZCH0788,0,VSD,VSD,0.03322477789715187,0.040385642392695174,0.046299578268853135,0.03717619834809781,0.8429138030932021
ZCH0789,3,VSD,VSD,0.024057657034449727,0.03353034361534147,0.1157300383796317,0.034172255350377975,0.7925097056201992
ZCH0790,2,VSD,VSD,0.012371836392973236,0.023636493913744814,0.05161219924502769,0.019341636325331715,0.8930378341229226
ZCH0791,4,VSD,VSD,0.013282449256404136,0.018433106374105064,0.01825467172500119,0.01468041742454667,0.935349355219943
ZCH0792,4,VSD,VSD,0.020715991034132332,0.018693139991735892,0.044846933737376554,0.023214031128599467,0.8925299041081558
ZCH0793,3,VSD,VSD,0.01332189914749325,0.025999180132079074,0.06216491084546168,0.022007603658788448,0.8765064062161776
ZCH0794,0,VSD,VSD,0.07405926626802917,0.0495793972982041,0.08162785890796423,0.026325378144909872,0.7684080993808926
ZCH0795,2,VSD,VSD,0.3547078541580872,0.01777816287088408,0.1370324415086637,0.026194302751149572,0.4642872387112156
ZCH0796,3,VSD,VSD,0.025017886029541893,0.044145436350011544,0.0458162278341053,0.03016902925057698,0.8548514205357644
ZCH0797,3,VSD,VSD,0.01968895347272751,0.07756407819301582,0.030848320596971648,0.03036563944623656,0.8415330082910485
ZCH0798,2,VSD,VSD,0.00822238756187237,0.0046058719825302135,0.014581738678477625,0.04183402350642528,0.9307559782706946
ZCH0799,2,VSD,VSD,0.007383086541928456,0.00463716466501032,0.009975422360739698,0.03722699424665769,0.9407773321856638
ZCH0800,0,VSD,VSD,0.031521516158670194,0.0392024776748273,0.019259036548929305,0.040101013086117736,0.8699159565314555
ZCH0801,3,VSD,VSD,0.011747055548114702,0.036030928485034655,0.03221171885327529,0.01777481323183521,0.9022354838817401
ZCH0802,2,VSD,ASD,0.9301543625347045,0.001028520462237332,0.03419869478659072,0.006768447156526206,0.02784997505994123
ZCH0803,1,VSD,VSD,0.28664293534121144,0.09306181309165903,0.22148377492841517,0.07452073391370376,0.32429074272501063
ZCH0804,4,VSD,VSD,0.014564726803932745,0.018494147593768107,0.020185608537230827,0.026287950823147065,0.9204675662419213
ZCH0805,1,VSD,VSD,0.10439182187973478,0.018649540743706505,0.037783537584444526,0.08547844674220482,0.7536966530499093
ZCH0806,1,VSD,VSD,0.01453817968318698,0.04586200658928381,0.1287093884286568,0.023626553690782426,0.7872638716080901
ZCH0807,4,VSD,PDA,0.1087287499633021,0.009991240877500435,0.4335104011755869,0.024844841434775815,0.42292476654883465
ZCH0808,3,VSD,VSD,0.026398248865979503,0.06118931793640977,0.06102407620548004,0.01730746470954618,0.8340808922825845
ZCH0809,0,VSD,VSD,0.0315828024348681,0.06202991008170834,0.024910975507364052,0.040352220262162,0.8411240917138975
ZCH0810,3,VSD,PDA,0.41130693239565635,0.02275209182814706,0.4399624935126105,0.05049174949132455,0.0754867327722615
ZCH0811,4,VSD,VSD,0.015414209106050193,0.020946801142707753,0.03054367752023029,0.016869239823085296,0.9162260724079265
ZCH0812,0,VSD,PFO,0.06588762714320041,0.2854898594833706,0.02258196535502208,0.619759205494755,0.006281342523651938
ZCH0813,2,VSD,ASD,0.48031848005879446,0.0063199633252147055,0.19666194313222893,0.17076372587857186,0.14593588760518988
ZCH0814,1,VSD,VSD,0.02286026468958933,0.01797936556397006,0.02771074956233701,0.03574252297703771,0.895707097207066
ZCH0815,3,VSD,ASD,0.5235051543782495,0.01114795305225866,0.28721723744317323,0.10795320632994156,0.07017644879637706
ZCH0816,3,VSD,VSD,0.025194055377597238,0.035790679655502956,0.05831790805217667,0.028892597736172584,0.8518047591785506
ZCH0817,2,VSD,VSD,0.2519016830044157,0.21654880788107697,0.029590281930224113,0.08974225750232967,0.4122169696819536
ZCH0818,3,VSD,VSD,0.1258685853108888,0.0052661080939162535,0.10769401563906084,0.11050197120798431,0.6506693197481498
ZCH0819,4,VSD,ASD,0.4786789222947482,0.0036906622706347376,0.01964211282831448,0.4734123839507922,0.02457591865551042
ZCH0820,0,VSD,VSD,0.03203529996983231,0.07119295175832736,0.03539018886319758,0.017718581132795005,0.8436629782758478
ZCH0821,1,VSD,VSD,0.04810437655381939,0.01853564099896669,0.04386164133332871,0.03921852482951505,0.8502798162843701
ZCH0822,1,VSD,VSD,0.02828979902257133,0.04098412847638524,0.07814538631927573,0.029376692927110353,0.8232039932546574
ZCH0823,4,VSD,VSD,0.016176749905994683,0.018501985172457637,0.15775468351408833,0.06664211217876084,0.7409244692286986
ZCH0824,1,VSD,VSD,0.029597426216883438,0.03511564168651238,0.04480377439115631,0.05462874852302636,0.8358544091824216
ZCH0825,2,VSD,ASD,0.41264884446619476,0.007436991058453156,0.3771198033395543,0.08793022377512029,0.11486413736067745
ZCH0826,3,VSD,VSD,0.04158931110414838,0.023594653974451787,0.04719625500271055,0.021987426075732716,0.8656323538429566
ZCH0827,4,VSD,VSD,0.010736703832143318,0.010339133407981753,0.035213295692929324,0.07018008474174363,0.873530782325202
ZCH0828,4,VSD,VSD,0.04372812653196405,0.015007963052384865,0.04810569497324573,0.047940782479654304,0.8452174329627511
ZCH0829,0,VSD,VSD,0.01848153189892923,0.04249846621030874,0.01796036843125108,0.025266489239918737,0.8957931442195922
ZCH0830,1,VSD,VSD,0.12780650263967555,0.016051158698279635,0.099426292341575,0.097723900496192,0.6589921458242778
ZCH0831,2,VSD,VSD,0.028391462162364874,0.0207782435845049,0.05695440685958635,0.03394205491309359,0.8599338324804503
ZCH0832,0,VSD,VSD,0.033246115404337154,0.034595243572837386,0.08712584547888903,0.04760277163117489,0.7974300239127616
ZCH0833,0,VSD,VSD,0.03889595302594025,0.04605081288963359,0.05196825486823358,0.060879864215616926,0.8022051150005757
ZCH0834,0,VSD,VSD,0.07176800254829546,0.06545365947134314,0.10686537980301283,0.05969411127807966,0.6962188468992689
ZCH0835,4,VSD,VSD,0.016925938935487533,0.030793656731962632,0.04135931676993738,0.014330353530339115,0.8965907340322734
ZCH0836,0,VSD,VSD,0.02574705182231529,0.0563850187110608,0.052836804486293076,0.04103113963566605,0.8239999853446649
ZCH0837,3,VSD,VSD,0.02757544235032799,0.02592760000000795,0.04180544999280424,0.031208787659117526,0.8734827199977423
ZCH0838,1,VSD,VSD,0.024033221225664085,0.02514993731102815,0.03710989931040004,0.038488139455474225,0.8752188026974335
ZCH0839,2,VSD,VSD,0.017383712665533926,0.013212326819421449,0.033513584395317875,0.01636837747698681,0.91952199864274
ZCH0840,2,VSD,VSD,0.034740935076718986,0.01345052143605436,0.015671977533142388,0.02653803183722406,0.9095985341168601
ZCH0841,4,VSD,VSD,0.03164030412862978,0.01401434333673794,0.025619498389355077,0.05622451414684158,0.8725013399984356
ZCH0842,1,VSD,VSD,0.07019787975162128,0.2093039088365116,0.21434098174443653,0.01802750571662576,0.4881297239508048
ZCH0843,4,VSD,VSD,0.1572534364737858,0.01080052549417663,0.19497384988468705,0.16961112925365426,0.46736105889369634
ZCH0844,0,VSD,VSD,0.015400089962503326,0.1157851418328019,0.04982017826157161,0.03460290887373658,0.7843916810693866
ZCH0845,2,VSD,VSD,0.11667141198332882,0.0224734147405925,0.1158157107813371,0.05135386598877239,0.6936855965059692
ZCH0846,2,VSD,NORMAL,0.10150731190236346,0.39434070994329684,0.061541747807073624,0.08129049477103714,0.36131973557622893
ZCH0847,2,VSD,VSD,0.23959183208295026,0.007839800855711879,0.10832641497178663,0.10238253546708234,0.541859416622469
ZCH0848,3,VSD,PFO,0.4349703023432439,0.006533506484538633,0.019612192594191998,0.4745012550633913,0.0643827435146341
ZCH0849,2,VSD,ASD,0.3917847687044104,0.0039981969109634035,0.008553270991788547,0.33898598823005727,0.2566777751627803
ZCH0850,0,VSD,VSD,0.2366473368756897,0.15701982424782557,0.14938216580713182,0.06652285333735232,0.3904278197320006
ZCH0851,4,VSD,VSD,0.016335759374494458,0.029346187482870344,0.06259084664537692,0.03281036814223868,0.8589168383550196
ZCH0852,3,VSD,VSD,0.05231546091671136,0.0651397933582804,0.12664742613154373,0.030086646492775676,0.7258106731006889
ZCH0853,1,VSD,VSD,0.024996406730346702,0.025241974011486805,0.03450308715655739,0.037071388406210604,0.8781871436953985
ZCH0854,4,VSD,VSD,0.01491998176408138,0.010929552134451957,0.05743575493633677,0.0739234962146693,0.8427912149504606
ZCH0855,0,VSD,VSD,0.027949279729880473,0.05484731329435241,0.20978324008684276,0.08007238697673964,0.6273477799121847
ZCH0856,2,VSD,VSD,0.021760034275269898,0.010960421239025018,0.028175448864642776,0.019389038642594256,0.9197150569784681
ZCH0857,3,VSD,VSD,0.044871659850427556,0.039574042598487964,0.06118274266003222,0.035250366144213265,0.819121188746839
ZCH0858,1,VSD,VSD,0.024477445029278636,0.031264588153807685,0.03952581899694334,0.033282082618547246,0.8714500652014231
ZCH0859,3,VSD,VSD,0.052713415969002475,0.043377917115665736,0.05702878098899974,0.018400511514023655,0.8284793744123083
ZCH0860,0,VSD,VSD,0.02608725901546818,0.06729919736665659,0.06464214854758543,0.03146846386540213,0.8105029312048877
ZCH0861,4,VSD,VSD,0.018241704641414662,0.015086360668251466,0.08252932228434419,0.024957265189189715,0.8591853472168001
ZCH0862,0,VSD,VSD,0.20032247731893035,0.13409632652813694,0.21316082596417413,0.04870601650217673,0.40371435368658176
ZCH0863,0,VSD,VSD,0.07293465720448543,0.11082616032469078,0.013455133534642845,0.0520685696439824,0.7507154792921986
ZCH0864,2,VSD,VSD,0.00720556487830037,0.009390402637808208,0.019326957737817164,0.011628848485281944,0.9524482262607923
ZCH0865,4,VSD,VSD,0.05697672405012817,0.03747813272746786,0.02552415556032767,0.031296976440461366,0.848724011221615
ZCH0866,3,VSD,VSD,0.03087451861251325,0.03623027549619476,0.04292958643315704,0.028252268904145523,0.8617133505539895
ZCH0867,1,VSD,VSD,0.14749100367120524,0.12338231432977012,0.1857217894353901,0.09339836078229857,0.45000653178133604
ZCH0868,1,VSD,VSD,0.031963785418964136,0.028456930422432497,0.0459036338013945,0.029336691626521774,0.8643389587306871
ZCH0869,4,VSD,VSD,0.025007322428039318,0.03562073556099985,0.03173007801508456,0.019659718437162053,0.8879821455587142
ZCH0870,0,VSD,PFO,0.06535602737037816,0.21046483105547348,0.034033672800234206,0.5918746772860869,0.09827079148782719
ZCH0871,0,VSD,VSD,0.05535163597820523,0.05199677529337628,0.1509268533235596,0.03578139098279307,0.7059433444220659
ZCH0872,2,VSD,VSD,0.022014304595272597,0.005915782247590273,0.02197143400575489,0.022618773391960136,0.9274797057594221
ZCH0873,1,VSD,ASD,0.31179892644141904,0.07364971444702023,0.2819513755280895,0.2199429709736703,0.11265701260980088
ZCH0874,1,VSD,VSD,0.301919918942129,0.08049059622106133,0.23934659602654412,0.05710968226043711,0.3211332065498285
ZCH0875,2,VSD,PFO,0.2020319548495529,0.008374808054951187,0.021690681792975626,0.7618884425430612,0.006014112759459046
ZCH0876,2,VSD,PFO,0.24080316830519558,0.0031163072500680535,0.06352844174500534,0.6830339835204492,0.009518099179281715
ZCH0877,1,VSD,VSD,0.027644271399664636,0.027137294892577705,0.03700568787144132,0.029174292182938925,0.8790384536533774
ZCH0878,1,VSD,NORMAL,0.026246803920697958,0.9125327991330412,0.027662557862963313,0.01507093270423437,0.018486906379063223
ZCH0879,1,VSD,VSD,0.03143805840452744,0.1284113281769165,0.07387027750040108,0.052320530581216204,0.7139598053369388
ZCH0880,0,VSD,VSD,0.04246724566852713,0.053975738114191645,0.07336103853127976,0.06253087705777916,0.7676651006282222
ZCH0881,0,VSD,VSD,0.01806159972186733,0.07712314650738006,0.054987739785563296,0.019665674675933748,0.8301618393092556
ZCH0882,4,VSD,VSD,0.008464837194005318,0.011909352855630675,0.01993459037722243,0.022415044393110335,0.9372761751800313
ZCH0883,2,VSD,VSD,0.014483035287936416,0.009554779708579788,0.02348274569062427,0.02311156933369501,0.9293678699791645
ZCH0884,3,VSD,VSD,0.014825444313687488,0.027737717023828906,0.06556207809463242,0.0439412925489413,0.8479334680189099
ZCH0885,3,VSD,VSD,0.060566282408215356,0.018494348496452852,0.40294048798229026,0.07218215500040526,0.4458167261126363
ZCH0886,2,VSD,ASD,0.5370699864354215,0.0009166507862012552,0.23265248162473132,0.10801354970992169,0.1213473314437241
ZCH0887,4,VSD,PFO,0.1910461586819247,0.015895666264408605,0.206256640562595,0.4782020060472719,0.1085995284437998
ZCH0888,2,VSD,VSD,0.03493175187302164,0.0036767180642279136,0.02284406653803313,0.03855807410524375,0.8999893894194736
ZCH0889,4,VSD,VSD,0.011125987048490618,0.02302459174826613,0.04970037623984203,0.0753623238002296,0.8407867211631717
ZCH0890,0,VSD,VSD,0.027938017551496015,0.0725856156013174,0.049577741378279985,0.032237226701779344,0.8176613987671273
ZCH0891,1,VSD,VSD,0.02676382450367868,0.03498053105472534,0.04011241895122324,0.04064197066140487,0.8575012548289679
ZCH0892,0,VSD,VSD,0.1654838394872046,0.016562572144870506,0.08300643954295936,0.06104872483527851,0.673898423989687
ZCH0893,0,VSD,VSD,0.033127662609317814,0.07563659915414271,0.12583418907250848,0.06509632774910164,0.7003052214149293
ZCH0894,1,VSD,VSD,0.06440579084891668,0.01682954217071383,0.06814448490406894,0.06846009898773889,0.7821600830885617
ZCH0895,1,VSD,VSD,0.018938173378119386,0.035931317995569076,0.043340789461352065,0.03844302424873611,0.8633466949162234
ZCH0896,0,VSD,VSD,0.022035288887218868,0.04621346256543907,0.12228400976359108,0.08763861895296936,0.7218286198307816
ZCH0897,4,VSD,VSD,0.008148100218267318,0.011092150827860239,0.05149583040729997,0.028476985947306136,0.9007869325992663
ZCH0898,4,VSD,PFO,0.010218023027994686,0.01898775894746976,0.0894446763355803,0.5070387389527287,0.3743108027362266
ZCH0899,1,VSD,VSD,0.024289094426669912,0.024249186493654974,0.04232731106796194,0.054235520117433336,0.8548988878942798
ZCH0900,3,VSD,VSD,0.24228858406044218,0.005559278633283582,0.08239226390374957,0.1956314049009905,0.4741284685015342
ZCH0901,3,VSD,VSD,0.0265823550335999,0.02447043999639924,0.07707524347398259,0.012112479442538715,0.8597594820534796
ZCH0902,0,VSD,VSD,0.03517357148448895,0.06338100756730511,0.05197032086078727,0.03856660757904911,0.8109084925083695
ZCH0903,4,VSD,VSD,0.013970563596038542,0.004748366672810581,0.045255528788597565,0.020830408507113013,0.9151951324354403
ZCH0904,3,VSD,VSD,0.024225155335678313,0.023548221304232612,0.030247721396804376,0.029925219622828524,0.8920536823404562
ZCH0905,3,VSD,VSD,0.012553482113105712,0.09767776744355514,0.03970426418352489,0.01727288256593767,0.8327916036938766
ZCH0906,1,VSD,VSD,0.2547709610708267,0.016634649694392784,0.10813095641448717,0.16324740956539754,0.4572160232548958
ZCH0907,4,VSD,VSD,0.02674785082431884,0.045429303617951514,0.06668131086971088,0.019863672313672465,0.8412778623743463
ZCH0908,1,VSD,NORMAL,0.18128251031698756,0.6396340671657125,0.12073450389100286,0.022766146834385027,0.03558277179191214
ZCH0909,3,VSD,VSD,0.10132531511871845,0.009743752501129892,0.23509186907805557,0.13883438047364935,0.5150046828284467
ZCH0910,4,VSD,VSD,0.18625359884186804,0.029190384474794946,0.19717120608734687,0.14544568800808375,0.4419391225879064
ZCH0911,2,VSD,VSD,0.015128621546937246,0.010134884801408076,0.024810377363669818,0.045943192775119865,0.903982923512865
ZCH0912,3,VSD,VSD,0.025094369648809827,0.018422963239038644,0.12277300540053128,0.05754712305079611,0.7761625386608241
ZCH0913,0,VSD,VSD,0.16479631561612262,0.03131293725343137,0.2002946017409091,0.054082807523056615,0.5495133378664804
ZCH0914,0,VSD,VSD,0.03118312217183233,0.0647228112426663,0.027793238583874464,0.04244030880986732,0.8338605191917595
ZCH0915,1,VSD,VSD,0.29840056807675525,0.093251325642588,0.15858838713994336,0.024047681087142135,0.42571203805357116
ZCH0916,3,VSD,VSD,0.025496089837935693,0.014559088080822161,0.05754614775721961,0.09206994514163884,0.8103287291823837
ZCH0917,0,VSD,VSD,0.06007539430659546,0.03678607081582019,0.12035086885731211,0.021751062629484463,0.7610366033907877
ZCH0918,3,VSD,VSD,0.017349603447125425,0.022854397842953827,0.12455541046054502,0.025743393642830306,0.8094971946065455
ZCH0919,4,VSD,VSD,0.008977003824310114,0.00765667232803984,0.0130663070605161,0.05737417746927678,0.9129258393178572
ZCH0920,1,VSD,PDA,0.11151815347275144,0.20876965719116702,0.3666758703094481,0.296123380268083,0.01691293875855047
ZCH0921,0,VSD,VSD,0.10427727669093938,0.13414307888229657,0.06251817079104656,0.02987336251803394,0.6691881111176836
ZCH0922,3,VSD,VSD,0.025561477891668776,0.011943626012285527,0.03426021184307548,0.07387953876983304,0.8543551454831372
ZCH0923,2,VSD,VSD,0.034385817925092696,0.0027458140942713044,0.14427171549566595,0.07027714744800953,0.7483195050369607
ZCH0924,4,VSD,VSD,0.018291841829005912,0.007866855011562129,0.08445271003819145,0.031610128717080715,0.8577784644041598
ZCH0925,1,VSD,VSD,0.061060179992168194,0.02907325994098535,0.06597542338531069,0.061079259578553265,0.7828118771029826
ZCH0926,2,VSD,VSD,0.04858437870933629,0.004798189092512143,0.012037000656367645,0.017637584993025982,0.916942846548758
ZCH0927,2,VSD,NORMAL,0.20981127251891574,0.3197096987148359,0.2316333909200498,0.1881215146456386,0.05072412320055991
ZCH0928,4,VSD,VSD,0.10867915917436112,0.005256199705890501,0.07315720552947486,0.017333175801852663,0.7955742597884209
ZCH0929,2,VSD,VSD,0.00895665320554978,0.016342907888607042,0.018454080905884934,0.013153218633272575,0.9430931393666857
ZCH0930,4,VSD,VSD,0.009336639264432562,0.02008928386632214,0.13555906433534598,0.016387933574676605,0.8186270789592227
ZCH0931,1,VSD,VSD,0.023331014824315374,0.04044862992728731,0.07714852420799893,0.043369291589750454,0.815702539450648
ZCH0932,3,VSD,VSD,0.05097654162492999,0.04731128646631847,0.3238121620619346,0.0200283507179254,0.5578716591288916
ZCH0933,3,VSD,NORMAL,0.2508699142780274,0.37992568248155206,0.16837707462411938,0.018519500394871664,0.1823078282214295
ZCH0934,4,VSD,VSD,0.025443034140295955,0.027891627407101473,0.07096633681981732,0.004318372640490014,0.8713806289922952
ZCH0935,0,VSD,VSD,0.024090221686365966,0.048342806642171374,0.07447631920691643,0.04196109568851435,0.8111295567760318
ZCH0936,0,VSD,VSD,0.028543047766177,0.04902219466200281,0.07938652366304515,0.051673817676476476,0.7913744162322986
ZCH0937,2,VSD,VSD,0.012780929394303591,0.00783523166840588,0.015094100256455592,0.014936618631887508,0.9493531200489475
ZCH0938,1,VSD,NORMAL,0.04307555476091728,0.9110514568885442,0.026139402878284063,0.00830865662949524,0.011424928842759283
ZCH0939,1,VSD,NORMAL,0.28433355197692417,0.6797335045895944,0.021435741760056474,0.009832910480353372,0.004664291193071707
ZCH0940,2,VSD,VSD,0.025069461935329114,0.017520867139173855,0.01890138616140448,0.01514757752812654,0.923360707235966
ZCH0941,2,VSD,VSD,0.2741933882143668,0.3080820489381496,0.07127425019164693,0.03397442709689609,0.3124758855589406
