recording_id,fold,true_label,pred_label,prob_ASD,prob_NORMAL,prob_PDA,prob_PFO,prob_VSD
ZCH0001,2,NORMAL,NORMAL,1.03112042779685e-05,0.999955415725708,2.7764167498389725e-06,2.0121187844779342e-06,2.939291334769223e-05
ZCH0002,1,NORMAL,NORMAL,4.6644795475003775e-06,0.9999804496765137,3.273024731242913e-07,4.0481054384144954e-06,1.043140855472302e-05
ZCH0003,0,NORMAL,NORMAL,3.538186865625903e-05,0.9997429251670837,5.875074748473708e-06,1.8707629351411015e-05,0.0001970925513887778
ZCH0004,4,NORMAL,NORMAL,3.691159872687422e-05,0.9998748302459717,7.274572908499977e-06,4.608622020896291e-06,7.624686259077862e-05
ZCH0005,2,NORMAL,NORMAL,3.870457294397056e-05,0.9998606443405151,5.990272711642319e-06,1.0754661161627155e-05,8.386404806515202e-05
ZCH0006,3,NORMAL,NORMAL,0.0003023611498065293,0.9995463490486145,1.4386185284820385e-05,1.817961674532853e-05,0.00011853163596242666
ZCH0007,1,NORMAL,NORMAL,4.753599114337703e-06,0.9999679327011108,1.025288497658039e-06,9.699801012175158e-06,1.6530300854356028e-05
ZCH0008,0,NORMAL,NORMAL,0.00010109069262398407,0.9987390637397766,3.985364310210571e-05,9.198843144986313e-06,0.001110874698497355
ZCH0009,1,NORMAL,NORMAL,0.0010571028105914593,0.9988524913787842,4.468164206627989e-06,7.663551514269784e-05,9.137109373114072e-06
ZCH0010,1,NORMAL,NORMAL,0.00011292727867839858,0.9998574256896973,1.898084320828275e-07,9.812468988457113e-07,2.8467113224905916e-05
ZCH0011,4,NORMAL,NORMAL,0.03799959272146225,0.961593508720398,0.00013138084614183754,8.537194275959337e-07,0.00027474405942484736
ZCH0012,2,NORMAL,NORMAL,3.154719161102548e-05,0.9998704195022583,3.490768676783773e-06,1.3411238796834368e-05,8.100509876385331e-05
ZCH0013,4,NORMAL,NORMAL,5.845400210091611e-06,0.9949551224708557,1.6527063735338743e-06,2.760307552307495e-06,0.00503465486690402
ZCH0014,2,NORMAL,NORMAL,2.8420796297723427e-05,0.9998655319213867,6.248324552871054e-06,2.5019911845447496e-05,7.480473868781701e-05
ZCH0015,1,NORMAL,NORMAL,3.269514991188771e-06,0.9999885559082031,5.618522891381872e-07,2.1557273157668533e-06,5.457567112898687e-06
ZCH0016,1,NORMAL,NORMAL,3.06108404402039e-07,0.9999943971633911,2.317598841727886e-07,6.902286031618132e-07,4.325835107010789e-06
ZCH0017,0,NORMAL,NORMAL,0.24819904565811157,0.5223874449729919,0.0063728694804012775,0.01500906515866518,0.208031564950943
ZCH0018,0,NORMAL,NORMAL,0.002170753665268421,0.9966235160827637,4.0131744754035026e-05,0.0005410438170656562,0.0006245295517146587
ZCH0019,0,NORMAL,NORMAL,0.00011299694597255439,0.9995579123497009,3.112102422164753e-05,4.157472721999511e-05,0.00025639243540354073
ZCH0020,1,NORMAL,NORMAL,1.425677851329965e-07,0.999992847442627,6.118900586216114e-08,1.9791538363733707e-07,6.702352038701065e-06
ZCH0021,3,NORMAL,NORMAL,4.208099562674761e-05,0.9999085664749146,5.471143140312051e-06,1.1996972716588061e-05,3.1857172871241346e-05
ZCH0022,4,NORMAL,NORMAL,2.6547451852820814e-05,0.9998849630355835,1.6617160554233124e-06,3.1247877814166714e-06,8.362720836885273e-05
ZCH0023,4,NORMAL,NORMAL,0.00010012753045884892,0.9998641014099121,2.20539945416931e-07,6.67429560508026e-07,3.47520035575144e-05
ZCH0024,4,NORMAL,NORMAL,2.7956355552305467e-05,0.9998770952224731,7.99782901594881e-06,8.698766578163486e-06,7.822390034561977e-05
ZCH0025,1,NORMAL,NORMAL,9.432916158402804e-06,0.9981811046600342,3.2571438168815803e-06,0.0007174952188506722,0.0010887538082897663
ZCH0026,0,NORMAL,NORMAL,9.690167644293979e-05,0.9961448907852173,7.926623766252305e-06,1.993049772863742e-05,0.0037303436547517776
ZCH0027,1,NORMAL,NORMAL,7.141166861401871e-06,0.9999654293060303,4.148153493588325e-06,1.1168399396410678e-05,1.2015975698886905e-05
ZCH0028,1,NORMAL,NORMAL,5.136011623108061e-06,0.9998854398727417,2.7060934826295124e-06,6.10835340921767e-05,4.564120536088012e-05
ZCH0029,0,NORMAL,NORMAL,0.000499676913022995,0.9987493753433228,2.2793923562858254e-05,0.00018779521633405238,0.0005404056282714009
ZCH0030,0,NORMAL,NORMAL,4.2560295696603134e-05,0.999419093132019,1.672978396527469e-05,7.164423732319847e-05,0.0004501204239204526
ZCH0031,4,NORMAL,NORMAL,4.138231815886684e-05,0.9995397329330444,1.2584524483827408e-05,1.045213775796583e-05,0.0003958350280299783
ZCH0032,4,NORMAL,NORMAL,5.035296271671541e-05,0.9278513789176941,4.980153789801989e-06,0.00012511014938354492,0.07196816056966782
ZCH0033,4,NORMAL,NORMAL,3.435464532230981e-05,0.9998770952224731,6.800096343795303e-06,3.07933114527259e-05,5.104548836243339e-05
ZCH0034,4,NORMAL,NORMAL,4.668013207265176e-05,0.9998121857643127,1.3753328858001623e-06,1.2157764786024927e-06,0.00013846784713678062
ZCH0035,4,NORMAL,NORMAL,1.676107058301568e-05,0.9999643564224243,2.6160701054323e-06,2.36665437114425e-06,1.377056378260022e-05
ZCH0036,4,NORMAL,NORMAL,2.545465213188436e-05,0.9999372959136963,5.58206750156387e-07,8.00299494585488e-06,2.8587053748196922e-05
ZCH0037,4,NORMAL,NORMAL,2.216082066297531e-05,0.9998906850814819,1.2671403965214267e-05,4.296492988942191e-06,7.025580998742953e-05
ZCH0038,0,NORMAL,VSD,0.09477412700653076,0.007813595235347748,0.0003450598451308906,8.091861673165113e-06,0.8970591425895691
ZCH0039,2,NORMAL,NORMAL,2.184269942517858e-05,0.9999521970748901,8.322378448610834e-07,5.685201358573977e-07,2.4509856302756816e-05
ZCH0040,3,NORMAL,ASD,0.9038852453231812,0.00783951673656702,0.010528462007641792,0.07735820859670639,0.0003885072947014123
ZCH0041,0,NORMAL,NORMAL,0.00014062972331885248,0.9994334578514099,0.00016597038484178483,5.9019002947025e-05,0.00020104031136725098
ZCH0042,4,NORMAL,NORMAL,0.0009636951726861298,0.9982820749282837,1.2507553037721664e-05,0.000616601959336549,0.0001252211950486526
ZCH0043,0,NORMAL,NORMAL,0.0020913537591695786,0.9976434111595154,2.506940290913917e-05,2.800993934215512e-05,0.00021200263290666044
ZCH0044,3,NORMAL,NORMAL,3.909126826329157e-05,0.999545156955719,9.83314384939149e-06,6.661498628091067e-05,0.0003392109938431531
ZCH0045,1,NORMAL,NORMAL,3.6236860978533514e-07,0.9999892711639404,3.731290973973955e-07,1.7909856069309171e-06,8.203284778574016e-06
ZCH0046,3,NORMAL,NORMAL,5.47634408576414e-05,0.9998644590377808,8.179178621503524e-06,1.583408266014885e-05,5.6780761951813474e-05
ZCH0047,3,NORMAL,NORMAL,2.8752421712852083e-05,0.9999051094055176,1.8681200799619546e-06,4.587421426549554e-05,1.839751348597929e-05
ZCH0048,1,NORMAL,NORMAL,7.65189906815067e-06,0.9999799728393555,1.8260469687447767e-06,2.977455324071343e-06,7.687615834583994e-06
ZCH0049,0,NORMAL,NORMAL,0.0005341402138583362,0.9994277358055115,3.1348972129308095e-07,8.116076969599817e-06,2.962566213682294e-05
ZCH0050,2,NORMAL,NORMAL,8.177884410542902e-06,0.9999560117721558,1.2374341622489737e-06,4.589324817061424e-06,3.001802360813599e-05
ZCH0051,2,NORMAL,NORMAL,1.572240944369696e-05,0.999895453453064,5.687695647793589e-06,8.078273822320625e-06,7.492984877899289e-05
ZCH0052,2,NORMAL,NORMAL,2.110180321324151e-05,0.9998972415924072,3.4118540952476906e-06,9.990625585487578e-06,6.820637645432726e-05
ZCH0053,1,NORMAL,NORMAL,1.6488864275743254e-05,0.9999692440032959,1.4462834769801702e-06,1.2416921890689991e-06,1.1685043318721e-05
ZCH0054,0,NORMAL,NORMAL,0.009996556676924229,0.5272391438484192,0.0005077689420431852,3.291276152594946e-05,0.4622235596179962
ZCH0055,0,NORMAL,NORMAL,2.643618245201651e-05,0.999805748462677,2.2462236302089877e-05,2.710478838707786e-05,0.00011838759382953867
ZCH0056,4,NORMAL,NORMAL,1.6933325241552666e-05,0.9999332427978516,4.7014270876388764e-07,1.2348925793048693e-06,4.8110003262991086e-05
ZCH0057,2,NORMAL,ASD,0.8962098956108093,0.10341814160346985,4.3137592342645803e-07,0.00034915952710434794,2.2477366655948572e-05
ZCH0058,0,NORMAL,NORMAL,4.640316910808906e-05,0.9997510313987732,3.8432470319094136e-05,3.392351936781779e-05,0.00013030905392952263
ZCH0059,0,NORMAL,PFO,0.000717827002517879,0.28823933005332947,0.0005480535328388214,0.7103621959686279,0.0001326156925642863
ZCH0060,0,NORMAL,NORMAL,0.0001049659404088743,0.9996063113212585,2.8270171242184006e-05,9.263501851819456e-05,0.00016788327775429934
ZCH0061,2,NORMAL,NORMAL,1.9687573512783274e-05,0.9998853206634521,4.048820301250089e-06,1.9927036191802472e-05,7.105830445652828e-05
ZCH0062,1,NORMAL,NORMAL,1.1344468475726899e-07,0.9996123909950256,2.3366280288428243e-07,0.0002814086328726262,0.00010577691864455119
ZCH0063,1,NORMAL,NORMAL,0.0001471077703172341,0.9978923201560974,2.770785840766621e-06,0.0018754919292405248,8.23715454316698e-05
ZCH0064,3,NORMAL,PFO,0.009164867922663689,0.0019466812955215573,2.1073004973004572e-05,0.988297164440155,0.0005702338530682027
ZCH0065,4,NORMAL,NORMAL,7.149303564801812e-05,0.9967544674873352,4.1563151171430945e-05,0.0002748955739662051,0.0028575239703059196
ZCH0066,1,NORMAL,NORMAL,3.5908394693251466e-06,0.9999572038650513,1.2236852171554347e-06,8.802631782600656e-06,2.92441309284186e-05
ZCH0067,1,NORMAL,NORMAL,1.0422210152682965e-06,0.9999713897705078,3.728046522155637e-06,1.083007373381406e-05,1.3002187188249081e-05
ZCH0068,2,NORMAL,PFO,0.0010992909083142877,0.10451454669237137,2.079807200061623e-05,0.8941460251808167,0.00021935354743618518
ZCH0069,4,NORMAL,NORMAL,5.5006334150675684e-05,0.9997724890708923,1.0800013114931062e-05,1.877581780718174e-05,0.00014277752779889852
ZCH0070,1,NORMAL,NORMAL,7.69788357501966e-07,0.9999810457229614,1.7256497812923044e-06,1.1950543012062553e-05,4.620479558070656e-06
ZCH0071,4,NORMAL,NORMAL,9.13315307116136e-06,0.9999752044677734,1.926048753375653e-06,6.081372703192756e-07,1.312858239543857e-05
ZCH0072,0,NORMAL,NORMAL,5.694408173440024e-05,0.9995734095573425,1.8991599063156173e-05,5.6556036724941805e-05,0.0002940387057606131
ZCH0073,3,NORMAL,NORMAL,5.394975232775323e-05,0.9998617172241211,7.858409844629932e-06,1.6836547729326412e-05,5.961064016446471e-05
ZCH0074,3,NORMAL,NORMAL,0.00034360733116045594,0.9995730519294739,1.0498431947780773e-05,2.2135913241072558e-05,5.064907600171864e-05
ZCH0075,2,NORMAL,NORMAL,8.310042903758585e-05,0.9997677206993103,1.1831362826342229e-05,3.122046109638177e-05,0.00010621208639349788
ZCH0076,4,NORMAL,ASD,0.5612882375717163,0.42595258355140686,9.179792641589302e-07,1.3881858649256174e-06,0.01275683008134365
ZCH0077,4,NORMAL,NORMAL,1.5268780771293677e-05,0.9998974800109863,2.9683560569537804e-06,1.793829596863361e-06,8.244328637374565e-05
ZCH0078,4,NORMAL,NORMAL,4.0984872612170875e-05,0.9998834133148193,5.942142706771847e-06,7.915994501672685e-06,6.171721179271117e-05
ZCH0079,4,NORMAL,NORMAL,5.667954246746376e-05,0.9998016953468323,1.021908155962592e-05,8.846425771480426e-06,0.00012256906484253705
ZCH0080,3,NORMAL,PFO,0.00017081672558560967,0.049207817763090134,0.00010490685963304713,0.6211662292480469,0.32935020327568054
ZCH0081,1,NORMAL,NORMAL,1.453202798984421e-06,0.9999909400939941,8.769239911998739e-07,8.813482281766483e-07,5.96216113990522e-06
ZCH0082,1,NORMAL,NORMAL,0.00011203245230717584,0.9508234858512878,1.3539865904022008e-06,0.04816324636340141,0.0008998923585750163
ZCH0083,1,NORMAL,NORMAL,3.435097369219875e-06,0.9999833106994629,4.5075137222738704e-07,4.212809471937362e-06,8.527339559805114e-06
ZCH0084,0,NORMAL,NORMAL,0.0007523692911490798,0.9980505704879761,0.00047313154209405184,0.0001871719432529062,0.000536672247108072
ZCH0085,0,NORMAL,NORMAL,0.0003736088110599667,0.9987032413482666,5.5786997108953074e-05,0.00024959712754935026,0.0006177903269417584
ZCH0086,4,NORMAL,NORMAL,1.4760265912627801e-05,0.9987768530845642,6.125318577687722e-06,6.820665703344275e-07,0.001201532781124115
ZCH0087,0,NORMAL,NORMAL,0.003332046326249838,0.9951211810112,0.0002818819775711745,0.000468087091576308,0.000796844600699842
ZCH0088,2,NORMAL,NORMAL,7.064008968882263e-06,0.9994971752166748,4.0910022107709665e-06,0.00045157066779211164,4.0131821151589975e-05
ZCH0089,3,NORMAL,NORMAL,0.00010876487795030698,0.9997279047966003,1.5264096873579547e-05,3.4227745345560834e-05,0.00011376068141544238
ZCH0090,3,NORMAL,NORMAL,5.903069177293219e-05,0.9998515844345093,1.1127665857202373e-05,2.0125729861319996e-05,5.8201472711516544e-05
ZCH0091,4,NORMAL,NORMAL,0.0001498752972111106,0.999722421169281,6.672513336525299e-06,6.259047040657606e-06,0.00011461140093160793
ZCH0092,1,NORMAL,NORMAL,0.0002203826734330505,0.9993497729301453,1.0041961786555476e-06,0.0004093142633792013,1.959657674888149e-05
ZCH0093,0,NORMAL,NORMAL,0.00014582213771063834,0.9988345503807068,1.9024277207790874e-05,0.0001104353868868202,0.0008901491528376937
ZCH0094,0,NORMAL,NORMAL,0.0008145911851897836,0.9968656897544861,0.00019304333545733243,0.0003344558354001492,0.0017923203995451331
ZCH0095,4,NORMAL,NORMAL,3.4588101698318496e-05,0.9999316930770874,1.527005451862351e-06,4.049182280141395e-06,2.8079139156034216e-05
ZCH0096,3,NORMAL,NORMAL,4.179503594059497e-05,0.9998856782913208,6.433205726352753e-06,1.4430152987188194e-05,5.164424510439858e-05
ZCH0097,3,NORMAL,NORMAL,6.437314004870132e-05,0.9998388290405273,7.417720098601421e-06,2.2452401026384905e-05,6.692988245049492e-05
ZCH0098,2,NORMAL,NORMAL,0.0001326285273535177,0.9998065829277039,3.10623477162153e-06,9.668250640970655e-06,4.8023968702182174e-05
ZCH0099,1,NORMAL,NORMAL,2.324605020476156e-06,0.9999862909317017,2.5068543436645996e-06,3.99499276682036e-06,4.7723551688250154e-06
ZCH0100,1,NORMAL,NORMAL,1.28339870570926e-05,0.9999758005142212,1.153020434685459e-06,2.6387363050162094e-06,7.535205440944992e-06
ZCH0101,4,NORMAL,NORMAL,1.4891671526129358e-05,0.9996066689491272,4.111024099984206e-05,7.5900602496403735e-06,0.0003297438961453736
ZCH0102,4,NORMAL,NORMAL,3.795792508753948e-05,0.9997559189796448,1.3065624671071419e-06,2.4882649540813873e-06,0.00020235915144439787
ZCH0103,2,NORMAL,NORMAL,4.792638719663955e-06,0.9995947480201721,1.3703132850650945e-08,0.00026755157159641385,0.00013302791921887547
ZCH0104,3,NORMAL,NORMAL,6.109134847065434e-05,0.9996262788772583,1.4038889275980182e-05,0.00019513731240294874,0.00010325859329896048
ZCH0105,0,NORMAL,NORMAL,0.0005133209051564336,0.9987683892250061,7.933721644803882e-05,0.00011283817002549767,0.0005261254264041781
ZCH0106,1,NORMAL,PFO,5.6925605349533726e-06,0.0038746295031160116,1.4826578990323469e-05,0.9960842132568359,2.0679917724919505e-05
ZCH0107,1,NORMAL,NORMAL,1.4905135685694404e-06,0.9999910593032837,1.3324083170118683e-07,2.3896354832686484e-06,4.8861661525734235e-06
ZCH0108,3,NORMAL,PFO,1.1050541615986731e-05,0.001570052234455943,1.5035131582408212e-05,0.9983683228492737,3.557741365511902e-05
ZCH0109,4,NORMAL,PFO,1.8888273189077154e-05,0.23382021486759186,0.00022983629605732858,0.7656955718994141,0.00023536861408501863
ZCH0110,2,NORMAL,NORMAL,1.3557727470470127e-05,0.9999154806137085,1.9186284134775633e-06,1.1264010936429258e-05,5.7827466662274674e-05
ZCH0111,4,NORMAL,NORMAL,4.04884121962823e-05,0.9975478053092957,2.9418731628538808e-06,8.975865739557776e-08,0.0024086490739136934
ZCH0112,2,NORMAL,NORMAL,6.684770778520033e-05,0.9990399479866028,9.255478289560415e-06,0.0007209854084067047,0.0001628690806683153
ZCH0113,0,NORMAL,NORMAL,0.0006782622076570988,0.9990983009338379,2.791476435959339e-05,4.760173396789469e-05,0.0001479798083892092
ZCH0114,2,NORMAL,NORMAL,0.0005469002644531429,0.9987279772758484,5.669643314831774e-07,5.185088230064139e-05,0.0006725742132402956
ZCH0115,2,NORMAL,NORMAL,3.870000000461005e-06,0.9999421834945679,5.909174092266767e-07,9.714482985145878e-06,4.3724994611693546e-05
ZCH0116,2,NORMAL,NORMAL,4.791389073943719e-05,0.999669075012207,3.3192176829288655e-07,3.499963349895552e-05,0.00024761894019320607
ZCH0117,3,NORMAL,NORMAL,2.7260986826149747e-05,0.9997565150260925,6.777103862987133e-06,0.00010965410911012441,9.971359395422041e-05
ZCH0118,4,NORMAL,NORMAL,5.1934559451183304e-05,0.9997960925102234,1.812577829696238e-05,1.3386706086748745e-05,0.0001204822983709164
ZCH0119,1,NORMAL,NORMAL,0.0012370412005111575,0.9986358284950256,3.894432666129433e-06,8.296607120428234e-05,4.024246663902886e-05
ZCH0120,1,NORMAL,NORMAL,4.144399099459406e-06,0.9999803304672241,6.602327857763157e-07,4.021780569019029e-06,1.075009276974015e-05
ZCH0121,3,NORMAL,NORMAL,3.74157061742153e-05,0.9999135732650757,4.844415798288537e-06,7.708519660809543e-06,3.6356203054310754e-05
ZCH0122,4,NORMAL,NORMAL,0.037509266287088394,0.9575552344322205,4.494420863920823e-05,7.803803782735486e-06,0.0048827556893229485
ZCH0123,3,NORMAL,NORMAL,3.0533068638760597e-05,0.9999204874038696,4.468823135539424e-06,7.466425813618116e-06,3.7120327760931104e-05
ZCH0124,1,NORMAL,NORMAL,3.2640564313624054e-06,0.9999817609786987,2.2494180029752897e-06,3.4606769077072386e-06,9.352351298730355e-06
ZCH0125,1,NORMAL,NORMAL,1.0013416613219306e-05,0.999962329864502,2.720300017244881e-06,1.1968954822805244e-05,1.3020769074501004e-05
ZCH0126,2,NORMAL,NORMAL,1.401814279233804e-05,0.9999278783798218,2.6880356926994864e-06,9.538680387777276e-06,4.57354290119838e-05
ZCH0127,3,NORMAL,NORMAL,5.4519194236490875e-05,0.9998681545257568,6.204850251378957e-06,1.71884530573152e-05,5.397176937549375e-05
ZCH0128,0,NORMAL,NORMAL,0.0006836071261204779,0.9966189861297607,0.0018213847652077675,3.9143484173109755e-05,0.000836867606267333
ZCH0129,4,NORMAL,NORMAL,2.5150525289063808e-06,0.99989914894104,1.4718095826538047e-06,1.5655906508982298e-06,9.531299292575568e-05
ZCH0130,1,NORMAL,NORMAL,2.5381293653481407e-06,0.9999538660049438,2.5965855456888676e-06,3.65367986887577e-06,3.730472963070497e-05
ZCH0131,2,NORMAL,NORMAL,2.3753784262225963e-05,0.9999077320098877,5.528117981157266e-06,1.4362565707415342e-05,4.8701778723625466e-05
ZCH0132,3,NORMAL,NORMAL,0.0034212195314466953,0.9604692459106445,1.278091349377064e-05,5.286090527079068e-05,0.036043863743543625
ZCH0133,2,NORMAL,NORMAL,1.0175326679018326e-05,0.9999710321426392,1.6212557341077627e-07,6.288677241172991e-07,1.8149428797187284e-05
ZCH0134,2,NORMAL,NORMAL,1.1646641723928042e-05,0.9999542236328125,1.0657406619429821e-06,2.5405911401321646e-06,3.0482829970424064e-05
ZCH0135,4,NORMAL,NORMAL,3.7243527913233265e-05,0.9999475479125977,4.437133327428455e-07,1.0151452443096787e-06,1.3709518498217221e-05
ZCH0136,0,NORMAL,NORMAL,0.0002544727467466146,0.9993506073951721,2.5996127078542486e-05,5.823336687171832e-05,0.00031065751682035625
ZCH0137,0,NORMAL,NORMAL,8.573687955504283e-05,0.9994220733642578,8.101298590190709e-06,4.4455871829995885e-05,0.0004396737494971603
ZCH0138,1,NORMAL,NORMAL,7.042153811198659e-07,0.9999923706054688,2.817690472056711e-07,3.4733211577986367e-06,3.2020354865380796e-06
ZCH0139,2,NORMAL,NORMAL,1.0631929399096407e-05,0.999963641166687,1.7549555195728317e-06,4.532034836302046e-06,1.9456891095614992e-05
ZCH0140,2,NORMAL,ASD,0.9932346940040588,0.006069391034543514,1.1237714261369547e-06,0.0006876031984575093,7.164005637605442e-06
ZCH0141,2,NORMAL,NORMAL,0.48794296383857727,0.5119070410728455,9.258142199541908e-06,2.5247683879570104e-05,0.00011542913853190839
ZCH0142,1,NORMAL,NORMAL,4.1054131543205585e-06,0.9999682903289795,7.486907520615205e-07,2.539386287025991e-06,2.4417162421741523e-05
ZCH0143,3,NORMAL,NORMAL,8.006700954865664e-05,0.9997654557228088,1.3975103684060741e-05,2.2458740204456262e-05,0.00011805474059656262
ZCH0144,1,NORMAL,NORMAL,4.991250648345158e-07,0.9999915361404419,4.2530928112682886e-07,3.8111959383968497e-06,3.737366569112055e-06
ZCH0145,3,NORMAL,NORMAL,4.987297143088654e-05,0.9998695850372314,7.0626119850203395e-06,1.695079481578432e-05,5.6635417422512546e-05
ZCH0146,3,NORMAL,NORMAL,3.126345472992398e-05,0.9999146461486816,4.518999503488885e-06,7.262856343004387e-06,4.2374835174996406e-05
ZCH0147,0,NORMAL,NORMAL,7.072345033520833e-05,0.9996412992477417,1.7779864720068872e-05,2.1232279323157854e-05,0.00024907715851441026
ZCH0148,3,NORMAL,NORMAL,3.094734711339697e-05,0.9999020099639893,3.842923433694523e-06,1.5037735465739388e-05,4.8141777369892225e-05
ZCH0149,3,NORMAL,NORMAL,6.373531505232677e-05,0.999855637550354,7.598896900162799e-06,2.6988671379513107e-05,4.6021938032936305e-05
ZCH0150,1,NORMAL,NORMAL,9.73980263552221e-07,0.9999887943267822,1.1759046856241184e-06,2.7795056212198688e-06,6.3635957303631585e-06
ZCH0151,4,NORMAL,NORMAL,2.3858938220655546e-05,0.9999198913574219,5.100157068227418e-06,3.743794422916835e-06,4.7418045141967013e-05
ZCH0152,1,NORMAL,NORMAL,4.143864771322114e-06,0.9999905824661255,1.963785081215974e-07,1.0462912314324058e-06,3.988670869148336e-06
ZCH0153,4,NORMAL,NORMAL,3.0837466056254925e-06,0.999893307685852,2.6750592496682657e-06,4.444407750270329e-06,9.64957507676445e-05
ZCH0154,2,NORMAL,NORMAL,9.558867895975709e-05,0.9998786449432373,4.810929681298148e-07,6.705006398988189e-06,1.861782766354736e-05
ZCH0155,2,NORMAL,NORMAL,1.738732316880487e-05,0.9998770952224731,3.782997509915731e-06,1.5887226254562847e-05,8.577755215810612e-05
ZCH0156,0,NORMAL,NORMAL,0.00019433182023931295,0.9992190599441528,8.656462887302041e-05,1.753298238327261e-05,0.0004825577780138701
ZCH0157,3,NORMAL,NORMAL,2.761717769317329e-05,0.9999271631240845,4.837505912291817e-06,1.137089839176042e-05,2.8914826543768868e-05
ZCH0158,1,NORMAL,NORMAL,1.711023651296273e-05,0.9982707500457764,1.4361590672251623e-07,0.0016915372107177973,2.0429835785762407e-05
ZCH0159,0,NORMAL,NORMAL,0.00010234646470053121,0.9994940757751465,1.0403877240605652e-05,5.043777127866633e-05,0.00034284652792848647
ZCH0160,0,NORMAL,NORMAL,0.00017634961113799363,0.9994761347770691,3.562817073543556e-05,5.82495667913463e-05,0.0002536307438276708
ZCH0161,0,NORMAL,NORMAL,3.222235318389721e-05,0.999850869178772,2.0857734853052534e-05,2.6798190447152592e-05,6.92662870278582e-05
ZCH0162,3,NORMAL,NORMAL,9.880618017632514e-05,0.9998661279678345,3.0846160825603874e-06,4.201334832032444e-06,2.7787873477791436e-05
ZCH0163,1,NORMAL,NORMAL,3.887445927830413e-06,0.9999654293060303,3.266637122578686e-06,3.438592329985113e-06,2.39411474467488e-05
ZCH0164,0,NORMAL,NORMAL,0.00048340458306483924,0.9960456490516663,0.0025269263423979282,0.0001828506647143513,0.0007611251203343272
ZCH0165,4,NORMAL,NORMAL,3.6597939470084384e-05,0.9998754262924194,1.1197788808203768e-05,8.294053259305656e-06,6.842541915830225e-05
ZCH0166,1,NORMAL,NORMAL,3.0119183520582737e-06,0.999976396560669,2.086406311718747e-06,9.298923032474704e-06,9.216953912982717e-06
ZCH0167,2,NORMAL,NORMAL,0.0052475519478321075,0.9946240782737732,4.5061088371767255e-07,0.00011963784345425665,8.19565320853144e-06
ZCH0168,0,NORMAL,NORMAL,2.2372803869075142e-05,0.9996520280838013,3.764436405617744e-05,1.3424469216261059e-05,0.00027448631590232253
ZCH0169,0,NORMAL,NORMAL,0.004572833888232708,0.9935839772224426,0.0001667180040385574,7.184361311374232e-05,0.0016046118689700961
ZCH0170,4,NORMAL,NORMAL,1.6132058590301313e-05,0.9999268054962158,4.887604973191628e-06,2.0518393739621388e-06,5.024289930588566e-05
ZCH0171,3,NORMAL,NORMAL,5.903069177293219e-05,0.9998515844345093,1.1127665857202373e-05,2.0125729861319996e-05,5.8201472711516544e-05
ZCH0172,1,NORMAL,NORMAL,2.058180598396575e-06,0.9999855756759644,3.547590040398063e-06,2.7378819140722044e-06,6.094821856095223e-06
ZCH0173,0,NORMAL,NORMAL,0.000156751528265886,0.9992406368255615,0.0002179552975576371,9.807024616748095e-05,0.00028660232783295214
ZCH0174,4,NORMAL,NORMAL,2.8636095521505922e-05,0.9919621348381042,9.741074791236315e-06,0.00016351163503713906,0.00783608015626669
ZCH0175,4,NORMAL,PFO,4.8503836296731606e-05,0.0010962901869788766,0.0001098630455089733,0.9986349940299988,0.00011036384967155755
ZCH0176,1,NORMAL,NORMAL,1.5240441371133784e-06,0.999968409538269,5.511518338607857e-06,9.542942279949784e-06,1.5030490430945065e-05
ZCH0177,0,NORMAL,NORMAL,0.0005581777659244835,0.9984773993492126,4.394579809741117e-05,0.0002638257574290037,0.0006566427764482796
ZCH0178,1,NORMAL,NORMAL,4.181511758361012e-05,0.999818742275238,4.253917722962797e-06,3.26194531226065e-05,0.00010251961066387594
ZCH0179,1,NORMAL,NORMAL,3.077819201280363e-06,0.9999748468399048,2.862371047740453e-06,6.829911853856174e-06,1.2343866728770081e-05
ZCH0180,3,NORMAL,NORMAL,4.6971159463282675e-05,0.9998701810836792,7.2407965490128845e-06,1.2256009540578816e-05,6.332908378681168e-05
ZCH0181,2,NORMAL,NORMAL,1.3578596735897008e-05,0.9999516010284424,1.8036104165730649e-06,1.3083527846902143e-05,1.9926304958062246e-05
ZCH0182,4,NORMAL,NORMAL,8.997221812023781e-06,0.9999383687973022,1.9891019746864913e-06,2.2246697426453466e-06,4.842358248424716e-05
ZCH0183,3,NORMAL,ASD,0.9096068143844604,0.06076399236917496,4.443960278877057e-05,0.02948344685137272,0.00010129450674867257
ZCH0184,1,NORMAL,NORMAL,7.4266154115321115e-06,0.9999768733978271,6.04817785188061e-07,9.50369269503426e-07,1.4221612218534574e-05
ZCH0185,4,NORMAL,NORMAL,1.7172034858958796e-05,0.9998595714569092,9.278786023969587e-07,2.2907480001777003e-07,0.00012203565711388364
ZCH0186,4,NORMAL,NORMAL,4.4356802391121164e-05,0.9998326301574707,4.709949735115515e-06,5.858994882146362e-06,0.00011244291818002239
ZCH0187,1,NORMAL,NORMAL,1.0258564770992962e-06,0.9999896287918091,3.405837674108625e-07,5.874428552488098e-06,3.1486219995713327e-06
ZCH0188,2,NORMAL,NORMAL,1.3159276932128705e-05,0.999947190284729,6.15385033597704e-06,1.8042517694993876e-05,1.551705827296246e-05
ZCH0189,1,NORMAL,NORMAL,4.444975274964236e-06,0.9999885559082031,2.8071162887499668e-06,1.219463229062967e-06,2.953844841613318e-06
ZCH0190,1,NORMAL,NORMAL,2.575529151727096e-06,0.999988317489624,3.576796245852165e-07,3.3738178899511695e-06,5.357885129342321e-06
ZCH0191,0,NORMAL,NORMAL,0.00014523057325277478,0.9990981817245483,3.225790351280011e-05,7.297291449503973e-05,0.0006514135748147964
ZCH0192,4,NORMAL,NORMAL,9.08154615899548e-05,0.9997574687004089,1.8922901290352456e-05,5.6785979722917546e-06,0.00012699808576144278
ZCH0193,3,NORMAL,NORMAL,0.3495228886604309,0.6498008966445923,0.00014357436157297343,0.0002916152880061418,0.00024100905284285545
ZCH0194,3,NORMAL,NORMAL,6.796228990424424e-05,0.9998493194580078,7.211921456473647e-06,1.4361919056682382e-05,6.11863360973075e-05
ZCH0195,2,NORMAL,NORMAL,1.8685715986066498e-05,0.9999030828475952,9.494009646004997e-06,1.1368716513970867e-05,5.7326142268721014e-05
ZCH0196,4,NORMAL,NORMAL,0.009249970316886902,0.990740180015564,3.4622675570972206e-07,1.3587319926955388e-06,8.02673639554996e-06
ZCH0197,3,NORMAL,NORMAL,0.07614707946777344,0.8411493301391602,9.818900252867024e-06,0.08260892331600189,8.482761040795594e-05
ZCH0198,3,NORMAL,NORMAL,6.380496051860973e-05,0.9998786449432373,4.090675247425679e-06,1.157092356152134e-05,4.195387737127021e-05
ZCH0199,0,NORMAL,NORMAL,4.3375381210353225e-05,0.999461829662323,1.4045042007637676e-05,1.5276982594514266e-05,0.0004654740041587502
ZCH0200,1,NORMAL,NORMAL,3.098288061664789e-06,0.999980092048645,2.3919214982015546e-06,5.978032731945859e-06,8.45584690978285e-06
ZCH0201,0,NORMAL,NORMAL,0.00035619939444586635,0.9959795475006104,1.0632608791638631e-05,0.0026001359801739454,0.001053344807587564
ZCH0202,4,NORMAL,NORMAL,4.661419370677322e-05,0.9997813105583191,5.848566615895834e-06,5.441408120532287e-06,0.00016072276048362255
ZCH0203,3,NORMAL,NORMAL,2.645890708663501e-05,0.9999439716339111,1.5233571275530267e-06,6.878732619952643e-06,2.1127614672877826e-05
ZCH0204,0,NORMAL,NORMAL,0.0004316685372032225,0.9991418123245239,2.2640062525169924e-05,0.0001221693237312138,0.00028169338474981487
ZCH0205,1,NORMAL,NORMAL,9.577169839758426e-05,0.9998289346694946,4.451072163647041e-05,9.166054951492697e-06,2.1616833691950887e-05
ZCH0206,2,NORMAL,NORMAL,1.1096194612036925e-05,0.9999376535415649,2.244923280159128e-06,6.593447778868722e-06,4.2481013224460185e-05
ZCH0207,0,NORMAL,NORMAL,0.00028354916139505804,0.9990013241767883,1.70278362929821e-05,0.000473822612548247,0.0002242641494376585
ZCH0208,4,NORMAL,NORMAL,8.140129648381844e-05,0.9997569918632507,8.874294508132152e-06,9.33422961679753e-06,0.0001435108424630016
ZCH0209,3,NORMAL,NORMAL,0.00048647078801877797,0.9994578957557678,1.5741095467092237e-06,8.331971912411973e-06,4.569693192024715e-05
ZCH0210,2,NORMAL,NORMAL,2.6606257961248048e-05,0.9998661279678345,5.591236458712956e-06,1.5716927009634674e-05,8.590398647356778e-05
ZCH0211,4,NORMAL,NORMAL,5.002139732823707e-05,0.9990271329879761,9.863422292255564e-07,1.3527420605896623e-06,0.0009206352406181395
ZCH0212,1,NORMAL,NORMAL,9.690014621810406e-07,0.9999899864196777,1.2838530665248982e-06,7.20270463716588e-07,7.082004231051542e-06
ZCH0213,3,NORMAL,NORMAL,0.00018339671078138053,0.9997406601905823,7.22722052159952e-06,2.2301484932540916e-05,4.633220305549912e-05
ZCH0214,0,NORMAL,NORMAL,0.00028161800582893193,0.999257504940033,2.3021306333248504e-05,0.00019368653011042625,0.00024418605607934296
ZCH0215,0,NORMAL,NORMAL,6.022683373885229e-05,0.999785840511322,6.813288109697169e-06,2.6536896257312037e-05,0.00012063582107657567
ZCH0216,4,NORMAL,NORMAL,0.00013309274800121784,0.9996852874755859,5.175307251192862e-06,1.0147148714167997e-05,0.00016639355453662574
ZCH0217,4,NORMAL,NORMAL,4.439134863787331e-05,0.999830961227417,1.4643977920059115e-05,1.1464455383247696e-05,9.862298611551523e-05
ZCH0218,2,NORMAL,NORMAL,1.6695492377039045e-05,0.9999152421951294,3.621706355261267e-06,7.412261766148731e-06,5.707884338335134e-05
ZCH0219,2,NORMAL,NORMAL,1.5286965208360925e-05,0.9999146461486816,3.966315034631407e-06,1.1678412192850374e-05,5.450488242786378e-05
ZCH0220,3,NORMAL,NORMAL,4.955869007972069e-05,0.9998766183853149,6.151897196104983e-06,1.3747312550549395e-05,5.39298307558056e-05
ZCH0221,4,NORMAL,NORMAL,0.00011073150380980223,0.9997158646583557,6.856913842057111e-06,3.658641435322352e-05,0.00012989788956474513
ZCH0222,0,NORMAL,NORMAL,0.0003582620120141655,0.9989664554595947,3.611218562582508e-05,0.00010466262028785422,0.0005345215322449803
ZCH0223,0,NORMAL,NORMAL,0.00017788507102523,0.9994334578514099,6.826403478044085e-06,1.6573492757743225e-05,0.00036529538920149207
ZCH0224,3,NORMAL,NORMAL,3.175575329805724e-05,0.9999021291732788,6.615150141442427e-06,1.4650901903223712e-05,4.4889635319123045e-05
ZCH0225,0,NORMAL,NORMAL,0.00035639479756355286,0.9981999397277832,4.462263314053416e-05,9.188379044644535e-05,0.0013071923749521375
ZCH0226,0,NORMAL,NORMAL,0.0030952354427427053,0.9963648915290833,3.698018554132432e-05,0.00018472432566341013,0.00031829989165998995
ZCH0227,0,NORMAL,NORMAL,8.922599226934835e-05,0.9982855916023254,9.395291999680921e-05,9.143116767518222e-05,0.0014398553175851703
ZCH0228,0,NORMAL,NORMAL,0.00014876738714519888,0.999479353427887,1.2182572390884161e-05,5.0478072807891294e-05,0.0003092248225584626
ZCH0229,2,NORMAL,NORMAL,0.0005695384461432695,0.9993914365768433,3.959278771503705e-08,7.1213821684068535e-06,3.177205508109182e-05
ZCH0230,0,NORMAL,NORMAL,5.164094909559935e-05,0.9996969699859619,3.593018391256919e-06,2.8001717510051094e-05,0.0002198172442149371
ZCH0231,0,NORMAL,NORMAL,1.781176615622826e-05,0.9999165534973145,4.980655830877367e-06,8.00958696345333e-06,5.2634586609201506e-05
ZCH0232,2,NORMAL,NORMAL,2.839451190084219e-05,0.9998682737350464,6.2866429288988e-06,1.2827050341002177e-05,8.419236837653443e-05
ZCH0233,3,NORMAL,NORMAL,0.00037760575651191175,0.9992208480834961,2.2489530238090083e-05,0.000166189725860022,0.00021281951921992004
ZCH0234,1,NORMAL,NORMAL,0.0008070272742770612,0.9989274144172668,2.1013449440943077e-05,6.434657279896783e-06,0.0002381400699960068
ZCH0235,4,NORMAL,NORMAL,5.512576171895489e-05,0.9998774528503418,3.4491736187192146e-06,6.031607426848495e-06,5.7922734413295984e-05
ZCH0236,2,NORMAL,NORMAL,2.2488546164822765e-05,0.9999167919158936,3.2892828585318057e-06,2.2764685127185658e-05,3.454202669672668e-05
ZCH0237,2,NORMAL,NORMAL,0.0006153191206976771,0.9992903470993042,2.902183723563212e-06,9.87653220363427e-06,8.159875142155215e-05
ZCH0238,2,NORMAL,NORMAL,3.861985169351101e-05,0.9999065399169922,5.642817995976657e-06,1.1660233212751336e-05,3.752557313418947e-05
ZCH0239,2,NORMAL,NORMAL,0.1797383427619934,0.6681954860687256,2.861251778085716e-05,0.14553403854370117,0.006503500044345856
ZCH0240,4,NORMAL,NORMAL,5.3432187996804714e-05,0.9998635053634644,5.524300831893925e-06,4.781207280757371e-06,7.284498133230954e-05
ZCH0241,0,NORMAL,NORMAL,0.0007705470197834074,0.9985408782958984,9.283270628657192e-06,0.00037897026049904525,0.00030037053511478007
ZCH0242,3,NORMAL,NORMAL,3.0123605029075406e-05,0.9998975992202759,7.017263214947889e-06,1.2887066986877471e-05,5.232264811638743e-05
ZCH0243,3,NORMAL,NORMAL,9.170200064545497e-05,0.9997285008430481,1.6001877156668343e-05,4.006080052931793e-05,0.00012380249972920865
ZCH0244,2,NORMAL,NORMAL,0.013350674882531166,0.986488401889801,7.941645208120462e-07,2.2036972495698137e-06,0.0001577728835400194
ZCH0245,2,NORMAL,NORMAL,1.582692129886709e-05,0.9999241828918457,3.645925517048454e-07,2.932211646111682e-05,3.028407081728801e-05
ZCH0246,4,NORMAL,NORMAL,0.0001804589992389083,0.9997087121009827,1.009235802484909e-05,1.7034613847499713e-05,8.365075336769223e-05
ZCH0247,0,NORMAL,NORMAL,9.321366815129295e-05,0.9996612071990967,7.795959390932694e-06,4.329946023062803e-05,0.00019456841982901096
ZCH0248,4,NORMAL,NORMAL,7.868983811931685e-05,0.9995312690734863,9.677736670710146e-06,2.5935803478205344e-06,0.0003778873651754111
ZCH0249,3,NORMAL,NORMAL,9.482770838076249e-05,0.9998014569282532,9.314175258623436e-06,2.3429614884662442e-05,7.095876208040863e-05
ZCH0250,4,NORMAL,NORMAL,4.9670976295601577e-05,0.9997938275337219,6.9295792854973115e-06,7.6016594903194346e-06,0.00014194614777807146
ZCH0251,3,NORMAL,NORMAL,3.373764775460586e-05,0.9999474287033081,3.4663917176658288e-06,2.4296600713569205e-06,1.2996792975172866e-05
ZCH0252,1,NORMAL,NORMAL,0.00021173441200517118,0.9995429515838623,2.3918050828797277e-07,0.00018663698574528098,5.849217268405482e-05
ZCH0253,4,NORMAL,NORMAL,2.3491847969125956e-06,0.9999626874923706,4.451911536307307e-06,4.481112512166874e-07,3.0009634429006837e-05
ZCH0254,4,NORMAL,NORMAL,0.00017700548050925136,0.9996139407157898,1.0517579539737199e-05,4.233349682181142e-05,0.00015637492469977587
ZCH0255,2,NORMAL,NORMAL,6.728405423928052e-05,0.999848484992981,8.677083314978518e-06,6.046608632459538e-06,6.932315591257066e-05
ZCH0256,4,NORMAL,NORMAL,7.348482904490083e-05,0.9998941421508789,4.717904630524572e-06,4.80334210806177e-06,2.2736177925253287e-05
ZCH0257,3,NORMAL,NORMAL,5.296855670167133e-05,0.9998518228530884,7.9234405347961e-06,1.7147733160527423e-05,7.022234058240429e-05
ZCH0258,2,NORMAL,NORMAL,7.945979632495437e-06,0.9998693466186523,3.7604493741127953e-07,1.0665718036761973e-05,0.00011174246901646256
ZCH0259,2,NORMAL,NORMAL,0.023374786600470543,0.9693294167518616,0.006283438298851252,0.0006461224984377623,0.00036619664751924574
ZCH0260,3,NORMAL,NORMAL,8.795680332696065e-05,0.9998430013656616,3.795545353568741e-06,6.870865945529658e-06,5.8274174079997465e-05
ZCH0261,1,NORMAL,NORMAL,2.294048863404896e-05,0.9999500513076782,5.181812525734131e-07,1.709817115624901e-05,9.58279451879207e-06
ZCH0262,4,NORMAL,NORMAL,4.396268559503369e-05,0.9998693466186523,4.250066012900788e-06,5.79850211579469e-06,7.654997170902789e-05
ZCH0263,1,NORMAL,NORMAL,7.846588800930476e-07,0.9999818801879883,6.357990059768781e-06,2.2632523268839577e-06,8.710660949873272e-06
ZCH0264,0,NORMAL,NORMAL,0.0001545471604913473,0.9994848966598511,7.273469236679375e-06,5.402414171840064e-05,0.0002992716326843947
ZCH0265,0,NORMAL,NORMAL,0.010087591595947742,0.9759585857391357,0.0018586782971397042,0.004749298095703125,0.007345874793827534
ZCH0266,4,NORMAL,NORMAL,0.00019955760217271745,0.9997403025627136,3.692044856506982e-06,1.3166023791200132e-06,5.521289858734235e-05
ZCH0267,3,NORMAL,NORMAL,2.1682433725800365e-05,0.999933123588562,4.711074325314257e-06,1.4874870430503506e-05,2.5457409719820134e-05
ZCH0268,4,NORMAL,NORMAL,1.2257487469469197e-05,0.9998934268951416,3.9691240090178326e-05,2.9642983463418204e-06,5.1556562539190054e-05
ZCH0269,0,NORMAL,NORMAL,5.605255500995554e-05,0.9996281862258911,2.6914055979432305e-06,0.00012090437667211518,0.0001921268121805042
ZCH0270,3,NORMAL,PFO,6.541473703691736e-05,0.0003268529544584453,8.511174200975802e-06,0.99956876039505,3.0510600481647998e-05
ZCH0271,3,NORMAL,NORMAL,0.00010593145998427644,0.9997685551643372,9.000953468785156e-06,1.950202204170637e-05,9.694783511804417e-05
ZCH0272,1,NORMAL,NORMAL,3.0213710488169454e-05,0.999962329864502,3.0192236266657346e-08,3.123435362795135e-06,4.395828455017181e-06
ZCH0273,3,NORMAL,NORMAL,7.436891610268503e-05,0.9997721314430237,7.644583092769608e-06,4.872081626672298e-05,9.719025547383353e-05
ZCH0274,4,NORMAL,NORMAL,0.00011412412277422845,0.9996217489242554,1.553050969960168e-05,0.0001597853988641873,8.87733040144667e-05
ZCH0275,3,NORMAL,NORMAL,2.0286381186451763e-05,0.9999430179595947,3.2773389193607727e-06,9.900880286295433e-06,2.3658400095882826e-05
ZCH0276,3,NORMAL,NORMAL,0.00010774340626085177,0.999816358089447,5.41355393579579e-06,2.4247963665402494e-05,4.63771284557879e-05
ZCH0277,3,NORMAL,NORMAL,3.750868927454576e-05,0.9998836517333984,8.223951226682402e-06,1.4402463420992717e-05,5.618855357170105e-05
ZCH0278,2,NORMAL,NORMAL,1.3002687410335056e-05,0.9998781681060791,2.424730382699636e-06,2.043808126472868e-05,8.611205703346059e-05
ZCH0279,4,NORMAL,NORMAL,0.0023732425179332495,0.9975500702857971,2.0316315385571215e-06,2.690440396690974e-06,7.193200144683942e-05
ZCH0280,2,NORMAL,NORMAL,1.1301018275844399e-05,0.9999396800994873,4.037865437567234e-06,5.745387625211151e-06,3.923347685486078e-05
ZCH0281,0,NORMAL,NORMAL,2.856158789654728e-05,0.9998214840888977,3.240474597987486e-06,1.1764555893023498e-05,0.0001349517551716417
ZCH0282,1,NORMAL,NORMAL,4.656326382246334e-06,0.999962568283081,1.2883210729341954e-05,1.1140008609800134e-05,8.877507752913516e-06
ZCH0283,0,NORMAL,NORMAL,7.810714305378497e-05,0.9995326995849609,5.791867079096846e-05,7.414243737002835e-05,0.00025715757510624826
ZCH0284,2,NORMAL,NORMAL,1.93106425285805e-05,0.9998687505722046,5.1113529480062425e-06,7.625800208188593e-06,9.919134754454717e-05
ZCH0285,3,NORMAL,NORMAL,3.644628668553196e-05,0.9998829364776611,8.09773428045446e-06,1.588621125847567e-05,5.6571174354758114e-05
ZCH0286,3,NORMAL,NORMAL,4.3340118281776085e-05,0.9998824596405029,7.149521024985006e-06,1.5998437447706237e-05,5.1061004342045635e-05
ZCH0287,0,NORMAL,NORMAL,0.0001786743669072166,0.9995643496513367,1.3735078937315848e-05,4.832875856664032e-05,0.00019498326582834125
ZCH0288,4,NORMAL,NORMAL,1.877778413472697e-05,0.9999001026153564,3.1170011425274424e-06,5.225084805715596e-06,7.266162720043212e-05
ZCH0289,2,NORMAL,NORMAL,3.256573836551979e-05,0.9998291730880737,9.121801667788532e-06,1.3209070857556071e-05,0.0001158393788500689
ZCH0290,4,NORMAL,NORMAL,0.00013462529750540853,0.9997102618217468,6.322841272776714e-06,4.9213886086363345e-06,0.00014378935156855732
ZCH0291,3,NORMAL,NORMAL,0.0019992433954030275,0.9979438185691833,3.214127355022356e-05,9.744763701746706e-06,1.5062774764373899e-05
ZCH0292,4,NORMAL,NORMAL,3.9154703699750826e-05,0.9998962879180908,3.712779971465352e-06,4.11903874919517e-06,5.672438783221878e-05
ZCH0293,4,NORMAL,NORMAL,6.0880614910274744e-05,0.9998804330825806,7.444952643709257e-06,5.247498393146088e-06,4.6012766688363627e-05
ZCH0294,2,NORMAL,NORMAL,2.909232716774568e-05,0.999748170375824,1.0204608770436607e-05,2.4534765543648973e-05,0.00018789216119330376
ZCH0295,1,NORMAL,NORMAL,0.003695278661325574,0.9901573657989502,8.340759336533665e-07,0.0060295239090919495,0.00011713246931321919
ZCH0296,4,NORMAL,NORMAL,7.861248013796285e-05,0.9998236298561096,3.433062374824658e-06,3.7906065699644387e-06,9.042597957886755e-05
ZCH0297,0,NORMAL,NORMAL,0.0007273676455952227,0.9971849322319031,6.158906035125256e-05,0.00032704227487556636,0.001699110958725214
ZCH0298,4,NORMAL,NORMAL,2.6220945983368438e-06,0.7217269539833069,8.37190673337318e-05,7.345505309785949e-06,0.27817943692207336
ZCH0299,3,NORMAL,NORMAL,3.777532037929632e-05,0.9998553991317749,1.0058427506010048e-05,2.339374623261392e-05,7.345142512349412e-05
ZCH0300,1,NORMAL,NORMAL,3.6139906569587765e-06,0.9999531507492065,1.4242800716601778e-07,2.704149483179208e-05,1.60957843036158e-05
ZCH0301,0,NORMAL,NORMAL,0.0001849113468779251,0.9995294809341431,7.224164619401563e-06,4.333263132139109e-05,0.00023501995019614697
ZCH0302,2,NORMAL,NORMAL,0.00022064313816372305,0.9996315240859985,7.490859843528597e-06,4.167107545072213e-05,9.858395060291514e-05
ZCH0303,3,NORMAL,NORMAL,4.18888776039239e-05,0.9998739957809448,8.607429663243238e-06,1.8214526789961383e-05,5.733666694140993e-05
ZCH0304,0,NORMAL,NORMAL,0.00017386024410370737,0.9992356300354004,1.0093085620610509e-05,6.332722841762006e-05,0.0005170234362594783
ZCH0305,3,NORMAL,NORMAL,7.658088725293055e-05,0.9996799230575562,1.2525795682449825e-05,8.902178524294868e-05,0.00014194635150488466
ZCH0306,1,NORMAL,NORMAL,1.4232661669666413e-05,0.9999629259109497,3.392662790702161e-07,1.6508437283846433e-06,2.084352854581084e-05
ZCH0307,4,NORMAL,NORMAL,0.0012302331160753965,0.9983213543891907,6.432882400986273e-06,0.0003549658867996186,8.704041101736948e-05
ZCH0308,1,NORMAL,NORMAL,1.76021285369643e-06,0.9999899864196777,4.3363010604480223e-07,1.3452356597554171e-06,6.449696229537949e-06
ZCH0309,2,NORMAL,NORMAL,4.5074306399328634e-05,0.9998352527618408,1.3541721273213625e-06,1.152869936049683e-05,0.00010681127605494112
ZCH0310,4,NORMAL,NORMAL,3.879004725604318e-05,0.9998252987861633,9.468623829889111e-06,9.420848982699681e-06,0.00011720327893272042
ZCH0311,4,NORMAL,NORMAL,3.785611625062302e-05,0.9998120665550232,5.5268565120059066e-06,5.6873300309234764e-06,0.00013882404891774058
ZCH0312,1,NORMAL,NORMAL,8.20769855636172e-07,0.9999164342880249,2.7731607588066254e-07,5.274955401546322e-05,2.9628363336087205e-05
ZCH0313,3,NORMAL,NORMAL,0.00016056664753705263,0.9996488094329834,5.099251211504452e-06,0.00014229718362912536,4.325591726228595e-05
ZCH0314,2,NORMAL,NORMAL,2.1790709070046432e-05,0.9999409914016724,9.260782007913804e-07,3.9767746784491464e-06,3.235965414205566e-05
ZCH0315,2,NORMAL,NORMAL,4.7194982471410185e-05,0.9997794032096863,8.64170851855306e-06,4.375725256977603e-05,0.00012097572471247986
ZCH0316,3,NORMAL,NORMAL,5.574428723775782e-05,0.9998762607574463,6.684126219624886e-06,1.0223782737739384e-05,5.0958729843841866e-05
ZCH0317,4,NORMAL,NORMAL,1.7793652205000399e-06,0.999975323677063,1.2673413039010484e-06,7.589836741317413e-07,2.0916288121952675e-05
ZCH0318,1,NORMAL,NORMAL,1.544907718198374e-05,0.9999099969863892,3.503669177007396e-07,3.2001829822547734e-05,4.214821456116624e-05
ZCH0319,2,NORMAL,NORMAL,2.234417843283154e-05,0.9999004602432251,5.372467057895847e-06,6.209946150192991e-06,6.570063123945147e-05
ZCH0320,1,NORMAL,NORMAL,6.213002052390948e-06,0.9999384880065918,9.934807820854985e-08,1.3231986486061942e-05,4.198248643660918e-05
ZCH0321,2,NORMAL,NORMAL,1.9951103240600787e-05,0.9998906850814819,3.944492618757067e-06,9.750375284056645e-06,7.574213668704033e-05
ZCH0322,0,NORMAL,NORMAL,0.00010008576646214351,0.99957674741745,6.335758371278644e-06,2.495086118869949e-05,0.00029192151851020753
ZCH0323,3,NORMAL,NORMAL,7.934246968943626e-05,0.9998237490653992,9.06263267097529e-06,2.071298149530776e-05,6.707039574394003e-05
ZCH0324,4,NORMAL,NORMAL,0.01743507571518421,0.9818040132522583,3.311168256914243e-06,0.00010470042616361752,0.0006528635858558118
ZCH0325,2,NORMAL,NORMAL,5.5577031162101775e-05,0.9998811483383179,4.461084699869389e-06,2.385662628512364e-05,3.499217564240098e-05
ZCH0326,3,NORMAL,NORMAL,0.00015982404875103384,0.9997709393501282,5.899404641240835e-06,2.090734960802365e-05,4.253364022588357e-05
ZCH0327,3,NORMAL,NORMAL,3.4852870157919824e-05,0.9998975992202759,4.673381681641331e-06,1.6152447642525658e-05,4.670821726904251e-05
ZCH0328,2,NORMAL,NORMAL,1.9435952708590776e-05,0.9998958110809326,2.429794221825432e-06,1.6325184333254583e-05,6.601222412427887e-05
ZCH0329,2,NORMAL,NORMAL,3.718852212841739e-06,0.9998138546943665,5.08863649884006e-06,9.02870951335899e-08,0.00017724477220326662
ZCH0330,3,NORMAL,NORMAL,4.0269893361255527e-05,0.9998788833618164,1.0035601007984951e-05,1.628472818993032e-05,5.4484120482811704e-05
ZCH0331,2,NORMAL,NORMAL,0.0005385897820815444,0.9994024038314819,2.227297500212444e-06,4.263719802111154e-06,5.246618093224242e-05
ZCH0332,4,NORMAL,NORMAL,9.905930710374378e-06,0.9999057054519653,3.8047244288463844e-06,2.625513843668159e-06,7.7925251389388e-05
ZCH0333,2,NORMAL,NORMAL,1.8616876332089305e-05,0.9999591112136841,3.3676563759854616e-08,6.892080818943214e-06,1.536892341391649e-05
ZCH0334,1,NORMAL,NORMAL,4.4751308450940996e-05,0.9998542070388794,2.5029496697470677e-08,7.193681813078001e-05,2.9049058866803534e-05
ZCH0335,2,NORMAL,NORMAL,0.086573027074337,0.9040270447731018,9.94063066173112e-06,0.009242473170161247,0.00014748555258847773
ZCH0336,2,NORMAL,NORMAL,2.0972936454199953e-07,0.9998676776885986,1.2979164409898658e-08,9.62096091825515e-05,3.5854591260431334e-05
ZCH0337,2,NORMAL,NORMAL,6.294604827417061e-05,0.9999068975448608,1.2431348750396864e-06,1.1107193131465465e-05,1.791834984032903e-05
ZCH0338,1,NORMAL,NORMAL,1.2334984603512567e-05,0.9999685287475586,2.522722297726432e-06,6.287885298661422e-06,1.0403327905805781e-05
ZCH0339,1,NORMAL,NORMAL,3.2397649647464277e-06,0.999980092048645,1.2862964240412111e-06,4.055808858538512e-06,1.1357346011209302e-05
ZCH0340,2,NORMAL,NORMAL,0.0012335068313404918,0.998702883720398,7.0981950557325035e-06,9.417900628250209e-07,5.550015703192912e-05
ZCH0341,0,NORMAL,NORMAL,3.7544319638982415e-05,0.9996888637542725,1.6708003386156633e-05,5.7514753279974684e-05,0.0001993447804125026
ZCH0342,1,NORMAL,NORMAL,7.501507298002252e-06,0.9999703168869019,1.486580231357948e-06,9.285856322094332e-06,1.1394837201805785e-05
ZCH0343,1,NORMAL,NORMAL,3.787357491091825e-05,0.9998306035995483,5.348244940250879e-06,2.8124137315899134e-05,9.798208338906989e-05
ZCH0344,2,NORMAL,NORMAL,3.740347165148705e-05,0.9998641014099121,8.72546479513403e-06,1.7454216504120268e-05,7.234579243231565e-05
ZCH0345,1,NORMAL,NORMAL,2.352142928430112e-06,0.9999831914901733,1.85861074442073e-06,3.538731562002795e-06,8.99206588655943e-06
ZCH0346,2,NORMAL,NORMAL,1.2599803994817194e-05,0.9999452829360962,4.200378043606179e-06,4.651340532291215e-06,3.3241969504160807e-05
ZCH0347,3,NORMAL,NORMAL,6.329383904812858e-05,0.9998456239700317,5.489293926075334e-06,1.638272442505695e-05,6.920017040101811e-05
ZCH0348,4,NORMAL,NORMAL,0.002302174223586917,0.9976451992988586,2.1683003978978377e-06,1.0135208867723122e-06,4.9371050408808514e-05
ZCH0349,0,NORMAL,NORMAL,6.0982438299106434e-05,0.9995012283325195,5.7143333833664656e-06,2.758130904112477e-05,0.0004045347450301051
ZCH0350,2,NORMAL,NORMAL,0.0025731357745826244,0.9973325729370117,9.69096390690538e-07,4.365730092104059e-06,8.887816511560231e-05
ZCH0351,4,NORMAL,NORMAL,2.7913201847695746e-05,0.9998267292976379,1.162380794994533e-05,4.600539796228986e-06,0.00012903721653856337
ZCH0352,2,NORMAL,NORMAL,5.066822632215917e-05,0.998664379119873,0.00011659445590339601,2.730258472638525e-07,0.0011681359028443694
ZCH0353,3,NORMAL,NORMAL,0.0001223928848048672,0.9997766613960266,8.904735295800492e-06,1.27250796140288e-05,7.922291115392e-05
ZCH0354,0,NORMAL,NORMAL,8.176153642125428e-05,0.9986233711242676,3.518666926538572e-05,3.206986730219796e-05,0.001227576402015984
ZCH0355,4,NORMAL,NORMAL,3.821373684331775e-05,0.9998760223388672,5.938370577496244e-06,6.45692489342764e-06,7.332130189752206e-05
ZCH0356,1,NORMAL,NORMAL,3.5818122796626994e-06,0.9999673366546631,1.3131396372045856e-05,6.2518752201867756e-06,9.787849194253795e-06
ZCH0357,4,NORMAL,NORMAL,3.750715040951036e-05,0.9999017715454102,4.5156559735914925e-07,9.151728477263532e-07,5.9292007790645584e-05
ZCH0358,0,NORMAL,NORMAL,9.511969983577728e-05,0.9992578625679016,1.3285118257044815e-05,2.9653840101673268e-05,0.0006039171712473035
ZCH0359,3,NORMAL,NORMAL,8.935499499784783e-05,0.9996508359909058,1.5075034752953798e-05,0.00010139664664166048,0.00014329457189887762
ZCH0360,3,NORMAL,NORMAL,3.5812372516375035e-05,0.9998795986175537,7.800816092640162e-06,2.3560603949590586e-05,5.329060149961151e-05
ZCH0361,4,NORMAL,NORMAL,1.7876174752018414e-05,0.9999127388000488,5.168818915990414e-06,3.723145027834107e-06,6.054871482774615e-05
ZCH0362,2,NORMAL,NORMAL,2.9101205655024387e-05,0.9998643398284912,3.4438564853189746e-06,1.3286565263115335e-05,8.991079084808007e-05
ZCH0363,1,NORMAL,NORMAL,8.25186180009041e-06,0.9999606609344482,6.591226338059641e-07,9.550371032673866e-06,2.084920743072871e-05
ZCH0364,3,NORMAL,NORMAL,0.00010981376544805244,0.9997170567512512,9.927864994097035e-06,4.098329009138979e-05,0.00012222742952872068
ZCH0365,0,NORMAL,NORMAL,1.1366862963768654e-05,0.999895453453064,1.7371729654769297e-07,2.4276250769617036e-06,9.068596409633756e-05
ZCH0366,2,NORMAL,NORMAL,3.570435364963487e-05,0.9998857975006104,4.552599875751184e-06,8.042835361266043e-06,6.58760400256142e-05
ZCH0367,4,NORMAL,NORMAL,3.940772876376286e-05,0.9998507499694824,9.772839803190436e-06,4.879660536971642e-06,9.507588401902467e-05
ZCH0368,4,NORMAL,NORMAL,1.4837775779596996e-05,0.9999576807022095,4.619800790806039e-07,6.790498332520656e-07,2.63669244304765e-05
ZCH0369,4,NORMAL,NORMAL,1.4492883565253578e-05,0.9999642372131348,3.6572039334714646e-06,1.1865408566791302e-07,1.737973616400268e-05
ZCH0370,1,NORMAL,NORMAL,9.748780485097086e-07,0.9999926090240479,1.2353824274669023e-07,8.520147503077169e-07,5.483550012286287e-06
ZCH0371,2,NORMAL,NORMAL,0.0001070541184162721,0.9998308420181274,1.7659407603787258e-05,1.3911621863371693e-06,4.3039603042416275e-05
ZCH0372,1,NORMAL,NORMAL,6.754269634257071e-06,0.9995830655097961,1.3983635653858073e-06,0.00012077837891411036,0.00028785094036720693
ZCH0373,0,NORMAL,NORMAL,0.000385620747692883,0.9977800250053406,7.792624819558114e-05,0.0002642521576490253,0.001492164097726345
ZCH0374,4,NORMAL,NORMAL,1.2251287444087211e-05,0.9999454021453857,3.1997547011997085e-06,5.415528448793339e-06,3.379110057721846e-05
ZCH0375,2,NORMAL,NORMAL,0.028996990993618965,0.8905773162841797,0.019095996394753456,0.014226255007088184,0.0471033900976181
ZCH0376,4,NORMAL,NORMAL,0.005097588989883661,0.9948086738586426,3.149205895169871e-06,4.007451650522853e-07,9.009280620375648e-05
ZCH0377,3,NORMAL,NORMAL,9.431241051061079e-05,0.9997618794441223,1.189831345982384e-05,2.80419390037423e-05,0.00010395768913440406
ZCH0378,3,NORMAL,NORMAL,5.7510362239554524e-05,0.9997993111610413,1.265503033209825e-05,3.0029608751647174e-05,0.00010042262874776497
ZCH0379,1,NORMAL,NORMAL,2.0139637854299508e-05,0.9999616146087646,3.332344817863486e-07,5.365448032534914e-06,1.2532204891613219e-05
ZCH0380,4,NORMAL,NORMAL,0.000441412819782272,0.9994710087776184,6.181230673973914e-07,2.167471620850847e-06,8.487594459438697e-05
ZCH0381,3,NORMAL,NORMAL,5.086216697236523e-05,0.9998936653137207,3.744049763554358e-06,8.12506641523214e-06,4.362137769930996e-05
ZCH0382,4,NORMAL,NORMAL,0.00043761098640970886,0.9994100332260132,7.995072337507736e-07,4.183963937975932e-06,0.00014734895376022905
ZCH0383,3,NORMAL,NORMAL,5.024163328926079e-05,0.999893069267273,6.7117698563379236e-06,1.3270017007016577e-05,3.6765348340850323e-05
ZCH0384,1,NORMAL,NORMAL,3.233776078559458e-05,0.9989481568336487,0.0005755798774771392,7.744121103314683e-05,0.0003665548865683377
ZCH0385,2,NORMAL,NORMAL,0.0001998856896534562,0.9997121691703796,2.3446241357305553e-06,6.021444278303534e-06,7.948993152240291e-05
ZCH0386,0,NORMAL,NORMAL,1.0359935004089493e-05,0.9998705387115479,1.1642034536407664e-07,2.8650306376221124e-06,0.00011609069042606279
ZCH0387,4,NORMAL,NORMAL,2.3951199182192795e-05,0.9998968839645386,1.1052057971028262e-06,6.438157470256556e-06,7.16123468009755e-05
ZCH0388,0,NORMAL,NORMAL,9.901095836539753e-06,0.9998476505279541,6.632995791733265e-06,4.190868821751792e-06,0.00013163960829842836
ZCH0389,4,NORMAL,NORMAL,2.9174541850807145e-05,0.9998101592063904,5.234339369053487e-06,1.00107463367749e-05,0.00014538592949975282
ZCH0390,3,NORMAL,NORMAL,0.0003116375009994954,0.9996142387390137,3.1928066164255142e-06,2.3103748389985412e-05,4.783620897796936e-05
ZCH0391,3,NORMAL,NORMAL,0.0004708696505986154,0.9994307160377502,7.98401924839709e-06,2.6595509552862495e-05,6.388930341927335e-05
ZCH0392,0,NORMAL,NORMAL,0.00017510198813397437,0.9996565580368042,1.2139884120188071e-06,2.8477817977545783e-05,0.0001387196098221466
ZCH0393,2,NORMAL,NORMAL,1.0753267815744039e-05,0.9999361038208008,8.589770459366264e-07,9.599581971997395e-06,4.2682284401962534e-05
ZCH0394,4,NORMAL,NORMAL,4.3815260141855106e-05,0.9999302625656128,6.096539095779008e-07,3.619738890847657e-07,2.4939747163443826e-05
ZCH0395,0,NORMAL,NORMAL,0.012031754478812218,0.7990816235542297,0.013336850330233574,0.00042418710654601455,0.17512552440166473
ZCH0396,1,NORMAL,NORMAL,1.9215624433854828e-06,0.9999634027481079,9.313293247714682e-08,9.165958545054309e-06,2.5429717425140552e-05
ZCH0397,0,NORMAL,NORMAL,6.896805280121043e-05,0.9998161196708679,2.26459746954788e-06,2.305364796484355e-05,8.957848331192508e-05
ZCH0398,1,NORMAL,NORMAL,7.981220164765546e-07,0.9999731779098511,3.0565104225388495e-06,1.4321076378109865e-05,8.574468665756285e-06
ZCH0399,1,NORMAL,NORMAL,6.529925258291769e-07,0.999974250793457,6.264155558710627e-07,6.848164048278704e-06,1.7761702110874467e-05
ZCH0400,3,NORMAL,NORMAL,0.0002737178874667734,0.9993588328361511,2.5031018594745547e-05,0.00012003449228359386,0.00022236115182749927
ZCH0401,4,NORMAL,NORMAL,8.997221812023781e-06,0.9999383687973022,1.9891019746864913e-06,2.2246697426453466e-06,4.842358248424716e-05
ZCH0402,3,NORMAL,NORMAL,7.988376455614343e-05,0.9998373985290527,5.547432920138817e-06,1.3582733117800672e-05,6.349688192130998e-05
ZCH0403,2,NORMAL,NORMAL,0.08979063481092453,0.9100373983383179,1.5932058886392042e-05,2.242711843791767e-06,0.0001537121570436284
ZCH0404,0,NORMAL,NORMAL,0.00015772413462400436,0.9990014433860779,6.400563142960891e-05,3.758533057407476e-05,0.0007392719853669405
ZCH0405,1,NORMAL,NORMAL,1.1176058478667983e-06,0.9999723434448242,2.2746273771190317e-06,4.016271304863039e-06,2.0291154214646667e-05
ZCH0406,1,NORMAL,NORMAL,0.0037092571146786213,0.9930942058563232,0.0028169802390038967,2.9419759812299162e-05,0.0003500418097246438
ZCH0407,3,NORMAL,NORMAL,3.9141144952736795e-05,0.9999227523803711,2.5411532078578603e-06,3.828071839961922e-06,3.177897451678291e-05
ZCH0408,0,NORMAL,NORMAL,0.0002610563824418932,0.9992222785949707,3.242047750973143e-05,4.589288801071234e-05,0.00043829967034980655
ZCH0409,2,NORMAL,NORMAL,6.428607593989e-05,0.9939329028129578,0.0001090623700292781,0.005391760263592005,0.0005020152311772108
ZCH0410,1,NORMAL,NORMAL,2.7455189410829917e-05,0.9999381303787231,4.428693500813097e-08,2.3413584131048992e-05,1.1099154107796494e-05
ZCH0411,0,NORMAL,ASD,0.5904909372329712,0.09322100132703781,0.0014243688201531768,0.307539701461792,0.007324014324694872
ZCH0412,2,NORMAL,NORMAL,0.00010890700650634244,0.9998160004615784,1.7837927543951082e-06,2.8426284188753925e-06,7.046078098937869e-05
ZCH0413,3,NORMAL,NORMAL,4.789295053342357e-05,0.9998679161071777,7.76233628130285e-06,1.615967084944714e-05,6.0222366300877184e-05
ZCH0414,0,NORMAL,NORMAL,8.926994632929564e-05,0.9993033409118652,8.208116923924536e-06,3.944167110603303e-05,0.0005597631679847836
ZCH0415,1,NORMAL,NORMAL,0.0005614624824374914,0.9984769225120544,0.0005155879189260304,0.00040169694693759084,4.427862222655676e-05
ZCH0416,2,NORMAL,NORMAL,0.00020139887055847794,0.9997121691703796,2.410798742857878e-06,3.297838702565059e-05,5.101649003336206e-05
ZCH0417,0,NORMAL,NORMAL,0.0008429271983914077,0.9988386034965515,9.744687304191757e-06,5.9831370890606195e-05,0.00024892936926335096
ZCH0418,4,NORMAL,NORMAL,0.07931815087795258,0.9199650287628174,2.6416018954478204e-05,4.791266837855801e-05,0.0006424800376407802
ZCH0419,4,NORMAL,NORMAL,8.845039701554924e-06,0.9999492168426514,3.83397537007113e-06,2.40497206505097e-06,3.5730186937144026e-05
ZCH0420,2,NORMAL,NORMAL,3.817860488197766e-06,0.9999648332595825,4.396069925860502e-06,8.160006473190151e-06,1.8845146769308485e-05
ZCH0421,1,NORMAL,NORMAL,8.265754877356812e-05,0.9967039227485657,1.7114371075876988e-06,0.0030449992045760155,0.00016673732898198068
ZCH0422,0,NORMAL,NORMAL,0.002015349455177784,0.9942586421966553,0.00013908026448916644,0.00010255154484184459,0.0034843755420297384
ZCH0423,1,NORMAL,NORMAL,0.001483226427808404,0.9978722333908081,4.897530743619427e-06,0.0005525086889974773,8.704823267180473e-05
ZCH0424,2,NORMAL,NORMAL,0.00017284769273828715,0.9996745586395264,4.773841624228226e-07,3.823371571343159e-06,0.00014836058835498989
ZCH0425,0,NORMAL,NORMAL,4.225156590109691e-05,0.9997004270553589,1.8372630847807159e-06,5.9310659707989544e-05,0.00019612174946814775
ZCH0426,1,NORMAL,NORMAL,3.041981244678027e-08,0.9999796152114868,4.076184012546946e-08,8.783246840948777e-08,2.0220079022692516e-05
ZCH0427,3,NORMAL,NORMAL,7.38813032512553e-05,0.9998753070831299,2.931384187832009e-06,1.2450692338461522e-05,3.545533036231063e-05
ZCH0428,3,NORMAL,NORMAL,5.2290779422037303e-05,0.9998586177825928,7.672371793887578e-06,1.6389718439313583e-05,6.498848961200565e-05
ZCH0429,1,NORMAL,NORMAL,2.049044269369915e-06,0.9999598264694214,1.623203934286721e-05,6.776458576496225e-06,1.5169423932093196e-05
ZCH0430,4,NORMAL,NORMAL,3.9194583223434165e-05,0.9998565912246704,1.9800027075689286e-06,3.18254728881584e-06,9.893931564874947e-05
ZCH0431,0,NORMAL,NORMAL,0.001308877021074295,0.9969565868377686,8.40163465909427e-06,0.0007521612569689751,0.0009739855886436999
ZCH0432,1,NORMAL,NORMAL,9.53565086092567e-06,0.9999649524688721,6.427846528822556e-06,9.614995178708341e-06,9.409881386091001e-06
ZCH0433,4,NORMAL,NORMAL,0.0024002916179597378,0.9975239634513855,3.6017175375491206e-07,1.1996376088063698e-06,7.422524504363537e-05
ZCH0434,0,NORMAL,NORMAL,0.0006124439532868564,0.998768150806427,2.0648035388148855e-06,0.00013306134496815503,0.0004842031339649111
ZCH0435,2,NORMAL,NORMAL,5.981571575830458e-06,0.999942421913147,6.734359203619533e-07,3.703258471432491e-06,4.715674003819004e-05
ZCH0436,2,NORMAL,NORMAL,4.312094290526147e-07,0.9997325539588928,1.3410432302407571e-06,5.248747356745298e-07,0.00026513435295782983
ZCH0437,3,NORMAL,NORMAL,4.0901901229517534e-05,0.9998968839645386,3.7916072415100643e-06,1.752233765728306e-05,4.089706635568291e-05
ZCH0438,4,NORMAL,NORMAL,0.0001621996343601495,0.999649167060852,7.703035407757852e-06,4.2069117625942454e-05,0.0001387905649608001
ZCH0439,2,NORMAL,NORMAL,0.0019666601438075304,0.9977895021438599,0.00017492237384431064,4.51511868959642e-06,6.429452332668006e-05
ZCH0440,1,NORMAL,NORMAL,7.676839231862687e-06,0.999980092048645,1.0305988098480157e-06,4.527651526586851e-06,6.623374247283209e-06
ZCH0441,2,NORMAL,NORMAL,3.9282647776417434e-05,0.9998807907104492,5.649629656545585e-06,2.742298647717689e-06,7.156442734412849e-05
ZCH0442,3,NORMAL,NORMAL,0.002038539620116353,0.9979057312011719,1.063969739334425e-05,4.449359494174132e-06,4.08176492783241e-05
ZCH0443,0,NORMAL,NORMAL,0.41876572370529175,0.4893464744091034,0.00313605647534132,0.003000139957293868,0.08575156331062317
ZCH0444,0,NORMAL,NORMAL,0.0018589774845167994,0.9857469797134399,4.3625976104522124e-05,0.0001261695142602548,0.012224256061017513
ZCH0445,0,NORMAL,NORMAL,3.471081436146051e-05,0.9998321533203125,1.8697635823627934e-05,3.010968976013828e-05,8.432633330812678e-05
ZCH0446,0,NORMAL,NORMAL,0.006787767168134451,0.9921787977218628,0.0001061330403899774,0.0004174504429101944,0.0005098737892694771
ZCH0447,0,NORMAL,NORMAL,0.0032268099021166563,0.9962553977966309,0.00022177444770932198,0.00011104654549853876,0.00018504500621929765
ZCH0448,2,NORMAL,NORMAL,1.911029903567396e-05,0.9999558925628662,2.1587634364550468e-06,1.897796209959779e-06,2.099183802783955e-05
ZCH0449,0,NORMAL,NORMAL,0.0010727617191150784,0.9979861974716187,1.8410180928185582e-05,0.0005833043833263218,0.00033932834048755467
ZCH0450,4,NORMAL,NORMAL,0.00016551680164411664,0.999332845211029,1.6899119827940012e-06,2.4064943318080623e-06,0.0004975731135345995
ZCH0451,0,NORMAL,NORMAL,0.0006254143663682044,0.9986149072647095,8.703766980033834e-06,0.00027229535044170916,0.0004786827485077083
ZCH0452,2,NORMAL,NORMAL,0.00021622808708343655,0.9997203946113586,4.7490598262811545e-06,1.1191964404133614e-05,4.745576734421775e-05
ZCH0453,0,NORMAL,NORMAL,7.037117757136002e-05,0.999647855758667,3.235032636439428e-05,3.622687654569745e-05,0.00021315364574547857
ZCH0454,0,NORMAL,NORMAL,0.01262589730322361,0.9854924082756042,6.240355287445709e-05,0.0006768060266040266,0.0011424750555306673
ZCH0455,3,NORMAL,NORMAL,6.559601752087474e-05,0.9997736811637878,4.579739652399439e-06,5.797134235763224e-06,0.00015046125918161124
ZCH0456,1,NORMAL,NORMAL,4.31253874921822e-06,0.999980092048645,1.509888534201309e-06,5.293733920552768e-06,8.769734449742828e-06
ZCH0457,4,NORMAL,NORMAL,0.002636400517076254,0.9965873956680298,1.726066898299905e-06,9.394903486281692e-07,0.0007735016406513751
ZCH0458,4,NORMAL,ASD,0.9954747557640076,0.004507201258093119,1.103157831749968e-08,4.17752019643558e-08,1.809584500733763e-05
ZCH0459,3,NORMAL,NORMAL,3.6315923352958634e-05,0.9999150037765503,5.547545697481837e-06,9.673607564764097e-06,3.337367161293514e-05
ZCH0460,1,NORMAL,NORMAL,1.2531000948001747e-06,0.9999938011169434,5.228393433753808e-07,7.815538651811949e-07,3.6249521144782193e-06
ZCH0461,4,NORMAL,NORMAL,5.044442877988331e-05,0.9998043179512024,1.092045749828685e-05,1.3522196240955964e-05,0.00012089443043805659
ZCH0462,1,NORMAL,NORMAL,1.8429924466545344e-06,0.9985263347625732,1.1583084642552421e-06,0.00013254412624519318,0.0013380356831476092
ZCH0463,0,NORMAL,NORMAL,1.4032864783075638e-05,0.9998760223388672,2.4204451619880274e-05,4.9762020353227854e-05,3.597556133172475e-05
ZCH0464,2,NORMAL,NORMAL,6.705358828185126e-05,0.9999220371246338,1.299070618188125e-06,1.4334601701193606e-06,8.09490757092135e-06
ZCH0465,0,NORMAL,NORMAL,5.615891859633848e-05,0.9998024106025696,2.274447979289107e-05,3.9484366425313056e-05,7.928283594083041e-05
ZCH0466,4,NORMAL,NORMAL,5.893342677154578e-05,0.9999001026153564,4.1808893911365885e-06,4.000839453510707e-06,3.276906136306934e-05
ZCH0467,1,NORMAL,NORMAL,2.7353466975910123e-06,0.9999803304672241,6.880609817017103e-06,1.9046217403229093e-06,8.077965503616724e-06
ZCH0468,2,NORMAL,NORMAL,6.437805950554321e-06,0.9999605417251587,5.999170298309764e-07,1.0543104508542456e-05,2.1964789993944578e-05
ZCH0469,4,NORMAL,PFO,0.005790401250123978,0.03837372735142708,7.480600743292598e-06,0.9558009505271912,2.7430754926172085e-05
ZCH0470,0,NORMAL,NORMAL,0.00014550254854839295,0.9976593255996704,1.419956151949009e-05,0.00014963759167585522,0.00203141150996089
ZCH0471,2,NORMAL,NORMAL,1.775245982571505e-05,0.9998868703842163,4.331999662099406e-06,1.2592534403665923e-05,7.839239697204903e-05
ZCH0472,2,NORMAL,NORMAL,0.0009220679057762027,0.9965469241142273,1.6642243281239644e-06,0.002455673646181822,7.367681246250868e-05
ZCH0473,2,NORMAL,NORMAL,9.575567673891783e-06,0.9999462366104126,1.8130581338482443e-06,5.102695013192715e-06,3.728722731466405e-05
ZCH0474,1,NORMAL,NORMAL,1.3617470813187538e-06,0.999992847442627,4.451729012089345e-07,1.8215032469015568e-06,3.577301868062932e-06
ZCH0475,0,NORMAL,NORMAL,9.768415111466311e-06,0.9997403025627136,1.29539757836028e-05,1.0346304406994022e-05,0.00022661391994915903
ZCH0476,3,NORMAL,NORMAL,6.354461947921664e-05,0.9998517036437988,6.329370989988092e-06,1.768013316905126e-05,6.073232725611888e-05
ZCH0477,2,NORMAL,ASD,0.9831127524375916,0.002277723513543606,8.916460387808911e-07,0.014344838447868824,0.00026377412723377347
ZCH0478,2,NORMAL,NORMAL,2.2139398424769752e-05,0.999884843826294,4.723307483800454e-06,6.041807409928879e-06,8.209742372855544e-05
ZCH0479,1,NORMAL,NORMAL,6.306489126473025e-07,0.999991774559021,8.103447726170998e-07,3.0436958695645444e-06,3.733559196916758e-06
ZCH0480,1,NORMAL,NORMAL,1.5143534710659878e-06,0.9999830722808838,3.8705052247678395e-06,2.2811493636254454e-06,9.256117664335761e-06
ZCH0481,1,NORMAL,NORMAL,3.001122195200878e-06,0.9999798536300659,4.507732228375971e-06,1.6859529523571837e-06,1.0908280273724813e-05
ZCH0482,1,NORMAL,NORMAL,3.493041731417179e-06,0.9999805688858032,1.4484377288681571e-06,4.961451395502081e-06,9.523947483103257e-06
ZCH0483,3,NORMAL,NORMAL,6.631369615206495e-05,0.999292254447937,5.708235767087899e-05,6.41091974102892e-05,0.0005202696193009615
ZCH0484,0,NORMAL,NORMAL,5.786386827821843e-05,0.9996799230575562,4.423648715601303e-05,1.6093857993837446e-05,0.00020187057089060545
ZCH0485,2,NORMAL,NORMAL,6.188440238474868e-06,0.9999361038208008,8.198019258998102e-07,4.3406253098510206e-06,5.251653783489019e-05
ZCH0486,2,NORMAL,NORMAL,9.527853762847371e-06,0.9999470710754395,4.908752998744603e-06,7.591146641061641e-06,3.090494283242151e-05
ZCH0487,2,NORMAL,NORMAL,1.135743241320597e-05,0.9999285936355591,2.419103566353442e-06,6.091464001656277e-06,5.163331297808327e-05
ZCH0488,1,NORMAL,NORMAL,6.721825684508076e-06,0.9999768733978271,2.7580213100009132e-06,7.513069704145892e-06,6.211078016349347e-06
ZCH0489,4,NORMAL,NORMAL,8.434280061919708e-06,0.999868631362915,2.2167389033711515e-05,1.6821776398501243e-06,9.904746548272669e-05
ZCH0490,3,NORMAL,NORMAL,2.0690329620265402e-05,0.9999395608901978,3.4484405659895856e-06,5.30963279743446e-06,3.0883998988429084e-05
ZCH0491,4,NORMAL,NORMAL,3.258611832279712e-05,0.9998577833175659,3.749464440261363e-06,9.036109986482188e-06,9.691766172181815e-05
ZCH0492,2,NORMAL,NORMAL,0.0005225745844654739,0.9801116585731506,0.019030341878533363,1.0722052365963464e-06,0.0003343576390761882
ZCH0493,3,NORMAL,NORMAL,0.00021705107064917684,0.9996263980865479,3.848670530715026e-06,3.794551594182849e-05,0.00011491701297927648
ZCH0494,1,NORMAL,NORMAL,9.646391845308244e-06,0.9999558925628662,1.4564720913767815e-06,6.3294146457337774e-06,2.6745265131467022e-05
ZCH0495,1,NORMAL,NORMAL,2.3833356408431428e-06,0.9999775886535645,1.3858058309779153e-06,6.720105830027023e-06,1.1892223483300768e-05
ZCH0496,0,NORMAL,NORMAL,0.00013150388258509338,0.9996125102043152,2.1070056391181424e-05,4.092997914995067e-05,0.0001940569345606491
ZCH0497,0,NORMAL,NORMAL,0.00017618577112443745,0.9992057681083679,3.44137129104638e-06,3.99914279114455e-05,0.0005745498347096145
ZCH0498,3,NORMAL,NORMAL,4.361874744063243e-05,0.9998801946640015,6.861901056254283e-06,1.251458434126107e-05,5.672569386661053e-05
ZCH0499,3,NORMAL,NORMAL,0.0005950756021775305,0.9993289709091187,3.497609895930509e-06,1.0921689863607753e-05,6.16457691648975e-05
ZCH0500,3,NORMAL,NORMAL,5.826121923746541e-05,0.9999085664749146,3.991753146692645e-06,5.2343762035889085e-06,2.396742820565123e-05
ZCH0501,0,NORMAL,NORMAL,0.0004839582252316177,0.9992326498031616,1.7806270989240147e-05,0.00011813899618573487,0.00014748149260412902
ZCH0502,2,NORMAL,NORMAL,9.86513896350516e-06,0.9999468326568604,2.594737907202216e-06,5.171727025299333e-06,3.546956577338278e-05
ZCH0503,0,NORMAL,NORMAL,7.237702902784804e-06,0.999871015548706,1.3385066267801449e-05,3.47173263435252e-05,7.364174962276593e-05
ZCH0504,3,NORMAL,NORMAL,5.8616456954041496e-05,0.9998878240585327,4.741808425023919e-06,9.677164598542731e-06,3.9138842112151906e-05
ZCH0505,0,NORMAL,NORMAL,0.0026334128342568874,0.990262508392334,1.3749081517744344e-05,0.00035240588476881385,0.006737963762134314
ZCH0506,3,NORMAL,NORMAL,4.905546666122973e-05,0.9998825788497925,8.612849342171103e-06,1.5284273104043677e-05,4.442163117346354e-05
ZCH0507,1,NORMAL,NORMAL,2.875636937460513e-06,0.999974250793457,1.933426574396435e-06,3.5190930702810874e-06,1.7423406461603008e-05
ZCH0508,3,NORMAL,NORMAL,2.2573174646822736e-05,0.9999498128890991,2.474566372256959e-06,8.899027307052165e-06,1.624412470846437e-05
ZCH0509,1,NORMAL,NORMAL,2.96665784844663e-05,0.9999561309814453,6.271335450946935e-07,4.1996422623924445e-06,9.452673111809418e-06
ZCH0510,1,NORMAL,NORMAL,0.00037934130523353815,0.9993708729743958,9.109480743063614e-05,0.0001434971345588565,1.5223121408780571e-05
ZCH0511,3,NORMAL,NORMAL,2.1620460756821558e-05,0.9995542168617249,2.3746099486743333e-06,3.4790014069585595e-06,0.0004183382843621075
ZCH0512,3,NORMAL,NORMAL,0.0002842641551978886,0.7473337650299072,2.1539801309700124e-05,0.24507711827754974,0.007283197715878487
ZCH0513,2,NORMAL,NORMAL,7.680248927499633e-06,0.99991774559021,2.197437879658537e-06,1.307846832787618e-05,5.941590643487871e-05
ZCH0514,2,NORMAL,NORMAL,7.265480689966353e-06,0.9999488592147827,1.5363804095613887e-06,3.4860559026128612e-06,3.885789919877425e-05
ZCH0515,3,NORMAL,NORMAL,6.4542779000476e-05,0.9998451471328735,8.054989848460536e-06,1.943374445545487e-05,6.272080645430833e-05
ZCH0516,2,NORMAL,NORMAL,1.9391743990126997e-05,0.9962372779846191,1.5246868088070187e-06,0.0035024285316467285,0.00023941602557897568
ZCH0517,1,NORMAL,NORMAL,2.873474841180723e-06,0.999966025352478,2.32825286161642e-07,1.8872544387704693e-05,1.2011091712338384e-05
ZCH0518,1,NORMAL,NORMAL,0.00016282159776892513,0.9997598528862,8.367544523935067e-07,4.343638283899054e-05,3.3114505640696734e-05
ZCH0519,3,NORMAL,NORMAL,0.0001038593181874603,0.9997774958610535,8.838006579026114e-06,2.5557479602866806e-05,8.439106750302017e-05
ZCH0520,3,NORMAL,NORMAL,0.00025814431137405336,0.9997174143791199,1.6361007055820664e-06,4.094945325050503e-06,1.8737864593276754e-05
ZCH0521,3,NORMAL,NORMAL,7.461629866156727e-05,0.9998571872711182,4.500899649428902e-06,1.477114619774511e-05,4.888674811809324e-05
ZCH0522,3,NORMAL,NORMAL,8.524340955773368e-05,0.9997836947441101,1.3010426300752442e-05,3.0834449717076495e-05,8.724335202714428e-05
ZCH0523,0,NORMAL,NORMAL,0.001158273546025157,0.993110179901123,0.004111030604690313,0.00047667184844613075,0.0011439071968197823
ZCH0524,3,NORMAL,NORMAL,0.0004755550471600145,0.999247670173645,1.841888479248155e-05,6.380660488503054e-05,0.00019453559070825577
ZCH0525,0,NORMAL,NORMAL,0.03438800200819969,0.9537136554718018,7.087032281560823e-05,0.0028931573033332825,0.008934387937188148
ZCH0526,1,NORMAL,NORMAL,7.883039870648645e-06,0.999981164932251,2.681932187442726e-07,1.6073387314463616e-06,9.137921551882755e-06
ZCH0527,1,NORMAL,NORMAL,0.00031010975362733006,0.9954959154129028,0.0039737471379339695,0.0001010009364108555,0.00011929372703889385
ZCH0528,3,NORMAL,NORMAL,4.936775076203048e-05,0.9997395873069763,6.970044069021242e-06,8.34314869280206e-06,0.00019578372302930802
ZCH0529,2,NORMAL,NORMAL,0.03152977302670479,0.8947045207023621,0.0037155922036617994,0.03503866121172905,0.03501149266958237
ZCH0530,2,NORMAL,NORMAL,1.0242943972116336e-05,0.9999405145645142,3.982104772148887e-06,9.007500011648517e-06,3.619651761255227e-05
ZCH0531,4,NORMAL,NORMAL,2.955179661512375e-05,0.9976796507835388,1.6087622611848928e-07,5.353698639964932e-08,0.0022907424718141556
ZCH0532,0,NORMAL,NORMAL,0.0004689430061262101,0.9980847835540771,1.9083799998043105e-05,4.8346173571189865e-05,0.001378957531414926
ZCH0533,4,NORMAL,NORMAL,0.00030706668621860445,0.7676510810852051,9.648066225054208e-06,0.23182669281959534,0.00020542409038171172
ZCH0534,3,ASD,NORMAL,0.004657244775444269,0.9953024387359619,2.8478927561081946e-05,3.039832790818764e-06,8.832790626911446e-06
ZCH0535,2,ASD,PFO,0.0037458071019500494,0.01481582224369049,6.934585690032691e-05,0.9651171565055847,0.016251815482974052
ZCH0536,4,ASD,ASD,0.997016429901123,0.0002911163028329611,0.0002720921183936298,9.778594176168554e-06,0.0024106556084007025
ZCH0537,2,ASD,PFO,0.061445996165275574,0.0131869250908494,4.100162914255634e-05,0.892829179763794,0.03249682858586311
ZCH0538,4,ASD,ASD,0.6136735677719116,0.0599631704390049,0.0016276973765343428,2.230792051705066e-05,0.32471325993537903
ZCH0539,1,ASD,PFO,0.0003980376641266048,0.09063701331615448,1.9579388208512682e-06,0.9089255928993225,3.7407244235510007e-05
ZCH0540,2,ASD,ASD,0.9991455078125,0.0007038136827759445,1.6830696040415205e-05,7.792773249093443e-05,5.599274663836695e-05
ZCH0541,2,ASD,ASD,0.9923864603042603,0.007557183504104614,3.695151463034563e-05,6.910796059855784e-07,1.867826358648017e-05
ZCH0542,4,ASD,VSD,4.580710083246231e-05,0.001829149085097015,0.00032673432724550366,1.9572580640669912e-05,0.9977787137031555
ZCH0543,1,ASD,VSD,0.001959822606295347,0.4280760884284973,1.6694586690846336e-07,3.784116415772587e-06,0.5699601173400879
ZCH0544,2,ASD,PDA,0.022770460695028305,0.0007881742203608155,0.9760538339614868,4.780470135301584e-06,0.000382675149012357
ZCH0545,1,ASD,VSD,1.954911965640349e-07,5.038368908572011e-05,2.0713630419777473e-06,8.326886018039659e-05,0.9998641014099121
ZCH0546,3,ASD,PFO,9.474221587879583e-05,0.0008783004595898092,2.115229108312633e-05,0.9988610744476318,0.00014482950791716576
ZCH0547,0,ASD,NORMAL,0.01924286223948002,0.8718484044075012,0.0888427197933197,0.01752091757953167,0.0025450957473367453
ZCH0548,4,ASD,ASD,0.8595927357673645,0.016851210966706276,0.11647219955921173,1.3310107533470728e-05,0.007070556282997131
ZCH0549,4,ASD,NORMAL,2.9011662263656035e-05,0.9998830556869507,1.084501718651154e-06,1.6586974993515469e-07,8.682967018103227e-05
ZCH0550,4,ASD,ASD,0.9942634701728821,0.0006492426618933678,1.2270730564978294e-07,1.3481753740052227e-06,0.005085814744234085
ZCH0551,0,ASD,ASD,0.9840843081474304,0.00025168561842292547,5.323810455593048e-06,1.3353283065953292e-05,0.015645485371351242
ZCH0552,2,ASD,ASD,0.9760764837265015,0.00044587443699128926,5.068093287263764e-07,0.0005074538057669997,0.022969724610447884
ZCH0553,1,ASD,NORMAL,6.00018902332522e-05,0.9500259160995483,2.5226458092220128e-05,0.03246031701564789,0.017428547143936157
ZCH0554,0,ASD,ASD,0.7806165814399719,0.04062306135892868,5.522054561879486e-05,0.17699117958545685,0.0017140338895842433
ZCH0555,2,ASD,VSD,0.022687170654535294,0.040426962077617645,4.473929948289879e-05,0.0003461860178504139,0.9364950060844421
ZCH0556,2,ASD,VSD,0.00024814967764541507,0.0005206058267503977,3.284026024630293e-05,1.157785936811706e-05,0.9991868138313293
ZCH0557,0,ASD,NORMAL,0.004069654271006584,0.9387614727020264,0.001265950151719153,0.04706801101565361,0.008834938518702984
ZCH0558,1,ASD,VSD,0.05190849304199219,0.2151464819908142,9.84115686151199e-05,0.001971150515601039,0.7308754324913025
ZCH0559,4,ASD,ASD,0.6076618432998657,0.03529186546802521,0.32989588379859924,4.831976548302919e-05,0.027102118358016014
ZCH0560,2,ASD,NORMAL,7.11088941898197e-05,0.9951139092445374,4.320345033193007e-05,0.004727937746793032,4.394578354549594e-05
ZCH0561,2,ASD,NORMAL,0.017138516530394554,0.9826933145523071,2.699506921999273e-06,6.484776531578973e-05,0.00010059596388600767
ZCH0562,3,ASD,PFO,0.26857176423072815,0.0010534673929214478,0.00010589535668259487,0.7295858860015869,0.0006830298225395381
ZCH0563,2,ASD,VSD,0.0001895562745630741,0.0016150966985151172,3.8044941902626306e-05,0.00018654843734111637,0.9979707598686218
ZCH0564,4,ASD,PFO,0.003576581133529544,0.00018528451619204134,3.4920255984616233e-06,0.9961246848106384,0.0001099564105970785
ZCH0565,4,ASD,ASD,0.9598954319953918,0.007367396727204323,2.7948855858994648e-05,0.028492938727140427,0.004216303583234549
ZCH0566,3,ASD,VSD,0.16204045712947845,0.0015963742043823004,0.0005406475975178182,0.23140275478363037,0.6044197678565979
ZCH0567,4,ASD,VSD,2.2543701561517082e-05,0.0001133532277890481,8.376751452487952e-07,3.0160589403749327e-07,0.9998629093170166
ZCH0568,1,ASD,PFO,0.004171654582023621,0.0023814321029931307,5.174481998437841e-07,0.9934139847755432,3.246626874897629e-05
ZCH0569,2,ASD,PFO,0.0950637236237526,0.019233377650380135,3.978006134275347e-05,0.8706258535385132,0.015037233009934425
ZCH0570,0,ASD,VSD,0.11388654261827469,0.013745801523327827,0.0024439303670078516,0.1386300027370453,0.7312937378883362
ZCH0571,1,ASD,PFO,0.0008329773554578424,1.4144296073936857e-05,3.0901951220130286e-08,0.9991378784179688,1.4920660760253668e-05
ZCH0572,1,ASD,ASD,0.9307064414024353,0.00033455362427048385,1.876260427025045e-07,0.0682382881641388,0.0007205115398392081
ZCH0573,0,ASD,PFO,0.025828110054135323,0.021189725026488304,0.0005406157579272985,0.9427486658096313,0.009692809544503689
ZCH0574,4,ASD,NORMAL,0.005508739501237869,0.8862372636795044,0.0005407923017628491,2.223586989202886e-06,0.10771087557077408
ZCH0575,1,ASD,VSD,0.004638776648789644,0.25278088450431824,0.004682246595621109,0.004470153711736202,0.7334279417991638
ZCH0576,0,ASD,PDA,0.0006210058345459402,0.005488893948495388,0.9535825848579407,0.001453555072657764,0.03885393962264061
ZCH0577,1,ASD,PFO,2.4523158572264947e-05,0.0006334789213724434,1.2701957530225627e-05,0.9963347911834717,0.002994459355250001
ZCH0578,0,ASD,PFO,0.22229023277759552,0.04290911555290222,0.00019064651860389858,0.7283447980880737,0.006265194155275822
ZCH0579,3,ASD,PFO,0.0578494518995285,0.0016474949661642313,0.0002238086744910106,0.7469754815101624,0.19330370426177979
ZCH0580,1,ASD,VSD,0.08952850848436356,0.00028611821471713483,4.5386931901703065e-07,1.5005984096205793e-05,0.9101698994636536
ZCH0581,4,ASD,PFO,1.2324353519943543e-05,6.93945839884691e-05,5.161589797353372e-06,0.9998902082443237,2.2829079171060584e-05
ZCH0582,3,ASD,NORMAL,0.010005105286836624,0.9898152351379395,5.689157660526689e-06,2.3962320483406074e-05,0.0001500477228546515
ZCH0583,0,ASD,NORMAL,0.29942041635513306,0.6869401931762695,1.0516660040593706e-05,1.1065071703342255e-05,0.013617808930575848
ZCH0584,3,ASD,NORMAL,0.014247613959014416,0.9633691310882568,1.8306611309526488e-05,0.02210773341357708,0.0002572730300016701
ZCH0585,4,ASD,VSD,0.0048870365135371685,0.011615175753831863,0.0006701308884657919,1.2550832479973906e-06,0.9828264117240906
ZCH0586,2,ASD,PFO,0.0034782278817147017,0.0008478180388920009,1.350073652872652e-08,0.995449960231781,0.0002240189496660605
ZCH0587,3,ASD,NORMAL,0.13253909349441528,0.8629932999610901,0.0006572469719685614,1.5877438272582367e-05,0.0037944770883768797
ZCH0588,4,ASD,VSD,1.0408483831270132e-05,0.0058509474620223045,1.5476680914616736e-07,4.82926632017211e-09,0.9941384792327881
ZCH0589,2,ASD,VSD,0.016077078878879547,0.3378623127937317,8.31399520393461e-05,0.1702873557806015,0.47569018602371216
ZCH0590,1,ASD,ASD,0.7005012035369873,0.011034023016691208,0.03151066601276398,0.25607067346572876,0.0008833954343572259
ZCH0591,0,ASD,NORMAL,0.0037906216457486153,0.9961470365524292,6.309681452876248e-07,3.54246367351152e-05,2.638253317854833e-05
ZCH0592,0,ASD,PDA,0.015224546194076538,0.0304520595818758,0.3792766034603119,0.3565053343772888,0.2185414731502533
ZCH0593,0,ASD,PFO,0.007684982381761074,0.0026715323328971863,6.104112344473833e-07,0.9888555407524109,0.0007873371941968799
ZCH0594,3,ASD,NORMAL,9.472548845224082e-05,0.9998006224632263,1.1603702660067938e-05,2.5699537218315527e-05,6.729442975483835e-05
ZCH0595,3,ASD,PFO,0.0009847936453297734,0.08951150625944138,0.0001078427376342006,0.8963563442230225,0.013039475306868553
ZCH0596,0,ASD,NORMAL,0.0005520746344700456,0.9990814924240112,2.767298610706348e-05,7.110309525160119e-05,0.0002677809097804129
ZCH0597,4,ASD,PFO,0.0005413187318481505,0.009886251762509346,0.00030719180358573794,0.988819420337677,0.00044575126958079636
ZCH0598,4,ASD,PFO,0.30753910541534424,0.06412547826766968,0.0002531938371248543,0.6243162155151367,0.0037660400848835707
ZCH0599,2,ASD,ASD,0.9940715432167053,0.0005350814899429679,8.439177690888755e-06,0.005213210824877024,0.00017183614545501769
ZCH0600,1,ASD,ASD,0.8731390237808228,0.11681520193815231,2.3345537556451745e-06,0.009803679771721363,0.0002397730713710189
ZCH0601,3,ASD,ASD,0.9986467957496643,0.00015688127314206213,2.4267392291221768e-05,0.0009931589011102915,0.00017880201630759984
ZCH0602,1,ASD,VSD,0.25872156023979187,0.00023051702009979635,1.829722532420419e-05,0.000890925235580653,0.7401387095451355
ZCH0603,0,ASD,NORMAL,0.00020585570018738508,0.9990205764770508,3.938221561838873e-05,9.359374234918505e-05,0.000640487705823034
ZCH0604,3,ASD,NORMAL,0.0007857860182411969,0.999031662940979,8.903514753910713e-06,0.00016418252198491246,9.350988875667099e-06
ZCH0605,3,ASD,NORMAL,0.00325197447091341,0.9962916374206543,4.528145655058324e-05,0.00026454453472979367,0.00014663557521998882
ZCH0606,2,ASD,PFO,0.23414592444896698,0.0037417495623230934,4.456459009816172e-06,0.7613401412963867,0.0007677542162127793
ZCH0607,1,ASD,PFO,0.45250242948532104,0.0016417137812823057,8.497237331539509e-07,0.5420684814453125,0.003786485642194748
ZCH0608,3,ASD,PFO,0.0016249959589913487,0.0022068920079618692,8.252664702013135e-05,0.9960237741470337,6.178879993967712e-05
ZCH0609,0,ASD,PFO,0.009943378157913685,0.03486272320151329,6.956370634725317e-05,0.9526349306106567,0.0024893649388104677
ZCH0610,3,ASD,NORMAL,8.659702871227637e-05,0.9997761845588684,1.47169685078552e-05,2.674879942787811e-05,9.582493657944724e-05
ZCH0611,4,ASD,ASD,0.9992098808288574,0.0005968811456114054,4.3162441443200805e-07,9.624930498830508e-06,0.0001830228284234181
ZCH0612,3,ASD,ASD,0.7684141397476196,0.0013161897659301758,6.606691749766469e-05,0.010240714065730572,0.21996280550956726
ZCH0613,2,ASD,PDA,0.014215030707418919,0.0163554884493351,0.921912670135498,0.030536796897649765,0.016980057582259178
ZCH0614,1,ASD,NORMAL,0.008684081956744194,0.8849577903747559,4.203141725156456e-05,0.0933007225394249,0.013015514239668846
ZCH0615,3,ASD,ASD,0.9962318539619446,0.0026463062968105078,5.5449886531278025e-06,0.00032965990249067545,0.0007865160587243736
ZCH0616,3,ASD,PFO,3.010829459526576e-05,9.803753346204758e-05,2.4042274162638932e-05,0.9997935891151428,5.420821617008187e-05
ZCH0617,2,ASD,ASD,0.9997082352638245,0.0002589428040664643,1.0741055120888632e-06,2.4374630811507814e-06,2.9303260816959664e-05
ZCH0618,2,ASD,ASD,0.9802758693695068,0.01528583187609911,0.001454315846785903,2.1818303139298223e-05,0.0029621378052979708
ZCH0619,1,ASD,ASD,0.9997794032096863,0.00021025746536906809,5.302293288877991e-07,8.506953236064874e-06,1.3752642189501785e-06
ZCH0620,2,ASD,NORMAL,0.3671019971370697,0.6325963139533997,5.257180646367487e-07,5.7651352108223364e-05,0.00024346775899175555
ZCH0621,3,ASD,NORMAL,0.0017972065834328532,0.9972238540649414,3.174453377141617e-05,0.0006628675037063658,0.0002843837719410658
ZCH0622,0,ASD,NORMAL,0.0018076724372804165,0.9916471242904663,0.00023156063980422914,0.0007893381989561021,0.0055242921225726604
ZCH0623,1,ASD,NORMAL,0.00010621367982821539,0.9998551607131958,4.229058049531886e-06,6.25952634436544e-06,2.81062166322954e-05
ZCH0624,3,ASD,NORMAL,0.00013791183300781995,0.9996358156204224,3.41725558428152e-06,0.00021700363140553236,5.783259894087678e-06
ZCH0625,3,ASD,NORMAL,0.00010875774751184508,0.9997997879981995,7.529281447204994e-06,2.695873990887776e-05,5.698523818864487e-05
ZCH0626,2,ASD,ASD,0.9997281432151794,0.00012636395695153624,6.567922810063465e-07,0.00011495578655740246,2.976088217110373e-05
ZCH0627,2,ASD,ASD,0.6427395939826965,0.07969677448272705,6.770597451577487e-07,0.2730059027671814,0.004557006061077118
ZCH0628,0,ASD,PFO,0.00210175639949739,0.051596079021692276,0.0009004634339362383,0.941889762878418,0.0035119804088026285
ZCH0629,1,ASD,NORMAL,1.0009337529481854e-05,0.9971785545349121,1.3709275663131848e-05,0.0023470488376915455,0.0004507113480940461
ZCH0630,0,ASD,PFO,0.01752394810318947,0.08963485807180405,4.429471300682053e-05,0.8918983340263367,0.0008985665044747293
ZCH0631,4,ASD,NORMAL,0.005747845862060785,0.8708903193473816,0.00015221857756841928,0.08137931674718857,0.041830237954854965
ZCH0632,0,ASD,PFO,0.3281683623790741,0.26906687021255493,0.0005059381364844739,0.3386656939983368,0.0635930672287941
ZCH0633,4,ASD,PFO,3.68502878700383e-05,0.000616041012108326,4.029369665659033e-05,0.9961532950401306,0.003153523663058877
ZCH0634,0,ASD,PFO,0.019664186984300613,0.01630437932908535,0.0001033073422149755,0.956571102142334,0.007356960326433182
ZCH0635,3,ASD,VSD,0.10900633037090302,0.03341219946742058,0.3362922668457031,0.015288958325982094,0.506000280380249
ZCH0636,4,ASD,VSD,0.12394437193870544,0.032273031771183014,0.002040260937064886,0.00011098201503045857,0.8416313529014587
ZCH0637,4,ASD,VSD,0.01912260241806507,0.21052800118923187,2.4692979422979988e-05,3.853587713820161e-06,0.7703208923339844
ZCH0638,0,ASD,ASD,0.979748547077179,0.0017217922722920775,0.017467152327299118,1.8761631508823484e-05,0.0010436406591907144
ZCH0639,1,ASD,PFO,0.07984765619039536,0.0010225485311821103,3.881224984070286e-05,0.9159709811210632,0.003119993954896927
ZCH0640,4,ASD,ASD,0.9909601211547852,0.0034740730188786983,0.005550857167690992,1.0408799653305323e-06,1.3881892300560139e-05
ZCH0641,0,ASD,NORMAL,0.3962961733341217,0.5723876953125,0.002379063982516527,0.00037376509862951934,0.028563369065523148
ZCH0642,1,ASD,NORMAL,0.01654110476374626,0.983302891254425,8.252371480921283e-05,1.764582884788979e-05,5.583200618275441e-05
ZCH0643,2,ASD,VSD,0.001723593333736062,0.010361313819885254,0.005072180647403002,2.5090319468290545e-05,0.9828178882598877
ZCH0644,3,ASD,NORMAL,7.42194679332897e-05,0.9998452663421631,3.956874934374355e-06,1.0432833732920699e-05,6.60833393339999e-05
ZCH0645,2,ASD,NORMAL,4.630437615560368e-05,0.999734103679657,5.584406608249992e-06,0.00015562660701107234,5.829106521559879e-05
ZCH0646,1,ASD,ASD,0.9018798470497131,0.09345884621143341,2.9841750802006572e-05,6.473113899119198e-05,0.004566648043692112
ZCH0647,3,ASD,NORMAL,0.00017476061475463212,0.9997897744178772,5.288362444844097e-06,5.560494628298329e-06,2.4715702238609083e-05
ZCH0648,1,ASD,NORMAL,1.152821482719446e-06,0.9999730587005615,1.9896736702662565e-08,3.7346289900597185e-06,2.2092901417636313e-05
ZCH0649,0,ASD,NORMAL,0.17142747342586517,0.7922741174697876,2.902246933444985e-06,0.000765716191381216,0.035529784858226776
ZCH0650,0,ASD,NORMAL,0.00018785663996823132,0.9987015724182129,0.00011414319305913523,4.65229713881854e-05,0.0009497880237177014
ZCH0651,4,ASD,NORMAL,0.0024184284266084433,0.9960438013076782,4.1474143586128775e-07,1.963551312655909e-07,0.0015371425542980433
ZCH0652,1,ASD,PFO,2.9481434467015788e-05,0.18468590080738068,0.002316424623131752,0.8127086758613586,0.0002595048281364143
ZCH0653,1,PDA,VSD,0.00046035414561629295,0.001442299922928214,0.02842063084244728,7.356652349699289e-05,0.9696031808853149
ZCH0654,4,PDA,PDA,0.0003492903779260814,0.0002095230738632381,0.9961429238319397,2.3729196527710883e-06,0.0032958409283310175
ZCH0655,4,PDA,ASD,0.679587721824646,0.24299046397209167,0.007448820397257805,0.00020128853793721646,0.0697716698050499
ZCH0656,2,PDA,VSD,7.769164221826941e-05,0.00039862998528406024,9.396776476933155e-06,0.0001740151346893981,0.9993402361869812
ZCH0657,0,PDA,VSD,0.0011055273935198784,0.00029777971212752163,3.3975093174376525e-06,1.3021959603065625e-05,0.9985803365707397
ZCH0658,3,PDA,ASD,0.9996165037155151,0.00011996700777672231,4.249167250236496e-05,7.135248597478494e-05,0.00014958798419684172
ZCH0659,3,PDA,NORMAL,0.04663805291056633,0.9495725035667419,8.932354830903932e-06,0.0006924839108251035,0.00308800395578146
ZCH0660,4,PDA,VSD,3.736020516953431e-05,0.0009001954458653927,0.0006384567823261023,1.5510109733440913e-05,0.9984084963798523
ZCH0661,0,PDA,VSD,0.0002181882446166128,0.0004460355849005282,0.0003860585857182741,8.254700333054643e-06,0.9989414811134338
ZCH0662,2,PDA,VSD,0.056360356509685516,0.0201067253947258,0.058639515191316605,0.0008986993925645947,0.8639947772026062
ZCH0663,2,PDA,VSD,0.019772866740822792,0.004544731695204973,7.286099389602896e-06,2.169044819311239e-06,0.9756729602813721
ZCH0664,2,PDA,VSD,2.8326205210760236e-05,0.007883680053055286,4.560833258437924e-05,1.0358921826991718e-06,0.992041289806366
ZCH0665,2,PDA,ASD,0.9659914374351501,0.029803378507494926,3.492146561256959e-06,0.0033227717503905296,0.0008788068662397563
ZCH0666,4,PDA,ASD,0.9988051652908325,0.0004789634549524635,4.0983036342367996e-06,0.00031391665106639266,0.0003979331231676042
ZCH0667,4,PDA,ASD,0.369951993227005,0.36384710669517517,0.2629290223121643,0.0005049407482147217,0.002766848774626851
ZCH0668,1,PDA,NORMAL,4.558487489703111e-06,0.9789663553237915,2.448867633120244e-07,6.96482093189843e-05,0.020959148183465004
ZCH0669,1,PDA,NORMAL,1.828097708767018e-07,0.9999412298202515,5.784949280496221e-06,5.100277849123813e-05,1.7063999848687672e-06
ZCH0670,0,PDA,NORMAL,0.047479044646024704,0.9183816313743591,0.00016417902952525765,0.030320296064019203,0.003654902335256338
ZCH0671,0,PDA,PFO,0.14917822182178497,0.017028240486979485,0.01964331790804863,0.7912645936012268,0.022885721176862717
ZCH0672,2,PDA,VSD,0.3607320189476013,0.016475241631269455,0.00011015287600457668,0.0083280298858881,0.6143545508384705
ZCH0673,3,PDA,NORMAL,0.0011768958065658808,0.9985474944114685,7.302794529095991e-06,0.00015822392015252262,0.00011006503336830065
ZCH0674,0,PDA,NORMAL,0.00025757410912774503,0.9989609718322754,1.1226750757487025e-05,6.662876694463193e-05,0.0007035844610072672
ZCH0675,1,PDA,VSD,0.04435804858803749,0.0052340091206133366,0.00012732294271700084,2.1093155737617053e-05,0.9502595067024231
ZCH0676,1,PDA,PFO,0.06048575043678284,0.10219456255435944,0.0005125462776049972,0.7649713754653931,0.07183578610420227
ZCH0677,1,PDA,VSD,2.8163021852378733e-05,0.00015898402489256114,2.992625923070591e-06,3.2483410450367955e-06,0.9998065829277039
ZCH0678,3,PDA,PFO,0.19985142350196838,0.17469243705272675,0.004494268912822008,0.561381995677948,0.059579845517873764
ZCH0679,0,PDA,PFO,0.01234612800180912,0.003739559091627598,5.033467459725216e-06,0.9737000465393066,0.010209155268967152
ZCH0680,4,PDA,VSD,0.0011848766589537263,0.0006981920450925827,3.1357294574263506e-06,1.6368903743568808e-06,0.9981122016906738
ZCH0681,0,PDA,VSD,0.00474920030683279,0.030309390276670456,4.688251283369027e-05,2.5227021978935227e-05,0.9648692607879639
ZCH0682,3,PDA,VSD,0.008763819001615047,0.00038403086364269257,3.864536847686395e-05,1.9188142687198706e-05,0.9907943606376648
ZCH0683,3,PDA,VSD,5.173466706764884e-05,0.19817590713500977,3.823270526481792e-05,8.48707786644809e-05,0.8016492128372192
ZCH0684,1,PDA,ASD,0.6272722482681274,0.37194743752479553,0.0005664918571710587,0.000138839241117239,7.498341437894851e-05
ZCH0685,1,PFO,PFO,5.452867299027275e-06,7.3048618105531204e-06,2.533818417305156e-07,0.999977707862854,9.336059520137496e-06
ZCH0686,1,PFO,NORMAL,0.00014551193453371525,0.9997571110725403,1.3927408872405067e-05,5.4857238865224645e-05,2.862950714188628e-05
ZCH0687,2,PFO,PFO,0.042424146085977554,0.0425705648958683,1.7125225895142648e-06,0.9149077534675598,9.584858344169334e-05
ZCH0688,2,PFO,PFO,0.10869203507900238,0.0005577235133387148,5.0061494221154135e-06,0.8904683589935303,0.00027694349410012364
ZCH0689,2,PFO,NORMAL,0.016212021932005882,0.9781889319419861,9.002113984024618e-06,0.005567304324358702,2.2773205273551866e-05
ZCH0690,4,PFO,ASD,0.9999243021011353,6.125304935267195e-05,5.73154648009222e-06,1.2375223832350457e-06,7.487854418286588e-06
ZCH0691,2,PFO,PFO,7.423513579851715e-06,0.0001396020088577643,1.0253147308958432e-07,0.9997918009757996,6.111901893746108e-05
ZCH0692,3,PFO,PFO,0.0007264257874339819,0.003486307105049491,2.1715721231885254e-05,0.9955775737762451,0.00018794115749187768
ZCH0693,0,PFO,ASD,0.8751577138900757,0.01965177245438099,3.062912219320424e-05,0.10136007517576218,0.003799820551648736
ZCH0694,3,PFO,ASD,0.9899165034294128,0.0011112454812973738,5.9862966736545786e-05,0.00858844444155693,0.00032395176822319627
ZCH0695,2,PFO,ASD,0.9961225390434265,0.0014387696282938123,1.6633910490782e-05,0.0018625962547957897,0.0005595366237685084
ZCH0696,1,PFO,PFO,1.0647488579706987e-06,0.001261900644749403,0.0003848439664579928,0.9969070553779602,0.0014450958697125316
ZCH0697,4,PFO,PDA,0.0005180180887691677,0.00033294770400971174,0.9984737038612366,1.271945166081423e-06,0.0006740034441463649
ZCH0698,4,PFO,PFO,0.000776014057919383,0.002771554747596383,1.424178117304109e-05,0.9964042901992798,3.3961976441787556e-05
ZCH0699,3,PFO,PFO,0.00013022795610595495,0.0001499786740168929,6.595890681637684e-06,0.9996577501296997,5.546724787564017e-05
ZCH0700,1,PFO,PFO,1.6690592019585893e-07,1.070583721229923e-06,2.943967736257491e-09,0.9999955892562866,3.161425865982892e-06
ZCH0701,2,PFO,ASD,0.9925096035003662,0.00197772984392941,1.6477051758556627e-05,0.0016087405383586884,0.0038873590528964996
ZCH0702,3,PFO,VSD,0.013520780019462109,0.0012178249889984727,5.6815650168573484e-05,0.01509760320186615,0.9701069593429565
ZCH0703,0,PFO,ASD,0.9697043895721436,0.023470718413591385,0.0001737141137709841,0.002588702132925391,0.0040624989196658134
ZCH0704,1,PFO,ASD,0.9988386034965515,7.006211671978235e-05,1.4737925368990545e-07,1.654604056966491e-05,0.001074792118743062
ZCH0705,4,PFO,ASD,0.9939956068992615,0.00417796615511179,2.660993231984321e-06,5.717478870792547e-06,0.0018181545892730355
ZCH0706,0,PFO,PFO,0.13673445582389832,0.08732599765062332,5.2471270464593545e-05,0.7734028697013855,0.0024842091370373964
ZCH0707,3,PFO,PFO,0.00014682109758723527,0.00018703706155065447,1.3656971532327589e-05,0.9995386600494385,0.00011381596414139494
ZCH0708,1,PFO,PFO,0.02704552374780178,0.01693217270076275,7.270376227097586e-05,0.9558734893798828,7.616310176672414e-05
ZCH0709,2,PFO,PFO,0.00044356193393468857,0.002629392547532916,6.738591764587909e-06,0.9928350448608398,0.004085284657776356
ZCH0710,2,PFO,ASD,0.9023585319519043,0.002275745617225766,0.00024845366715453565,0.0927969217300415,0.0023203317541629076
ZCH0711,4,PFO,ASD,0.9986642599105835,0.0005063629359938204,4.62505249743117e-06,0.000780940055847168,4.382000770419836e-05
ZCH0712,2,PFO,PFO,4.6447012209682725e-06,7.362327596638352e-05,3.5535873621483915e-07,0.9999196529388428,1.6637526414342574e-06
ZCH0713,4,PFO,ASD,0.9947433471679688,0.000614189833868295,4.41107404185459e-05,0.004525484051555395,7.294595707207918e-05
ZCH0714,2,PFO,VSD,0.00021960622689221054,0.0002615352859720588,5.829575002280762e-06,3.0690885068906937e-06,0.9995099306106567
ZCH0715,2,PFO,PFO,0.0020540175028145313,0.25672638416290283,5.380268703447655e-05,0.7399197220802307,0.0012460807338356972
ZCH0716,2,PFO,PFO,0.00044502964010462165,0.000526997318957001,1.9865941794705577e-05,0.9989504814147949,5.764898014604114e-05
ZCH0717,0,PFO,PFO,0.010072085075080395,0.0015456473920494318,8.588943273935001e-06,0.9872517585754395,0.0011218913132324815
ZCH0718,3,PFO,PFO,0.00015086344501469284,0.0002785071555990726,1.1621696103247814e-05,0.9994163513183594,0.00014269998064264655
ZCH0719,0,PFO,PFO,0.0032452549785375595,0.24412524700164795,2.093983675877098e-05,0.7515583634376526,0.0010501693468540907
ZCH0720,1,PFO,NORMAL,6.93805850460194e-05,0.9292351603507996,1.2088510629837401e-05,0.07057180255651474,0.00011163141607539728
ZCH0721,4,PFO,ASD,0.7186188101768494,0.11675187200307846,0.0009703916148282588,0.16352783143520355,0.00013108259008731693
ZCH0722,1,PFO,PFO,3.12613360620162e-06,0.10904569923877716,6.45359032205306e-05,0.8908453583717346,4.127588908886537e-05
ZCH0723,0,PFO,NORMAL,0.016288094222545624,0.9261861443519592,0.00016384184709750116,0.056090179830789566,0.001271711545996368
ZCH0724,0,PFO,PFO,0.012871054001152515,0.032269012182950974,2.3295886421692558e-05,0.9541819095611572,0.0006547431694343686
ZCH0725,4,PFO,ASD,0.9788394570350647,0.0007714803796261549,3.062169525946956e-06,0.020183894783258438,0.00020211178343743086
ZCH0726,1,PFO,PFO,0.07633240520954132,0.00025006316718645394,8.692414849065244e-05,0.8687227964401245,0.054607853293418884
ZCH0727,2,PFO,ASD,0.5437731146812439,0.010742506943643093,0.001223191269673407,0.03550051897764206,0.4087606370449066
ZCH0728,0,PFO,ASD,0.9696206450462341,0.0036776645574718714,9.774938689588453e-07,0.02622944861650467,0.00047137271030806005
ZCH0729,1,PFO,ASD,0.6619489789009094,0.005857399664819241,2.061589839286171e-06,0.3204842209815979,0.011707426980137825
ZCH0730,0,PFO,ASD,0.9426896572113037,0.020986199378967285,1.118156433221884e-05,0.03402623534202576,0.0022865384817123413
ZCH0731,1,PFO,PFO,0.13927850127220154,0.0014088214375078678,7.888622377549837e-08,0.8589106798171997,0.0004018688341602683
ZCH0732,1,PFO,PFO,0.00014044434647075832,0.0029381155036389828,2.793209148421738e-07,0.9954326152801514,0.0014885342679917812
ZCH0733,0,PFO,PFO,0.0015724794939160347,0.0006507783546112478,2.558508094807621e-05,0.9761956334114075,0.021555470302700996
ZCH0734,3,PFO,ASD,0.8784365653991699,0.009884270839393139,1.7364343875669874e-05,0.003830621251836419,0.10783118009567261
ZCH0735,3,PFO,NORMAL,0.013987939804792404,0.5409866571426392,3.289147571194917e-05,3.627920159487985e-05,0.4449562430381775
ZCH0736,1,PFO,VSD,0.1493682712316513,0.006555129773914814,2.236970885860501e-06,0.04303346201777458,0.8010409474372864
ZCH0737,4,PFO,PFO,0.06267750263214111,0.010812546126544476,3.6876350350212306e-05,0.911030650138855,0.015442445874214172
ZCH0738,4,PFO,ASD,0.9781596064567566,0.018355531617999077,1.752462594595272e-05,0.002708922140300274,0.0007585168932564557
ZCH0739,4,PFO,ASD,0.9819592833518982,0.015755409374833107,3.6061971968592843e-06,0.0003985101357102394,0.001883211312815547
ZCH0740,4,PFO,PFO,0.000678610522300005,0.0013024841900914907,6.790529732825235e-05,0.9979206919670105,3.034177098015789e-05
ZCH0741,3,PFO,PFO,0.00038078907527960837,0.0004999021766707301,5.580655124504119e-05,0.9989666938781738,9.681595838628709e-05
ZCH0742,0,PFO,NORMAL,0.002134442562237382,0.9955407977104187,4.35418332926929e-05,0.0004532773746177554,0.001828035805374384
ZCH0743,3,PFO,NORMAL,0.03540851175785065,0.8328320980072021,8.24876842671074e-05,0.1312318742275238,0.0004450885462574661
ZCH0744,0,PFO,PFO,0.00029851196450181305,0.0005519199767149985,4.488095726173924e-07,0.9991274476051331,2.1637748432112858e-05
ZCH0745,2,PFO,ASD,0.9960353970527649,0.00376241747289896,3.48760877955101e-08,0.00011026251740986481,9.195932216243818e-05
ZCH0746,3,PFO,VSD,0.004407492000609636,0.10513859987258911,9.22709223232232e-05,0.299500435590744,0.5908612012863159
ZCH0747,3,PFO,PFO,0.00020189138012938201,0.0010218628449365497,4.200314651825465e-05,0.9980548620223999,0.0006793123902752995
ZCH0748,3,PFO,VSD,0.0009298789082095027,0.0004356503195594996,6.429108907468617e-05,4.758169598062523e-05,0.9985225796699524
ZCH0749,4,PFO,NORMAL,0.30628469586372375,0.5599938035011292,0.0012483131140470505,0.10927722603082657,0.023195905610919
ZCH0750,1,PFO,PFO,2.831571146089118e-05,7.729720528004691e-05,1.661326223256765e-07,0.9998892545700073,5.0240651034982875e-06
ZCH0751,3,PFO,VSD,0.18342310190200806,0.000362765887985006,0.00010696436947910115,0.10782148689031601,0.7082856893539429
ZCH0752,0,PFO,PFO,0.047708865255117416,0.0010717273689806461,1.368343237118097e-05,0.9497623443603516,0.0014433314790949225
ZCH0753,0,PFO,PFO,0.0005656661815010011,0.009030191227793694,7.104616997821722e-06,0.9903661012649536,3.097888475167565e-05
ZCH0754,4,PFO,NORMAL,9.945138299372047e-05,0.9713963866233826,2.3906646674731746e-05,6.665210094070062e-06,0.02847362868487835
ZCH0755,0,VSD,PFO,0.07620968669652939,0.008273297920823097,0.01293209195137024,0.8436998128890991,0.05888503044843674
ZCH0756,3,VSD,VSD,8.603368769399822e-05,0.0002545396564528346,1.4336116691993084e-05,2.6057921786559746e-05,0.9996190071105957
ZCH0757,3,VSD,VSD,6.180226046126336e-05,0.0001862570206867531,5.112051439937204e-06,2.4571147150709294e-05,0.9997221827507019
ZCH0758,3,VSD,VSD,0.00014330858539324254,9.357641101814806e-05,4.1697421693243086e-05,7.216003268695204e-06,0.999714195728302
ZCH0759,2,VSD,VSD,6.750030297553167e-05,0.00035891798324882984,5.809862705064006e-05,3.05132180073997e-05,0.9994848966598511
ZCH0760,3,VSD,VSD,3.46484812325798e-05,0.00014588655903935432,8.321506356878672e-06,1.0059175110654905e-05,0.9998010993003845
ZCH0761,4,VSD,VSD,1.4119337720330805e-05,0.00014233138062991202,4.000873741460964e-05,4.9195100473298226e-06,0.999798595905304
ZCH0762,2,VSD,VSD,9.975307330023497e-05,0.0005624044570140541,7.17324364813976e-05,4.697715849033557e-05,0.9992190599441528
ZCH0763,0,VSD,VSD,8.888760203262791e-05,0.0002564585010986775,7.9246719906223e-06,1.3240546650195029e-05,0.9996334314346313
ZCH0764,1,VSD,VSD,5.3010126066510566e-06,6.962791667319834e-05,1.078835907719622e-06,4.199745944788447e-06,0.9999197721481323
ZCH0765,1,VSD,VSD,6.521840532514034e-06,6.021459921612404e-05,8.78469945746474e-05,3.857429692288861e-05,0.999806821346283
ZCH0766,4,VSD,VSD,1.8995420759893022e-05,0.0001595211069798097,1.0642947927408386e-06,1.1704673852364067e-06,0.9998192191123962
ZCH0767,1,VSD,VSD,1.5273459439413273e-06,0.0001230388443218544,2.050749799309415e-06,1.146190243161982e-05,0.9998619556427002
ZCH0768,4,VSD,VSD,0.001404162379913032,0.0010668224422261119,6.731438588758465e-06,1.0901316272793338e-05,0.9975113868713379
ZCH0769,0,VSD,VSD,8.645445632282645e-06,0.00015109818195924163,3.7387344491435215e-06,1.0224061043118127e-05,0.9998263716697693
ZCH0770,0,VSD,VSD,2.5419840312679298e-05,0.00029601124697364867,4.052491203765385e-05,4.8694811994209886e-05,0.9995893836021423
ZCH0771,1,VSD,VSD,3.703669426613487e-05,0.00039533019298687577,4.205106506560696e-06,3.392930011614226e-05,0.9995294809341431
ZCH0772,0,VSD,VSD,0.0002307687682332471,0.0008029488963074982,6.600651431654114e-06,3.9046502934070304e-05,0.9989206790924072
ZCH0773,1,VSD,VSD,1.3517636944015976e-05,0.00025221501709893346,6.849575129308505e-06,1.1448158147686627e-05,0.9997159838676453
ZCH0774,2,VSD,VSD,0.00014916853979229927,0.0006383322761394083,7.770607044221833e-05,5.302915451466106e-05,0.9990817308425903
ZCH0775,4,VSD,ASD,0.6694996953010559,0.018116969615221024,0.1822424978017807,0.0004153659101575613,0.12972550094127655
ZCH0776,1,VSD,VSD,2.7170042812940665e-05,0.00010095955076394603,2.051952776582766e-07,3.552701855369378e-06,0.9998681545257568
ZCH0777,2,VSD,VSD,7.291633664863184e-05,0.00047198377433232963,0.00010137430945178494,3.6647092201747e-05,0.9993170499801636
ZCH0778,1,VSD,VSD,1.4263453522289637e-05,7.371190440608189e-05,3.795932570938021e-06,8.099023034446873e-06,0.9999001026153564
ZCH0779,2,VSD,VSD,9.171328565571457e-05,0.0006304261623881757,5.3092342568561435e-05,2.6143370632780716e-05,0.9991986155509949
ZCH0780,4,VSD,VSD,2.697950549190864e-05,0.00013938339543528855,7.866153737268178e-07,4.0896165955928154e-06,0.9998286962509155
ZCH0781,3,VSD,VSD,0.0004412842099554837,0.00011874273332068697,8.129642992571462e-06,3.2366628147428855e-05,0.9993994235992432
ZCH0782,3,VSD,VSD,0.00660597812384367,0.0326458178460598,0.00896182470023632,0.0016257058596238494,0.9501606225967407
ZCH0783,2,VSD,VSD,7.316828123293817e-05,0.0008244237396866083,0.0039508710615336895,3.7259953387547284e-05,0.9951142072677612
ZCH0784,4,VSD,VSD,2.1663761799572967e-05,0.0001371744292555377,4.066988367412705e-06,3.5829043554258533e-06,0.9998334646224976
ZCH0785,0,VSD,VSD,2.6393354346510023e-06,0.00012098852312192321,6.569079573637282e-07,6.7629580371431075e-06,0.9998689889907837
ZCH0786,3,VSD,VSD,5.1274044380988926e-05,0.0002720427874010056,1.172701649920782e-05,2.1990192180965096e-05,0.9996429681777954
ZCH0787,4,VSD,VSD,2.6379431801615283e-05,0.0005341782234609127,0.0034170744474977255,2.9403247026493773e-05,0.99599289894104
ZCH0788,0,VSD,VSD,0.0002360072685405612,0.00048749620327726007,9.976639375963714e-06,1.9332550436956808e-05,0.9992471933364868
ZCH0789,3,VSD,ASD,0.5241942405700684,0.004033012315630913,0.00745276128873229,0.0005662350449711084,0.46375375986099243
ZCH0790,2,VSD,VSD,7.836190343368798e-05,0.0023154206573963165,0.002639403333887458,1.4710994037159253e-05,0.9949520826339722
ZCH0791,4,VSD,VSD,8.93850447027944e-05,0.0006541190668940544,0.00016482720093335956,4.929659189656377e-05,0.9990423321723938
ZCH0792,4,VSD,VSD,3.0778508516959846e-05,0.00012185424566268921,7.478635325242067e-06,6.860634584882064e-06,0.9998329877853394
ZCH0793,3,VSD,VSD,8.139682904584333e-05,0.00017699916497804224,1.4760378689970821e-05,4.186147270957008e-05,0.9996850490570068
ZCH0794,0,VSD,VSD,0.0007368930382654071,0.0003477574500720948,0.0006789253675378859,5.9423662605695426e-05,0.9981770515441895
ZCH0795,2,VSD,VSD,0.00010495889728190377,8.124878513626754e-05,5.410356152424356e-06,1.246235910912219e-06,0.9998071789741516
ZCH0796,3,VSD,VSD,7.178477244451642e-05,0.00045406082062982023,3.9128659409470856e-05,3.603216100600548e-05,0.999398946762085
ZCH0797,3,VSD,VSD,4.5881548430770636e-05,0.00016205459542106837,3.745596404769458e-05,6.353001026582206e-06,0.9997482895851135
ZCH0798,2,VSD,VSD,0.00020400942594278604,0.000752055668272078,7.772423850838095e-05,0.0011917160591110587,0.9977744221687317
ZCH0799,2,VSD,VSD,8.780871576163918e-05,0.0002907568996306509,7.100889342837036e-05,0.00040892776451073587,0.9991414546966553
ZCH0800,0,VSD,VSD,1.8861830540117808e-05,2.3189963030745275e-05,3.1600276884091727e-07,1.331393605141784e-06,0.9999562501907349
ZCH0801,3,VSD,VSD,0.00025057693710550666,0.00016599157243035734,1.2286810488149058e-05,5.766288086306304e-05,0.9995135068893433
ZCH0802,2,VSD,ASD,0.9999644756317139,2.4702325390535407e-05,1.397546498083102e-06,2.5164883936668048e-06,6.906388989591505e-06
ZCH0803,1,VSD,PFO,0.3201066553592682,0.0662088617682457,0.1048828735947609,0.4666413366794586,0.04216022789478302
ZCH0804,4,VSD,VSD,5.275926741887815e-05,0.00023755089205224067,1.0100574172611232e-06,9.596894415153656e-06,0.9996991157531738
ZCH0805,1,VSD,ASD,0.8346723318099976,0.00041162758134305477,0.1607545018196106,0.0010178100783377886,0.0031437433790415525
ZCH0806,1,VSD,VSD,0.0014852056046947837,0.003021727781742811,0.00581080699339509,5.5416705436073244e-05,0.9896268844604492
ZCH0807,4,VSD,VSD,2.9937733415863477e-05,9.334176138509065e-05,2.8789574571419507e-05,3.7982836431638134e-08,0.9998478889465332
ZCH0808,3,VSD,VSD,0.00023729365784674883,8.356309990631416e-05,8.109473128570244e-06,1.1118595466541592e-05,0.9996598958969116
ZCH0809,0,VSD,VSD,7.145399285946041e-05,1.7897447833092883e-05,1.8192349671153352e-07,2.4362554995605024e-06,0.9999079704284668
ZCH0810,3,VSD,VSD,0.005112564191222191,0.0003060525341425091,0.04030498489737511,7.861870835768059e-05,0.9541977047920227
ZCH0811,4,VSD,VSD,2.848155054380186e-05,0.00011635946430033073,7.574984124403272e-07,4.891246589977527e-06,0.9998494386672974
ZCH0812,0,VSD,NORMAL,0.0010015388252213597,0.576646625995636,0.0001187588059110567,0.41922247409820557,0.003010511165484786
ZCH0813,2,VSD,PFO,0.08105096966028214,0.02039337530732155,6.623497029067948e-05,0.8839043974876404,0.01458504144102335
ZCH0814,1,VSD,VSD,4.9398982810089365e-05,8.879420056473464e-05,3.2922196169238305e-07,3.6029957755090436e-06,0.9998579025268555
ZCH0815,3,VSD,VSD,0.00025710099725984037,5.8481771702645347e-05,2.505530574126169e-07,3.4529507502156775e-06,0.999680757522583
ZCH0816,3,VSD,VSD,0.00011085275036748499,0.00028489099349826574,1.2631772733584512e-05,4.588559386320412e-05,0.9995457530021667
ZCH0817,2,VSD,NORMAL,0.03559987246990204,0.6313042640686035,0.0004767575010191649,0.0005168443312868476,0.33210229873657227
ZCH0818,3,VSD,ASD,0.9904700517654419,0.0019458660390228033,7.837190059944987e-05,0.0050280457362532616,0.002477640751749277
ZCH0819,4,VSD,ASD,0.9989418387413025,0.00038845077506266534,9.53041308093816e-07,2.2503716536448337e-05,0.000646276748739183
ZCH0820,0,VSD,VSD,0.004413701128214598,0.0002637760480865836,1.8819445131157408e-06,0.00023654158576391637,0.9950841069221497
ZCH0821,1,VSD,VSD,7.907357030489948e-06,4.9732847401173785e-05,1.796939841369749e-06,1.1100750270998105e-05,0.9999294281005859
ZCH0822,1,VSD,VSD,6.337882223306224e-05,0.0006924548069946468,3.869865849992493e-06,9.932847433447023e-07,0.9992393255233765
ZCH0823,4,VSD,VSD,0.0006228694692254066,0.0014014249900355935,7.48660386307165e-05,0.0010448097018525004,0.9968559741973877
ZCH0824,1,VSD,VSD,0.00016501768550369889,0.003300643293187022,7.83412360760849e-06,3.7143232475500554e-05,0.9964893460273743
ZCH0825,2,VSD,ASD,0.959282398223877,0.003090799320489168,0.017705561593174934,0.00032400860800407827,0.019597310572862625
ZCH0826,3,VSD,VSD,0.11730286478996277,0.0017475092317909002,1.0691629540815484e-05,3.526439468259923e-05,0.8809036612510681
ZCH0827,4,VSD,VSD,0.09465668350458145,0.009885679930448532,9.401147508469876e-06,0.0004364557971712202,0.8950117826461792
ZCH0828,4,VSD,VSD,4.66379351564683e-05,0.00021462042059283704,8.355176760233007e-06,2.5319764063169714e-06,0.9997277855873108
ZCH0829,0,VSD,ASD,0.47931554913520813,0.010617034509778023,0.0003710228484123945,0.35455942153930664,0.15513701736927032
ZCH0830,1,VSD,VSD,0.0028341365978121758,0.0006781747797504067,1.2076693565177266e-05,0.017215615138411522,0.9792600274085999
ZCH0831,2,VSD,VSD,6.51895024930127e-05,0.0006597385508939624,0.00016932589642237872,4.4615964725380763e-05,0.9990611672401428
ZCH0832,0,VSD,VSD,0.00033613009145483375,0.00045515038073062897,6.425725132430671e-06,7.6040273597755e-06,0.9991946816444397
ZCH0833,0,VSD,VSD,0.00012831248750444502,0.0006128128152340651,0.0001023625663947314,2.6401490686112083e-05,0.9991300702095032
ZCH0834,0,VSD,ASD,0.6774415373802185,0.2241017371416092,0.0455399826169014,0.00019130988221149892,0.05272538214921951
ZCH0835,4,VSD,VSD,3.6636316508520395e-05,0.0004069677088409662,3.701447326420748e-07,1.985146582228481e-06,0.9995539784431458
ZCH0836,0,VSD,VSD,0.0002843964612111449,0.0009300941601395607,4.319256549933925e-05,0.0005328814731910825,0.9982094764709473
ZCH0837,3,VSD,VSD,6.893106183269992e-05,0.00015815507504157722,1.0154425581276882e-05,2.067665809590835e-05,0.9997420907020569
ZCH0838,1,VSD,VSD,1.237899050465785e-05,0.00020209266222082078,1.045706267177593e-05,1.2397574209899176e-05,0.9997627139091492
ZCH0839,2,VSD,VSD,5.680808317265473e-05,0.00037168842391110957,5.6322154705412686e-05,1.451603566238191e-05,0.9995006322860718
ZCH0840,2,VSD,VSD,6.079201557440683e-05,0.0003204022941645235,3.1987394322641194e-05,3.160878986818716e-05,0.9995551705360413
ZCH0841,4,VSD,VSD,2.6459694709046744e-05,0.000136242902954109,1.1596367812671815e-06,3.5526395549823064e-06,0.9998325109481812
ZCH0842,1,VSD,VSD,3.8973289520072285e-06,0.00010991527233272791,3.54548501491081e-05,5.029972271586303e-06,0.9998456239700317
ZCH0843,4,VSD,PFO,0.2827911078929901,0.01577007956802845,0.005959414876997471,0.6153948903083801,0.08008454740047455
ZCH0844,0,VSD,VSD,0.008303014561533928,0.0019896007142961025,0.0001502964150859043,0.007602540776133537,0.9819545745849609
ZCH0845,2,VSD,VSD,6.50631045573391e-05,0.0006598319159820676,4.09642125305254e-05,9.107261575991288e-06,0.9992250204086304
ZCH0846,2,VSD,ASD,0.9600411057472229,0.039742611348629,1.0684053449949715e-05,3.2806296076159924e-05,0.0001728022616589442
ZCH0847,2,VSD,ASD,0.6413000226020813,0.009407934732735157,1.5471430742763914e-05,0.22175297141075134,0.12752366065979004
ZCH0848,3,VSD,ASD,0.9313233494758606,0.00043677701614797115,0.0003731351753231138,0.06726906448602676,0.0005977548426017165
ZCH0849,2,VSD,VSD,0.0008486307924613357,0.0006977704470045865,3.393119868633221e-06,9.380013580084778e-06,0.9984408020973206
ZCH0850,0,VSD,VSD,0.004352369345724583,0.18304604291915894,0.019934331998229027,0.0003264132246840745,0.792340874671936
ZCH0851,4,VSD,VSD,7.582365014968673e-06,0.0002006174181587994,1.0074914825963788e-05,3.177186044922564e-06,0.9997785687446594
ZCH0852,3,VSD,NORMAL,2.0250241504982114e-05,0.9944494962692261,0.001358439214527607,1.3420879440673161e-05,0.004158386029303074
ZCH0853,1,VSD,VSD,0.00011505531438160688,0.0008199129370041192,2.1510876990760153e-07,0.00016909503028728068,0.9988956451416016
ZCH0854,4,VSD,VSD,2.6858284400077537e-05,0.0002150244399672374,1.8708336710915319e-06,1.7989375919569284e-05,0.9997382760047913
ZCH0855,0,VSD,VSD,0.005677212029695511,0.009916777722537518,0.04952200874686241,0.0006616454338654876,0.934222400188446
ZCH0856,2,VSD,VSD,0.00010333184764022008,0.0009148092940449715,0.00036130493390373886,4.3700241803890094e-05,0.9985768795013428
ZCH0857,3,VSD,VSD,4.091514347237535e-05,0.00024073070380836725,7.521783118136227e-06,7.155595994845498e-06,0.9997037053108215
ZCH0858,1,VSD,VSD,1.7485759826740832e-06,4.774704939336516e-05,8.131939466693439e-06,4.156051545578521e-06,0.9999382495880127
ZCH0859,3,VSD,VSD,0.00017646931519266218,0.00132971559651196,6.215092071215622e-06,3.0302580853458494e-05,0.9984573125839233
ZCH0860,0,VSD,PDA,0.0007480192580260336,0.0025438221637159586,0.6726161241531372,0.002861995482817292,0.3212299644947052
ZCH0861,4,VSD,VSD,8.583108865423128e-05,0.00014820497017353773,7.120091822798713e-07,1.4412104292205186e-06,0.9997637867927551
ZCH0862,0,VSD,NORMAL,0.005777690093964338,0.5244132280349731,0.006813660729676485,8.888968295650557e-05,0.46290647983551025
ZCH0863,0,VSD,NORMAL,0.00940997526049614,0.9024896621704102,0.00040099211037158966,0.0031994401942938566,0.08449997752904892
ZCH0864,2,VSD,VSD,1.3681875316251535e-05,0.00040583257214166224,0.0010498554911464453,5.418154387371032e-07,0.9985300302505493
ZCH0865,4,VSD,VSD,0.0001801607577363029,0.060301993042230606,0.0035147485323250294,0.00020678495639003813,0.9357962608337402
ZCH0866,3,VSD,VSD,5.477879676618613e-05,0.0001668058248469606,5.530383532459382e-06,1.6230225810431875e-05,0.9997566342353821
ZCH0867,1,VSD,VSD,0.014612889848649502,0.08181249350309372,0.004360905848443508,0.0010800475720316172,0.8981336951255798
ZCH0868,1,VSD,NORMAL,1.3391273569141049e-05,0.6742581129074097,0.0017004545079544187,0.0001417341991327703,0.32388627529144287
ZCH0869,4,VSD,VSD,3.2878899219213054e-05,0.00027964793844148517,2.195343768107705e-06,8.266163717962627e-07,0.9996844530105591
ZCH0870,0,VSD,PFO,0.10816477984189987,0.040623199194669724,1.2513208275777288e-05,0.8498221635818481,0.0013774038525298238
ZCH0871,0,VSD,VSD,0.0003884189936798066,0.0021081585437059402,3.7609377613989636e-05,4.3030759115936235e-05,0.9974228143692017
ZCH0872,2,VSD,VSD,0.00010420888429507613,0.0006288173608481884,3.491676034172997e-05,9.00340237421915e-05,0.999142050743103
ZCH0873,1,VSD,PFO,0.10057076066732407,0.32175910472869873,0.0009989668615162373,0.5713001489639282,0.005371056031435728
ZCH0874,1,VSD,NORMAL,0.06556021422147751,0.47634565830230713,1.1211707715119701e-05,0.12333259731531143,0.33475029468536377
ZCH0875,2,VSD,PFO,0.0004442778299562633,6.876546831335872e-05,7.701204935983696e-07,0.9994742274284363,1.202287330670515e-05
ZCH0876,2,VSD,PFO,0.014364118687808514,0.0005668695084750652,0.00020458189828787,0.9812344908714294,0.0036298821214586496
ZCH0877,1,VSD,VSD,0.00048727731336839497,0.24419642984867096,0.0006261025555431843,0.0048011913895606995,0.7498890161514282
ZCH0878,1,VSD,NORMAL,1.7995558664551936e-05,0.9999531507492065,1.393753450429358e-06,1.0833181477210019e-05,1.6561029042350128e-05
ZCH0879,1,VSD,VSD,1.631443592486903e-05,0.0008524484001100063,9.456363841309212e-06,3.290779568487778e-05,0.9990888833999634
ZCH0880,0,VSD,VSD,0.00015184833318926394,0.0005287551903165877,0.0006397911347448826,5.688363307854161e-05,0.9986227750778198
ZCH0881,0,VSD,VSD,6.704065526719205e-06,0.00022518385958392173,1.650780723139178e-05,1.3226600458438043e-05,0.9997383952140808
ZCH0882,4,VSD,VSD,2.5558274501236156e-05,0.00023884844267740846,1.8877535694628023e-06,5.213094937062124e-06,0.9997285008430481
ZCH0883,2,VSD,VSD,0.005171874072402716,0.0012673091841861606,2.4568471417296678e-05,0.00017127768660429865,0.9933650493621826
ZCH0884,3,VSD,VSD,7.697461114730686e-05,0.0001490280410507694,1.9416180293774232e-05,2.0115525330766104e-05,0.9997344613075256
ZCH0885,3,VSD,NORMAL,0.0011589189525693655,0.869458794593811,0.00032510608434677124,0.0001552966277813539,0.1289019137620926
ZCH0886,2,VSD,PFO,0.004508627112954855,0.0002629623340908438,1.2200728178868303e-06,0.993787944316864,0.0014392691664397717
ZCH0887,4,VSD,PFO,0.07582489401102066,0.011262095533311367,0.0002271674748044461,0.9112034440040588,0.0014823778765276074
ZCH0888,2,VSD,VSD,0.00011184493632754311,0.0006164263468235731,5.936494926572777e-05,2.5338396881124936e-05,0.9991870522499084
ZCH0889,4,VSD,VSD,1.7866057532955892e-05,0.00024025581660680473,8.682034149387619e-07,3.473085371297202e-06,0.999737560749054
ZCH0890,0,VSD,VSD,5.3359533922048286e-05,5.8616671594791114e-05,2.6638184863259085e-05,1.6688791220076382e-05,0.9998446702957153
ZCH0891,1,VSD,VSD,5.551715275942115e-06,0.00013148228754289448,0.00017461001698393375,9.17775741982041e-06,0.9996792078018188
ZCH0892,0,VSD,VSD,0.0025721020065248013,0.0011087494203820825,3.696440762723796e-05,0.00034609349677339196,0.9959360361099243
ZCH0893,0,VSD,VSD,0.00015155722212512046,0.0007375739514827728,0.00701714726164937,3.305583231849596e-05,0.992060661315918
ZCH0894,1,VSD,VSD,3.0157259971019812e-05,0.00015836393868084997,5.54161317722901e-07,5.937566311331466e-05,0.9997515082359314
ZCH0895,1,VSD,VSD,4.715495833806926e-06,0.00011291489499853924,2.304019744769903e-06,9.199665328196716e-06,0.9998708963394165
ZCH0896,0,VSD,NORMAL,0.003724199952557683,0.9558528661727905,0.0036798955406993628,0.00145341781899333,0.03528960421681404
ZCH0897,4,VSD,VSD,4.4771149987354875e-05,0.0002245322393719107,8.31055785965873e-06,5.6826238505891524e-06,0.9997166991233826
ZCH0898,4,VSD,PFO,0.0006365525769069791,0.0048153758980333805,0.00013956120528746396,0.9895201921463013,0.004888206720352173
ZCH0899,1,VSD,VSD,5.04283661939553e-06,0.000138454299303703,4.2584047150739934e-06,0.00103466073051095,0.998817503452301
ZCH0900,3,VSD,PFO,0.27687373757362366,0.012593104504048824,0.00030627797241322696,0.7060570120811462,0.004169875755906105
ZCH0901,3,VSD,VSD,0.0004327117349021137,0.006653643678873777,4.007287134299986e-05,1.734687975840643e-05,0.9928561449050903
ZCH0902,0,VSD,VSD,0.009409797377884388,0.010212058201432228,0.0003167589893564582,0.013364063575863838,0.9666973352432251
ZCH0903,4,VSD,VSD,0.00013616541400551796,0.00028196617495268583,3.090944574068999e-06,6.128446329967119e-06,0.9995726943016052
ZCH0904,3,VSD,VSD,4.56092857348267e-05,0.00021642375213559717,4.04544007324148e-05,2.139730531780515e-05,0.9996761083602905
ZCH0905,3,VSD,VSD,2.5678862584754825e-05,0.00030984560726210475,7.586850188090466e-06,6.863109319965588e-06,0.9996500015258789
ZCH0906,1,VSD,ASD,0.975487470626831,0.0011016124626621604,0.0015617900062352419,0.004161342978477478,0.01768786460161209
ZCH0907,4,VSD,VSD,4.140678356634453e-05,0.000343701132806018,0.00017040835518855602,5.163524747331394e-06,0.9994392991065979
ZCH0908,1,VSD,NORMAL,2.2112473743618466e-05,0.9998810291290283,7.720559369772673e-05,4.73309319204418e-06,1.483815231040353e-05
ZCH0909,3,VSD,VSD,0.3417607843875885,0.0037938770838081837,0.00029334865394048393,0.0032211781945079565,0.6509308218955994
ZCH0910,4,VSD,VSD,0.01725984737277031,0.011501067318022251,0.0002698877069633454,0.0001521993544884026,0.970816969871521
ZCH0911,2,VSD,VSD,5.973531733616255e-05,0.000351191294612363,0.00010006989032262936,2.405941268079914e-05,0.9994649291038513
ZCH0912,3,VSD,VSD,7.751994417048991e-05,0.0001432312128599733,0.0006265417905524373,1.1604676728893537e-05,0.9991410970687866
ZCH0913,0,VSD,VSD,0.005856124218553305,0.0029549559112638235,0.00028219292289577425,0.00890588853508234,0.9820008873939514
ZCH0914,0,VSD,VSD,0.0001403943169862032,0.0013627605512738228,6.874636164866388e-05,9.572817361913621e-05,0.9983324408531189
ZCH0915,1,VSD,NORMAL,0.3487243950366974,0.6421003341674805,0.0014433326432481408,0.00039405099232681096,0.0073378984816372395
ZCH0916,3,VSD,VSD,0.00015340324898716062,0.00017676402057986706,3.383405055501498e-05,2.814569052134175e-05,0.9996078610420227
ZCH0917,0,VSD,VSD,0.002111486392095685,0.005714887753129005,0.0029751078691333532,0.00011448085570009425,0.9890840649604797
ZCH0918,3,VSD,VSD,0.0006249271682463586,0.00012058210995746776,0.00025127828121185303,1.4107194147072732e-05,0.9989890456199646
ZCH0919,4,VSD,VSD,1.215167958434904e-05,0.00026141272974200547,2.8163849492557347e-06,6.297766503848834e-06,0.9997172951698303
ZCH0920,1,VSD,PDA,0.11527184396982193,0.05875300243496895,0.6325122117996216,0.19078965485095978,0.0026733053382486105
ZCH0921,0,VSD,VSD,0.025410454720258713,0.09599794447422028,0.00024243783263955265,4.205114601063542e-05,0.8783071637153625
ZCH0922,3,VSD,VSD,5.108689583721571e-05,6.972076516831294e-05,2.0012459572171792e-05,1.0513330380490515e-05,0.9998486042022705
ZCH0923,2,VSD,VSD,0.00015148459351621568,0.0004174988134764135,0.00019457908638287336,1.2205066013848409e-05,0.9992241859436035
ZCH0924,4,VSD,VSD,1.9240635083406232e-05,0.0016409015515819192,9.326162398792803e-05,3.6771996292372933e-06,0.998242974281311
ZCH0925,1,VSD,VSD,0.0010656444355845451,0.0016175061464309692,6.776505870220717e-06,0.0001307314378209412,0.997179388999939
ZCH0926,2,VSD,VSD,0.0001273639645660296,0.00028499256586655974,4.3877920688828453e-05,1.0604391718516126e-05,0.9995331764221191
ZCH0927,2,VSD,NORMAL,7.514269782404881e-06,0.9999669790267944,3.67282524393886e-07,1.3487738215189893e-05,1.1626170817180537e-05
ZCH0928,4,VSD,VSD,5.041732583777048e-05,0.0003972600679844618,5.6634442444192246e-05,4.8405941925011575e-05,0.9994472861289978
ZCH0929,2,VSD,VSD,0.0002674080606084317,0.003225587774068117,0.15353018045425415,6.690871668979526e-05,0.8429098725318909
ZCH0930,4,VSD,VSD,0.0005861579556949437,0.0008598254644311965,0.00015869959315750748,4.257629825588083e-06,0.9983910322189331
ZCH0931,1,VSD,VSD,1.6987281924230047e-05,0.00034477474400773644,0.003944803960621357,6.133770511951298e-05,0.9956321120262146
ZCH0932,3,VSD,VSD,5.185907502891496e-05,0.00021565704082604498,1.1016695680154953e-05,6.615576239710208e-06,0.9997147917747498
ZCH0933,3,VSD,NORMAL,0.006922590080648661,0.9852487444877625,0.007162483874708414,2.3270224119187333e-05,0.0006429023342207074
ZCH0934,4,VSD,VSD,0.0007681680144742131,0.0003734832862392068,5.300313432599069e-07,1.5357221627709805e-06,0.9988563060760498
ZCH0935,0,VSD,VSD,8.523997166776098e-06,0.00018968075164593756,1.2043934702887782e-06,4.365574284292961e-07,0.9998001456260681
ZCH0936,0,VSD,VSD,4.631137926480733e-06,9.669158316683024e-05,1.5940713637974113e-06,4.699511919170618e-06,0.9998923540115356
ZCH0937,2,VSD,VSD,0.00011585790343815461,0.0006545422947965562,3.600310446927324e-05,6.147014210000634e-05,0.9991320967674255
ZCH0938,1,VSD,NORMAL,4.2604438931448385e-05,0.9821771383285522,1.0249013030261267e-05,0.0002333561424165964,0.01753653958439827
ZCH0939,1,VSD,PDA,0.22136496007442474,0.0015574400313198566,0.7598704695701599,0.017205340787768364,1.8048631318379194e-06
ZCH0940,2,VSD,VSD,5.013245390728116e-05,0.0014420828083530068,0.0020377824548631907,4.866748713538982e-05,0.9964213371276855
ZCH0941,2,VSD,NORMAL,2.6720590540207922e-06,0.9998620748519897,4.867889060733432e-07,1.7194209931403748e-06,0.0001331786479568109
