recording_id,fold,true_label,pred_label,prob_ASD,prob_NORMAL,prob_PDA,prob_PFO,prob_VSD
ZCH0001,2,NORMAL,NORMAL,9.048377251019701e-06,0.9997953772544861,2.5292238206020556e-05,1.3978307833895087e-05,0.0001563232217449695
ZCH0002,1,NORMAL,NORMAL,0.00012912672536913306,0.9995055198669434,3.5754754208028316e-05,5.620030788122676e-05,0.00027335446793586016
ZCH0003,0,NORMAL,NORMAL,2.923233842011541e-05,0.9999430179595947,1.0440053301863372e-05,5.692617378372233e-06,1.1562866347958334e-05
ZCH0004,4,NORMAL,NORMAL,9.429302008356899e-05,0.9997460246086121,2.498668800399173e-05,3.217126504750922e-05,0.00010247746831737459
ZCH0005,2,NORMAL,NORMAL,6.773209315724671e-05,0.9998249411582947,4.016675120510627e-06,3.397585896891542e-05,6.939196464372799e-05
ZCH0006,3,NORMAL,NORMAL,1.498388246545801e-05,0.9999783039093018,1.2380371572362492e-07,3.935376753361197e-06,2.6478758172743255e-06
ZCH0007,1,NORMAL,NORMAL,5.464677815325558e-05,0.9996993541717529,6.260093505261466e-05,4.6045992348808795e-05,0.00013739192218054086
ZCH0008,0,NORMAL,NORMAL,1.7163114534923807e-05,0.9999558925628662,8.52438279252965e-06,2.869655645554303e-06,1.546788917039521e-05
ZCH0009,1,NORMAL,NORMAL,0.0009339325479231775,0.9982104301452637,0.00026518930098973215,0.0003439194697421044,0.0002465211437083781
ZCH0010,1,NORMAL,NORMAL,4.372452895040624e-05,0.9998629093170166,9.072717148228548e-06,2.7990530725219287e-05,5.6273995141964406e-05
ZCH0011,4,NORMAL,ASD,0.9801028370857239,0.019810251891613007,5.022333425586112e-05,2.8777189982065465e-06,3.3740805520210415e-05
ZCH0012,2,NORMAL,NORMAL,3.1661133107263595e-05,0.9998687505722046,2.5361546249769162e-06,1.2385689842631109e-05,8.46594775794074e-05
ZCH0013,4,NORMAL,NORMAL,1.6077114196377806e-05,0.9998633861541748,2.6487334707780974e-06,4.741251905215904e-05,7.03839905327186e-05
ZCH0014,2,NORMAL,NORMAL,9.703543582872953e-06,0.9997337460517883,3.292276915090042e-06,2.0189580027363263e-05,0.00023310680990107358
ZCH0015,1,NORMAL,NORMAL,0.00018463411834090948,0.9995406866073608,2.8756174287991598e-05,2.7287116608931683e-05,0.00021859495609533042
ZCH0016,1,NORMAL,NORMAL,3.139100954285823e-05,0.9998188614845276,1.5534358681179583e-05,1.2977522601431701e-05,0.00012129334209021181
ZCH0017,0,NORMAL,NORMAL,0.11120028048753738,0.8887419700622559,1.2394796613079961e-05,2.602808854135219e-05,1.9274611986475065e-05
ZCH0018,0,NORMAL,NORMAL,8.78686478245072e-05,0.9997929930686951,2.7818263333756477e-05,1.5414392692036927e-05,7.604384154547006e-05
ZCH0019,0,NORMAL,NORMAL,2.5044335416168906e-05,0.9999352693557739,1.1670435924315825e-05,7.96982476458652e-06,2.004361158469692e-05
ZCH0020,1,NORMAL,NORMAL,2.4054003006312996e-05,0.9998455047607422,2.1818072127643973e-05,1.0779182957776356e-05,9.7808959253598e-05
ZCH0021,3,NORMAL,NORMAL,9.820363629842177e-06,0.9999754428863525,1.5734865428385092e-06,4.7956259550119285e-06,8.501669981342275e-06
ZCH0022,4,NORMAL,NORMAL,0.00011044060374842957,0.9997785687446594,1.4917687622073572e-05,5.238037192611955e-05,4.3746411392930895e-05
ZCH0023,4,NORMAL,NORMAL,0.005702784284949303,0.9942400455474854,1.3109362043906003e-05,1.0234908586426172e-05,3.375106825842522e-05
ZCH0024,4,NORMAL,NORMAL,7.449744589393958e-05,0.9998939037322998,6.516303074022289e-06,2.653719548106892e-06,2.2443209672928788e-05
ZCH0025,1,NORMAL,NORMAL,0.0029427260160446167,0.9303896427154541,0.0001341793977189809,0.009799214079976082,0.05673420429229736
ZCH0026,0,NORMAL,NORMAL,2.6915149646811187e-05,0.9999182224273682,1.2116751349822152e-05,5.369141035771463e-06,3.735736754606478e-05
ZCH0027,1,NORMAL,NORMAL,0.0002200878516305238,0.9991394281387329,0.00017620365542825311,0.00022978550987318158,0.0002344664972042665
ZCH0028,1,NORMAL,NORMAL,0.00021476118126884103,0.9988875985145569,0.00012949563097208738,0.0004545783158391714,0.0003134979633614421
ZCH0029,0,NORMAL,NORMAL,2.9142391213099472e-05,0.99991774559021,1.3102298908052035e-05,9.54112965700915e-06,3.0556548153981566e-05
ZCH0030,0,NORMAL,NORMAL,1.661349779169541e-05,0.9999425411224365,8.641025488032028e-06,6.820754151704023e-06,2.545114330132492e-05
ZCH0031,4,NORMAL,NORMAL,7.300679135369137e-05,0.9998326301574707,9.567059350956697e-06,5.973384304525098e-06,7.875725714256987e-05
ZCH0032,4,NORMAL,NORMAL,9.80033291853033e-06,0.9999544620513916,4.936941309097165e-07,1.692620753601659e-05,1.838654679886531e-05
ZCH0033,4,NORMAL,NORMAL,2.5262130293413065e-05,0.9998859167098999,7.228685262816725e-06,6.576399755431339e-05,1.5680690921726637e-05
ZCH0034,4,NORMAL,NORMAL,0.0002282993373228237,0.9997077584266663,4.360405455372529e-06,3.857089723169338e-06,5.561102443607524e-05
ZCH0035,4,NORMAL,NORMAL,3.12473566737026e-05,0.9999479055404663,1.765508386597503e-06,4.381250619189814e-06,1.4626064512412995e-05
ZCH0036,4,NORMAL,NORMAL,0.0001437126484233886,0.9998356103897095,2.0780689737875946e-06,8.92617754288949e-06,9.626339306123555e-06
ZCH0037,4,NORMAL,NORMAL,1.2152159797551576e-05,0.9998884201049805,9.664866411185358e-06,1.3628423403133638e-05,7.613439811393619e-05
ZCH0038,0,NORMAL,VSD,0.004280297551304102,0.17996357381343842,5.1875340432161465e-05,1.216000509884907e-05,0.8156920671463013
ZCH0039,2,NORMAL,NORMAL,0.00010131761519005522,0.9998761415481567,4.208543487038696e-06,6.194056368258316e-06,1.2139385034970473e-05
ZCH0040,3,NORMAL,ASD,0.9322680830955505,0.016653118655085564,0.02843114547431469,0.02104087918996811,0.0016067596152424812
ZCH0041,0,NORMAL,NORMAL,4.74721600767225e-05,0.9989801049232483,0.0008559451089240611,5.4140632528287824e-06,0.00011099635594291613
ZCH0042,4,NORMAL,NORMAL,0.001795372343622148,0.9981594681739807,8.080638508545235e-06,2.3803355361451395e-05,1.3278401638672221e-05
ZCH0043,0,NORMAL,NORMAL,8.032427285797894e-05,0.9998759031295776,1.6908761608647183e-05,3.661075197669561e-06,2.3084707208909094e-05
ZCH0044,3,NORMAL,NORMAL,4.465821348276222e-06,0.9998809099197388,1.541273491056927e-07,9.630259592086077e-05,1.828284075600095e-05
ZCH0045,1,NORMAL,NORMAL,5.3101135563338175e-05,0.9996719360351562,3.587215906009078e-05,3.399415436433628e-05,0.0002050557523034513
ZCH0046,3,NORMAL,NORMAL,1.025512938213069e-05,0.9999765157699585,4.3275215944049705e-07,4.8862821131478995e-06,7.80861319071846e-06
ZCH0047,3,NORMAL,NORMAL,3.7747608985228e-06,0.9999833106994629,2.0127343702824874e-07,8.795987923804205e-06,3.860379365505651e-06
ZCH0048,1,NORMAL,NORMAL,0.00016504757513757795,0.9994750618934631,6.209444836713374e-05,3.520667087286711e-05,0.00026276789139956236
ZCH0049,0,NORMAL,NORMAL,7.720478606643155e-05,0.9998743534088135,8.743063517613336e-06,5.5613945733057335e-06,3.41001468768809e-05
ZCH0050,2,NORMAL,NORMAL,1.76221346919192e-05,0.9999513626098633,1.431621058145538e-06,9.80331333266804e-06,1.97491463040933e-05
ZCH0051,2,NORMAL,NORMAL,5.156400220585056e-06,0.9999419450759888,1.105123828892829e-06,3.352128942424315e-06,4.8550082283327356e-05
ZCH0052,2,NORMAL,NORMAL,9.361933734908234e-06,0.999977707862854,3.0389921903406503e-06,2.456712763887481e-06,7.378615919151343e-06
ZCH0053,1,NORMAL,NORMAL,0.0029391529969871044,0.9962276220321655,0.00034556956961750984,0.00022761960281059146,0.00025992546579800546
ZCH0054,0,NORMAL,NORMAL,0.0005066021694801748,0.9881547689437866,0.0007590717286802828,1.9397000869503245e-05,0.010560001246631145
ZCH0055,0,NORMAL,NORMAL,1.0978094906022307e-05,0.9999699592590332,6.386426775861764e-06,3.6827707390330033e-06,8.918074854591396e-06
ZCH0056,4,NORMAL,NORMAL,0.00020525544823613018,0.9997087121009827,4.769247425429057e-06,1.8759825479719439e-06,7.932759763207287e-05
ZCH0057,2,NORMAL,NORMAL,0.0003170899872202426,0.9994670748710632,1.228581140821916e-06,0.00019146174599882215,2.3202237571240403e-05
ZCH0058,0,NORMAL,NORMAL,2.4773855329840444e-05,0.9999349117279053,1.0211042535956949e-05,8.047650226217229e-06,2.1981326426612213e-05
ZCH0059,0,NORMAL,NORMAL,0.002915208460763097,0.9953131675720215,0.00019048029207624495,0.0015707634156569839,1.036539651977364e-05
ZCH0060,0,NORMAL,NORMAL,1.881315438367892e-05,0.9999634027481079,6.4113069129234646e-06,2.7841520022775512e-06,8.580446774431039e-06
ZCH0061,2,NORMAL,NORMAL,1.643119139771443e-05,0.9998852014541626,1.4012064639246091e-05,1.3563303582486697e-05,7.069653656799346e-05
ZCH0062,1,NORMAL,NORMAL,4.917234764434397e-05,0.9889806509017944,9.11179231479764e-05,0.008962747640907764,0.001916219131089747
ZCH0063,1,NORMAL,NORMAL,0.04813763499259949,0.9425228834152222,9.170368139166385e-05,0.003994294907897711,0.0052534788846969604
ZCH0064,3,NORMAL,PFO,0.0043610152788460255,0.001914468128234148,3.5736507015826646e-06,0.9933462142944336,0.00037483626510947943
ZCH0065,4,NORMAL,NORMAL,0.008226719684898853,0.9868618249893188,5.9666515880962834e-05,0.0019211187027394772,0.0029307459481060505
ZCH0066,1,NORMAL,NORMAL,0.000212155282497406,0.9993106126785278,5.4178875871002674e-05,0.0002470271720085293,0.00017600154387764633
ZCH0067,1,NORMAL,NORMAL,0.00020164008310530335,0.9996484518051147,3.722177279996686e-05,2.394451803411357e-05,8.874511695466936e-05
ZCH0068,2,NORMAL,NORMAL,0.023956844583153725,0.6348152160644531,0.0004424289218150079,0.3344769775867462,0.0063085309229791164
ZCH0069,4,NORMAL,NORMAL,2.3443637473974377e-05,0.9999285936355591,2.8023580398439663e-06,5.174548277864233e-06,3.987505624536425e-05
ZCH0070,1,NORMAL,NORMAL,2.9513277695514262e-05,0.9994179010391235,0.0002670230169314891,0.0001881386269815266,9.740714449435472e-05
ZCH0071,4,NORMAL,NORMAL,0.00036173130501993,0.999569833278656,2.5822104362305254e-05,9.764794413058553e-06,3.272729372838512e-05
ZCH0072,0,NORMAL,NORMAL,2.0327055608504452e-05,0.9999510049819946,6.1037544583086856e-06,5.317629529599799e-06,1.7127531464211643e-05
ZCH0073,3,NORMAL,NORMAL,1.3291652066982351e-05,0.999970555305481,2.944177879271592e-07,4.639266990125179e-06,1.1176980478921905e-05
ZCH0074,3,NORMAL,NORMAL,1.2490870176407043e-05,0.9999747276306152,1.0232461136183701e-06,5.404764124250505e-06,6.2891290326660965e-06
ZCH0075,2,NORMAL,NORMAL,4.943512976751663e-05,0.9995538592338562,1.1922265912289731e-05,6.570079131051898e-05,0.00031911133555695415
ZCH0076,4,NORMAL,NORMAL,0.05961201712489128,0.9397104382514954,0.0005085833836346865,1.0050137461803388e-05,0.00015887879999354482
ZCH0077,4,NORMAL,NORMAL,7.196234219009057e-05,0.9999028444290161,3.257377557019936e-06,4.571703811961925e-06,1.7360978745273314e-05
ZCH0078,4,NORMAL,NORMAL,5.073788997833617e-05,0.9998800754547119,7.456589628418442e-06,2.198729089286644e-05,3.974138599005528e-05
ZCH0079,4,NORMAL,NORMAL,6.883541936986148e-05,0.9998631477355957,1.5218670341710094e-05,7.134977295208955e-06,4.552165046334267e-05
ZCH0080,3,NORMAL,NORMAL,3.836810719803907e-06,0.9999741315841675,3.326168140915797e-08,9.91362139757257e-06,1.2106836038583424e-05
ZCH0081,1,NORMAL,NORMAL,0.0001064686439349316,0.9996465444564819,3.978970562457107e-05,2.3000966393738054e-05,0.00018424083827994764
ZCH0082,1,NORMAL,NORMAL,5.324864469002932e-05,0.9993628859519958,7.614196874783374e-06,0.00038834792212583125,0.00018789588648360223
ZCH0083,1,NORMAL,NORMAL,8.511979103786871e-05,0.999535083770752,4.563783295452595e-05,2.9324513889150694e-05,0.0003049521765206009
ZCH0084,0,NORMAL,NORMAL,8.387021080125123e-05,0.9998074173927307,5.949995102128014e-05,1.3159293303033337e-05,3.607853432185948e-05
ZCH0085,0,NORMAL,NORMAL,3.659752837847918e-05,0.9999165534973145,1.161429190688068e-05,8.721804078959394e-06,2.6605745006236248e-05
ZCH0086,4,NORMAL,NORMAL,0.0035709443036466837,0.9952360987663269,7.111260492820293e-05,0.00010031631245510653,0.0010214479407295585
ZCH0087,0,NORMAL,NORMAL,5.797876656288281e-05,0.9998515844345093,2.173430402763188e-05,1.4341243513626978e-05,5.442660039989278e-05
ZCH0088,2,NORMAL,NORMAL,0.00012080515443813056,0.9995359182357788,8.459162017970812e-06,0.00012484323815442622,0.0002099163830280304
ZCH0089,3,NORMAL,NORMAL,1.1223938599869143e-05,0.9999716281890869,1.3237631719675846e-06,5.295128175930586e-06,1.0659720828698482e-05
ZCH0090,3,NORMAL,NORMAL,9.721778042148799e-06,0.999976634979248,4.688266415087128e-07,4.298259682400385e-06,8.78363243828062e-06
ZCH0091,4,NORMAL,NORMAL,0.0002496390661690384,0.9996469020843506,5.679126115865074e-05,1.010548476187978e-05,3.64645202353131e-05
ZCH0092,1,NORMAL,NORMAL,0.00946860946714878,0.9855067729949951,0.00010040205233963206,0.004592138342559338,0.00033203072962351143
ZCH0093,0,NORMAL,NORMAL,2.124318780261092e-05,0.9999384880065918,9.591707566869445e-06,4.455604994291207e-06,2.634626071085222e-05
ZCH0094,0,NORMAL,NORMAL,2.4294289687532e-05,0.9998281002044678,9.128810052061453e-05,1.5153850654314738e-05,4.1151717596221715e-05
ZCH0095,4,NORMAL,NORMAL,0.00035999767715111375,0.9995484948158264,1.4630056284659076e-05,4.845518560614437e-05,2.8394961191224866e-05
ZCH0096,3,NORMAL,NORMAL,6.680513706669444e-06,0.9999774694442749,1.325141283814446e-06,4.077991434314754e-06,1.0484545782674104e-05
ZCH0097,3,NORMAL,NORMAL,1.5084955521160737e-05,0.9999654293060303,2.9936197165625344e-07,5.60933176529943e-06,1.343421172350645e-05
ZCH0098,2,NORMAL,NORMAL,0.000680270604789257,0.9985736608505249,1.6044763242462068e-06,1.723611421766691e-05,0.0007272360962815583
ZCH0099,1,NORMAL,NORMAL,0.00024014172959141433,0.9992160797119141,0.00010083753295475617,0.00025009445380419493,0.00019274982332717627
ZCH0100,1,NORMAL,NORMAL,0.0001879762130556628,0.9996147155761719,2.7639161999104545e-05,4.1928287828341126e-05,0.0001277575793210417
ZCH0101,4,NORMAL,NORMAL,7.00983582646586e-05,0.9999042749404907,1.8542931456977385e-06,6.306481282081222e-06,1.7450707673560828e-05
ZCH0102,4,NORMAL,NORMAL,3.611678766901605e-05,0.9998601675033569,5.975759904686129e-06,6.81664869262022e-06,9.089627565117553e-05
ZCH0103,2,NORMAL,NORMAL,0.03982319310307503,0.6553598642349243,8.223420081776567e-06,0.2983752489089966,0.006433517672121525
ZCH0104,3,NORMAL,NORMAL,5.363578111428069e-06,0.999985933303833,7.091346105880802e-07,3.4765364489430794e-06,4.483625616558129e-06
ZCH0105,0,NORMAL,NORMAL,4.8320216592401266e-05,0.9999063014984131,1.976836210815236e-05,4.886544502369361e-06,2.0684256014646962e-05
ZCH0106,1,NORMAL,PFO,0.0001457336766179651,0.004610498435795307,0.0003808891342487186,0.9947248101234436,0.00013797011342830956
ZCH0107,1,NORMAL,NORMAL,6.335660145850852e-05,0.9997075200080872,7.038016519800294e-06,6.0596819821512327e-05,0.00016153327305801213
ZCH0108,3,NORMAL,PFO,7.463282236130908e-05,0.41857412457466125,6.605511771340389e-06,0.5812975764274597,4.700008503277786e-05
ZCH0109,4,NORMAL,NORMAL,0.00029807622195221484,0.9930196404457092,6.509496415674221e-06,0.006645780522376299,2.9913459002273157e-05
ZCH0110,2,NORMAL,NORMAL,1.1772261132136919e-05,0.9999459981918335,3.3270680432906374e-06,2.4241733171948e-06,3.6494915548246354e-05
ZCH0111,4,NORMAL,NORMAL,0.07618741691112518,0.9191108345985413,0.004277346655726433,8.356129910680465e-06,0.00041603014688007534
ZCH0112,2,NORMAL,NORMAL,0.0014300746843218803,0.9969959259033203,1.3350587323657237e-05,0.001444544643163681,0.00011624467879300937
ZCH0113,0,NORMAL,NORMAL,0.00023438465723302215,0.9997504353523254,3.9765022847859655e-06,1.9369135770830326e-06,9.315066563431174e-06
ZCH0114,2,NORMAL,NORMAL,0.0021440372802317142,0.991584300994873,0.003116400446742773,0.00016603439871687442,0.002989179454743862
ZCH0115,2,NORMAL,NORMAL,0.00020498035883065313,0.9996904134750366,7.222224098768493e-07,8.313561556860805e-05,2.07572229555808e-05
ZCH0116,2,NORMAL,NORMAL,0.000971981615293771,0.9982798099517822,3.1963079436536646e-06,0.0004967168206349015,0.00024820855469442904
ZCH0117,3,NORMAL,NORMAL,1.0684362678148318e-05,0.9998935461044312,2.320671654842954e-07,7.682081923121586e-05,1.8669166820473038e-05
ZCH0118,4,NORMAL,NORMAL,3.671126250992529e-05,0.9999409914016724,5.72273347643204e-06,9.105186109081842e-06,7.532773452112451e-06
ZCH0119,1,NORMAL,NORMAL,0.024393092840909958,0.9715486168861389,0.00028208777075633407,0.0021683068480342627,0.001607892569154501
ZCH0120,1,NORMAL,NORMAL,9.575363947078586e-05,0.9996432065963745,2.7654425139189698e-05,3.88538719562348e-05,0.0001944747637026012
ZCH0121,3,NORMAL,NORMAL,7.290240773727419e-06,0.9999845027923584,5.861027148057474e-07,2.924873797383043e-06,4.6894365368643776e-06
ZCH0122,4,NORMAL,NORMAL,0.004392498172819614,0.9954330921173096,0.00012532659457065165,1.5593220723530976e-06,4.763634206028655e-05
ZCH0123,3,NORMAL,NORMAL,4.618495495378738e-06,0.9999779462814331,1.9825699837383581e-07,2.2513645490107592e-06,1.490531849412946e-05
ZCH0124,1,NORMAL,NORMAL,0.00013537879567593336,0.9994420409202576,0.00011991187784587964,7.248199108289555e-05,0.00023029919248074293
ZCH0125,1,NORMAL,NORMAL,0.00035807088715955615,0.9989249110221863,0.00019177424837835133,0.00031129043782129884,0.00021399493562057614
ZCH0126,2,NORMAL,NORMAL,4.25813123001717e-05,0.999822199344635,5.584046903095441e-06,2.6356414309702814e-05,0.00010337273124605417
ZCH0127,3,NORMAL,NORMAL,5.67010556551395e-06,0.9999890327453613,3.471923548659106e-07,1.3492197012965335e-06,3.5796122119791107e-06
ZCH0128,0,NORMAL,NORMAL,3.216625555069186e-05,0.9999403953552246,1.0913052392425016e-05,3.7060560771351447e-06,1.2720794074994046e-05
ZCH0129,4,NORMAL,NORMAL,2.050946932286024e-05,0.9999232292175293,1.5352916307165287e-05,3.5366877000342356e-06,3.727584407897666e-05
ZCH0130,1,NORMAL,NORMAL,0.0002787511330097914,0.9992620348930359,9.29600719246082e-05,8.829512080410495e-05,0.00027802764088846743
ZCH0131,2,NORMAL,NORMAL,4.1224280721507967e-05,0.9998666048049927,1.1979069313383661e-05,2.3364580556517467e-05,5.6744345783954486e-05
ZCH0132,3,NORMAL,NORMAL,3.832371658063494e-05,0.9769362807273865,1.208708363265032e-05,1.3096278053126298e-05,0.02300029620528221
ZCH0133,2,NORMAL,NORMAL,0.00025304927839897573,0.9996137022972107,4.6322293201228604e-05,1.582434560987167e-05,7.097425987012684e-05
ZCH0134,2,NORMAL,NORMAL,0.00026711184182204306,0.999650239944458,1.1436645763751585e-05,1.318189242738299e-05,5.801083898404613e-05
ZCH0135,4,NORMAL,NORMAL,4.730822911369614e-05,0.9998881816864014,1.2397485988913104e-05,4.894973244518042e-06,4.716848343377933e-05
ZCH0136,0,NORMAL,NORMAL,0.00021132691472303122,0.9996421337127686,8.827246347209439e-05,1.0497976290935185e-05,4.776173227583058e-05
ZCH0137,0,NORMAL,NORMAL,2.723193210840691e-05,0.9999384880065918,8.270413673017174e-06,8.708031600690447e-06,1.7413647583452985e-05
ZCH0138,1,NORMAL,NORMAL,0.0002530594647396356,0.9986990690231323,0.00013187377771828324,0.0007082024239934981,0.00020768394460901618
ZCH0139,2,NORMAL,NORMAL,3.135533188469708e-05,0.9999213218688965,2.3321435946854763e-06,2.0661782400566153e-06,4.2878178646788e-05
ZCH0140,2,NORMAL,ASD,0.6411070823669434,0.35784775018692017,9.91228262137156e-06,0.0008239202434197068,0.00021134177222847939
ZCH0141,2,NORMAL,NORMAL,0.0002136121765943244,0.999285876750946,2.9891381814195483e-07,3.700246452353895e-05,0.00046319118700921535
ZCH0142,1,NORMAL,NORMAL,2.422624129394535e-05,0.9998021721839905,3.800463309744373e-05,9.630524800741114e-06,0.00012597251043189317
ZCH0143,3,NORMAL,NORMAL,8.790748324827291e-06,0.9999738931655884,4.967504310116055e-07,4.442651516001206e-06,1.237566630152287e-05
ZCH0144,1,NORMAL,NORMAL,8.143628656398505e-05,0.9997022747993469,4.114241892239079e-05,3.2949174055829644e-05,0.00014234427362680435
ZCH0145,3,NORMAL,NORMAL,7.728736818535253e-06,0.9999560117721558,8.052637099353888e-07,6.343489530991064e-06,2.9085809728712775e-05
ZCH0146,3,NORMAL,NORMAL,6.461554676207015e-06,0.9999796152114868,4.5478822130462504e-07,4.557484771794407e-06,8.892538062355015e-06
ZCH0147,0,NORMAL,NORMAL,1.803343911888078e-05,0.999957799911499,8.289057404908817e-06,4.113917839276837e-06,1.168813105323352e-05
ZCH0148,3,NORMAL,NORMAL,1.4197005839378107e-05,0.9999628067016602,7.890427582424309e-07,7.8957900768728e-06,1.4331557395053096e-05
ZCH0149,3,NORMAL,NORMAL,5.795173365186201e-06,0.9999827146530151,2.6023587906820467e-07,3.3509484183014138e-06,7.828160050848965e-06
ZCH0150,1,NORMAL,NORMAL,0.00012102613982278854,0.9995332956314087,3.898529030266218e-05,4.6439312427537516e-05,0.0002602101012598723
ZCH0151,4,NORMAL,NORMAL,0.0008939900435507298,0.999030590057373,1.536484523967374e-05,4.5694214350078255e-05,1.43297129397979e-05
ZCH0152,1,NORMAL,NORMAL,1.32854702314944e-05,0.9998781681060791,1.2332523056102218e-06,4.7090430598473176e-05,6.0285095969447866e-05
ZCH0153,4,NORMAL,NORMAL,0.00026097087538801134,0.9983855485916138,6.961562758078799e-05,0.0009923040634021163,0.000291516917059198
ZCH0154,2,NORMAL,NORMAL,0.0002318193146493286,0.9995427131652832,5.2899904403602704e-06,1.9158245777362026e-05,0.00020096950174774975
ZCH0155,2,NORMAL,NORMAL,1.1181550689798314e-05,0.9999274015426636,2.628878064570017e-06,5.244407930149464e-06,5.34646533196792e-05
ZCH0156,0,NORMAL,NORMAL,1.9632454495877028e-05,0.9999523162841797,8.693142262927722e-06,4.550046924123308e-06,1.4742994608241133e-05
ZCH0157,3,NORMAL,NORMAL,6.709304670948768e-06,0.9999797344207764,7.032708708720747e-07,4.944211923429975e-06,8.003496077435557e-06
ZCH0158,1,NORMAL,NORMAL,0.0029028207063674927,0.7517591714859009,0.00027306689298711717,0.24054017663002014,0.004524679854512215
ZCH0159,0,NORMAL,NORMAL,4.7494886530330405e-05,0.9999169111251831,9.463271453569178e-06,6.5052636273321696e-06,1.9684459402924404e-05
ZCH0160,0,NORMAL,NORMAL,2.54778096859809e-05,0.9999064207077026,2.799805224640295e-05,6.652029696851969e-06,3.3380994864273816e-05
ZCH0161,0,NORMAL,NORMAL,2.4521101295249537e-05,0.9999463558197021,5.766125468653627e-06,6.022417892381782e-06,1.730289113766048e-05
ZCH0162,3,NORMAL,NORMAL,1.465276818635175e-05,0.999975323677063,1.491455464019964e-06,2.3338802748185117e-06,6.089396720199147e-06
ZCH0163,1,NORMAL,NORMAL,3.080176975345239e-05,0.9998618364334106,1.680539753579069e-05,4.783354597748257e-05,4.27524428232573e-05
ZCH0164,0,NORMAL,NORMAL,5.385828626458533e-05,0.9996287822723389,0.0002721003838814795,6.3094239521888085e-06,3.895088593708351e-05
ZCH0165,4,NORMAL,NORMAL,3.713619298650883e-05,0.9999147653579712,1.1396205081837252e-05,9.540983228362165e-06,2.710632179514505e-05
ZCH0166,1,NORMAL,NORMAL,0.00022767632617615163,0.9940469264984131,0.004279072396457195,0.0010425244690850377,0.00040390112553723156
ZCH0167,2,NORMAL,NORMAL,9.657425107434392e-05,0.9998577833175659,1.819857061491348e-05,7.599928721901961e-06,1.9803328541456722e-05
ZCH0168,0,NORMAL,NORMAL,1.672715734457597e-05,0.9999542236328125,9.494685400568414e-06,6.721948466292815e-06,1.2871816579718143e-05
ZCH0169,0,NORMAL,NORMAL,7.029536209302023e-05,0.9998410940170288,4.890964919468388e-05,2.8757779091392877e-06,3.6805537092732266e-05
ZCH0170,4,NORMAL,NORMAL,1.3384508747549262e-05,0.9999476671218872,4.4451962821767665e-06,3.398153467060183e-06,3.109553290414624e-05
ZCH0171,3,NORMAL,NORMAL,9.721778042148799e-06,0.999976634979248,4.688266415087128e-07,4.298259682400385e-06,8.78363243828062e-06
ZCH0172,1,NORMAL,NORMAL,0.0001114571132347919,0.9995002746582031,0.00011525282025104389,6.502060568891466e-05,0.00020798121113330126
ZCH0173,0,NORMAL,NORMAL,3.215640754206106e-05,0.9999269247055054,1.7494443454779685e-05,6.0800434766861144e-06,1.7291187759838067e-05
ZCH0174,4,NORMAL,NORMAL,1.5242972040141467e-05,0.9985823631286621,3.0089720894466154e-05,0.0004047488037031144,0.0009675559704191983
ZCH0175,4,NORMAL,PFO,0.00013137115456629544,0.07074257731437683,0.00029400791390798986,0.9287791848182678,5.2886731282342225e-05
ZCH0176,1,NORMAL,NORMAL,9.013558883452788e-05,0.9991536140441895,0.00046297666267491877,6.974277494009584e-05,0.0002234837884316221
ZCH0177,0,NORMAL,NORMAL,5.016952127334662e-05,0.9998986721038818,1.1477834959805477e-05,1.0853345884243026e-05,2.8892038244521245e-05
ZCH0178,1,NORMAL,NORMAL,5.059779141447507e-05,0.9995346069335938,0.00019721298303920776,4.0885952330427244e-05,0.0001767498761182651
ZCH0179,1,NORMAL,NORMAL,4.718983109341934e-05,0.9997789263725281,3.913719410775229e-05,3.953762643504888e-05,9.524601045995951e-05
ZCH0180,3,NORMAL,NORMAL,1.3600696547655389e-05,0.9999727010726929,6.35083722499985e-07,3.839213604805991e-06,9.266779670724645e-06
ZCH0181,2,NORMAL,NORMAL,2.8853030016762204e-05,0.9998475313186646,1.0099737664859276e-05,1.9588191207731143e-05,9.395554661750793e-05
ZCH0182,4,NORMAL,NORMAL,0.00017804412345867604,0.9997891783714294,1.875264160844381e-06,5.406173841038253e-06,2.5524555894662626e-05
ZCH0183,3,NORMAL,NORMAL,0.00033434483339078724,0.9958032965660095,7.6144688136992045e-06,0.003848087275400758,6.627551101701101e-06
ZCH0184,1,NORMAL,NORMAL,0.0007931333384476602,0.9989668130874634,5.7626559282653034e-05,6.585026858374476e-05,0.0001165866051451303
ZCH0185,4,NORMAL,NORMAL,0.01671987771987915,0.9804450273513794,0.0007120334776118398,0.00011339709453750402,0.002009727992117405
ZCH0186,4,NORMAL,NORMAL,4.801348768523894e-05,0.9998906850814819,5.5265845730900764e-06,1.1976033420069143e-05,4.38345959992148e-05
ZCH0187,1,NORMAL,NORMAL,1.0184738130192272e-05,0.9997321963310242,3.5941477108281106e-05,0.00020302589109633118,1.8555247152107768e-05
ZCH0188,2,NORMAL,NORMAL,0.00012544194760266691,0.9992390871047974,0.00029333968996070325,8.640725718578324e-05,0.0002557349216658622
ZCH0189,1,NORMAL,NORMAL,0.00011509214527904987,0.9996205568313599,6.233889143913984e-05,4.849871766055003e-05,0.00015344662824645638
ZCH0190,1,NORMAL,NORMAL,5.436831997940317e-05,0.9997958540916443,1.2761431207763962e-05,4.1209495975635946e-05,9.581795166013762e-05
ZCH0191,0,NORMAL,NORMAL,1.3349468645174056e-05,0.9999383687973022,1.0868038771150168e-05,9.19455851544626e-06,2.8213054974912666e-05
ZCH0192,4,NORMAL,NORMAL,0.00020458261133171618,0.9997497200965881,4.24775862484239e-06,2.632103587529855e-06,3.8758531445637345e-05
ZCH0193,3,NORMAL,NORMAL,0.00012811823398806155,0.9997891783714294,7.565661235275911e-07,1.9132292436552234e-05,6.282150570768863e-05
ZCH0194,3,NORMAL,NORMAL,8.769983651291113e-06,0.9999417066574097,2.6967296662405715e-07,7.188779818534385e-06,4.204247670713812e-05
ZCH0195,2,NORMAL,NORMAL,1.2370467629807536e-05,0.999934196472168,5.383496045396896e-06,7.196587375801755e-06,4.086393164470792e-05
ZCH0196,4,NORMAL,NORMAL,0.00031471828697249293,0.999643087387085,1.2934139704157133e-05,2.5663910037110327e-06,2.66284969256958e-05
ZCH0197,3,NORMAL,PFO,0.0003938067820854485,0.09039376676082611,4.296837869333103e-05,0.9091498255729675,1.9664064893731847e-05
ZCH0198,3,NORMAL,NORMAL,0.00013034958101343364,0.9995793700218201,1.5174450709309895e-06,0.0002630621020216495,2.55994909821311e-05
ZCH0199,0,NORMAL,NORMAL,1.6700400010449812e-05,0.9999583959579468,8.65633955982048e-06,4.328382601670455e-06,1.1979072041867767e-05
ZCH0200,1,NORMAL,NORMAL,0.0001209598922287114,0.9992901086807251,0.00019819106091745198,0.00014460871170740575,0.00024612664128653705
ZCH0201,0,NORMAL,NORMAL,0.0004203712160233408,0.9995330572128296,5.0620715228433255e-06,2.1812169507029466e-05,1.979366788873449e-05
ZCH0202,4,NORMAL,NORMAL,4.88777004648e-05,0.9998742341995239,5.44178919881233e-06,5.114467967359815e-06,6.628305709455162e-05
ZCH0203,3,NORMAL,NORMAL,3.6202238788973773e-06,0.99998939037323,5.614017482002964e-07,2.0532165763142984e-06,4.364005235402146e-06
ZCH0204,0,NORMAL,NORMAL,5.247738954494707e-05,0.9998990297317505,1.175001852971036e-05,8.069009709288366e-06,2.862745532183908e-05
ZCH0205,1,NORMAL,NORMAL,0.000702369085047394,0.9971517324447632,0.0015408607432618737,0.0004367328656371683,0.00016823092300910503
ZCH0206,2,NORMAL,NORMAL,1.3955730537418276e-05,0.9998965263366699,4.5601899500979926e-07,5.62847117180354e-06,8.344350499100983e-05
ZCH0207,0,NORMAL,NORMAL,4.5681779738515615e-05,0.999921441078186,9.189590855385177e-06,6.906526778038824e-06,1.678626358625479e-05
ZCH0208,4,NORMAL,NORMAL,3.2031035516411066e-05,0.9999133348464966,4.143374553677859e-06,1.2034982319164556e-05,3.843225567834452e-05
ZCH0209,3,NORMAL,NORMAL,7.085689139785245e-05,0.9998935461044312,3.1608726658305386e-07,7.904728590801824e-06,2.7365849746274762e-05
ZCH0210,2,NORMAL,NORMAL,5.925108780502342e-05,0.9996539354324341,3.0832552511128597e-06,4.2387106077512726e-05,0.00024135014973580837
ZCH0211,4,NORMAL,NORMAL,0.00017515188665129244,0.9997096657752991,1.9845236238325015e-05,1.004442401608685e-05,8.523962605977431e-05
ZCH0212,1,NORMAL,NORMAL,0.0006268912111409009,0.9989474415779114,6.22580701019615e-05,8.410752343479544e-05,0.00027937645791098475
ZCH0213,3,NORMAL,NORMAL,0.0003672804741654545,0.9995999932289124,3.728394517565903e-07,1.712124139885418e-05,1.524915023765061e-05
ZCH0214,0,NORMAL,NORMAL,3.684048351715319e-05,0.999916672706604,1.0868341632885858e-05,1.1010410162271e-05,2.465487523295451e-05
ZCH0215,0,NORMAL,NORMAL,2.995855174958706e-05,0.9999364614486694,9.946761565515772e-06,6.4547166402917355e-06,1.7312424461124465e-05
ZCH0216,4,NORMAL,NORMAL,0.00015982682816684246,0.9997989535331726,2.3678903744439594e-06,1.0444336112414021e-05,2.836891326296609e-05
ZCH0217,4,NORMAL,NORMAL,9.387839781993534e-06,0.99996018409729,5.601006250799401e-06,5.326870450517163e-06,1.9385683117434382e-05
ZCH0218,2,NORMAL,NORMAL,1.3816886166750919e-05,0.9999494552612305,3.5547936931834556e-06,9.479359505348839e-06,2.354870412091259e-05
ZCH0219,2,NORMAL,NORMAL,2.0130422853981145e-05,0.9999226331710815,3.4504184895922663e-06,1.5941324818413705e-05,3.78066542907618e-05
ZCH0220,3,NORMAL,NORMAL,9.702060197014362e-06,0.9999785423278809,1.0521752074055257e-06,3.5631753689813195e-06,7.0956880335870665e-06
ZCH0221,4,NORMAL,NORMAL,4.2620136810000986e-05,0.9998817443847656,6.367673904605908e-06,2.6529318347456865e-05,4.269466444384307e-05
ZCH0222,0,NORMAL,NORMAL,4.2418982047820464e-05,0.9999135732650757,1.4425643712456804e-05,6.653910077147884e-06,2.2913567590876482e-05
ZCH0223,0,NORMAL,NORMAL,2.484195283614099e-05,0.9999419450759888,1.0688325346563943e-05,3.8599073377554305e-06,1.8709373762249015e-05
ZCH0224,3,NORMAL,NORMAL,1.5511830497416668e-05,0.9999620914459229,3.686440095407306e-07,6.430091161746532e-06,1.561441968078725e-05
ZCH0225,0,NORMAL,NORMAL,1.7427353668608703e-05,0.9999402761459351,1.4057233784114942e-05,6.596754701604368e-06,2.1653946532751434e-05
ZCH0226,0,NORMAL,NORMAL,0.0005819145007990301,0.999357283115387,8.479390999127645e-06,7.4602639870136045e-06,4.4847380195278674e-05
ZCH0227,0,NORMAL,NORMAL,7.721611837041564e-06,0.9999768733978271,5.892465651413659e-06,2.362879740758217e-06,7.208550414361525e-06
ZCH0228,0,NORMAL,NORMAL,2.6927220460493118e-05,0.9999450445175171,1.1228137736907229e-05,4.29058809459093e-06,1.2562762094603386e-05
ZCH0229,2,NORMAL,NORMAL,0.04967641085386276,0.9485312104225159,5.63440949008509e-07,0.0013468482065945864,0.0004449174739420414
ZCH0230,0,NORMAL,NORMAL,1.0387982001702767e-05,0.9999629259109497,1.0711252798500936e-05,4.1938869799196254e-06,1.179941409645835e-05
ZCH0231,0,NORMAL,NORMAL,1.5519981388933957e-05,0.9999638795852661,5.37289452040568e-06,3.6994938454881776e-06,1.1580730642890558e-05
ZCH0232,2,NORMAL,NORMAL,8.51901713758707e-05,0.9991668462753296,6.641710115218302e-06,4.939945210935548e-05,0.0006919606239534914
ZCH0233,3,NORMAL,NORMAL,0.00014149936032481492,0.9997406601905823,6.214916652425018e-07,6.016136831021868e-05,5.709353354177438e-05
ZCH0234,1,NORMAL,ASD,0.5653767585754395,0.4318948984146118,0.00011816940241260454,0.0008076996309682727,0.0018025034805759788
ZCH0235,4,NORMAL,NORMAL,0.00017739275062922388,0.9997900128364563,1.6664172335367766e-06,1.219150817632908e-05,1.8777560399030335e-05
ZCH0236,2,NORMAL,NORMAL,2.0836509065702558e-05,0.9999151229858398,2.9590582926175557e-06,1.6739972124923952e-05,4.436804010765627e-05
ZCH0237,2,NORMAL,NORMAL,0.00018885641475208104,0.9996600151062012,1.0961623502225848e-06,2.8643904443015344e-05,0.00012148937821621075
ZCH0238,2,NORMAL,NORMAL,3.2856445614015684e-05,0.9999185800552368,5.1570618779805955e-06,1.7900676539284177e-05,2.5457282390561886e-05
ZCH0239,2,NORMAL,NORMAL,0.004344544839113951,0.9953487515449524,9.606535968487151e-06,0.00017754468717612326,0.00011955443187616765
ZCH0240,4,NORMAL,NORMAL,5.910697655053809e-05,0.9998823404312134,3.654965894384077e-06,2.9220422220532782e-05,2.558108462835662e-05
ZCH0241,0,NORMAL,NORMAL,0.4011225700378418,0.5987313985824585,9.811732525122352e-06,1.1931262633879669e-05,0.0001243470178451389
ZCH0242,3,NORMAL,NORMAL,6.248385034268722e-06,0.999984860420227,8.231275501202617e-07,2.606416273920331e-06,5.506192792381626e-06
ZCH0243,3,NORMAL,NORMAL,3.982736870966619e-06,0.9999876022338867,5.467285291160806e-07,2.7124883672513533e-06,5.181357209949056e-06
ZCH0244,2,NORMAL,NORMAL,0.0007845309446565807,0.9987552165985107,1.99620371859055e-05,2.4333134206244722e-05,0.00041600235272198915
ZCH0245,2,NORMAL,NORMAL,1.9115963368676603e-05,0.9997441172599792,1.7424640645913314e-06,2.184846562158782e-05,0.00021318759536370635
ZCH0246,4,NORMAL,NORMAL,4.231437560520135e-05,0.9999231100082397,3.9217657104018144e-06,1.3353619578992948e-05,1.724856520013418e-05
ZCH0247,0,NORMAL,NORMAL,3.040215960936621e-05,0.9999277591705322,1.1408815225877333e-05,6.967101853661006e-06,2.3521753973909654e-05
ZCH0248,4,NORMAL,NORMAL,0.00010072107397718355,0.9996891021728516,0.00012168366811238229,9.504143235972151e-06,7.89912955951877e-05
ZCH0249,3,NORMAL,NORMAL,8.867769793141633e-06,0.9999750852584839,5.062877903583285e-07,4.157865078013856e-06,1.1454424566181842e-05
ZCH0250,4,NORMAL,NORMAL,5.1056777010671794e-05,0.9998769760131836,3.380488578841323e-06,4.747485490952386e-06,6.389991176547483e-05
ZCH0251,3,NORMAL,NORMAL,1.225854066433385e-05,0.9999736547470093,3.561360699677607e-06,1.9824187802441884e-06,8.508825885655824e-06
ZCH0252,1,NORMAL,NORMAL,0.00027808555751107633,0.998641312122345,7.998109504114836e-05,0.0007504093809984624,0.00025020696921274066
ZCH0253,4,NORMAL,NORMAL,1.6906202290556394e-05,0.9999257326126099,2.4518092686776072e-05,3.52888991983491e-06,2.9238497518235818e-05
ZCH0254,4,NORMAL,NORMAL,7.920978532638401e-05,0.9998828172683716,5.116351076139836e-06,1.9008533854503185e-05,1.3877488527214155e-05
ZCH0255,2,NORMAL,NORMAL,0.00013851982657797635,0.9997630715370178,1.2302636605454609e-05,2.019074781856034e-05,6.606385431950912e-05
ZCH0256,4,NORMAL,NORMAL,5.739070911658928e-05,0.9998891353607178,3.7302419514162466e-05,7.1742324507795274e-06,9.058853720489424e-06
ZCH0257,3,NORMAL,NORMAL,1.0306506737833843e-05,0.9999823570251465,7.205823067124584e-07,2.57216083809908e-06,4.07927200285485e-06
ZCH0258,2,NORMAL,NORMAL,0.00039943549199961126,0.9989431500434875,3.330321305838879e-06,6.738488445989788e-05,0.0005866737337782979
ZCH0259,2,NORMAL,NORMAL,0.0637606605887413,0.5995976328849792,0.3134936988353729,0.015455430373549461,0.007692519575357437
ZCH0260,3,NORMAL,NORMAL,1.0839631613634992e-05,0.9999790191650391,2.404840415692888e-07,3.5548475807445357e-06,6.3521047195536084e-06
ZCH0261,1,NORMAL,NORMAL,0.001225221436470747,0.9967594742774963,4.448457548278384e-05,0.0014812354929745197,0.0004896286991424859
ZCH0262,4,NORMAL,NORMAL,2.0977242456865497e-05,0.9999412298202515,2.6368993530923035e-06,8.822509698802605e-06,2.6316274670534767e-05
ZCH0263,1,NORMAL,NORMAL,0.0001562896795803681,0.9995684027671814,4.942623490933329e-05,2.5093018848565407e-05,0.00020071511971764266
ZCH0264,0,NORMAL,NORMAL,3.3827254810603335e-05,0.9999303817749023,8.337358849530574e-06,5.850365596415941e-06,2.1520845621125773e-05
ZCH0265,0,NORMAL,NORMAL,0.004228428937494755,0.9949910044670105,0.0006406822940334678,4.76204113510903e-05,9.234152093995363e-05
ZCH0266,4,NORMAL,NORMAL,0.0003473295655567199,0.9996121525764465,6.1871733123552985e-06,1.8707927665673196e-05,1.5639141565770842e-05
ZCH0267,3,NORMAL,NORMAL,9.742258953338023e-06,0.9999754428863525,1.020967829390429e-06,6.555268555530347e-06,7.154932973207906e-06
ZCH0268,4,NORMAL,NORMAL,5.882102777832188e-05,0.9998507499694824,4.3264702981105074e-05,1.7510335965198465e-05,2.9515869755414315e-05
ZCH0269,0,NORMAL,NORMAL,3.3388540032319725e-05,0.9998844861984253,1.391607838741038e-05,2.1013314835727215e-05,4.723208985524252e-05
ZCH0270,3,NORMAL,PFO,0.00016714967205189168,0.009694062173366547,7.53940594222513e-06,0.9901233315467834,7.853054739825893e-06
ZCH0271,3,NORMAL,NORMAL,4.753734629048267e-06,0.999985933303833,7.371808692369086e-07,3.7434847399708815e-06,4.887782324658474e-06
ZCH0272,1,NORMAL,NORMAL,0.006053883582353592,0.9935164451599121,5.776399120804854e-06,0.000359731144271791,6.418295379262418e-05
ZCH0273,3,NORMAL,NORMAL,4.605567028193036e-06,0.9999860525131226,3.1854185067459184e-08,5.234466698311735e-06,4.064600034325849e-06
ZCH0274,4,NORMAL,NORMAL,0.0006608886760659516,0.9973270893096924,1.161343971034512e-05,0.001977822044864297,2.2528640329255722e-05
ZCH0275,3,NORMAL,NORMAL,4.8168740249820985e-06,0.9999817609786987,1.5574651115457527e-06,3.1342381134891184e-06,8.857136890583206e-06
ZCH0276,3,NORMAL,NORMAL,0.0003902814059983939,0.9995521903038025,9.193129812956613e-08,1.7324346117675304e-05,4.0188799175666645e-05
ZCH0277,3,NORMAL,NORMAL,6.8458402893156745e-06,0.9999821186065674,4.5786745772602444e-07,4.550286575977225e-06,6.0856586969748605e-06
ZCH0278,2,NORMAL,NORMAL,0.00014108591130934656,0.9995009899139404,6.2472972786054015e-06,4.51373853138648e-05,0.0003065308555960655
ZCH0279,4,NORMAL,NORMAL,0.0011402677046135068,0.9984857439994812,3.269531953264959e-05,7.425164767482784e-06,0.0003338340320624411
ZCH0280,2,NORMAL,NORMAL,2.1511263184947893e-05,0.9999094009399414,8.73656063049566e-06,1.8868899132939987e-05,4.156698196311481e-05
ZCH0281,0,NORMAL,NORMAL,2.4777067665127106e-05,0.9999406337738037,7.026947969279718e-06,6.590814336959738e-06,2.1005394955864176e-05
ZCH0282,1,NORMAL,NORMAL,3.2599156838841736e-05,0.9994682669639587,0.00020750267140101641,9.043160389410332e-05,0.00020109066099394113
ZCH0283,0,NORMAL,NORMAL,1.664219053054694e-05,0.9999610185623169,7.155362254707143e-06,3.923305939679267e-06,1.1204409020137973e-05
ZCH0284,2,NORMAL,NORMAL,3.148168616462499e-05,0.9998899698257446,4.412911039253231e-06,2.4324010155396536e-05,4.976613126927987e-05
ZCH0285,3,NORMAL,NORMAL,1.2313498700677883e-05,0.9999731779098511,2.170045121374642e-07,7.487591119570425e-06,6.837323326180922e-06
ZCH0286,3,NORMAL,NORMAL,9.983269592339639e-06,0.9999703168869019,1.3415669855021406e-06,7.524169632233679e-06,1.0842773008334916e-05
ZCH0287,0,NORMAL,NORMAL,3.9822509279474616e-05,0.9999127388000488,1.5426667232532054e-05,9.398609108757228e-06,2.2612111933995038e-05
ZCH0288,4,NORMAL,NORMAL,1.0662771273928229e-05,0.9999229907989502,2.1091318558319472e-05,5.345705176296178e-06,3.99703967559617e-05
ZCH0289,2,NORMAL,NORMAL,0.00020912234322167933,0.9994320273399353,7.90529084042646e-05,6.286684947554022e-05,0.0002168477076338604
ZCH0290,4,NORMAL,NORMAL,0.0002084147563437,0.9997572302818298,5.930902261752635e-06,5.119627530802973e-06,2.324459455849137e-05
ZCH0291,3,NORMAL,NORMAL,2.1755216948804446e-05,0.9999712705612183,1.1585440233830013e-06,2.829388449754333e-06,2.8720298814732814e-06
ZCH0292,4,NORMAL,NORMAL,2.1747497157775797e-05,0.9999223947525024,3.0932883419154678e-06,1.2443502782844007e-05,4.0463673940394074e-05
ZCH0293,4,NORMAL,NORMAL,9.115366265177727e-05,0.9998315572738647,2.0630131984944455e-05,1.972562495211605e-05,3.6917819670634344e-05
ZCH0294,2,NORMAL,NORMAL,0.00011480674584163353,0.9986005425453186,8.46646071295254e-06,0.00017293407290708274,0.001103307236917317
ZCH0295,1,NORMAL,NORMAL,0.00314044626429677,0.9711148142814636,2.944176594610326e-05,0.02507632225751877,0.0006390851340256631
ZCH0296,4,NORMAL,NORMAL,3.214422395103611e-05,0.999933123588562,1.752426669554552e-06,8.077415259322152e-06,2.4830222173477523e-05
ZCH0297,0,NORMAL,NORMAL,9.470068471273407e-05,0.999775230884552,2.7552216124604456e-05,2.0242279788362794e-05,8.218813309213147e-05
ZCH0298,4,NORMAL,ASD,0.6962279677391052,0.13143515586853027,0.09077519178390503,0.020561398938298225,0.061000242829322815
ZCH0299,3,NORMAL,NORMAL,0.05317563936114311,0.9176048636436462,1.089726197278651e-06,0.02413734421133995,0.005081013310700655
ZCH0300,1,NORMAL,NORMAL,0.0002670078247319907,0.9991876482963562,7.355450361501426e-05,0.00023444245744030923,0.00023721867182757705
ZCH0301,0,NORMAL,NORMAL,5.288691681926139e-05,0.9998878240585327,1.8239967175759375e-05,9.830944691202603e-06,3.12063202727586e-05
ZCH0302,2,NORMAL,NORMAL,9.643246448831633e-05,0.9995445609092712,1.7010590909194434e-06,0.00011361742508597672,0.0002436982758808881
ZCH0303,3,NORMAL,NORMAL,6.891978500789264e-06,0.9999794960021973,7.557545700365154e-07,4.92990193379228e-06,7.966112207213882e-06
ZCH0304,0,NORMAL,NORMAL,7.33708729967475e-05,0.9998490810394287,2.203060284955427e-05,9.748482625582255e-06,4.56824382126797e-05
ZCH0305,3,NORMAL,NORMAL,2.685351500986144e-05,0.9999516010284424,3.5394177189118636e-07,7.230918072309578e-06,1.390109355270397e-05
ZCH0306,1,NORMAL,NORMAL,0.00035795889561995864,0.9955653548240662,0.0005318818730302155,7.263342013175134e-06,0.0035375147126615047
ZCH0307,4,NORMAL,NORMAL,0.25569912791252136,0.7429296374320984,0.00023072384647093713,0.0006285184063017368,0.0005119784618727863
ZCH0308,1,NORMAL,NORMAL,0.0001993266341742128,0.9994530081748962,4.0638034988660365e-05,8.110544149531052e-05,0.00022588670253753662
ZCH0309,2,NORMAL,NORMAL,1.8609525795909576e-05,0.9999648332595825,4.861327624894329e-07,1.5013866914159735e-06,1.453702225262532e-05
ZCH0310,4,NORMAL,NORMAL,1.5400977645185776e-05,0.9999369382858276,3.63565868610749e-06,4.306578830437502e-06,3.969978206441738e-05
ZCH0311,4,NORMAL,NORMAL,0.0001341551833320409,0.999606192111969,0.000123578094644472,8.865870768204331e-05,4.743477620650083e-05
ZCH0312,1,NORMAL,NORMAL,0.0006827075849287212,0.9962245225906372,0.00039770404691807926,0.0016032772837206721,0.0010917073814198375
ZCH0313,3,NORMAL,NORMAL,5.201724707148969e-05,0.999929666519165,1.9441596066371858e-07,1.1324532351864036e-05,6.7724949985858984e-06
ZCH0314,2,NORMAL,NORMAL,0.00014182923769112676,0.9996145963668823,7.381017439911375e-06,2.8085365556762554e-05,0.00020806216343771666
ZCH0315,2,NORMAL,NORMAL,2.053050229733344e-05,0.9998466968536377,4.962680122844176e-06,3.259576624259353e-05,9.527427755529061e-05
ZCH0316,3,NORMAL,NORMAL,7.1683525675325654e-06,0.9999771118164062,2.1810166117575136e-07,3.5082664453511825e-06,1.1992978215857875e-05
ZCH0317,4,NORMAL,NORMAL,1.6434725694125518e-05,0.999729335308075,5.680190042767208e-07,0.00014605119940824807,0.00010767034837044775
ZCH0318,1,NORMAL,NORMAL,0.0005784773966297507,0.9978883862495422,4.072797310072929e-05,0.0009846625616773963,0.0005077810492366552
ZCH0319,2,NORMAL,NORMAL,1.4947811905585695e-05,0.9999257326126099,2.3597410745423986e-06,7.896032002463471e-06,4.9105798098025844e-05
ZCH0320,1,NORMAL,NORMAL,0.006493262015283108,0.9927818775177002,1.4463779734796844e-05,0.000171190346009098,0.0005393387982621789
ZCH0321,2,NORMAL,NORMAL,3.187555921613239e-05,0.999819815158844,4.093774805369321e-06,3.30408729496412e-05,0.00011135885142721236
ZCH0322,0,NORMAL,NORMAL,4.6436409320449457e-05,0.9999043941497803,1.9667137166834436e-05,9.412039617018308e-06,2.0012737877550535e-05
ZCH0323,3,NORMAL,NORMAL,8.701260412635747e-06,0.9999634027481079,2.489109931502753e-07,3.0325736588565633e-06,2.4671477149240673e-05
ZCH0324,4,NORMAL,NORMAL,0.21535156667232513,0.7842196226119995,2.0530802430585027e-05,0.00015782134141772985,0.00025041517801582813
ZCH0325,2,NORMAL,NORMAL,8.491732296533883e-05,0.9995816349983215,1.8203365470981225e-05,3.598606417654082e-05,0.0002792133600451052
ZCH0326,3,NORMAL,NORMAL,4.770879604620859e-05,0.999937891960144,2.0256096888715547e-07,5.452488949231338e-06,8.643731234769803e-06
ZCH0327,3,NORMAL,NORMAL,4.4465064092946704e-06,0.9999858140945435,4.3005317706956703e-07,4.028705006930977e-06,5.20884532306809e-06
ZCH0328,2,NORMAL,NORMAL,0.0012115173740312457,0.9982902407646179,2.1002017547289142e-06,0.00020996652892790735,0.00028623826801776886
ZCH0329,2,NORMAL,NORMAL,6.741887318639783e-06,0.9993208646774292,3.272815956734121e-05,2.336913712497335e-05,0.0006162284407764673
ZCH0330,3,NORMAL,NORMAL,6.289668817771599e-06,0.9999784231185913,3.905531968939613e-07,2.7376327125239186e-06,1.22127048598486e-05
ZCH0331,2,NORMAL,NORMAL,0.02997775375843048,0.9618325233459473,5.070233783044387e-06,4.412405178300105e-05,0.008140507154166698
ZCH0332,4,NORMAL,NORMAL,1.2969602721568663e-05,0.9999312162399292,2.5889617973007262e-05,3.7473193970072316e-06,2.62305711657973e-05
ZCH0333,2,NORMAL,NORMAL,0.0033870022743940353,0.9936060905456543,0.0008550548809580505,0.0006618978804908693,0.0014899629168212414
ZCH0334,1,NORMAL,NORMAL,0.00021980270685162395,0.998830258846283,5.367072662920691e-05,0.0005912499618716538,0.00030496364342980087
ZCH0335,2,NORMAL,NORMAL,0.0009452916565351188,0.9838918447494507,1.4149040907796007e-06,0.008070631884038448,0.007090749219059944
ZCH0336,2,NORMAL,NORMAL,0.0002856222272384912,0.9965113997459412,2.772032132725144e-07,0.0030103905592113733,0.0001924841635627672
ZCH0337,2,NORMAL,NORMAL,0.0012316742213442922,0.9986962676048279,6.875123744976008e-06,2.147961095033679e-05,4.3670930608641356e-05
ZCH0338,1,NORMAL,NORMAL,0.00010919376654783264,0.999745786190033,1.4062812624615617e-05,1.9798842913587578e-05,0.0001111563469748944
ZCH0339,1,NORMAL,NORMAL,0.0005497090751305223,0.9988688826560974,3.656678381958045e-05,0.00020876407506875694,0.0003360179252922535
ZCH0340,2,NORMAL,NORMAL,0.003780265338718891,0.9959944486618042,6.275232590269297e-05,3.4039396268781275e-05,0.00012839118426200002
ZCH0341,0,NORMAL,NORMAL,2.4455941456835717e-05,0.9998939037322998,2.41592697420856e-05,2.9684062610613182e-05,2.7719692297978327e-05
ZCH0342,1,NORMAL,NORMAL,0.00016967594274319708,0.9993197917938232,6.819683039793745e-05,8.316766616189852e-05,0.0003592472930904478
ZCH0343,1,NORMAL,NORMAL,0.0035921717062592506,0.9943910241127014,0.00023718498414382339,0.0011471678735688329,0.0006325007998384535
ZCH0344,2,NORMAL,NORMAL,1.8857233953895047e-05,0.9996057152748108,2.8189093427499756e-05,1.9189004888175987e-05,0.0003280085220467299
ZCH0345,1,NORMAL,NORMAL,0.0001881257921922952,0.9994660019874573,3.8356818549800664e-05,5.035421418142505e-05,0.0002571411314420402
ZCH0346,2,NORMAL,NORMAL,2.342694097023923e-05,0.9998914003372192,6.09493326919619e-06,1.5317546058213338e-05,6.360091356327757e-05
ZCH0347,3,NORMAL,NORMAL,9.64800074143568e-06,0.9999643564224243,1.353416649862993e-07,4.55247982245055e-06,2.1309520889190026e-05
ZCH0348,4,NORMAL,NORMAL,0.0007340013980865479,0.9988975524902344,0.00026045410777442157,5.24388779012952e-05,5.561626676353626e-05
ZCH0349,0,NORMAL,NORMAL,4.574829654302448e-05,0.9998964071273804,1.5628946130163968e-05,9.987826160795521e-06,3.214736352674663e-05
ZCH0350,2,NORMAL,NORMAL,0.017139993607997894,0.9813354015350342,0.0005336320609785616,8.939096733229235e-05,0.0009016272379085422
ZCH0351,4,NORMAL,NORMAL,6.151663546916097e-05,0.9998905658721924,1.538323522254359e-05,5.6277826843142975e-06,2.6972091291099787e-05
ZCH0352,2,NORMAL,NORMAL,0.0013741636648774147,0.9820874333381653,0.0005687943776138127,8.34393358672969e-05,0.01588614098727703
ZCH0353,3,NORMAL,NORMAL,3.696443309308961e-05,0.9998546838760376,5.110513257022831e-07,2.983030526593211e-06,0.00010483683581696823
ZCH0354,0,NORMAL,NORMAL,1.232275644724723e-05,0.9999607801437378,1.2279970178497024e-05,3.559081051207613e-06,1.1058283234888222e-05
ZCH0355,4,NORMAL,NORMAL,4.1067556594498456e-05,0.9999122619628906,2.9341524623305304e-06,4.865476057602791e-06,3.868310523102991e-05
ZCH0356,1,NORMAL,NORMAL,7.129740697564557e-05,0.9994425177574158,0.00025198233197443187,6.590544217033312e-05,0.00016838246665429324
ZCH0357,4,NORMAL,NORMAL,0.020249510183930397,0.97945636510849,4.4682135921902955e-05,0.00014460302190855145,0.00010480689525138587
ZCH0358,0,NORMAL,NORMAL,4.339303632150404e-05,0.9999058246612549,2.3376998797175474e-05,1.2252812666702084e-05,1.5151906154642347e-05
ZCH0359,3,NORMAL,NORMAL,5.407143817137694e-06,0.9999856948852539,2.1488440893335792e-07,4.106189408048522e-06,4.648154572350904e-06
ZCH0360,3,NORMAL,NORMAL,8.388437890971545e-06,0.999971866607666,7.984239687175432e-07,4.632583568309201e-06,1.4264872334024403e-05
ZCH0361,4,NORMAL,NORMAL,2.400779521849472e-05,0.99981290102005,1.3068131920590531e-05,1.3380918062466662e-05,0.00013669703912455589
ZCH0362,2,NORMAL,NORMAL,0.00014021324750501662,0.9996689558029175,4.744859325001016e-06,6.44710089545697e-05,0.00012154110299888998
ZCH0363,1,NORMAL,NORMAL,5.803195381304249e-05,0.9997710585594177,4.392645223560976e-06,1.1949103281949647e-05,0.00015461455041076988
ZCH0364,3,NORMAL,NORMAL,8.34041929920204e-06,0.9999808073043823,3.8027334881007846e-07,4.003651156381238e-06,6.4112350628420245e-06
ZCH0365,0,NORMAL,NORMAL,4.078384881722741e-05,0.9999055862426758,6.7522878453019075e-06,1.3593585208582226e-05,3.326325895613991e-05
ZCH0366,2,NORMAL,NORMAL,0.00026435995823703706,0.9995169639587402,3.1792202207725495e-05,4.268384873284958e-05,0.00014417123747989535
ZCH0367,4,NORMAL,NORMAL,8.14209706732072e-05,0.9998737573623657,6.027071322023403e-06,1.156410598923685e-05,2.713461799430661e-05
ZCH0368,4,NORMAL,NORMAL,0.0011098786490038037,0.9988075494766235,4.979316145181656e-05,5.004473678127397e-06,2.789017162285745e-05
ZCH0369,4,NORMAL,NORMAL,0.0030382985714823008,0.9967477321624756,7.156868377933279e-05,1.3974079593026545e-05,0.00012844896991737187
ZCH0370,1,NORMAL,NORMAL,5.8741072280099615e-05,0.999729335308075,3.0060771678108722e-05,3.093999839620665e-05,0.00015089775843080133
ZCH0371,2,NORMAL,NORMAL,9.91268316283822e-05,0.9978432655334473,0.000728530518244952,5.164173126104288e-05,0.0012774724746122956
ZCH0372,1,NORMAL,NORMAL,0.0008299028850160539,0.9981978535652161,1.2452513146854471e-05,6.379380647558719e-05,0.0008960001869127154
ZCH0373,0,NORMAL,NORMAL,2.0392997612361796e-05,0.9999290704727173,7.471612207154976e-06,5.73295710637467e-06,3.7276276998454705e-05
ZCH0374,4,NORMAL,NORMAL,1.9139166397508234e-05,0.9999319314956665,3.0085980142757762e-06,1.3580648555944208e-05,3.232805465813726e-05
ZCH0375,2,NORMAL,PFO,0.25919970870018005,0.3107307255268097,0.00015055503172334284,0.42268285155296326,0.007236090488731861
ZCH0376,4,NORMAL,NORMAL,0.00023810304992366582,0.9997451901435852,2.223177261839737e-06,2.2027716113370843e-06,1.2241104741406161e-05
ZCH0377,3,NORMAL,NORMAL,9.236219739250373e-06,0.9999769926071167,5.345547720025934e-07,2.6373229502496542e-06,1.0694766388041899e-05
ZCH0378,3,NORMAL,NORMAL,1.2821837117371615e-05,0.9999614953994751,6.385772621797514e-07,5.599961241387064e-06,1.9410035747569054e-05
ZCH0379,1,NORMAL,NORMAL,0.00030173055711202323,0.9991306662559509,1.9981809600722045e-05,0.00016948470147326589,0.00037810264620929956
ZCH0380,4,NORMAL,NORMAL,0.0003344023716636002,0.9995410442352295,7.093974272720516e-05,6.919006864336552e-06,4.685263047576882e-05
ZCH0381,3,NORMAL,NORMAL,4.7772096877451986e-05,0.9999363422393799,1.9872349810157175e-07,2.1622238364216173e-06,1.34219253595802e-05
ZCH0382,4,NORMAL,NORMAL,0.0001580585667397827,0.9996886253356934,1.3487097930919845e-05,1.9364548279554583e-05,0.0001206163942697458
ZCH0383,3,NORMAL,NORMAL,1.2239244824741036e-05,0.9999756813049316,5.936954607932421e-07,5.4305046433000825e-06,6.003074759064475e-06
ZCH0384,1,NORMAL,NORMAL,0.00014335420564748347,0.9922795295715332,0.006890954915434122,0.0001220710837515071,0.0005640807212330401
ZCH0385,2,NORMAL,NORMAL,0.00031136092729866505,0.9994454979896545,2.0970022887922823e-05,4.23140954808332e-05,0.00017995233065448701
ZCH0386,0,NORMAL,NORMAL,3.7622750824084505e-05,0.9999197721481323,5.370644430513494e-06,1.4482621736533474e-05,2.2786012777942233e-05
ZCH0387,4,NORMAL,NORMAL,2.7076628612121567e-05,0.9999288320541382,2.134129317710176e-06,7.97483698988799e-06,3.394997838768177e-05
ZCH0388,0,NORMAL,NORMAL,9.995836080634035e-06,0.999969482421875,5.4452875701827e-06,2.246271378680831e-06,1.2722825886157807e-05
ZCH0389,4,NORMAL,NORMAL,2.2469899704447016e-05,0.9999254941940308,1.457514485991851e-06,7.764989277347922e-06,4.276299659977667e-05
ZCH0390,3,NORMAL,NORMAL,0.0001482735970057547,0.9998385906219482,4.730026148536126e-08,6.926125024619978e-06,6.187789949763101e-06
ZCH0391,3,NORMAL,NORMAL,1.2169985893706325e-05,0.9999696016311646,1.7882538259073044e-06,5.078191406937549e-06,1.1347980944265146e-05
ZCH0392,0,NORMAL,NORMAL,5.468667586683296e-05,0.9998264908790588,2.0912219042656943e-05,3.397522959858179e-05,6.405018211808056e-05
ZCH0393,2,NORMAL,NORMAL,0.00017172537627629936,0.9994515776634216,1.1191076737304684e-05,0.0001092541278921999,0.00025632898905314505
ZCH0394,4,NORMAL,NORMAL,0.00011140623246319592,0.9998617172241211,3.691493475344032e-06,3.258520564486389e-06,1.985439121199306e-05
ZCH0395,0,NORMAL,PDA,0.007913204841315746,0.15411143004894257,0.6734623312950134,0.00022924132645130157,0.16428376734256744
ZCH0396,1,NORMAL,NORMAL,7.825739885447547e-05,0.999614953994751,3.363941141287796e-05,0.00013571197632700205,0.0001373988197883591
ZCH0397,0,NORMAL,NORMAL,3.8534471968887374e-05,0.9999125003814697,1.4349217053677421e-05,9.88422743830597e-06,2.4839373509166762e-05
ZCH0398,1,NORMAL,NORMAL,0.0006020472501404583,0.9980913996696472,0.0007627898594364524,0.00020785014203283936,0.0003358606481924653
ZCH0399,1,NORMAL,NORMAL,7.375152927124873e-05,0.9993249177932739,1.9933748262701556e-05,9.325282007921487e-05,0.0004881479835603386
ZCH0400,3,NORMAL,NORMAL,7.018668384262128e-06,0.9999872446060181,6.296856440712872e-07,2.3416421299771173e-06,2.7040878194384277e-06
ZCH0401,4,NORMAL,NORMAL,0.00017804412345867604,0.9997891783714294,1.875264160844381e-06,5.406173841038253e-06,2.5524555894662626e-05
ZCH0402,3,NORMAL,NORMAL,8.333616278832778e-06,0.999981164932251,1.7335763402570592e-07,1.3848582511855057e-06,8.984015948954038e-06
ZCH0403,2,NORMAL,NORMAL,0.04342936351895332,0.950643002986908,0.00015926529886201024,0.0011703320778906345,0.004598034545779228
ZCH0404,0,NORMAL,NORMAL,2.4667539037181996e-05,0.9999210834503174,4.0792259824229404e-05,3.874941285175737e-06,9.512578799331095e-06
ZCH0405,1,NORMAL,NORMAL,6.496274727396667e-05,0.9987137317657471,0.000881413696333766,4.5678763854084536e-05,0.0002942392020486295
ZCH0406,1,NORMAL,NORMAL,0.061281848698854446,0.9315990805625916,0.001436729682609439,0.0005347899277694523,0.005147555842995644
ZCH0407,3,NORMAL,NORMAL,2.2708445612806827e-05,0.9999706745147705,4.0620398067403585e-07,1.5232860732794506e-06,4.777175490744412e-06
ZCH0408,0,NORMAL,NORMAL,2.8463840862968937e-05,0.9999313354492188,1.387405973218847e-05,5.599407359113684e-06,2.072076495096553e-05
ZCH0409,2,NORMAL,NORMAL,0.005307595245540142,0.9762804508209229,1.47203545566299e-05,0.009446433745324612,0.008950791321694851
ZCH0410,1,NORMAL,NORMAL,0.00017553161887917668,0.9995436072349548,3.65299747500103e-05,9.03559266589582e-05,0.00015399038966279477
ZCH0411,0,NORMAL,NORMAL,0.1322973668575287,0.8552086353302002,0.0001031265637720935,0.011447475291788578,0.0009433977538719773
ZCH0412,2,NORMAL,NORMAL,0.0012188084656372666,0.9806948900222778,2.6215459456579993e-06,4.604588684742339e-05,0.01803767681121826
ZCH0413,3,NORMAL,NORMAL,3.7782614526804537e-05,0.9999332427978516,1.3155866440683894e-07,7.531866231147433e-06,2.1369258320191875e-05
ZCH0414,0,NORMAL,NORMAL,1.6065036106738262e-05,0.9999406337738037,1.0616538020258304e-05,3.2094485504785553e-06,2.941762977570761e-05
ZCH0415,1,NORMAL,NORMAL,0.0007116825436241925,0.9987385869026184,0.0001375463471049443,4.854630242334679e-05,0.0003636114706750959
ZCH0416,2,NORMAL,NORMAL,6.624213710892946e-05,0.999854564666748,4.793982952833176e-07,1.8263866877532564e-05,6.046850103302859e-05
ZCH0417,0,NORMAL,NORMAL,5.24090210092254e-05,0.9999133348464966,8.649653864267748e-06,9.294079973187763e-06,1.619389877305366e-05
ZCH0418,4,NORMAL,NORMAL,0.0007999379304237664,0.9991104006767273,5.015440910938196e-05,1.1571432878554333e-05,2.7987160137854517e-05
ZCH0419,4,NORMAL,NORMAL,3.280691453255713e-05,0.9998795986175537,2.4716578991501592e-05,9.891513400361873e-06,5.299569238559343e-05
ZCH0420,2,NORMAL,NORMAL,2.347643930988852e-05,0.9999096393585205,4.96388247483992e-06,9.645264981372748e-06,5.221765241003595e-05
ZCH0421,1,NORMAL,NORMAL,0.0020362064242362976,0.9817309379577637,1.9605520719778724e-05,0.015870381146669388,0.0003428335767239332
ZCH0422,0,NORMAL,VSD,0.0008783047669567168,0.21675007045269012,0.002286921488121152,5.77943937969394e-05,0.7800269722938538
ZCH0423,1,NORMAL,NORMAL,0.00023134914226830006,0.9961768388748169,0.00015854348021093756,0.0001002129283733666,0.003333037020638585
ZCH0424,2,NORMAL,NORMAL,0.0008619911386631429,0.9990008473396301,3.0534920369973406e-06,4.748140781885013e-06,0.0001292851084144786
ZCH0425,0,NORMAL,NORMAL,5.2409752242965624e-05,0.99991774559021,5.64560514249024e-06,4.631621322914725e-06,1.9513659935910255e-05
ZCH0426,1,NORMAL,NORMAL,3.326774458400905e-05,0.9984756112098694,4.927012923872098e-05,4.263077698851703e-06,0.0014376683393493295
ZCH0427,3,NORMAL,NORMAL,4.50843435828574e-06,0.9999867677688599,3.2379347203459474e-07,1.1382486491129384e-06,7.122839178919094e-06
ZCH0428,3,NORMAL,NORMAL,1.000306110654492e-05,0.9999796152114868,3.941607076285436e-07,2.887378286686726e-06,7.138340151868761e-06
ZCH0429,1,NORMAL,NORMAL,0.00016393870464526117,0.9994412064552307,0.00016066624084487557,2.2932250431040302e-05,0.00021121616009622812
ZCH0430,4,NORMAL,NORMAL,0.0006577572785317898,0.9993072748184204,6.686874712613644e-06,7.826417459000368e-06,2.0504870917648077e-05
ZCH0431,0,NORMAL,ASD,0.6115891337394714,0.3387405574321747,0.0003045149496756494,0.002214769134297967,0.04715096578001976
ZCH0432,1,NORMAL,NORMAL,2.8264639695407823e-05,0.9996127486228943,4.803206320502795e-05,4.359153172117658e-05,0.0002673992421478033
ZCH0433,4,NORMAL,NORMAL,0.00024399622634518892,0.9996383190155029,1.796160540834535e-05,4.8563168093096465e-05,5.103194052935578e-05
ZCH0434,0,NORMAL,NORMAL,0.0018316992791369557,0.9980351328849792,1.1678281225613318e-05,3.3587846701266244e-05,8.793460438027978e-05
ZCH0435,2,NORMAL,NORMAL,0.00030512968078255653,0.9994704127311707,7.89214300311869e-06,0.00019033384160138667,2.6296685973647982e-05
ZCH0436,2,NORMAL,NORMAL,0.0001010627529467456,0.9596211314201355,0.0008343401714228094,0.00045569567009806633,0.03898778557777405
ZCH0437,3,NORMAL,NORMAL,2.763119709925377e-06,0.9999916553497314,4.8975287825214764e-08,1.7695082306090626e-06,3.850576376862591e-06
ZCH0438,4,NORMAL,NORMAL,7.219626422738656e-05,0.9998865127563477,2.357221546844812e-06,2.20865858864272e-05,1.67725720530143e-05
ZCH0439,2,NORMAL,NORMAL,0.0010824541095644236,0.9974722266197205,0.00024076855333987623,0.00023038231302052736,0.0009742514812387526
ZCH0440,1,NORMAL,NORMAL,0.00018973772239405662,0.999498724937439,3.446872506174259e-05,5.174778198124841e-05,0.00022547108528669924
ZCH0441,2,NORMAL,NORMAL,0.00043716395157389343,0.9993102550506592,8.630210686533246e-06,7.348092913161963e-05,0.00017047444998752326
ZCH0442,3,NORMAL,NORMAL,1.0483540791028645e-05,0.9999656677246094,1.1912227648736007e-07,1.2340130979282549e-06,2.2485679437522776e-05
ZCH0443,0,NORMAL,VSD,0.005876087583601475,0.009765318594872952,0.004561733920127153,0.0009881309233605862,0.9788087010383606
ZCH0444,0,NORMAL,NORMAL,8.061925473157316e-05,0.9976173043251038,2.8969341656193137e-05,7.888893378549255e-06,0.002265180926769972
ZCH0445,0,NORMAL,NORMAL,3.622361327870749e-05,0.9999181032180786,1.4176132935972419e-05,8.014611012185924e-06,2.346725705137942e-05
ZCH0446,0,NORMAL,NORMAL,7.039106276351959e-05,0.999903678894043,5.680912181560416e-06,2.8956160349480342e-06,1.733910175971687e-05
ZCH0447,0,NORMAL,NORMAL,6.755537469871342e-05,0.9998883008956909,1.326557594438782e-05,4.264726612746017e-06,2.6577125026960857e-05
ZCH0448,2,NORMAL,NORMAL,0.0003040311567019671,0.9995954632759094,1.2225365026097279e-05,3.093437771894969e-05,5.726256131310947e-05
ZCH0449,0,NORMAL,NORMAL,0.04281989112496376,0.9556605815887451,0.00015427806647494435,0.0006127497763372958,0.0007524568936787546
ZCH0450,4,NORMAL,NORMAL,0.00018255069153383374,0.9994706511497498,4.723103302239906e-06,3.5136348742526025e-05,0.0003068906662520021
ZCH0451,0,NORMAL,NORMAL,7.142891263356432e-05,0.9998668432235718,1.3425882571027614e-05,1.3693165783479344e-05,3.46052875102032e-05
ZCH0452,2,NORMAL,NORMAL,0.00039674394065514207,0.9993657469749451,1.3374487934925128e-05,4.658175021177158e-05,0.00017757773457560688
ZCH0453,0,NORMAL,NORMAL,2.2565294784726575e-05,0.9999392032623291,8.990101378003601e-06,8.04982573754387e-06,2.1247135009616613e-05
ZCH0454,0,NORMAL,NORMAL,0.0005779815837740898,0.9993591904640198,2.32696438615676e-05,7.895465387264267e-06,3.173568984493613e-05
ZCH0455,3,NORMAL,NORMAL,9.073510227608494e-06,0.9995936751365662,1.821457829009887e-07,3.3223036552954e-06,0.00039365803240798414
ZCH0456,1,NORMAL,NORMAL,9.624486847314984e-05,0.9996104836463928,2.8256165023776703e-05,1.8674403690965846e-05,0.0002463617129251361
ZCH0457,4,NORMAL,NORMAL,0.0006351581541821361,0.9992818236351013,1.2890766811324283e-05,3.231710797990672e-05,3.791915878537111e-05
ZCH0458,4,NORMAL,NORMAL,0.010266466997563839,0.9896138310432434,8.731057278055232e-06,6.940399907762185e-05,4.161355900578201e-05
ZCH0459,3,NORMAL,NORMAL,6.939804279681994e-06,0.9999778270721436,7.932480912131723e-07,3.0930261800676817e-06,1.1374718269507866e-05
ZCH0460,1,NORMAL,NORMAL,0.00017971129273064435,0.9994832277297974,0.00013611312897410244,3.363036739756353e-05,0.00016740219143684953
ZCH0461,4,NORMAL,NORMAL,2.33445916819619e-05,0.9999338388442993,9.501050044491421e-06,6.482898697868222e-06,2.676248550415039e-05
ZCH0462,1,NORMAL,NORMAL,0.019038904458284378,0.9790137410163879,2.0351058992673643e-05,0.00022877941955812275,0.0016982880188152194
ZCH0463,0,NORMAL,NORMAL,6.892959208926186e-05,0.9998780488967896,2.2028949388186447e-05,1.0231360647594556e-05,2.077129829558544e-05
ZCH0464,2,NORMAL,NORMAL,8.6158950580284e-05,0.9998313188552856,9.563516869093291e-06,9.654807399783749e-06,6.329535244731233e-05
ZCH0465,0,NORMAL,NORMAL,2.9407639885903336e-05,0.9999270439147949,1.2607015378307551e-05,8.760266609897371e-06,2.2218742742552422e-05
ZCH0466,4,NORMAL,NORMAL,3.9380167436320335e-05,0.9999178647994995,1.8835133232641965e-05,3.1959825719241053e-06,2.0709501768578775e-05
ZCH0467,1,NORMAL,NORMAL,0.00014085984730627388,0.9995206594467163,0.00015717168571427464,2.8377602575346828e-05,0.00015301204985007644
ZCH0468,2,NORMAL,NORMAL,1.6366158888558857e-05,0.9999088048934937,3.1662185051573033e-07,2.4652163119753823e-05,4.9884492909768596e-05
ZCH0469,4,NORMAL,PFO,0.052695322781801224,0.05554760619997978,6.938046135473996e-05,0.8915640115737915,0.00012371281627565622
ZCH0470,0,NORMAL,NORMAL,3.2138839742401615e-05,0.9995007514953613,2.0742323613376357e-05,6.446995939768385e-06,0.0004399351018946618
ZCH0471,2,NORMAL,NORMAL,2.5114331947406754e-05,0.9998917579650879,4.097296368854586e-06,2.374088035139721e-05,5.5249707656912506e-05
ZCH0472,2,NORMAL,NORMAL,0.0016541143413633108,0.9977879524230957,4.879858352069277e-06,0.0004816327418666333,7.14339257683605e-05
ZCH0473,2,NORMAL,NORMAL,1.8812377675203606e-05,0.9998133778572083,3.381250280654058e-06,1.5901792721706443e-05,0.0001486551045672968
ZCH0474,1,NORMAL,NORMAL,7.43033378967084e-05,0.9996873140335083,3.351273335283622e-05,1.4919271052349359e-05,0.00019003830675501376
ZCH0475,0,NORMAL,NORMAL,7.782479769957718e-06,0.9999715089797974,5.541234258998884e-06,4.020579581265338e-06,1.1258381164225284e-05
ZCH0476,3,NORMAL,NORMAL,8.145286301441956e-06,0.9999845027923584,2.7391834578338603e-07,2.335150611543213e-06,4.7592257033102214e-06
ZCH0477,2,NORMAL,ASD,0.9111559987068176,0.08636189997196198,0.00015843431174289435,0.0013021195773035288,0.0010214145295321941
ZCH0478,2,NORMAL,NORMAL,3.2989726605592296e-05,0.9998032450675964,1.0621995897963643e-05,3.0637434974778444e-05,0.0001225579035235569
ZCH0479,1,NORMAL,NORMAL,9.598163887858391e-05,0.999646782875061,3.214148091501556e-05,2.3571386918774806e-05,0.00020154610683675855
ZCH0480,1,NORMAL,NORMAL,9.775396028999239e-05,0.9995930790901184,8.625399641459808e-05,3.3054209779947996e-05,0.00018996150174643844
ZCH0481,1,NORMAL,NORMAL,8.389254799112678e-05,0.999624490737915,9.115842840401456e-05,2.9397788239293732e-05,0.00017101272533182055
ZCH0482,1,NORMAL,NORMAL,8.83863031049259e-05,0.9996073842048645,5.0202856073156e-05,4.03938684030436e-05,0.0002137049741577357
ZCH0483,3,NORMAL,NORMAL,3.4017700727417832e-06,0.9999909400939941,1.8342676355587173e-07,2.8371882763167378e-06,2.477851694493438e-06
ZCH0484,0,NORMAL,NORMAL,1.786811844795011e-05,0.9999567270278931,8.911912118492182e-06,3.5747925721807405e-06,1.289381725655403e-05
ZCH0485,2,NORMAL,NORMAL,5.738709296565503e-05,0.9998327493667603,3.1422598112840205e-05,2.798990135488566e-05,5.041416807216592e-05
ZCH0486,2,NORMAL,NORMAL,3.0449798941845074e-05,0.9998550415039062,6.0583306549233384e-06,2.6303894628654234e-05,8.210953819798306e-05
ZCH0487,2,NORMAL,NORMAL,7.778765393595677e-06,0.9999709129333496,2.01005173039448e-06,3.568554802768631e-06,1.571181564941071e-05
ZCH0488,1,NORMAL,NORMAL,8.978405094239861e-05,0.9996364116668701,0.00010051320714410394,7.793338591000065e-05,9.545748616801575e-05
ZCH0489,4,NORMAL,NORMAL,4.711962174042128e-05,0.9999151229858398,1.1762101166823413e-05,4.581942903314484e-06,2.1441543140099384e-05
ZCH0490,3,NORMAL,NORMAL,8.380697181564756e-06,0.9999691247940063,2.6518330287217395e-07,2.9707209705520654e-06,1.935648288053926e-05
ZCH0491,4,NORMAL,NORMAL,2.014119309023954e-05,0.9999204874038696,8.401064405916259e-06,8.156960575433914e-06,4.297115083318204e-05
ZCH0492,2,NORMAL,NORMAL,0.0002705913793761283,0.9602647423744202,0.03593812510371208,6.936991849215701e-05,0.003457043319940567
ZCH0493,3,NORMAL,NORMAL,3.0053341106395237e-05,0.9999102354049683,5.171712018636754e-07,1.7534857761347666e-05,4.1768525989027694e-05
ZCH0494,1,NORMAL,NORMAL,0.00010738470882643014,0.9992856383323669,0.00011538521357579157,0.00015526096103712916,0.0003363590221852064
ZCH0495,1,NORMAL,NORMAL,0.00014592579100281,0.9993472695350647,0.00015112604887690395,0.00016212528862524778,0.00019352612434886396
ZCH0496,0,NORMAL,NORMAL,3.114881837973371e-05,0.9999384880065918,8.96406163519714e-06,7.2260731940332334e-06,1.4214097973308526e-05
ZCH0497,0,NORMAL,NORMAL,3.5592165659181774e-05,0.9999258518218994,6.171185759740183e-06,9.094287634070497e-06,2.32619986491045e-05
ZCH0498,3,NORMAL,NORMAL,1.5110421372810379e-05,0.9999688863754272,4.6132481656968594e-07,3.35679715135484e-06,1.2212483852636069e-05
ZCH0499,3,NORMAL,NORMAL,0.006352876778692007,0.9924331903457642,1.2812922989269282e-07,1.6930442143348046e-05,0.0011969167971983552
ZCH0500,3,NORMAL,NORMAL,6.417497843358433e-06,0.9999786615371704,2.0152371860149287e-07,2.0561242308758665e-06,1.2649215932469815e-05
ZCH0501,0,NORMAL,NORMAL,3.869520878652111e-05,0.9999160766601562,1.222295486513758e-05,7.549931979156099e-06,2.5433995688217692e-05
ZCH0502,2,NORMAL,NORMAL,4.088721652806271e-06,0.9999617338180542,2.524346427890123e-06,2.3580219021823723e-06,2.9372529752436094e-05
ZCH0503,0,NORMAL,NORMAL,0.00011247501242905855,0.987380862236023,5.978745684842579e-05,6.651602689089486e-06,0.012440135702490807
ZCH0504,3,NORMAL,NORMAL,2.302459870406892e-05,0.9999618530273438,9.625152870285092e-07,5.108363893668866e-06,9.016157491714694e-06
ZCH0505,0,NORMAL,NORMAL,0.0007184495916590095,0.9990037083625793,8.854662155499682e-06,6.466530066973064e-06,0.0002626214409247041
ZCH0506,3,NORMAL,NORMAL,4.68990447188844e-06,0.9999812841415405,8.191371989596519e-07,3.4873955883085728e-06,9.806683010538109e-06
ZCH0507,1,NORMAL,NORMAL,0.00024032041255850345,0.9992951154708862,2.762684744084254e-05,3.563266000128351e-05,0.00040136228199116886
ZCH0508,3,NORMAL,NORMAL,4.4210241867403965e-06,0.9999871253967285,6.453729497479799e-07,3.875104084727354e-06,3.978502263635164e-06
ZCH0509,1,NORMAL,NORMAL,0.0004040530475322157,0.9989633560180664,4.776222340296954e-05,0.00017422660312149674,0.0004106473352294415
ZCH0510,1,NORMAL,NORMAL,0.00019849957607220858,0.9984481334686279,0.00024258202756755054,0.00015702116070315242,0.0009537870646454394
ZCH0511,3,NORMAL,NORMAL,4.7174693463603035e-05,0.9360048174858093,2.1034382768903015e-07,1.1710746548487805e-05,0.06393604725599289
ZCH0512,3,NORMAL,NORMAL,0.0003511793038342148,0.9988057613372803,1.3137024268417008e-07,0.0007182610570453107,0.00012472670641727746
ZCH0513,2,NORMAL,NORMAL,0.00022786475892644376,0.9996515512466431,3.820841357082827e-06,6.633848533965647e-05,5.0403305067447945e-05
ZCH0514,2,NORMAL,NORMAL,7.5106227086507715e-06,0.9999420642852783,3.823224233201472e-06,6.106535693106707e-06,4.054357486893423e-05
ZCH0515,3,NORMAL,NORMAL,5.497048732650001e-06,0.9999831914901733,1.2119023722334532e-06,4.166381131653907e-06,5.992937985865865e-06
ZCH0516,2,NORMAL,NORMAL,0.0003919618611689657,0.9953774213790894,0.001240877085365355,0.0007187886512838304,0.0022708545438945293
ZCH0517,1,NORMAL,NORMAL,9.263248648494482e-05,0.9995768666267395,3.7647383578587323e-05,3.168670809827745e-05,0.00026121127302758396
ZCH0518,1,NORMAL,NORMAL,0.00027886516181752086,0.9988104104995728,5.433384649222717e-05,0.0006371935014612973,0.00021924082830082625
ZCH0519,3,NORMAL,NORMAL,1.36761627800297e-05,0.9999538660049438,9.644427336752415e-07,5.729890744987642e-06,2.570254582678899e-05
ZCH0520,3,NORMAL,NORMAL,0.003236152930185199,0.996727466583252,6.537335650591558e-08,1.079441517504165e-05,2.5374947654199786e-05
ZCH0521,3,NORMAL,NORMAL,6.102473435021238e-06,0.9999833106994629,1.3253182942207786e-06,2.439142917864956e-06,6.95672588335583e-06
ZCH0522,3,NORMAL,NORMAL,5.285541647026548e-06,0.9999819993972778,1.1814131539722439e-07,2.1274595383147243e-06,1.0438619028718676e-05
ZCH0523,0,NORMAL,NORMAL,0.00019238347886130214,0.9926748871803284,0.00684244092553854,0.00013883343490306288,0.00015142747724894434
ZCH0524,3,NORMAL,NORMAL,0.022259175777435303,0.973069429397583,3.580090560717508e-05,0.0005244566709734499,0.0041110934689641
ZCH0525,0,NORMAL,NORMAL,0.0006298006046563387,0.9990523457527161,4.252078360877931e-05,5.3076066251378506e-05,0.0002221996837761253
ZCH0526,1,NORMAL,NORMAL,0.000280972191831097,0.9982179999351501,1.6621042959741317e-05,0.0013509044656530023,0.0001335351844318211
ZCH0527,1,NORMAL,NORMAL,0.0009905732003971934,0.9921506643295288,0.005989008583128452,4.777126378030516e-05,0.0008219524170272052
ZCH0528,3,NORMAL,NORMAL,1.618051464902237e-05,0.9998494386672974,2.8494508796939044e-07,7.556290029242518e-07,0.00013333071547094733
ZCH0529,2,NORMAL,PFO,0.1063678190112114,0.26936736702919006,1.0220162948826328e-05,0.614931583404541,0.009322966448962688
ZCH0530,2,NORMAL,NORMAL,0.000184586679097265,0.9996182918548584,2.106083593389485e-05,6.847910117357969e-05,0.00010751720401458442
ZCH0531,4,NORMAL,NORMAL,9.076566493604332e-05,0.9995372295379639,1.0704793567128945e-05,3.915104116458679e-06,0.00035734614357352257
ZCH0532,0,NORMAL,NORMAL,0.00010319043940398842,0.9997699856758118,6.91372188157402e-05,4.635930508811725e-06,5.3018338803667575e-05
ZCH0533,4,NORMAL,NORMAL,0.29807865619659424,0.6957313418388367,3.796466990024783e-05,0.0060239206068217754,0.00012808272731490433
ZCH0534,3,ASD,NORMAL,2.6830961360246874e-05,0.9999686479568481,1.9391070509300334e-06,8.803339710539149e-07,1.812365667319682e-06
ZCH0535,2,ASD,PFO,0.008545168675482273,0.007007364183664322,0.0007560504600405693,0.8987141847610474,0.08497728407382965
ZCH0536,4,ASD,ASD,0.9999480247497559,2.8241216568858363e-05,1.0382974323874805e-05,2.6766306859826727e-07,1.3079774362267926e-05
ZCH0537,2,ASD,PFO,0.018141331151127815,0.0032775576692074537,0.0004845414950978011,0.9459547996520996,0.032141733914613724
ZCH0538,4,ASD,PDA,0.020671891048550606,0.00031305919401347637,0.9761190414428711,0.0026908654253929853,0.00020511996990535408
ZCH0539,1,ASD,PFO,0.028710629791021347,0.08116326481103897,4.070191153004998e-06,0.8886711597442627,0.0014508201275020838
ZCH0540,2,ASD,ASD,0.9994686245918274,0.00044049546704627573,7.238157451183724e-08,4.818786692339927e-05,4.262922811903991e-05
ZCH0541,2,ASD,NORMAL,0.014627477154135704,0.98508620262146,3.0037266697036102e-05,0.00012274405162315816,0.00013348949141800404
ZCH0542,4,ASD,VSD,0.00011398195056244731,0.00013475502782966942,0.00011995653039775789,3.915576144208899e-06,0.9996273517608643
ZCH0543,1,ASD,NORMAL,0.0225683506578207,0.9279693365097046,4.473406443139538e-05,4.153549980401294e-06,0.04941343516111374
ZCH0544,2,ASD,PDA,0.007211470976471901,0.0008825808763504028,0.9729189276695251,0.00021388514142017812,0.018773192539811134
ZCH0545,1,ASD,VSD,0.00012321413669269532,2.4072089217952453e-05,2.0500690425251378e-06,5.0312587518419605e-06,0.9998456239700317
ZCH0546,3,ASD,PFO,0.0003922963223885745,0.0005963004659861326,7.424692967106239e-07,0.9989989399909973,1.1846970664919354e-05
ZCH0547,0,ASD,PFO,0.0012730710441246629,0.049811508506536484,0.0036935117095708847,0.9450238347053528,0.00019803587929345667
ZCH0548,4,ASD,PDA,0.013357667252421379,0.0011951851192861795,0.6020039319992065,0.37881261110305786,0.004630652721971273
ZCH0549,4,ASD,NORMAL,0.0005565786850638688,0.9986900687217712,0.00039143534377217293,0.00017444473633076996,0.0001874991721706465
ZCH0550,4,ASD,ASD,0.9954534769058228,0.00011612086382228881,0.0021743199322372675,4.374125637696125e-06,0.0022515547461807728
ZCH0551,0,ASD,ASD,0.7300035953521729,0.0010266694007441401,0.0018899004207924008,0.20029161870479584,0.06678815186023712
ZCH0552,2,ASD,ASD,0.8541402816772461,0.0016862895572558045,0.00022849126253277063,0.025406600907444954,0.11853839457035065
ZCH0553,1,ASD,VSD,0.022598233073949814,0.44080501794815063,0.0010604765266180038,0.02225327491760254,0.5132829546928406
ZCH0554,0,ASD,ASD,0.9677320122718811,0.011390420608222485,3.896879206877202e-05,0.01837393455207348,0.002464550780132413
ZCH0555,2,ASD,VSD,0.04656757414340973,0.14427173137664795,4.338903454481624e-05,0.0024263339582830667,0.8066909313201904
ZCH0556,2,ASD,VSD,0.002809809520840645,0.0016542525263503194,1.997115214180667e-05,0.0006045617046765983,0.9949113726615906
ZCH0557,0,ASD,PFO,1.7596734323888086e-05,0.0015627086395397782,2.264683644170873e-05,0.9983072280883789,8.988023910205811e-05
ZCH0558,1,ASD,ASD,0.8416014909744263,0.14942434430122375,2.9065222406643443e-05,0.0003501355822663754,0.00859485287219286
ZCH0559,4,ASD,ASD,0.9927663803100586,0.0012367311865091324,0.001153857447206974,1.6597681451457902e-06,0.004841342568397522
ZCH0560,2,ASD,NORMAL,0.0016001363983377814,0.9933603405952454,0.0008530854247510433,0.0012407616013661027,0.0029456019401550293
ZCH0561,2,ASD,NORMAL,0.000871760246809572,0.9982554316520691,9.312974725617096e-05,4.12001863878686e-05,0.0007384237251244485
ZCH0562,3,ASD,PFO,0.19691359996795654,0.00015181036724243313,2.6445850380696356e-05,0.802598774433136,0.000309408555040136
ZCH0563,2,ASD,VSD,0.04023275151848793,0.16809211671352386,3.9243968785740435e-05,0.0013209773460403085,0.7903149127960205
ZCH0564,4,ASD,ASD,0.9711960554122925,0.0007349959923885763,3.454185207374394e-05,0.027896061539649963,0.0001384676288580522
ZCH0565,4,ASD,ASD,0.9845371246337891,0.001439792918972671,0.0001819197495933622,0.01374832633882761,9.271812450606376e-05
ZCH0566,3,ASD,PFO,0.002606645692139864,0.0005468136514537036,0.0005974041414447129,0.7207228541374207,0.2755262553691864
ZCH0567,4,ASD,VSD,0.09942831844091415,0.0015988940140232444,0.005227277055382729,0.003141301218420267,0.8906041979789734
ZCH0568,1,ASD,PFO,0.03148418292403221,0.00044407471432350576,4.131623427383602e-06,0.9680240750312805,4.3517473386600614e-05
ZCH0569,2,ASD,ASD,0.7876476645469666,0.1433275192975998,5.949383194092661e-05,0.0657423734664917,0.003222959814593196
ZCH0570,0,ASD,PFO,0.03514872118830681,0.005101142451167107,0.00089589151320979,0.4838024377822876,0.47505179047584534
ZCH0571,1,ASD,PFO,0.3945736289024353,0.00023448135470971465,2.7905389288207516e-05,0.6046472191810608,0.0005167906056158245
ZCH0572,1,ASD,ASD,0.9794772863388062,5.347931801225059e-05,3.5610962640930666e-06,0.020020853728055954,0.00044481665827333927
ZCH0573,0,ASD,PFO,0.02576293610036373,0.0020336825400590897,5.0354694394627586e-05,0.9708751440048218,0.0012778602540493011
ZCH0574,4,ASD,NORMAL,0.11264828592538834,0.6904950141906738,0.00368600245565176,0.0015938433352857828,0.19157683849334717
ZCH0575,1,ASD,PDA,0.09829153120517731,0.12175627052783966,0.5678437352180481,0.0012124648783355951,0.21089601516723633
ZCH0576,0,ASD,PDA,2.634831253089942e-05,6.579598266398534e-05,0.9997522234916687,2.3167791368905455e-05,0.0001324902259511873
ZCH0577,1,ASD,VSD,0.04334024339914322,0.0015702875098213553,4.631804404198192e-05,0.4741707742214203,0.48087242245674133
ZCH0578,0,ASD,ASD,0.9976499676704407,0.0007839015452191234,0.00021148001542314887,0.0006332332268357277,0.0007215605583041906
ZCH0579,3,ASD,PFO,0.016619818285107613,0.00012319636880420148,4.4550564780365676e-05,0.9822072982788086,0.0010052502620965242
ZCH0580,1,ASD,ASD,0.8405356407165527,0.0007748426287434995,0.00040191630250774324,1.7735846995492466e-05,0.15826989710330963
ZCH0581,4,ASD,PFO,2.4467079128953628e-05,0.00034248348674736917,5.710573532269336e-05,0.9990173578262329,0.0005585422040894628
ZCH0582,3,ASD,NORMAL,0.009309166111052036,0.9537596702575684,5.447885200737801e-07,0.00012009474448859692,0.03681059554219246
ZCH0583,0,ASD,NORMAL,0.00015200601774267852,0.9989364743232727,2.659754318301566e-05,1.5375388102256693e-05,0.0008696499280631542
ZCH0584,3,ASD,NORMAL,2.2531510694534518e-05,0.9999686479568481,1.398270370600585e-07,6.529375241370872e-06,2.1595528778561857e-06
ZCH0585,4,ASD,PDA,0.07598775625228882,0.003498938400298357,0.8785490989685059,0.0011103745782747865,0.04085388779640198
ZCH0586,2,ASD,PFO,0.35975727438926697,0.03878459706902504,0.00015117610746528953,0.5726333260536194,0.028673628345131874
ZCH0587,3,ASD,NORMAL,0.00017779400513973087,0.9994888305664062,0.00013217759260442108,1.9243302631366532e-06,0.0001993864425458014
ZCH0588,4,ASD,NORMAL,0.017526447772979736,0.981198251247406,0.0004627996822819114,3.199086131644435e-05,0.0007803766638971865
ZCH0589,2,ASD,PFO,0.04163232818245888,0.18278470635414124,0.000413614819990471,0.43622884154319763,0.3389405608177185
ZCH0590,1,ASD,ASD,0.948960542678833,0.005098514258861542,0.04462458938360214,0.0010143074905499816,0.0003020559379365295
ZCH0591,0,ASD,NORMAL,0.0038566600997000933,0.9934247732162476,0.00012283171236049384,0.00019861530745401978,0.00239720125682652
ZCH0592,0,ASD,PDA,0.16273356974124908,0.005876291077584028,0.48850852251052856,0.0021142091136425734,0.34076738357543945
ZCH0593,0,ASD,PFO,0.0019686624873429537,0.000823815178591758,1.8085265764966607e-05,0.9969615340232849,0.00022782532323617488
ZCH0594,3,ASD,NORMAL,6.501549069071189e-05,0.9996141195297241,6.126040830167767e-08,0.0003114805440418422,9.198470252158586e-06
ZCH0595,3,ASD,PFO,0.06425677984952927,0.0915919840335846,3.0242013053793926e-06,0.8434690237045288,0.000679194403346628
ZCH0596,0,ASD,NORMAL,9.778980893315747e-05,0.9998148083686829,2.4938577553257346e-05,1.4985303096182179e-05,4.7506295231869444e-05
ZCH0597,4,ASD,PFO,0.2983970046043396,0.15169522166252136,0.0008493854547850788,0.5473963618278503,0.001662019407376647
ZCH0598,4,ASD,ASD,0.9895400404930115,0.0015257983468472958,2.7060565116698854e-05,0.008783236145973206,0.0001238462864421308
ZCH0599,2,ASD,ASD,0.9750692844390869,0.0007549009751528502,0.0002570332435425371,0.007210614625364542,0.016708144918084145
ZCH0600,1,ASD,ASD,0.9978898167610168,0.0019057068275287747,5.046697879151907e-06,0.00018211064161732793,1.739856816129759e-05
ZCH0601,3,ASD,ASD,0.9699016809463501,0.0002330187999177724,1.9976301700808108e-05,0.028951246291399002,0.0008941030246205628
ZCH0602,1,ASD,ASD,0.9855446219444275,0.0002790750586427748,9.082612086785957e-05,0.00016293232329189777,0.013922570273280144
ZCH0603,0,ASD,NORMAL,3.539998579071835e-05,0.9998610019683838,7.630863365193363e-06,3.1254952773451805e-05,6.473897519754246e-05
ZCH0604,3,ASD,NORMAL,6.886323535582051e-05,0.9998905658721924,7.067423211992718e-06,2.0698036678368226e-05,1.2717418940155767e-05
ZCH0605,3,ASD,NORMAL,0.00019119406351819634,0.9997290968894958,1.8994592210219707e-07,7.513962918892503e-05,4.462499873625347e-06
ZCH0606,2,ASD,ASD,0.7872784733772278,0.0399494543671608,2.727399760260596e-06,0.17052508890628815,0.00224421382881701
ZCH0607,1,ASD,ASD,0.8414735198020935,0.00019058184989262372,5.359798251447501e-06,0.15789805352687836,0.0004325253248680383
ZCH0608,3,ASD,NORMAL,0.048897892236709595,0.8227192759513855,6.734844191669254e-06,0.12801483273506165,0.00036122192977927625
ZCH0609,0,ASD,ASD,0.9509721398353577,0.02319815754890442,0.00044195022201165557,0.02224498987197876,0.0031427540816366673
ZCH0610,3,ASD,NORMAL,2.6985479053109884e-05,0.9999527931213379,7.027658739389153e-07,4.909319159196457e-06,1.4647298485215288e-05
ZCH0611,4,ASD,ASD,0.9871670603752136,0.00268917391076684,1.8998613086296245e-05,0.00018454405653756112,0.009940327145159245
ZCH0612,3,ASD,ASD,0.9987177848815918,0.00011741066555259749,8.726742635190021e-07,0.0007119975634850562,0.00045201636385172606
ZCH0613,2,ASD,PDA,0.0024721918161958456,0.0026900237426161766,0.9917020201683044,0.001910936669446528,0.0012249323772266507
ZCH0614,1,ASD,PFO,0.2077549248933792,0.17803256213665009,0.00041715576662681997,0.49882104992866516,0.11497436463832855
ZCH0615,3,ASD,ASD,0.5796678066253662,0.11699696630239487,4.088160494575277e-05,0.03283388540148735,0.27046048641204834
ZCH0616,3,ASD,PFO,4.343612545198994e-06,2.7236757887294516e-05,5.705746275452839e-07,0.9999488592147827,1.8928691133623943e-05
ZCH0617,2,ASD,ASD,0.9860643148422241,0.006660915911197662,0.00020009938452858478,0.0007658496033400297,0.006308929994702339
ZCH0618,2,ASD,ASD,0.885322630405426,0.02797085791826248,0.004148293752223253,0.018420016393065453,0.06413830071687698
ZCH0619,1,ASD,ASD,0.6766279935836792,0.31086573004722595,3.3099782740464434e-05,0.01004201453179121,0.0024311356246471405
ZCH0620,2,ASD,NORMAL,0.017935939133167267,0.9799440503120422,0.000332132913172245,0.0006754162022843957,0.0011124156881123781
ZCH0621,3,ASD,NORMAL,0.003227958455681801,0.9962674975395203,1.830746896303026e-07,0.0003953297564294189,0.0001089281722670421
ZCH0622,0,ASD,NORMAL,9.868366032605991e-05,0.9994447827339172,4.117271237191744e-05,3.183684384566732e-05,0.00038352966657839715
ZCH0623,1,ASD,NORMAL,0.0018664624076336622,0.9961328506469727,8.21813810034655e-05,0.001219236059114337,0.0006993649294599891
ZCH0624,3,ASD,NORMAL,8.31640136311762e-06,0.9999809265136719,7.668961075069092e-07,5.9153326219529845e-06,4.101305421500001e-06
ZCH0625,3,ASD,NORMAL,1.5011392861197237e-05,0.9999749660491943,3.0367777981155086e-07,2.917510755651165e-06,6.836683496658225e-06
ZCH0626,2,ASD,ASD,0.9811397194862366,0.003673698753118515,2.8836426281486638e-05,0.012597373686730862,0.0025603321846574545
ZCH0627,2,ASD,ASD,0.4565792381763458,0.10525775700807571,0.0001988382136914879,0.34357666969299316,0.09438757598400116
ZCH0628,0,ASD,VSD,0.0014330954290926456,0.0029852523002773523,0.0019478744361549616,0.01340114139020443,0.9802325963973999
ZCH0629,1,ASD,NORMAL,0.0001355719577986747,0.9776866436004639,0.01991388201713562,0.0009670138824731112,0.0012969293165951967
ZCH0630,0,ASD,PFO,0.03138899803161621,0.01653439737856388,0.0002787914709188044,0.9506176710128784,0.001180176855996251
ZCH0631,4,ASD,NORMAL,0.012553656473755836,0.6991645097732544,0.017113104462623596,0.22622700035572052,0.044941775500774384
ZCH0632,0,ASD,ASD,0.7530626654624939,0.24487236142158508,0.00011915945651708171,0.0018570773536339402,8.87969508767128e-05
ZCH0633,4,ASD,PFO,0.06487416476011276,0.0007543055107817054,0.00042833873885683715,0.6073062419891357,0.32663694024086
ZCH0634,0,ASD,PFO,0.019920308142900467,0.002348203444853425,4.038702536490746e-05,0.9775829315185547,0.00010818152077263221
ZCH0635,3,ASD,VSD,0.0006628363626077771,0.0004190173640381545,4.457097475096816e-06,3.300574826425873e-05,0.9988806843757629
ZCH0636,4,ASD,VSD,0.006723858881741762,0.019915619865059853,0.002002562629058957,0.00016239758406300098,0.9711955189704895
ZCH0637,4,ASD,ASD,0.9718140959739685,0.01601104997098446,0.0007534495671279728,0.00014332022692542523,0.011278083547949791
ZCH0638,0,ASD,PDA,0.27248188853263855,0.003827291540801525,0.7207124829292297,0.00019462057389318943,0.0027837101370096207
ZCH0639,1,ASD,PFO,0.0826282724738121,0.0009800440166145563,0.0001171318072010763,0.9107075929641724,0.005566950421780348
ZCH0640,4,ASD,PDA,0.03940424695611,0.020242169499397278,0.9353569149971008,0.00014239450683817267,0.004854238126426935
ZCH0641,0,ASD,ASD,0.9223207831382751,0.016461268067359924,0.0020259518641978502,0.00016435165889561176,0.05902762711048126
ZCH0642,1,ASD,NORMAL,0.0004906017566099763,0.9994121789932251,2.4919765564845875e-05,9.877944648906123e-06,6.241457595024258e-05
ZCH0643,2,ASD,VSD,0.013281363062560558,0.00620427168905735,0.0007234140648506582,0.00030895028612576425,0.9794819951057434
ZCH0644,3,ASD,NORMAL,0.00035267285420559347,0.9996310472488403,4.716973478480213e-08,6.822116120019928e-06,9.420267815585248e-06
ZCH0645,2,ASD,NORMAL,7.268070476129651e-05,0.9984614849090576,3.878128154610749e-06,0.0013554982142522931,0.00010637803643476218
ZCH0646,1,ASD,ASD,0.9952211976051331,0.003042734693735838,0.0006679935613647103,4.386345608509146e-06,0.001063666888512671
ZCH0647,3,ASD,NORMAL,8.26172181405127e-05,0.999900221824646,2.7030482740997286e-08,1.0368430594098754e-06,1.6110119759105146e-05
ZCH0648,1,ASD,NORMAL,4.305175389163196e-05,0.9991970658302307,0.00036613279371522367,9.326445433543995e-05,0.00030047193286009133
ZCH0649,0,ASD,ASD,0.9000545144081116,0.09667342901229858,5.464648347697221e-05,0.0002060461265500635,0.0030114396940916777
ZCH0650,0,ASD,NORMAL,0.0004288416530471295,0.9995017051696777,2.5259019821533002e-05,1.0380250387242995e-05,3.3810105378506705e-05
ZCH0651,4,ASD,ASD,0.9649302959442139,0.030428333207964897,2.6672166768548777e-06,1.0194021342613269e-05,0.004628521390259266
ZCH0652,1,ASD,NORMAL,0.012637593783438206,0.8788301944732666,0.0735066756606102,0.02959766797721386,0.005427835043519735
ZCH0653,1,PDA,VSD,0.004223708529025316,0.0003342239942867309,1.0298677807440981e-05,3.5304492485010996e-05,0.9953964352607727
ZCH0654,4,PDA,VSD,0.00017049448797479272,0.0008296208106912673,0.0856015607714653,6.006879630149342e-06,0.9133923649787903
ZCH0655,4,PDA,VSD,0.2624865472316742,0.0012919808505102992,0.028404710814356804,9.341626537207048e-06,0.7078074216842651
ZCH0656,2,PDA,VSD,0.0013563763350248337,0.0007223563152365386,1.3593774383480195e-05,0.0008258730522356927,0.9970818161964417
ZCH0657,0,PDA,VSD,0.00016188218432944268,0.00016024218348320574,0.00012331613106653094,7.1566944825463e-05,0.9994829893112183
ZCH0658,3,PDA,ASD,0.9998981952667236,4.8418263759231195e-05,2.9374432415352203e-06,1.6793894246802665e-05,3.356439992785454e-05
ZCH0659,3,PDA,NORMAL,0.00018664685194380581,0.9993451237678528,8.061805374381947e-07,2.0018889699713327e-05,0.0004472876025829464
ZCH0660,4,PDA,VSD,0.0014871559105813503,0.0004157900402788073,0.0036742158699780703,9.72335328697227e-06,0.9944130778312683
ZCH0661,0,PDA,VSD,0.00015084652113728225,0.00021325111447367817,0.00019010192772839218,3.7772209907416254e-05,0.9994080066680908
ZCH0662,2,PDA,VSD,0.007200733758509159,0.004111585672944784,0.009877428412437439,0.0006668909918516874,0.9781433343887329
ZCH0663,2,PDA,VSD,0.000174586646608077,0.007023727521300316,1.0228091923636384e-05,0.00015025987522676587,0.9926411509513855
ZCH0664,2,PDA,VSD,0.000670411332976073,0.003345677861943841,2.3736738512525335e-05,0.00011284620995866135,0.9958474040031433
ZCH0665,2,PDA,ASD,0.9901202917098999,0.008421521633863449,0.0002816829364746809,0.0002786237746477127,0.0008977636462077498
ZCH0666,4,PDA,ASD,0.9817842245101929,0.0003237155906390399,1.3468213182932232e-05,0.01741313934326172,0.000465513818198815
ZCH0667,4,PDA,PDA,0.00763110863044858,0.0004712656664196402,0.8771302700042725,0.11462307721376419,0.00014425617700908333
ZCH0668,1,PDA,NORMAL,0.0011360362404957414,0.980381429195404,2.0601162759703584e-05,0.0005493546486832201,0.01791258528828621
ZCH0669,1,PDA,PDA,0.0012337954249233007,0.2893848419189453,0.652292013168335,0.04831851273775101,0.008770761080086231
ZCH0670,0,PDA,ASD,0.7008258104324341,0.2957414984703064,9.48474116739817e-05,0.002894873498007655,0.0004430525004863739
ZCH0671,0,PDA,VSD,0.4272224009037018,0.010338854044675827,0.016031645238399506,0.011998017318546772,0.5344091057777405
ZCH0672,2,PDA,VSD,0.07065337151288986,0.004280760418623686,0.005692584440112114,0.01208338513970375,0.9072898626327515
ZCH0673,3,PDA,NORMAL,8.365591202164069e-05,0.9998800754547119,2.4958978883660166e-07,1.9292672732262872e-05,1.6654068531352095e-05
ZCH0674,0,PDA,NORMAL,3.48243884218391e-05,0.9998515844345093,2.173581742681563e-05,2.0462988686631434e-05,7.138818909879774e-05
ZCH0675,1,PDA,VSD,0.2842385470867157,0.0007335685077123344,7.364596513070865e-06,1.9787801647908054e-05,0.7150007486343384
ZCH0676,1,PDA,ASD,0.7755863666534424,0.1516367644071579,0.007521672639995813,0.02300969883799553,0.04224548116326332
ZCH0677,1,PDA,VSD,0.00013636390212923288,5.779966159025207e-05,8.416937816946302e-06,2.322405862287269e-06,0.999795138835907
ZCH0678,3,PDA,ASD,0.990088939666748,0.004010265693068504,5.7328728871652856e-05,0.0011189765064045787,0.004724371246993542
ZCH0679,0,PDA,VSD,0.16323277354240417,0.027706095948815346,0.001127595198340714,0.027974627912044525,0.7799589037895203
ZCH0680,4,PDA,PDA,0.3192692697048187,0.002029266906902194,0.5995354056358337,4.507779158302583e-05,0.07912103831768036
ZCH0681,0,PDA,VSD,0.00014964464935474098,0.0008417448843829334,0.0001828234235290438,3.698715954669751e-05,0.9987887740135193
ZCH0682,3,PDA,VSD,0.0016791424714028835,0.0003925665805581957,0.0032885358668863773,5.9971309383399785e-05,0.9945797920227051
ZCH0683,3,PDA,VSD,6.735096121701645e-06,0.00016533042071387172,7.940095088088128e-07,3.6082153656025184e-06,0.9998235106468201
ZCH0684,1,PDA,ASD,0.7257497310638428,0.27366897463798523,0.00017733342247083783,5.847567445016466e-05,0.0003454574034549296
ZCH0685,1,PFO,PFO,0.002237736713141203,0.0002124688180629164,4.423979589773808e-06,0.9935429096221924,0.004002459812909365
ZCH0686,1,PFO,NORMAL,0.001748499576933682,0.9974216222763062,7.145166364352917e-06,4.627491580322385e-05,0.0007765608024783432
ZCH0687,2,PFO,NORMAL,0.0011781067587435246,0.9481149315834045,9.025925464811735e-06,0.0498800054192543,0.0008178043644875288
ZCH0688,2,PFO,ASD,0.85138338804245,0.0011405041441321373,5.265628715278581e-05,0.14699049293994904,0.00043298868695273995
ZCH0689,2,PFO,NORMAL,0.013298958539962769,0.9830204844474792,6.441162986448035e-05,0.0031074059661477804,0.000508702069055289
ZCH0690,4,PFO,ASD,0.9995891451835632,0.00015381333651021123,0.00019915767188649625,1.0031180863734335e-05,4.7906494728522375e-05
ZCH0691,2,PFO,VSD,0.003629664657637477,0.06794653087854385,0.0003685506817419082,0.25224748253822327,0.675807774066925
ZCH0692,3,PFO,PFO,0.00844976119697094,0.0027140402235090733,1.169115535049059e-06,0.9887047410011292,0.00013020257756579667
ZCH0693,0,PFO,ASD,0.9860917925834656,0.003378053428605199,5.664570926455781e-05,0.01028473861515522,0.00018875638488680124
ZCH0694,3,PFO,ASD,0.9845683574676514,8.8668501120992e-05,4.448888375918614e-06,0.015327141620218754,1.1414663276809733e-05
ZCH0695,2,PFO,ASD,0.8698886632919312,0.0019324783934280276,3.635917528299615e-05,0.12618859112262726,0.001953882398083806
ZCH0696,1,PFO,PFO,0.0014970293268561363,0.0007529701106250286,2.9596916647278704e-05,0.9950350522994995,0.0026854185853153467
ZCH0697,4,PFO,PDA,0.012248801067471504,0.0005156207480467856,0.9840743541717529,0.00013359039439819753,0.0030275031458586454
ZCH0698,4,PFO,PFO,0.021711450070142746,0.00530819408595562,0.00018992229888681322,0.9657094478607178,0.007081014569848776
ZCH0699,3,PFO,PFO,0.0011296190787106752,5.020512253395282e-05,1.860288762145501e-06,0.9987738728523254,4.4445689127314836e-05
ZCH0700,1,PFO,PFO,0.0018363468116149306,0.0003072940744459629,1.5235272030622582e-06,0.9945676326751709,0.0032872322481125593
ZCH0701,2,PFO,VSD,0.24354232847690582,0.009265225380659103,0.0006550904945470393,0.08390650153160095,0.6626308560371399
ZCH0702,3,PFO,VSD,0.009013035334646702,0.00023753917776048183,1.4853138964099344e-05,0.008743965066969395,0.98199063539505
ZCH0703,0,PFO,ASD,0.9998125433921814,0.00011249224917264655,1.3318809578777291e-05,8.111500392260496e-06,5.347936166799627e-05
ZCH0704,1,PFO,ASD,0.9994214773178101,0.00014244265912566334,8.97581958270166e-06,3.817692686425289e-06,0.0004232914070598781
ZCH0705,4,PFO,ASD,0.7420087456703186,0.20474140346050262,3.267041756771505e-05,0.04822408780455589,0.004993166774511337
ZCH0706,0,PFO,PFO,0.11764047294855118,0.01458054594695568,5.2824812883045524e-05,0.8668984770774841,0.0008276929729618132
ZCH0707,3,PFO,PFO,0.00014178456331137568,8.459288801532239e-05,4.904304660158232e-07,0.9997562766075134,1.6824387785163708e-05
ZCH0708,1,PFO,NORMAL,0.24347342550754547,0.6788702011108398,0.0012376609956845641,0.07521016150712967,0.0012085679918527603
ZCH0709,2,PFO,PFO,0.0007947409758344293,0.0022215743083506823,0.00023470284941140562,0.9942817687988281,0.0024672599975019693
ZCH0710,2,PFO,VSD,0.245086669921875,0.008951799012720585,0.00036447535967454314,0.17151743173599243,0.5740796327590942
ZCH0711,4,PFO,ASD,0.9993276596069336,0.0001417217281414196,2.5018714950419962e-05,0.0005036928923800588,1.8827616941052838e-06
ZCH0712,2,PFO,PFO,0.01909814029932022,0.004197755828499794,6.037722050677985e-05,0.9761350750923157,0.0005086219171062112
ZCH0713,4,PFO,ASD,0.9746973514556885,0.000977634801529348,4.529254147200845e-05,0.024264343082904816,1.53855489770649e-05
ZCH0714,2,PFO,ASD,0.9393381476402283,0.0015638734912499785,0.0001378529705107212,0.00028242653934285045,0.058677706867456436
ZCH0715,2,PFO,NORMAL,0.0019308289047330618,0.9970911741256714,1.9092894945060834e-05,0.0005904544959776103,0.00036835717037320137
ZCH0716,2,PFO,PFO,0.13090190291404724,0.006396100856363773,0.0017047259025275707,0.8596152663230896,0.0013819463783875108
ZCH0717,0,PFO,PFO,1.2917186722916085e-05,4.0644590626470745e-05,1.5962223187671043e-05,0.999854564666748,7.595770875923336e-05
ZCH0718,3,PFO,PFO,0.0001533123286208138,4.1787337977439165e-05,1.5108333855096134e-06,0.9997835755348206,1.9808525394182652e-05
ZCH0719,0,PFO,NORMAL,0.005677566397935152,0.5933911204338074,0.0003824117302428931,0.3997824788093567,0.0007663900032639503
ZCH0720,1,PFO,PFO,0.02487548254430294,0.14741851389408112,5.798114580102265e-05,0.8262975215911865,0.0013504960807040334
ZCH0721,4,PFO,PFO,0.023973241448402405,0.012474494986236095,6.408242916222662e-05,0.9634382724761963,4.987528518540785e-05
ZCH0722,1,PFO,PFO,0.00032067447318695486,0.23533888161182404,9.496640996076167e-05,0.763843297958374,0.0004022306820843369
ZCH0723,0,PFO,NORMAL,0.009646994061768055,0.9874674677848816,6.664032116532326e-05,0.0021906637120991945,0.0006282893009483814
ZCH0724,0,PFO,ASD,0.8484598398208618,0.05573390796780586,0.00018065552285406739,0.09471186250448227,0.0009137700544670224
ZCH0725,4,PFO,ASD,0.5298164486885071,0.0005452179466374218,1.3296952374730608e-06,0.4695093035697937,0.00012770359171554446
ZCH0726,1,PFO,ASD,0.9300886392593384,0.0005821386002935469,0.0004196731897536665,0.009733673185110092,0.05917598307132721
ZCH0727,2,PFO,VSD,0.07410573214292526,0.0037162413354963064,0.0017405750695616007,0.09166630357503891,0.82877117395401
ZCH0728,0,PFO,ASD,0.9495484232902527,0.020758096128702164,3.654235115391202e-05,0.028497837483882904,0.0011590360663831234
ZCH0729,1,PFO,ASD,0.8118076324462891,0.004484755918383598,3.1223793484969065e-05,0.13179947435855865,0.05187695845961571
ZCH0730,0,PFO,ASD,0.9988369345664978,0.0009413445368409157,1.0979823855450377e-05,7.536905468441546e-05,0.00013541377848014235
ZCH0731,1,PFO,PFO,0.09709230065345764,0.001576315495185554,3.511559498292627e-06,0.9010574817657471,0.00027032196521759033
ZCH0732,1,PFO,PFO,0.04762079939246178,0.002036362187936902,3.2522668789169984e-06,0.9028887152671814,0.04745085537433624
ZCH0733,0,PFO,PFO,0.00021571089746430516,0.00010328427742933854,8.339324995176867e-05,0.9967977404594421,0.0027999330777674913
ZCH0734,3,PFO,ASD,0.9986236095428467,2.4917395421653055e-05,5.473395958688343e-08,8.96851415745914e-05,0.0012618674663826823
ZCH0735,3,PFO,PFO,0.17947378754615784,0.09052980691194534,8.494204848830123e-06,0.6913783550262451,0.03860952705144882
ZCH0736,1,PFO,PFO,0.007846013642847538,0.000299130188068375,1.004790738079464e-05,0.9788343906402588,0.013010356575250626
ZCH0737,4,PFO,PFO,3.780741462833248e-05,0.0006982836057431996,3.1864190532360226e-05,0.9937795996665955,0.0054525346495211124
ZCH0738,4,PFO,ASD,0.875952959060669,0.11534345895051956,7.705022653681226e-06,0.005789159331470728,0.002906762296333909
ZCH0739,4,PFO,ASD,0.9788782596588135,0.019806228578090668,0.00018182813073508441,0.0010710818460211158,6.257135100895539e-05
ZCH0740,4,PFO,ASD,0.6887446045875549,0.0006589543772861362,0.00014783607912249863,0.3104345500469208,1.4024409210833255e-05
ZCH0741,3,PFO,ASD,0.895996630191803,0.04940100014209747,0.00011575280950637534,0.053505782037973404,0.0009808136383071542
ZCH0742,0,PFO,NORMAL,0.001306012156419456,0.9983317255973816,3.181752617820166e-05,9.436877917323727e-06,0.0003210481663700193
ZCH0743,3,PFO,NORMAL,0.0013062860816717148,0.9962002635002136,4.215301032672869e-07,0.002464025281369686,2.8856411518063396e-05
ZCH0744,0,PFO,PFO,0.025358155369758606,0.0029323301278054714,7.365355850197375e-05,0.9714319109916687,0.0002038992097368464
ZCH0745,2,PFO,NORMAL,0.12717974185943604,0.8335164785385132,0.0029880099464207888,0.01600761152803898,0.0203082375228405
ZCH0746,3,PFO,PFO,0.012462405487895012,0.010853929445147514,1.1162876944581512e-05,0.9731205105781555,0.0035520645324140787
ZCH0747,3,PFO,PFO,0.0001139087908086367,0.00013755756663158536,1.0940796528302599e-05,0.9996252059936523,0.00011236331920372322
ZCH0748,3,PFO,ASD,0.7513344287872314,0.00031254527857527137,3.353822830831632e-05,0.0022613522596657276,0.24605819582939148
ZCH0749,4,PFO,PFO,0.00530313840135932,0.09615036100149155,0.004381220787763596,0.8931206464767456,0.001044616918079555
ZCH0750,1,PFO,PFO,0.016088800504803658,0.0004868285614065826,4.810709469893482e-06,0.9829908609390259,0.00042863734415732324
ZCH0751,3,PFO,ASD,0.757835328578949,9.889596549328417e-05,2.3891003365861252e-05,0.000953621871303767,0.24108831584453583
ZCH0752,0,PFO,PFO,0.0005803517415188253,0.00010583030962152407,3.998847751063295e-05,0.9991273283958435,0.00014654446567874402
ZCH0753,0,PFO,PFO,1.1493566489662044e-05,4.041436477564275e-05,1.4836945410934277e-05,0.9999113082885742,2.1969699446344748e-05
ZCH0754,4,PFO,NORMAL,0.2733100950717926,0.37609395384788513,2.2786331101087853e-05,0.0004994825576432049,0.3500736951828003
ZCH0755,0,VSD,PDA,0.07642119377851486,0.00091053347568959,0.9033879041671753,0.0042049698531627655,0.015075445175170898
ZCH0756,3,VSD,VSD,2.151643275283277e-05,2.772961488517467e-05,2.122574187524151e-05,1.2455581781978253e-05,0.9999170303344727
ZCH0757,3,VSD,VSD,1.60577201313572e-05,3.5998829844174907e-05,9.961621572074364e-07,1.0707311048463453e-05,0.9999362230300903
ZCH0758,3,VSD,VSD,1.569728192407638e-05,3.739597013918683e-05,3.335704604978673e-05,4.840342171519296e-06,0.9999086856842041
ZCH0759,2,VSD,VSD,0.00019835498824249953,0.0009351799380965531,2.3462900571757928e-05,0.0003254382172599435,0.9985175728797913
ZCH0760,3,VSD,VSD,2.3774668079568073e-05,2.9623628506669775e-05,0.00010447573731653392,5.461215550894849e-06,0.9998366832733154
ZCH0761,4,VSD,VSD,2.6245466870022938e-05,0.00034672129550017416,0.017809616401791573,1.442703160137171e-05,0.9818029403686523
ZCH0762,2,VSD,VSD,0.0003799352271016687,0.0011091745691373944,5.3140978707233444e-05,0.00040092782001011074,0.9980568289756775
ZCH0763,0,VSD,VSD,0.00018297664064448327,0.00016814949049148709,5.765307287219912e-05,5.0319871661486104e-05,0.9995409250259399
ZCH0764,1,VSD,VSD,0.00020525396394077688,9.581438644090667e-05,1.6272795164695708e-06,2.0667810531449504e-05,0.9996767044067383
ZCH0765,1,VSD,VSD,0.0002531860372982919,0.00016939640045166016,5.545512976823375e-06,2.1440508135128766e-05,0.9995504021644592
ZCH0766,4,VSD,VSD,2.946652784885373e-05,0.00041706819320097566,0.00010004226351156831,1.4860059309285134e-05,0.9994385838508606
ZCH0767,1,VSD,VSD,4.5607590436702594e-05,0.0002737946342676878,1.206162664857402e-06,1.8464199456502683e-05,0.9996609687805176
ZCH0768,4,VSD,VSD,0.004876246675848961,0.0002577844716142863,0.004998092073947191,8.54984755278565e-05,0.989782452583313
ZCH0769,0,VSD,VSD,0.00013491472054738551,0.00012446932669263333,0.00013572619354818016,3.1145325920078903e-05,0.9995737671852112
ZCH0770,0,VSD,VSD,0.00016705696179997176,0.0002278444735566154,9.644764213589951e-05,4.710148277808912e-05,0.9994615912437439
ZCH0771,1,VSD,VSD,0.0010370624950155616,2.7976195269729942e-05,2.0075794964213856e-06,1.2722900464723352e-05,0.998920202255249
ZCH0772,0,VSD,VSD,0.00011951178021263331,0.00022092778817750514,4.6077566366875544e-05,3.359399124747142e-05,0.9995798468589783
ZCH0773,1,VSD,VSD,0.00018067460041493177,5.352958760340698e-05,7.26989082977525e-06,2.9700013328692876e-06,0.9997555613517761
ZCH0774,2,VSD,VSD,0.00021011577337048948,0.0008211536332964897,1.8785944121191278e-05,0.0001986877032322809,0.9987512826919556
ZCH0775,4,VSD,ASD,0.9984481334686279,1.5726100173196755e-05,0.0014543572906404734,4.940767394145951e-05,3.2364077924285084e-05
ZCH0776,1,VSD,VSD,0.00012164517102064565,3.392081271158531e-05,1.3231976936367573e-06,3.1184256386040943e-06,0.9998400211334229
ZCH0777,2,VSD,VSD,3.3020249247783795e-05,8.100210106931627e-05,7.187265146058053e-05,3.6958499549655244e-05,0.9997771382331848
ZCH0778,1,VSD,VSD,0.000136496513732709,2.2396874555852264e-05,3.904536242771428e-06,1.1259857274126261e-05,0.9998260140419006
ZCH0779,2,VSD,VSD,0.00023046170827001333,0.0009687807760201395,6.644354471063707e-06,0.00022989095305092633,0.9985643029212952
ZCH0780,4,VSD,VSD,5.692079139407724e-05,0.00010838569141924381,1.3559300668930518e-06,2.8179340006317943e-05,0.9998051524162292
ZCH0781,3,VSD,VSD,0.00010739676508819684,1.625706318009179e-05,4.352246492089762e-07,2.438359661027789e-05,0.9998514652252197
ZCH0782,3,VSD,VSD,0.002539141336455941,0.0139533756300807,0.0007441221387125552,0.0015335918869823217,0.9812297821044922
ZCH0783,2,VSD,VSD,0.0006932102260179818,0.0008175482507795095,0.0002721195050980896,0.000723715522326529,0.9974933862686157
ZCH0784,4,VSD,VSD,0.0001167690206784755,0.00029343049391172826,0.00012070554657839239,0.00011514542711665854,0.9993539452552795
ZCH0785,0,VSD,VSD,0.00017480964015703648,0.00019353890093043447,5.625904304906726e-05,3.0566719942726195e-05,0.9995447993278503
ZCH0786,3,VSD,VSD,1.8503207684261724e-05,3.0792027246207e-05,3.769894192373613e-07,6.233560270629823e-06,0.9999440908432007
ZCH0787,4,VSD,VSD,0.00015663211524952203,0.0006486508063971996,0.06638563424348831,0.0001612743508303538,0.9326477646827698
ZCH0788,0,VSD,VSD,0.00019823525508400053,0.0002637910074554384,0.00012766809959430248,7.74878790252842e-05,0.999332845211029
ZCH0789,3,VSD,VSD,0.013959878124296665,0.0035287514328956604,0.09693486243486404,7.044991798466071e-05,0.8855060935020447
ZCH0790,2,VSD,VSD,4.481160794966854e-05,0.0005602448363788426,0.0001877333124866709,8.687048102729023e-05,0.99912029504776
ZCH0791,4,VSD,VSD,0.00016430123650934547,0.00013379806478042156,0.005566442850977182,4.220617029204732e-06,0.9941312670707703
ZCH0792,4,VSD,VSD,3.9378428482450545e-05,0.0002892435877583921,4.5539629354607314e-05,3.814388401224278e-05,0.9995877146720886
ZCH0793,3,VSD,VSD,2.848494659701828e-05,3.251994348829612e-05,1.4397226095752558e-06,2.0310850231908262e-05,0.9999172687530518
ZCH0794,0,VSD,VSD,0.00048276447341777384,0.0005698501481674612,0.00012959589366801083,9.447834599995986e-05,0.9987233281135559
ZCH0795,2,VSD,VSD,0.001367109944112599,0.001562998746521771,3.3119133604486706e-06,0.00010961035877699032,0.9969569444656372
ZCH0796,3,VSD,VSD,1.5662904843338765e-05,8.906296716304496e-05,2.5951710540539352e-06,1.3560234037868213e-05,0.9998791217803955
ZCH0797,3,VSD,VSD,3.5453525924822316e-05,0.0005089927581138909,0.004128373693674803,5.571064320974983e-06,0.9953215718269348
ZCH0798,2,VSD,VSD,0.0008829639991745353,0.0008396994089707732,8.455494389636442e-05,0.0012608146062120795,0.9969319105148315
ZCH0799,2,VSD,VSD,0.00036406313301995397,0.0001544902625028044,9.786985901882872e-05,0.00016751889779698104,0.9992160797119141
ZCH0800,0,VSD,VSD,0.00020460732048377395,0.00020033723558299243,8.239563612733036e-05,5.872433030162938e-05,0.9994539618492126
ZCH0801,3,VSD,VSD,1.045667340804357e-05,9.725846211949829e-06,1.821277692215517e-05,0.00020178162958472967,0.9997598528862
ZCH0802,2,VSD,ASD,0.9997437596321106,0.00018660808564163744,1.3349415894481353e-05,1.754895129124634e-05,3.876584014506079e-05
ZCH0803,1,VSD,ASD,0.6511496901512146,0.3130209147930145,0.0030727963894605637,0.02934582717716694,0.003410802688449621
ZCH0804,4,VSD,VSD,3.583957368391566e-05,6.31069196970202e-05,1.8471296243660618e-06,1.752342541294638e-05,0.9998816251754761
ZCH0805,1,VSD,ASD,0.9976861476898193,0.0002976595133077353,0.0006250428268685937,2.5067844035220332e-05,0.0013660858385264874
ZCH0806,1,VSD,VSD,0.04575081914663315,0.000878974562510848,0.09091977030038834,8.165988401742652e-05,0.8623688220977783
ZCH0807,4,VSD,PDA,0.003984443843364716,0.0012242633383721113,0.7112570405006409,6.209895946085453e-05,0.2834721505641937
ZCH0808,3,VSD,VSD,6.9649704528274015e-06,4.217206878820434e-06,4.687154159910278e-06,2.1920630388194695e-05,0.9999622106552124
ZCH0809,0,VSD,VSD,0.0002994488750118762,4.801739487447776e-05,0.0001401411573169753,0.0001458241167711094,0.9993665814399719
ZCH0810,3,VSD,PDA,0.00016851478721946478,9.391208732267842e-05,0.9935415983200073,0.0008359037456102669,0.005360020324587822
ZCH0811,4,VSD,VSD,0.00014963230933062732,0.0005350039573386312,1.4250066669774242e-05,9.370280895382166e-05,0.9992074370384216
ZCH0812,0,VSD,PFO,0.006093258503824472,0.026306817308068275,9.134293213719502e-05,0.9674198627471924,8.872057514963672e-05
ZCH0813,2,VSD,PFO,0.027605626732110977,0.05611991882324219,0.0003322174889035523,0.5364864468574524,0.3794557452201843
ZCH0814,1,VSD,VSD,0.011259892024099827,7.489272684324533e-05,4.7512455125797715e-07,6.466045306297019e-05,0.9886000752449036
ZCH0815,3,VSD,ASD,0.9591472744941711,0.000430729502113536,1.2594141480803955e-05,0.034982580691576004,0.005426861811429262
ZCH0816,3,VSD,VSD,2.936028249678202e-05,3.195866520400159e-05,1.0065314199891873e-06,9.718886758491863e-06,0.9999279975891113
ZCH0817,2,VSD,NORMAL,0.0007183448760770261,0.8770691752433777,8.31069155537989e-06,0.00017668450891505927,0.1220274567604065
ZCH0818,3,VSD,ASD,0.9239780306816101,0.00019242132839281112,1.9564527065085713e-06,0.07527672499418259,0.0005508943577297032
ZCH0819,4,VSD,ASD,0.925905168056488,0.0006429763743653893,5.00931782880798e-05,0.0012270794250071049,0.07217473536729813
ZCH0820,0,VSD,VSD,0.0041544935666024685,0.00020235915144439787,0.0001000196352833882,0.0019805070478469133,0.9935625791549683
ZCH0821,1,VSD,VSD,0.00015399283438455313,1.1050979082938284e-05,2.509650300908106e-07,2.63611782429507e-05,0.9998083710670471
ZCH0822,1,VSD,VSD,0.08273176103830338,0.00279973354190588,0.022888634353876114,1.8820503100869246e-05,0.8915610909461975
ZCH0823,4,VSD,VSD,0.000536383013240993,0.0013411026448011398,0.04211290925741196,0.007945142686367035,0.9480644464492798
ZCH0824,1,VSD,VSD,0.0007750914664939046,0.00028146663680672646,1.5359689768956741e-06,9.95864684227854e-06,0.9989319443702698
ZCH0825,2,VSD,VSD,0.25356781482696533,0.020282918587327003,0.00425820704549551,0.036522798240184784,0.6853682994842529
ZCH0826,3,VSD,VSD,3.794671647483483e-05,8.90659157448681e-06,6.759883603990602e-07,1.7278899804296088e-06,0.9999507665634155
ZCH0827,4,VSD,VSD,0.012366079725325108,0.0005514881340786815,0.0013390713138505816,8.4376719314605e-05,0.9856589436531067
ZCH0828,4,VSD,VSD,7.728423224762082e-05,0.00023043238616082817,2.171525738958735e-05,4.303659352444811e-06,0.9996662139892578
ZCH0829,0,VSD,VSD,0.05893329903483391,0.0004322937747929245,0.0002996939583681524,0.0418621227145195,0.8984725475311279
ZCH0830,1,VSD,ASD,0.9309623837471008,0.0005954409134574234,0.000728284998331219,0.0030444881413131952,0.06466946750879288
ZCH0831,2,VSD,VSD,0.0003864034661091864,0.0006025908514857292,5.505098670255393e-05,0.0002909948234446347,0.9986649751663208
ZCH0832,0,VSD,VSD,0.00016865498037077487,0.00014960809494368732,8.932527271099389e-05,3.9601050957571715e-05,0.9995527863502502
ZCH0833,0,VSD,VSD,9.089789091376588e-05,0.0002091117057716474,7.298315176740289e-05,2.1794261556351557e-05,0.9996052384376526
ZCH0834,0,VSD,VSD,0.0041813659481704235,0.08795282244682312,0.004245081916451454,6.025189213687554e-05,0.9035605192184448
ZCH0835,4,VSD,VSD,0.00016720181156415492,0.0004119729856029153,0.0038276982959359884,1.3154161933925934e-05,0.9955800175666809
ZCH0836,0,VSD,VSD,7.289175118785352e-05,0.00015341148537117988,7.128447759896517e-05,7.049713167361915e-05,0.9996318817138672
ZCH0837,3,VSD,VSD,1.758456892275717e-05,3.012603883689735e-05,1.8099824501405237e-06,6.434667739085853e-06,0.9999440908432007
ZCH0838,1,VSD,VSD,0.0001428285031579435,8.411274757236242e-05,2.412944013485685e-06,2.8327242034720257e-05,0.999742329120636
ZCH0839,2,VSD,VSD,9.254737960873172e-05,0.0004293314996175468,1.584223355166614e-05,0.00014826508413534611,0.9993140697479248
ZCH0840,2,VSD,VSD,2.40720619331114e-05,0.00014326754899229854,1.3298368685354944e-05,0.0001188424212159589,0.9997005462646484
ZCH0841,4,VSD,VSD,2.0629055143217556e-05,0.00019545033865142614,1.2293960025999695e-05,9.316884643340018e-06,0.9997623562812805
ZCH0842,1,VSD,VSD,0.0001323863834841177,0.00012111103569623083,5.360132854548283e-05,3.530783214955591e-05,0.9996576309204102
ZCH0843,4,VSD,PFO,0.018058184534311295,0.0009647120023146272,0.0013451757840812206,0.9790821075439453,0.0005497924867086112
ZCH0844,0,VSD,VSD,4.266509131412022e-05,7.539679063484073e-05,7.082940282998607e-05,0.02090156450867653,0.9789095520973206
ZCH0845,2,VSD,VSD,0.003494065022096038,0.003006608923897147,0.00031397270504385233,0.0011995257809758186,0.9919857978820801
ZCH0846,2,VSD,NORMAL,0.24563758075237274,0.684041440486908,0.0024270007852464914,0.0008166594197973609,0.06707733124494553
ZCH0847,2,VSD,ASD,0.7714929580688477,0.004246358759701252,0.0002367712586419657,0.02282124012708664,0.2012026458978653
ZCH0848,3,VSD,ASD,0.9606767296791077,0.003171826945617795,0.01828686334192753,0.01697983220219612,0.0008848311263136566
ZCH0849,2,VSD,VSD,0.019156716763973236,0.012382669374346733,0.00020155409583821893,0.0067865862511098385,0.9614725112915039
ZCH0850,0,VSD,VSD,6.44038591417484e-05,0.0032477157656103373,0.00022254776558838785,2.180233241233509e-05,0.9964435696601868
ZCH0851,4,VSD,VSD,4.0312312194146216e-05,0.00013032036076765507,6.378664693329483e-05,2.594384568510577e-05,0.9997395873069763
ZCH0852,3,VSD,VSD,9.871733709587716e-06,0.008153500035405159,1.5695211175170698e-07,1.6685787613823777e-06,0.9918347597122192
ZCH0853,1,VSD,NORMAL,0.03292101249098778,0.9591420292854309,1.2909933502669446e-05,0.003659382462501526,0.0042645810171961784
ZCH0854,4,VSD,VSD,4.414361319504678e-05,0.00013821592438034713,1.2125939292673138e-06,0.00013441572082228959,0.9996820688247681
ZCH0855,0,VSD,NORMAL,0.004003850743174553,0.6437337398529053,0.3389609754085541,0.0004158003721386194,0.01288562547415495
ZCH0856,2,VSD,VSD,9.266454435419291e-05,0.0005415353807620704,0.0002936644887086004,0.0001404284848831594,0.9989317059516907
ZCH0857,3,VSD,VSD,1.7028782167471945e-05,3.0504192181979306e-05,1.1974509561696323e-06,6.051403943274636e-06,0.9999451637268066
ZCH0858,1,VSD,VSD,5.2661758672911674e-05,0.0006339678075164557,1.978799446078483e-05,5.13256372869364e-06,0.9992884397506714
ZCH0859,3,VSD,VSD,0.00016964145470410585,5.9246012824587524e-05,1.8665756442715065e-06,4.935713150189258e-05,0.9997199177742004
ZCH0860,0,VSD,VSD,0.0009026200859807432,0.000503482180647552,0.01727633737027645,0.00014541661948896945,0.9811721444129944
ZCH0861,4,VSD,VSD,0.0005960993585176766,0.00027466408209875226,9.774005593499169e-05,1.0387308066128753e-05,0.999021053314209
ZCH0862,0,VSD,NORMAL,0.001884835190139711,0.8792219161987305,0.0004421125340741128,5.6694112572586164e-05,0.11839447170495987
ZCH0863,0,VSD,NORMAL,0.003330033039674163,0.9842860102653503,0.0001478643825976178,0.00022531411377713084,0.012010861188173294
ZCH0864,2,VSD,VSD,0.00034194212639704347,0.003062780946493149,0.0003240581136196852,0.00011937575618503615,0.996151864528656
ZCH0865,4,VSD,VSD,0.044635456055402756,0.18587253987789154,0.01716422289609909,0.0011919597163796425,0.7511358261108398
ZCH0866,3,VSD,VSD,2.2562693629879504e-05,1.975212580873631e-05,5.195492462917173e-07,9.340802535007242e-06,0.9999477863311768
ZCH0867,1,VSD,NORMAL,0.06554603576660156,0.6982707977294922,0.0026663020253181458,0.01685432344675064,0.2166624814271927
ZCH0868,1,VSD,VSD,0.001808133558370173,0.011835163459181786,4.794191409018822e-05,0.0001113319958676584,0.9861974120140076
ZCH0869,4,VSD,VSD,7.704760355409235e-05,0.0006265272968448699,4.148375228396617e-05,3.067376383114606e-05,0.9992243051528931
ZCH0870,0,VSD,PFO,0.00010830728569999337,0.0004745893820654601,9.586525266058743e-06,0.9993658661842346,4.1659997805254534e-05
ZCH0871,0,VSD,VSD,0.00015382430865429342,0.0012282541720196605,3.087269578827545e-05,1.9500266716931947e-05,0.9985674619674683
ZCH0872,2,VSD,VSD,0.00011093089415226132,0.0003630414721556008,4.301803073758492e-06,0.00018572343105915934,0.9993359446525574
ZCH0873,1,VSD,ASD,0.9706826210021973,0.02602207474410534,0.000524826580658555,0.0015752299223095179,0.0011951737105846405
ZCH0874,1,VSD,ASD,0.6507206559181213,0.24775440990924835,0.0001878019393188879,0.009662119671702385,0.09167499095201492
ZCH0875,2,VSD,PFO,0.029717205092310905,0.0023208532948046923,7.655029548914172e-06,0.9674646258354187,0.0004897401668131351
ZCH0876,2,VSD,PFO,0.014299866743385792,0.00027030453202314675,1.0166969332203735e-05,0.9853175282478333,0.0001022361102513969
ZCH0877,1,VSD,VSD,0.29772529006004333,0.27240198850631714,0.00016253931971732527,0.040752578526735306,0.388957679271698
ZCH0878,1,VSD,NORMAL,0.0002975854731630534,0.9994603991508484,8.907004485081416e-06,2.9167451430112123e-05,0.00020386575488373637
ZCH0879,1,VSD,NORMAL,0.00039290328277274966,0.8298323750495911,0.10824999958276749,0.0002248926175525412,0.061299849301576614
ZCH0880,0,VSD,VSD,0.0002080084232147783,0.00030939330463297665,0.0011190228397026658,5.192149183130823e-05,0.9983116388320923
ZCH0881,0,VSD,VSD,0.00033317343331873417,0.0002926258312072605,1.853129651863128e-05,2.300253981957212e-05,0.99933260679245
ZCH0882,4,VSD,VSD,0.00011916759831365198,0.00013014850264880806,1.1021247701137327e-05,1.7562816765348543e-06,0.9997379183769226
ZCH0883,2,VSD,VSD,0.04243007302284241,0.005208548624068499,3.439070133026689e-05,0.009626650251448154,0.9427003860473633
ZCH0884,3,VSD,VSD,6.176941496960353e-06,1.8534743503551e-05,1.1367031220288482e-05,4.994513346900931e-06,0.999958872795105
ZCH0885,3,VSD,NORMAL,1.1491033546917606e-05,0.9998786449432373,4.386944567613682e-07,3.8314698031172156e-05,7.11621978553012e-05
ZCH0886,2,VSD,ASD,0.5002448558807373,0.001895518391393125,0.0007171496981754899,0.46030712127685547,0.03683532401919365
ZCH0887,4,VSD,ASD,0.6124252676963806,0.007585885468870401,0.025264082476496696,0.33369073271751404,0.021034013479948044
ZCH0888,2,VSD,VSD,9.57349911914207e-05,0.00041917641647160053,2.8820399165851995e-05,0.000131605367641896,0.9993246793746948
ZCH0889,4,VSD,VSD,3.819874473265372e-05,0.0004080088983755559,1.1551331226655748e-05,6.88246582285501e-05,0.9994733929634094
ZCH0890,0,VSD,VSD,0.0004937403718940914,0.00027686209068633616,0.00017637506243772805,0.00013778652646578848,0.9989151954650879
ZCH0891,1,VSD,VSD,0.000756611698307097,0.0003262943937443197,2.7844636861118488e-05,3.356735032866709e-05,0.998855710029602
ZCH0892,0,VSD,VSD,9.16923163458705e-05,0.00015577010344713926,0.0001594154309714213,4.0723822166910395e-05,0.9995524287223816
ZCH0893,0,VSD,VSD,0.00011552624346222728,0.00024666357785463333,4.663548679673113e-05,3.887617276632227e-05,0.999552309513092
ZCH0894,1,VSD,VSD,0.0021921400912106037,0.00014140817802399397,4.8067173338495195e-05,0.00015749743033666164,0.9974608421325684
ZCH0895,1,VSD,VSD,0.0003864147001877427,0.00015740901289973408,2.134562691935571e-06,6.487056816695258e-05,0.9993891716003418
ZCH0896,0,VSD,VSD,0.003453594632446766,0.3238181471824646,0.0019349026260897517,0.00354694458656013,0.6672464609146118
ZCH0897,4,VSD,VSD,0.00010033976286649704,0.0005383762181736529,0.00015503325266763568,0.00017588875198271126,0.999030351638794
ZCH0898,4,VSD,PFO,0.3396201729774475,0.03462617099285126,0.0008662913460284472,0.5843417644500732,0.04054562374949455
ZCH0899,1,VSD,VSD,0.0009191711433231831,0.00011677933798637241,6.030282293068012e-06,0.0008282270282506943,0.9981297850608826
ZCH0900,3,VSD,ASD,0.7197537422180176,0.0001442882203264162,2.548838165239431e-05,0.2796901762485504,0.00038627820322290063
ZCH0901,3,VSD,VSD,7.40705436328426e-05,2.4028546249610372e-05,4.480765767311823e-07,2.8986239613004727e-06,0.9998985528945923
ZCH0902,0,VSD,VSD,0.0004279606800992042,0.0005049847532063723,0.00015633906878065318,0.004717378877103329,0.9941933751106262
ZCH0903,4,VSD,VSD,0.0008246447541750968,0.00019318709382787347,0.00026868662098422647,6.00160001340555e-06,0.9987075328826904
ZCH0904,3,VSD,VSD,1.617767702555284e-05,6.55605981592089e-05,1.7092075950131402e-06,9.751815014169551e-06,0.9999067783355713
ZCH0905,3,VSD,VSD,1.952405000338331e-05,2.6095514840562828e-05,3.475867629276763e-07,4.574547347147018e-06,0.9999494552612305
ZCH0906,1,VSD,ASD,0.9955242872238159,0.0006969129317440093,8.233703556470573e-05,0.0005091129569336772,0.003187414025887847
ZCH0907,4,VSD,VSD,0.00021305946575012058,0.0017411961453035474,0.24565283954143524,2.187504287576303e-05,0.752371072769165
ZCH0908,1,VSD,NORMAL,6.793039938202128e-05,0.9995813965797424,0.0001401231565978378,4.648204776458442e-05,0.00016411331307608634
ZCH0909,3,VSD,ASD,0.9952226281166077,0.0002311539719812572,0.003472854383289814,0.0002697723393794149,0.0008037194493226707
ZCH0910,4,VSD,ASD,0.5881695747375488,0.26437288522720337,0.11281952261924744,0.0007503567612729967,0.03388761356472969
ZCH0911,2,VSD,VSD,0.0001441731146769598,0.0006990435067564249,6.205825775396079e-05,0.00014404476678464562,0.9989506006240845
ZCH0912,3,VSD,PDA,5.111711288918741e-05,0.0001593579218024388,0.9024149179458618,2.0771420167875476e-05,0.09735378623008728
ZCH0913,0,VSD,VSD,0.0006252732127904892,0.0007655394729226828,0.00011659081792458892,0.0005000709788873792,0.9979925155639648
ZCH0914,0,VSD,VSD,9.205220703734085e-05,0.0001365545322187245,3.180750718456693e-05,2.2697768145008013e-05,0.9997168183326721
ZCH0915,1,VSD,NORMAL,0.007628592662513256,0.988311231136322,0.0005137817352078855,3.592893699533306e-05,0.0035103927366435528
ZCH0916,3,VSD,VSD,2.520849920983892e-05,2.1884443413000554e-05,1.0247945283481386e-06,8.123426596284844e-06,0.999943733215332
ZCH0917,0,VSD,VSD,0.00043186606490053236,0.0005965250311419368,0.0028210850432515144,0.00010564475815044716,0.9960448145866394
ZCH0918,3,VSD,VSD,2.0548075553961098e-05,4.205220830044709e-05,3.63294493581634e-05,7.415283107548021e-06,0.9998936653137207
ZCH0919,4,VSD,VSD,1.4208674656401854e-05,6.115678115747869e-05,0.00011900908430106938,5.459693511511432e-06,0.9998001456260681
ZCH0920,1,VSD,PDA,0.053097210824489594,0.017265906557440758,0.7141097187995911,0.21433790028095245,0.0011892591137439013
ZCH0921,0,VSD,VSD,0.0020877018105238676,0.3996139168739319,0.00011965286830672994,0.0006074255215935409,0.5975713133811951
ZCH0922,3,VSD,VSD,6.279724766500294e-05,1.2397379578032997e-05,3.1417878290085355e-06,4.910186817141948e-06,0.9999167919158936
ZCH0923,2,VSD,VSD,0.011410672217607498,0.0006540928734466434,0.00037990184500813484,0.0008163484744727612,0.9867390394210815
ZCH0924,4,VSD,VSD,0.0026903494726866484,0.0005787864211015403,0.0013110953150317073,9.234174285666086e-06,0.9954105019569397
ZCH0925,1,VSD,VSD,0.003272388596087694,0.00032702687894925475,3.2594380172668025e-05,5.8821042330237105e-05,0.9963091015815735
ZCH0926,2,VSD,VSD,0.0007865562220104039,0.0012949836673215032,6.172879511723295e-05,0.00016160232189577073,0.9976951479911804
ZCH0927,2,VSD,NORMAL,0.0002716805029194802,0.9985079169273376,1.6607011275482364e-05,0.0011173617094755173,8.63997993292287e-05
ZCH0928,4,VSD,VSD,0.00029406059184111655,0.0001010596242849715,8.791690925136209e-05,2.5683295916678617e-06,0.9995143413543701
ZCH0929,2,VSD,VSD,8.843310934025794e-05,0.0005896167713217437,4.172424723947188e-06,3.9201036997837946e-05,0.9992786049842834
ZCH0930,4,VSD,VSD,0.001090677222236991,0.0024350497405976057,0.06663775444030762,4.7893008741084486e-05,0.9297886490821838
ZCH0931,1,VSD,VSD,0.0001821312471292913,8.212339162128046e-05,4.372876355773769e-05,1.2541412615973968e-05,0.999679446220398
ZCH0932,3,VSD,VSD,1.0333927093597595e-05,2.6361038180766627e-05,9.047346975421533e-05,4.882528173766332e-06,0.9998679161071777
ZCH0933,3,VSD,NORMAL,0.0014796927571296692,0.9982048273086548,0.00023681453603785485,5.246249656920554e-06,7.344208279391751e-05
ZCH0934,4,VSD,VSD,0.032507430762052536,0.007847673259675503,0.001136656035669148,1.6468462490593083e-05,0.9584918022155762
ZCH0935,0,VSD,VSD,0.00019915711891371757,0.00032727167126722634,0.00018954910046886653,2.925166700151749e-05,0.9992547631263733
ZCH0936,0,VSD,VSD,0.0004210668266750872,0.00035003936500288546,0.0036571617238223553,9.157131717074662e-05,0.9954801797866821
ZCH0937,2,VSD,VSD,0.00010574612679192796,0.000679067219607532,8.023736882023513e-06,0.00017346937966067344,0.9990336894989014
ZCH0938,1,VSD,NORMAL,0.00010275949898641557,0.9993035793304443,3.4302345738979056e-05,0.0001001677374006249,0.0004591321630869061
ZCH0939,1,VSD,ASD,0.4178446829319,0.28382161259651184,0.2970525920391083,0.00018459605053067207,0.0010965680703520775
ZCH0940,2,VSD,VSD,0.0003189279232174158,0.006563895381987095,0.00017710376414470375,5.9384885389590636e-05,0.9928807020187378
ZCH0941,2,VSD,NORMAL,7.697238470427692e-05,0.9588225483894348,3.7154825349716702e-06,1.8205171727458946e-05,0.04107854142785072
