split_seed,fold,file_id,true_label,pred_label,locked_conditional_beta,flat_prob_ASD,flat_prob_NORMAL,flat_prob_PDA,flat_prob_PFO,flat_prob_VSD,curriculum_prob_ASD,curriculum_prob_NORMAL,curriculum_prob_PDA,curriculum_prob_PFO,curriculum_prob_VSD,final_prob_ASD,final_prob_NORMAL,final_prob_PDA,final_prob_PFO,final_prob_VSD
20268020,0,NORMAL/ZCH0136.wav,NORMAL,NORMAL,0.75,0.0383281080339481,0.8833444278934215,0.024849728112218465,0.02766147971788513,0.02581625624252685,0.059660955686565514,0.8710311294255462,0.027129491084750126,0.025129830345300374,0.017048593457837904,0.05005564800928292,0.8833444278934215,0.024616909922730756,0.023963290424633868,0.018019723749930962
20268020,0,NORMAL/ZCH0341.wav,NORMAL,NORMAL,0.75,0.058372087705946596,0.852578177064652,0.020963760998236936,0.0525644998328667,0.015521474398297774,0.05993792360561056,0.845862082585095,0.02396739991537915,0.06003468312585052,0.010197910768064871,0.057587754058719354,0.852578177064652,0.02243325985756389,0.05620526472761303,0.011195544291451738
20268020,0,VSD/ZCH0862.wav,VSD,VSD,0.75,0.11809652375252233,0.2466729828900266,0.08583503567466247,0.033716795557821304,0.5156786621249673,0.20160721018763894,0.13491304012596722,0.21430546319690946,0.050601550032969546,0.39857273645651486,0.16119542410555315,0.2466729828900266,0.16142338342647833,0.04147747887366814,0.3892307307042738
20268020,0,NORMAL/ZCH0017.wav,NORMAL,NORMAL,0.75,0.05668560282858248,0.8427027711726083,0.023522028737321836,0.04145827826599901,0.0356313189954884,0.03445835411039813,0.8699341236270096,0.02959776947409776,0.045609812183782496,0.020399940604712084,0.04542596817710435,0.8427027711726083,0.03272640586030135,0.051733781445369297,0.027411073344616718
20268020,0,VSD/ZCH0769.wav,VSD,VSD,0.75,0.02653000657356063,0.018488730174924,0.019629479690857835,0.022688560531878683,0.9126632230287789,0.04386994637887132,0.03298043708723783,0.03980155356707974,0.038194867776840453,0.8451531951899707,0.04002803604792665,0.018488730174924,0.0352058831696689,0.03474758075243948,0.8715297698550409
20268020,0,NORMAL/ZCH0431.wav,NORMAL,NORMAL,0.75,0.09012752903881058,0.7924678590802199,0.03840193071628072,0.024171529783052592,0.054831151381636245,0.10957314754059604,0.7293514172442997,0.06135541828149576,0.026315376692899482,0.07340464024070888,0.08554703736845384,0.7924678590802199,0.044885781007643975,0.0211767686329232,0.05592255391075912
20268020,0,NORMAL/ZCH0301.wav,NORMAL,NORMAL,0.75,0.028587334420135,0.8981383172565973,0.021301069598451104,0.03121626019345898,0.020757018531357443,0.020516553226588657,0.9066150343178141,0.025403550600070334,0.032396367758076985,0.01506849409744996,0.02393099115508762,0.8981383172565973,0.02610737396953006,0.03430684719192559,0.01751647042685942
20268020,0,NORMAL/ZCH0105.wav,NORMAL,NORMAL,0.75,0.017758708270597154,0.9357911645779409,0.018802489194927906,0.01346628411084242,0.01418135384569171,0.013865702093684254,0.9585750663178334,0.014669651914380076,0.007242101427897183,0.005647478246205096,0.020558603000799536,0.9357911645779409,0.02175414263800812,0.011785538616074443,0.010110551167177035
20268020,0,NORMAL/ZCH0523.wav,NORMAL,NORMAL,0.75,0.10090189543508296,0.7914729007875322,0.03479567201286773,0.058509947692437114,0.014319584072080008,0.1413922267717289,0.6856965054882479,0.10635478768652348,0.05467066141547641,0.0118858186380233,0.09558130368903126,0.7914729007875323,0.061620351627619536,0.04183124372838881,0.009494200167428236
20268020,0,VSD/ZCH0917.wav,VSD,VSD,0.75,0.16467750073155413,0.02222107961741257,0.08673792364942726,0.014749080259169892,0.7116144157424362,0.058408210836443625,0.04018216622754101,0.12064530315523875,0.020199053075507366,0.7605652667052692,0.0857952786540742,0.02222107961741257,0.11386168640721071,0.019120048776009584,0.7590019065452929
20268020,0,VSD/ZCH0794.wav,VSD,VSD,0.75,0.13737350180952146,0.011487080832312228,0.03752998868411116,0.011647186149879,0.8019622425241761,0.0742604609528668,0.05103835682185704,0.0823880025885298,0.026548478708337788,0.7657647009284086,0.09236001835067197,0.011487080832312228,0.0737488539637233,0.02365303068752616,0.7987510161657664
20268020,0,VSD/ZCH0809.wav,VSD,VSD,0.75,0.033167408212631595,0.013504346857235658,0.015257412647221984,0.02555392356617016,0.9125169087167406,0.031331265636667716,0.0599305529413125,0.02447436037367728,0.041566412934147076,0.8426974081141955,0.032950794103721426,0.013504346857235658,0.02307664027071859,0.03910288763396805,0.8913653311343562
20268020,0,PFO/ZCH0753.wav,PFO,PFO,0.75,0.337704441044126,0.18091550824844962,0.022915303759609464,0.24633762420258332,0.21212712274523163,0.20437634155053647,0.10949721389075007,0.026579836012126726,0.49875619912931585,0.1607904094172709,0.22541513448663206,0.18091550824844962,0.02406492646404049,0.4056513822389031,0.16395304856197476
20268020,0,NORMAL/ZCH0287.wav,NORMAL,NORMAL,0.75,0.0437070700809493,0.8808274998899125,0.0226253823254979,0.030440501758257982,0.022399545945382338,0.05596119444315395,0.87800482452683,0.022942083798591344,0.029378611934937852,0.01371328529648688,0.05192655762507691,0.8808274998899125,0.022464789891214563,0.029134271499876872,0.015646881093919172
20268020,0,ASD/ZCH0628.wav,ASD,PFO,0.75,0.3821019955230076,0.0958768875008078,0.05053599333903271,0.3115367585192252,0.1599483651179267,0.2590646677805425,0.038225234129981536,0.11977888047680452,0.45895033832991416,0.12398087928275729,0.2781771669876029,0.09587688750080782,0.09708323068469983,0.40146380236640083,0.12739891246048862
20268020,0,NORMAL/ZCH0447.wav,NORMAL,NORMAL,0.75,0.06971606559545121,0.8735924119425114,0.0239894170523471,0.019667279707996987,0.013034825701693408,0.07596577417724423,0.8803968431504285,0.030227593760833917,0.008654055933947694,0.004755732977545498,0.0776447156011601,0.8735924119425114,0.02995782479373336,0.011776620075716091,0.007028427586879089
20268020,0,NORMAL/ZCH0354.wav,NORMAL,NORMAL,0.75,0.02142133535491247,0.9129342555837858,0.025956786175075405,0.021241947227196873,0.018445675659029565,0.04773293174076964,0.8967293090557376,0.03404230501715089,0.011316906355864433,0.010178547830477348,0.03553744454103876,0.9129342555837858,0.02801455819910358,0.012466303723626953,0.01104743795244488
20268020,0,NORMAL/ZCH0164.wav,NORMAL,NORMAL,0.75,0.11175434141961962,0.7752980896859624,0.023981955406310176,0.037539256950305785,0.051426356537802045,0.07719018739354906,0.8359170019502093,0.03427781577383212,0.04269625204847178,0.00991874283393752,0.10721911458849649,0.7752980896859624,0.04120156189381084,0.05323729825132236,0.023043935580407952
20268020,0,NORMAL/ZCH0497.wav,NORMAL,NORMAL,0.75,0.036927589535475785,0.8952152529257806,0.018473498377433846,0.008550862139750296,0.040832797021559425,0.05394795292589753,0.9155840603990943,0.011950035824411495,0.00524415253773402,0.013273798312862649,0.05945572918539949,0.8952152529257806,0.01574347863847122,0.007019855091900959,0.02256568415844769
20268020,0,ASD/ZCH0649.wav,ASD,NORMAL,0.75,0.13732421496597674,0.7533466862092073,0.01962590480234387,0.03085060962987906,0.058852584392592985,0.15778708175172804,0.7559568136624796,0.018785703981201104,0.020747971966473985,0.04672242863811753,0.15393705618162104,0.7533466862092073,0.01914644395504653,0.023440061509023755,0.050129752145101375
20268020,0,NORMAL/ZCH0470.wav,NORMAL,NORMAL,0.75,0.03353615638330594,0.8895492819372667,0.020825448215047872,0.02877904708338202,0.02731006638099748,0.028359212345657157,0.9069510060786079,0.025887461847168364,0.027135965991329013,0.01166635373723751,0.03363118499659947,0.8895492819372667,0.02825300094802737,0.031352897201091766,0.01721363491701471
20268020,0,VSD/ZCH0881.wav,VSD,VSD,0.75,0.042508284639875965,0.07278558122411048,0.02838008496120215,0.017693595317963273,0.8386324538568481,0.01821343210692405,0.07636194104357476,0.05501356150112631,0.020226373238031628,0.8301846921103432,0.02434003753882554,0.07278558122411048,0.04851495323429899,0.019651916692079087,0.834707511310686
20268020,0,ASD/ZCH0576.wav,ASD,VSD,0.75,0.1413630349802007,0.05764047219999719,0.09032976409765725,0.2512122474175227,0.4594544813046222,0.07547897357308639,0.04783571650410664,0.24482833896285194,0.30680897550170994,0.32504799545824514,0.09136706465258743,0.0576404721999972,0.2043128854677922,0.29054030711504136,0.3561392705645819
20268020,0,VSD/ZCH0812.wav,VSD,NORMAL,0.75,0.14904599441807426,0.4810935707631986,0.02230841971422207,0.3309141511307746,0.016637863973730432,0.06519739881637379,0.323275654268705,0.02315525170772888,0.5819490760029139,0.006422619204278491,0.07475610364060532,0.4810935707631985,0.01889354136703544,0.41740371120947445,0.007853073019686078
20268020,0,ASD/ZCH0593.wav,ASD,NORMAL,0.75,0.09165878887773721,0.7120785643500871,0.029479254150501323,0.13325188294736892,0.033531509674305564,0.2505482279844782,0.4822216009796989,0.054393969959253934,0.17982231243574176,0.03301388864082711,0.12740660771240794,0.7120785643500872,0.030054986312792485,0.10830842022307499,0.02215142140163748
20268020,0,NORMAL/ZCH0159.wav,NORMAL,NORMAL,0.75,0.023651807371939105,0.9163044687608951,0.018298636256183783,0.02243123170592456,0.019313855905057502,0.02436150310822884,0.921040640156697,0.025243676610019722,0.015905767761174246,0.013448412363880334,0.025280025124157494,0.9163044687608951,0.024643048630178178,0.018252683263418928,0.015519774221350303
20268020,0,VSD/ZCH0935.wav,VSD,VSD,0.75,0.030148535406832055,0.03678359534741099,0.043730030220060875,0.019222232211209708,0.8701156068144864,0.024334181984079148,0.04799996769770376,0.07459152778096667,0.043170651638904364,0.809903670898346,0.02600279757457204,0.03678359534741099,0.06753527601787807,0.037565021115192415,0.8321133099449465
20268020,0,NORMAL/ZCH0392.wav,NORMAL,NORMAL,0.75,0.012582379028206182,0.9439333408301349,0.012626301001342287,0.01770757553293222,0.013150403607384453,0.005160151210887392,0.9761833710713087,0.006776252723536706,0.008474652774717652,0.003405572219549557,0.012256217845399148,0.943933340830135,0.015120543357563793,0.019389511077893523,0.009300386889008624
20268020,0,PDA/ZCH0657.wav,PDA,VSD,0.75,0.040370420911453465,0.02130886742156298,0.2881812271079728,0.017615954366933743,0.6325235301920771,0.024674331747371124,0.03216256476539335,0.47821465784401246,0.04051356319608618,0.42443488244713695,0.028805884548576754,0.02130886742156298,0.4347284610410529,0.03512991187622153,0.4800268751125859
20268020,0,NORMAL/ZCH0215.wav,NORMAL,NORMAL,0.75,0.02046896267153262,0.9180490078459176,0.023193530690864873,0.021877382617054082,0.016411116174630952,0.026928801127710768,0.9240434470945645,0.025834138221361984,0.013770238953972601,0.009423374602389976,0.026907743450605724,0.9180490078459176,0.02670309573929764,0.016612078255772506,0.011728074708406552
20268020,0,NORMAL/ZCH0055.wav,NORMAL,NORMAL,0.75,0.015432310523409324,0.9360468732886515,0.01787500876237701,0.013793767527474996,0.016852039898087177,0.0046507533903453685,0.980450724764353,0.00725640925953938,0.005162849310839506,0.0024792632749226595,0.015268867185353745,0.9360468732886515,0.022272611486558867,0.016115677067868883,0.01029597097156696
20268020,0,VSD/ZCH0863.wav,VSD,VSD,0.75,0.09876594184830606,0.05940342149828831,0.011256015362569512,0.03623600667279276,0.7943386146180433,0.07296776010913622,0.11364319042893664,0.013548647300901566,0.05251573450301299,0.7473246676580126,0.08276620048525186,0.05940342149828831,0.013597311835468077,0.050856040674653165,0.7933770255063386
20268020,0,VSD/ZCH0844.wav,VSD,VSD,0.75,0.057381397079463166,0.024008259852371445,0.02690829469706502,0.04941318881714369,0.8422888595539567,0.01542253991451653,0.11888656365675118,0.05019749534743265,0.034801169528733564,0.7806922315525661,0.027157778647121458,0.024008259852371445,0.048429145292750546,0.04126471706795619,0.8591400991398004
20268020,0,NORMAL/ZCH0018.wav,NORMAL,NORMAL,0.75,0.02965563204168758,0.9182851035251582,0.01652312935690532,0.021097421173849364,0.014438713902399303,0.015139620213256358,0.95288155803195,0.012543249133520026,0.014045980689877289,0.005389591931396386,0.027105759757666704,0.9182851035251582,0.020445577485128236,0.023543728335432147,0.01061983089661468
20268020,0,NORMAL/ZCH0230.wav,NORMAL,NORMAL,0.75,0.03772391537306517,0.9043503676134854,0.0158054285218679,0.02061686351366907,0.021503424977912463,0.02661397556946039,0.9408326660022471,0.014893022215366137,0.008839524771877603,0.008820811441048775,0.041698999145557324,0.9043503676134854,0.022008349102735834,0.01587166634188195,0.01607061779633949
20268020,0,NORMAL/ZCH0227.wav,NORMAL,NORMAL,0.75,0.02220996520290147,0.9097127647445813,0.025205928049390883,0.019473597722430964,0.02339774428069536,0.03260704567078084,0.9117590944635899,0.03266840519210421,0.007360403022034832,0.015605051651490226,0.030574900003063652,0.9097127647445813,0.031370977563210556,0.010516718953045207,0.017824638736099286
20268020,0,NORMAL/ZCH0445.wav,NORMAL,NORMAL,0.75,0.012761357963239692,0.9437717627603305,0.016729049052638622,0.014379810788321824,0.01235801943546936,0.007489763466335017,0.970164398455144,0.012285554205536123,0.005784447833737825,0.004275836039247096,0.013776757442387207,0.9437717627603305,0.021547298177999566,0.011770989585600447,0.0091331920336823
20268020,0,PFO/ZCH0728.wav,PFO,PFO,0.75,0.36670141622469055,0.1607851673098377,0.03470322527343936,0.36730732869710825,0.07050286249492416,0.11775934837748193,0.024251264350736084,0.05117668780437111,0.7437184060650447,0.06309429340236633,0.1676365530583055,0.1607851673098377,0.04168755969624471,0.5715657456706658,0.058324974264946275
20268020,0,NORMAL/ZCH0281.wav,NORMAL,NORMAL,0.75,0.02019703025026444,0.9206098661640572,0.01987281455110699,0.016541887974480494,0.02277840106009084,0.01960109684134346,0.9572543013753527,0.010859597771904417,0.006888858382942975,0.005396145628456526,0.0323525959972126,0.9206098661640572,0.020095075140449097,0.01373130397079391,0.013211158727487233
20268020,0,PFO/ZCH0717.wav,PFO,PFO,0.75,0.4506757734011997,0.1082684094198472,0.022942084807934738,0.3698306290042149,0.04828310336680366,0.21755031651446718,0.06303718705993587,0.03280928362116136,0.6368744848107964,0.049728727993639234,0.26795511407456246,0.10826840941984717,0.029154600058610432,0.5470550191982582,0.047566857248721756
20268020,0,NORMAL/ZCH0373.wav,NORMAL,NORMAL,0.75,0.02780183904370797,0.88800505510288,0.02104345862249399,0.025056607592447596,0.03809303963847022,0.029428896706851622,0.9143662777032763,0.01833381192579455,0.014995595579703576,0.02287541808437405,0.035816608312018716,0.88800505510288,0.02324409195189344,0.020972997218671897,0.03196124741453599
20268020,0,NORMAL/ZCH0417.wav,NORMAL,NORMAL,0.75,0.03141035628042544,0.9133403170206844,0.017065573136898004,0.01969935717692252,0.018484396385069643,0.024559078952146374,0.9465637903135387,0.01333703072903936,0.0077991183636874715,0.00774098164158818,0.037723934859011675,0.9133403170206844,0.020488298734370563,0.014410950802901402,0.014036498583031938
20268020,0,NORMAL/ZCH0168.wav,NORMAL,NORMAL,0.75,0.017892383210450474,0.9197798398470224,0.021015288853243164,0.018894130390089012,0.02241835769919487,0.015192102442151561,0.9546051858208042,0.01714728293985263,0.006275825756187175,0.00677960304100448,0.024608317958589133,0.9197798398470225,0.027980390354884033,0.013041350772735386,0.014590101066769078
20268020,0,PFO/ZCH0706.wav,PFO,NORMAL,0.75,0.2392694176095139,0.46626516743164886,0.015129408181030516,0.2651013835600372,0.014234623217769598,0.20738758435656468,0.3371667687342571,0.021561809892727563,0.42308663626078147,0.010797200755669189,0.18506376525515003,0.46626516743164886,0.016804053941890128,0.32178766518260626,0.01007934818870466
20268020,0,NORMAL/ZCH0484.wav,NORMAL,NORMAL,0.75,0.023045314737978967,0.9207369745097305,0.019974770161548715,0.017862839252538988,0.018380101338202958,0.011454919572609367,0.9638450179990335,0.011386917186103481,0.008827632419153013,0.004485512823100647,0.024595902756094024,0.9207369745097305,0.023716454741324947,0.018980407679102775,0.011970260313747788
20268020,0,VSD/ZCH0913.wav,VSD,VSD,0.75,0.2034605146854046,0.034236671081941575,0.10772995878769118,0.04647518945756752,0.6080976659873951,0.15924980583243445,0.035661574810288456,0.202216332321661,0.049105728469469485,0.5537665585661466,0.1704789633425379,0.034236671081941575,0.1788188346485005,0.04850251258057086,0.5679630183464491
20268020,0,VSD/ZCH0936.wav,VSD,VSD,0.75,0.029555549107695707,0.034415014181885265,0.03432636763724431,0.02151399860024921,0.8801890704729255,0.028771957784283264,0.04830935802662321,0.07926616320755614,0.053380505273745826,0.7902720157077916,0.029282900854295323,0.034415014181885265,0.06889915759267122,0.04599838085497455,0.8214045465161737
20268020,0,NORMAL/ZCH0465.wav,NORMAL,NORMAL,0.75,0.013645519271856449,0.9398172181556443,0.017007701649830856,0.0165438156368265,0.012985745285841772,0.007394382023626186,0.9651840689450324,0.013139048493633055,0.008966821994281938,0.005315678543426547,0.012997820566147615,0.9398172181556443,0.021286034479215687,0.01576098321835475,0.010137943580637606
20268020,0,NORMAL/ZCH0265.wav,NORMAL,NORMAL,0.75,0.08531105761790832,0.7578537063404576,0.04668788286389369,0.05669279246203905,0.05345456071570137,0.030255751799297313,0.7919782236380888,0.05101170829635112,0.11763580028287396,0.00911851598338885,0.047742011586476646,0.7578537063404576,0.0562068373771671,0.11687304595721279,0.0213243987386859
20268020,0,NORMAL/ZCH0156.wav,NORMAL,NORMAL,0.75,0.028253790619345,0.9257052966459497,0.01671667961151653,0.016136766107300485,0.013187467015888268,0.018186009579836876,0.9571107316042662,0.011452734064851202,0.00935808977122911,0.0038924349798167028,0.030690410251771532,0.9257052966459497,0.019058372412642306,0.016192066844824164,0.008353853844812294
20268020,0,VSD/ZCH0834.wav,VSD,VSD,0.75,0.08760242054308082,0.06609189180299427,0.05552187567901535,0.031062717313378483,0.7597210946615311,0.07223067772603728,0.06559629164676267,0.10743582923605154,0.06173764688694639,0.6929995545042023,0.07604488050561659,0.06609189180299427,0.09441460352676828,0.05404435563277853,0.7094042685318424
20268020,0,VSD/ZCH0890.wav,VSD,VSD,0.75,0.03931165720308473,0.013973706525968079,0.03387157001025873,0.01667600633908645,0.8961670599216021,0.02790466603044017,0.07670896722260043,0.05012246747165642,0.031670395822477666,0.8135935034528252,0.03217845175849225,0.013973706525968079,0.048614013064502526,0.029535740156699766,0.8756980884943374
20268020,0,ASD/ZCH0596.wav,ASD,NORMAL,0.75,0.06332831119095053,0.8553819989728091,0.02300859540856611,0.0287724518200665,0.029508642607607768,0.07435268842972995,0.8597990219733239,0.02414391038261258,0.02436729180888829,0.017337087405445324,0.07335345170173686,0.8553819989728091,0.0244305709233951,0.026044349309322746,0.02078962909273622
20268020,0,VSD/ZCH0871.wav,VSD,VSD,0.75,0.10511878355811963,0.08581244224900744,0.053481020961819045,0.025027882334072292,0.7305598708969816,0.055805527341071456,0.05237652243671127,0.15204870547640748,0.03688320023655741,0.7028860445092524,0.06665706091650586,0.08581244224900746,0.12338312270029997,0.032943331420367955,0.6912040427138189
20268020,0,PFO/ZCH0744.wav,PFO,PFO,0.75,0.4297909947971073,0.08923893454099853,0.026805518545541373,0.41896502069971475,0.035199531416638064,0.3071378359893893,0.015721426426386735,0.07347702213894798,0.5811548864436348,0.022508829001641202,0.32059562440649975,0.08923893454099853,0.05769304965241817,0.5080518049914369,0.024420586408646687
20268020,0,NORMAL/ZCH0463.wav,NORMAL,NORMAL,0.75,0.025992888787336584,0.9109421900493577,0.021116907342995456,0.02285088292287462,0.019097130897435664,0.009542685510390041,0.9528455903853635,0.013707618424353028,0.018398652889132908,0.005505452790760567,0.020015261423096776,0.9109421900493577,0.024695817243017452,0.03177407552880157,0.012572655755726471
20268020,0,NORMAL/ZCH0008.wav,NORMAL,NORMAL,0.75,0.027340626684238895,0.8979706885712668,0.031398457976948305,0.025914995654270814,0.01737523111327521,0.03250772120781276,0.9217589254440113,0.028533406591997656,0.013449720080750615,0.0037502266754276844,0.038628627329910355,0.8979706885712668,0.03575609306529439,0.019632955510317032,0.008011635523211394
20268020,0,NORMAL/ZCH0422.wav,NORMAL,NORMAL,0.75,0.08057463136338909,0.7926663155084224,0.04033526158804198,0.028379754655845243,0.058044036884301195,0.08775385032308813,0.7239453069646209,0.10067924169830457,0.031098592986231032,0.05652300802775542,0.06957497410217733,0.7926663155084224,0.066795941634398,0.024612624549253077,0.04635014420574924
20268020,0,NORMAL/ZCH0322.wav,NORMAL,NORMAL,0.75,0.01585587753388256,0.929367780413191,0.018199642899837394,0.014706971218994329,0.021869727934094772,0.0128706559897884,0.9602776435784812,0.012800276361688016,0.0066833640984649565,0.007368059971577381,0.02112841559198917,0.929367780413191,0.021620497899279233,0.01258974954279377,0.015293556552746813
20268020,0,PFO/ZCH0693.wav,PFO,ASD,0.75,0.4140452459426778,0.3264970851469121,0.026717291643342446,0.20901375607489842,0.023726621192169152,0.5726931785377826,0.16607742404183815,0.045936540220700685,0.19132773297235614,0.023965124227322606,0.45040549823181486,0.32649708514691206,0.034504202547917355,0.16814530017357243,0.020447913899783187
20268020,0,NORMAL/ZCH0226.wav,NORMAL,NORMAL,0.75,0.04229578196311002,0.8961262371604648,0.020263264934869723,0.029204679525950274,0.012110036415605121,0.03617014990044325,0.9020462240562778,0.018789475499341683,0.03633052068728706,0.006663629856650318,0.039341056838182405,0.8961262371604648,0.02000960096606311,0.03619582851013694,0.008327276525152756
20268020,0,NORMAL/ZCH0169.wav,NORMAL,NORMAL,0.75,0.024104014915522377,0.9324493057251274,0.01921975105665453,0.012240862676195034,0.011986065626500656,0.02116860830885387,0.9505063762109452,0.01621423762045391,0.008194077191574112,0.003916700668172886,0.027694767480002536,0.9324493057251274,0.021402272802727253,0.011447896154799575,0.007005757837343234
20268020,0,NORMAL/ZCH0443.wav,NORMAL,NORMAL,0.75,0.13645523482689578,0.7323901767595593,0.044813169334012144,0.03201672417954384,0.054324694899988944,0.15077257101313574,0.6703021726401902,0.09372602200560771,0.036935445109551615,0.04826378923151487,0.12589835594222648,0.7323901767595593,0.06826009275922482,0.030489060645609863,0.04296231389337954
20268020,0,NORMAL/ZCH0297.wav,NORMAL,NORMAL,0.75,0.023510691530513148,0.9188523023366505,0.013323924496137191,0.016419663592922802,0.027893418043776402,0.00945326804062706,0.9658202148198037,0.008249195165883481,0.006510050446199235,0.009967271527486499,0.022710230478745187,0.9188523023366505,0.0180195578315379,0.015696758911496873,0.024721150441569556
20268020,0,PDA/ZCH0670.wav,PDA,NORMAL,0.75,0.16737025233708092,0.6323523660237822,0.03134767391208748,0.0870664378546771,0.08186326987237233,0.22557513420118352,0.451337640821856,0.0380307390866937,0.23700865377977715,0.04804783211048961,0.15520759029858364,0.6323523660237822,0.026949644651547356,0.14087766565751836,0.04461273336856842
20268020,0,PDA/ZCH0681.wav,PDA,PDA,0.75,0.29616781060704833,0.11953348495514049,0.24628748324568983,0.017335504699492587,0.32067571649262866,0.2145039759863268,0.08469754912257206,0.48855427920808037,0.01579843497945882,0.19644576070356193,0.2287970022139851,0.11953348495514049,0.4140419886497137,0.015731742237773315,0.22189578194338738
20268020,0,NORMAL/ZCH0060.wav,NORMAL,NORMAL,0.75,0.026103078237418927,0.9195582122868258,0.01975813542935653,0.016679746459351854,0.01790082758704675,0.017723911439667686,0.9479315423734552,0.020864859035296432,0.008111102061024984,0.005368585090555736,0.027062336030693752,0.9195582122868259,0.029115493320467527,0.013568211211225686,0.010695747150787282
20268020,0,PFO/ZCH0724.wav,PFO,ASD,0.75,0.43120764079937973,0.23302292041093442,0.014211978926051378,0.2934010109005416,0.028156448963092863,0.4900989406890497,0.03581463085019783,0.027137134864834128,0.41410551565003695,0.03284377794588139,0.4001948459359766,0.23302292041093445,0.019743004282319995,0.32040552539151895,0.026633703979249995
20268020,0,NORMAL/ZCH0365.wav,NORMAL,NORMAL,0.75,0.045492770919996955,0.8841611219178895,0.02380760861326526,0.026735007952861753,0.01980349059598647,0.05779087997329259,0.9124171573612538,0.011104410987065612,0.01244163725567526,0.006245914422712751,0.06869975205763523,0.8841611219178896,0.016967094784794794,0.019025426948001623,0.01114660429167885
20268020,0,PDA/ZCH0661.wav,PDA,PDA,0.75,0.05251633599011089,0.037197185916683195,0.3872508499915656,0.03322454314990096,0.4898110849517393,0.020310759760614097,0.0516974327479212,0.7612066049015729,0.03138182963984942,0.1354033729500424,0.028595078709285616,0.037197185916683195,0.6764472246835131,0.03220239653673456,0.22555811415378352
20268020,0,VSD/ZCH0855.wav,VSD,VSD,0.75,0.03893406731091724,0.07087679989942781,0.09742794623619558,0.05366130507949704,0.7390998814739623,0.02818256932053222,0.05542549374881968,0.21141618803952028,0.0824926625115101,0.6224830863796178,0.030524686942571995,0.07087679989942781,0.1803253754084949,0.07427276478076171,0.6440003729687436
20268020,0,PFO/ZCH0752.wav,PFO,ASD,0.75,0.65451395116406,0.07489060041685533,0.014884361884764736,0.23180982441076523,0.023901262123554746,0.45407436145007707,0.0072788930615193415,0.038999953222112645,0.4831065543640104,0.01654023790228054,0.48098987228599516,0.07489060041685534,0.03097891474094996,0.39560500372052976,0.017535608835669833
20268020,0,PDA/ZCH0674.wav,PDA,NORMAL,0.75,0.09904993740478774,0.7200642852694007,0.03378182037212014,0.07387490294962702,0.07322905400406439,0.22198613184703903,0.5881133470986174,0.06361672425175917,0.040094805586719046,0.08618899121586548,0.13791590782549515,0.7200642852694007,0.04087293188814398,0.03890632910444878,0.0622405459125114
20268020,0,VSD/ZCH0770.wav,VSD,VSD,0.75,0.02329687352619438,0.025422215357380006,0.027038605316050554,0.02544950737420283,0.8987927984261722,0.03177868423159741,0.05562970109380234,0.05422233788652055,0.04982633615044342,0.8085429406376363,0.03042060793855739,0.025422215357380006,0.0487272084383328,0.04492747177395123,0.8505024964917786
20268020,0,NORMAL/ZCH0444.wav,NORMAL,NORMAL,0.75,0.06066951895049194,0.8306580260677069,0.03362564851759047,0.023441072836080802,0.05160573362813004,0.09033370104976951,0.7514504067493185,0.07871396687101917,0.0321793113359186,0.04732261399397426,0.06132704262917253,0.8306580260677069,0.04862850126555523,0.02230359053597595,0.037082839501589394
20268020,0,NORMAL/ZCH0304.wav,NORMAL,NORMAL,0.75,0.03783494032690671,0.8524803250401631,0.014958340229621635,0.06690043409291872,0.027825960310389825,0.02238890683894699,0.7813432031793056,0.016141793328059727,0.15150711491009033,0.028618981743597293,0.020787462250093418,0.8524803250401631,0.011907289444992733,0.09338730472733556,0.021437618537415156
20268020,0,NORMAL/ZCH0030.wav,NORMAL,NORMAL,0.75,0.016042996131908432,0.9155075284377239,0.029598389021034767,0.019299082936762347,0.01955200347257066,0.01262611977462967,0.949140086822932,0.023839108962523066,0.008629299275633953,0.005765385164281238,0.01974237340115634,0.9155075284377239,0.037102143577056726,0.01557652164325847,0.012071432940804594
20268020,0,NORMAL/ZCH0269.wav,NORMAL,NORMAL,0.75,0.019706835469075604,0.9335345712030249,0.01727083194418283,0.014545878588649122,0.014941882795067729,0.011211330339925026,0.9688723096932227,0.009899479872032917,0.006131515460637534,0.0038853646341819067,0.022880961280884616,0.933534571203025,0.020171112978764512,0.01345571258448257,0.009957641952843467
20268020,0,NORMAL/ZCH0084.wav,NORMAL,NORMAL,0.75,0.06407353012291937,0.7612793193987115,0.03099243795607138,0.040294123694477366,0.10336058882782037,0.05016268935900928,0.8485781542409656,0.05380796833016817,0.03745407350116976,0.009997114568687205,0.07533052116839027,0.7612793193987115,0.07137040961269701,0.05435905924024504,0.0376606905799562
20268020,0,NORMAL/ZCH0358.wav,NORMAL,NORMAL,0.75,0.03700369340124851,0.8900491595191911,0.02584748501419351,0.022729220658816322,0.024370441406550633,0.03318822249607458,0.9293593834181215,0.016214482792177833,0.012014881762028851,0.009223029531597317,0.047993573833245345,0.8900491595191911,0.025390032882366607,0.019708014578792444,0.016859219186404557
20268020,0,NORMAL/ZCH0408.wav,NORMAL,NORMAL,0.75,0.021188790825286206,0.9195069875445389,0.021201514768392042,0.019332843264782913,0.01876986359700003,0.024388147827209557,0.936097350600204,0.02096694794533538,0.0087342942820934,0.009813259345157657,0.028337034535381174,0.9195069875445389,0.025108158392570103,0.013084625253330763,0.013963194274179096
20268020,0,VSD/ZCH0860.wav,VSD,VSD,0.75,0.017805398787402088,0.048433685729338205,0.022378320613005556,0.011693922068293412,0.8996886728019607,0.026257363866130777,0.06759416845315294,0.06501762395398035,0.03226249906941743,0.8088683446573186,0.024549054562477763,0.04843368572933819,0.05535985834162827,0.027617588723460946,0.8440398126430947
20268020,0,PFO/ZCH0703.wav,PFO,ASD,0.75,0.42673764944381326,0.1547947866341321,0.05680811993259739,0.2328244804963421,0.12883496349311518,0.3307482848247837,0.10729736656121605,0.14275934651962466,0.28290795231134697,0.13628704978302858,0.3415472021979814,0.1547947866341321,0.11557476549611574,0.2590977165298638,0.128985529141907
20268020,0,ASD/ZCH0573.wav,ASD,PFO,0.75,0.5138361040565981,0.0944725925688642,0.04617838047975684,0.2764243549541072,0.0690885679406736,0.3176953941234915,0.05185655920829052,0.12495273501591918,0.473271577555073,0.032223734097225815,0.3560210231365793,0.09447259256886421,0.10104697523653462,0.40810573230229763,0.04035367675572435
20268020,0,ASD/ZCH0634.wav,ASD,ASD,0.75,0.6200245461025753,0.09177255994624611,0.017741933726006607,0.22271013771428383,0.04775082251088825,0.5635000009804664,0.0323844595272761,0.039294921775327236,0.3447083293280886,0.02011228838884172,0.5516922235773872,0.09177255994624613,0.03209785917761856,0.29834124001398277,0.026096117284765515
20268020,0,PFO/ZCH0723.wav,PFO,NORMAL,0.75,0.16111982192719865,0.4748242963499377,0.030916517048333796,0.2651397283915302,0.06799963628299963,0.10526546327215684,0.2848465195335808,0.04943289630363639,0.5116795942535167,0.048775526637109407,0.09825652826022224,0.4748242963499377,0.03495505713157155,0.34810033777158156,0.04386378048668693
20268020,0,NORMAL/ZCH0264.wav,NORMAL,NORMAL,0.75,0.023329616021951095,0.9259117900553606,0.016493298820230186,0.014037062525409505,0.0202282325770487,0.023877400435954856,0.9406154446610222,0.017647729400451125,0.007721991408623025,0.01013743409394884,0.028174499264936287,0.9259117900553606,0.02063631373145621,0.01073473676699191,0.01454266018125497
20268020,0,VSD/ZCH0763.wav,VSD,VSD,0.75,0.021531980622911298,0.013576914633233203,0.014339043789899104,0.01681026263768238,0.933741798316274,0.03975953024874234,0.03541802151322557,0.030633515239518377,0.031858184796764104,0.8623307482017496,0.03587785150963657,0.013576914633233203,0.027080125228694785,0.028637229826619388,0.894827878801816
20268020,0,PFO/ZCH0733.wav,PFO,PFO,0.75,0.45946216610047497,0.05602827016856039,0.021606610181860622,0.3172540656958093,0.14564888785329477,0.2769095100327393,0.02482593208392365,0.0322055176727654,0.49690484441825145,0.16915419579232022,0.31590253414453057,0.0560282701685604,0.028782938431668875,0.4400676686668678,0.1592185885883725
20268020,0,NORMAL/ZCH0199.wav,NORMAL,NORMAL,0.75,0.014840553837567492,0.9313483882916453,0.01882482772470493,0.016897705693217767,0.018088524452864477,0.013973094001489352,0.9518171418031464,0.018371156152050587,0.007640081227373306,0.008198526815940506,0.018641933598579342,0.9313483882916453,0.024337817518151783,0.012388697537613892,0.013283163054009638
20268020,0,NORMAL/ZCH0505.wav,NORMAL,NORMAL,0.75,0.2240919801800428,0.5245041270756055,0.052336903665755774,0.016890166381040718,0.18217682269755525,0.275004393090895,0.5580054832573067,0.058902721425483764,0.011274598639057503,0.09681280358725705,0.2779094365010067,0.5245041270756055,0.06060970397254626,0.013319416531502464,0.12365731591933916
20268020,0,NORMAL/ZCH0451.wav,NORMAL,NORMAL,0.75,0.0536556898504843,0.8811620803081737,0.021771227254377568,0.01574744866937486,0.027663553917589703,0.045087407762616744,0.9208276242604465,0.017279223353157982,0.006272330753088921,0.010533413870689788,0.06417115021494217,0.8811620803081734,0.024894922573654756,0.010997949428084141,0.01877389747514525
20268020,0,NORMAL/ZCH0532.wav,NORMAL,NORMAL,0.75,0.055042993075477165,0.8178389635038197,0.02475065707955385,0.03602685816704977,0.06634052817409941,0.07982650227277496,0.8155744647509768,0.028160060432307423,0.018515525291275113,0.057923447252665516,0.0728955030124525,0.8178389635038197,0.02704838370287451,0.02272284910703186,0.059494300673821436
20268020,0,ASD/ZCH0591.wav,ASD,NORMAL,0.75,0.321811101533204,0.5476935637736157,0.042928838633336845,0.045356326557722614,0.04221016950212095,0.42357810045546795,0.4966641851846671,0.03522064878568319,0.033907472654916546,0.010629592919265272,0.36592883645623225,0.5476935637736157,0.03446963157169168,0.03419147113750709,0.017716497060953348
20268020,0,ASD/ZCH0622.wav,ASD,NORMAL,0.75,0.09356753383688024,0.834959419838965,0.019368777287660996,0.027172136910135054,0.024932132126358773,0.061389312187277265,0.8902373974616975,0.018628658432122566,0.01804740159223335,0.01169723032666933,0.0926212530129776,0.834959419838965,0.025849927312209458,0.027145277798894887,0.019424122036953036
20268020,0,NORMAL/ZCH0414.wav,NORMAL,NORMAL,0.75,0.021940510736775186,0.8927368978216138,0.023364317543605226,0.031507125515385176,0.030451148382620634,0.017708947539400874,0.8955843579073783,0.0328130402851594,0.036175096819958424,0.017718557448102905,0.019129036379206245,0.8927368978216138,0.03112197903622725,0.035747986990958366,0.021264099771994345
20268020,0,NORMAL/ZCH0191.wav,NORMAL,NORMAL,0.75,0.027042679079954092,0.9117748257697063,0.017105295393459077,0.02788752808917453,0.016189671667706077,0.013809211605212264,0.944952583520046,0.014551692280819397,0.019933704427633956,0.006752808166288221,0.02335981525799492,0.9117748257697063,0.021767956547718136,0.030932877723476332,0.012164524701104362
20268020,0,ASD/ZCH0551.wav,ASD,ASD,0.75,0.4424264735111973,0.13664423099130835,0.1022097410284128,0.10404129927654752,0.21467825519253417,0.5629461250966635,0.08058873855663051,0.1464403062478313,0.09472103709308283,0.1153037930057918,0.5070745580734912,0.13664423099130835,0.1286864367506112,0.09271982462373254,0.13487494956085677
20268020,0,NORMAL/ZCH0059.wav,NORMAL,PFO,0.75,0.1380129045402959,0.1453473651393417,0.036378626104487104,0.6373802158769566,0.042880888338918684,0.025571291273334927,0.05779900748143391,0.03396630820554231,0.8733111105012978,0.009352282538391137,0.05189965081283274,0.1453473651393417,0.03220230157865862,0.7534680019146964,0.017082680554470518
20268020,0,PDA/ZCH0671.wav,PDA,ASD,0.75,0.34565808744176857,0.04880943587309276,0.07493774992310599,0.22206651326205953,0.30852821349997317,0.3695091212704351,0.023037771597177088,0.156781141140968,0.3350734960780865,0.11559846991333339,0.35623579485315504,0.04880943587309276,0.1332184505910934,0.3001924754152111,0.16154384326744772
20268020,0,NORMAL/ZCH0072.wav,NORMAL,NORMAL,0.75,0.015181864036305986,0.9306511478407258,0.021252938897221095,0.014930563581440032,0.017983485644307153,0.013246976008271481,0.9541764596124587,0.018167410199526064,0.006778472886800645,0.00763068129294319,0.018831339050296804,0.9306511478407258,0.02593400682182251,0.01142649175427672,0.013157014532878182
20268020,0,NORMAL/ZCH0214.wav,NORMAL,NORMAL,0.75,0.02816188951231631,0.9250555548297779,0.01403689427684304,0.019649711830645948,0.013095949550416838,0.03198803915900677,0.9362015270330455,0.013413770136645358,0.010591138970032074,0.007805524701270409,0.03522287708975023,0.9250555548297779,0.015327150164246411,0.014243533353878082,0.010150884562347418
20268020,0,NORMAL/ZCH0094.wav,NORMAL,NORMAL,0.75,0.053891634972811076,0.8563121093680188,0.014447700145711204,0.04304999029156949,0.03229856522188945,0.020749978505645954,0.9267156089141011,0.01336390873152055,0.028548543224890574,0.01062196062384183,0.043986097820265066,0.8563121093680188,0.023263775462322788,0.05274360598988415,0.02369441135950918
20268020,0,VSD/ZCH0902.wav,VSD,VSD,0.75,0.04636642815795774,0.021976121687186396,0.032665351934368356,0.02497873173912376,0.8740133664813637,0.03513755536073767,0.06706989505114917,0.05256856070483054,0.037906989765576035,0.8073169991177066,0.03921857072040526,0.0219761216871864,0.0494984597672597,0.03604911920687882,0.8532577286182699
20268020,0,ASD/ZCH0547.wav,ASD,ASD,0.75,0.751614325270028,0.123623900366067,0.013557754998724787,0.08334630966027921,0.027857709704901083,0.7585515905567108,0.03147592877709183,0.042642289003482894,0.1507794589145115,0.01655073274820303,0.7026893032643751,0.123623900366067,0.03232832939786288,0.12316200073281576,0.01819646623887923
20268020,0,NORMAL/ZCH0449.wav,NORMAL,NORMAL,0.75,0.04014778442791888,0.8882473350111932,0.020404421396542718,0.016315815392904477,0.034884643771440564,0.05173044537735214,0.909379395196143,0.019498199546529697,0.00849590230324925,0.010896057576725963,0.057882150388801186,0.8882473350111932,0.023134882820532793,0.011936767139648518,0.01879886463982427
20268020,0,NORMAL/ZCH0453.wav,NORMAL,NORMAL,0.75,0.013445432477924867,0.9394424976702095,0.015669035405501668,0.015600170073027277,0.015842864373336693,0.011545512813694822,0.9601273592303364,0.013195133909298884,0.008226938831252499,0.006905055215417177,0.01651262059453724,0.9394424976702095,0.0189475716867537,0.013271183816345903,0.011826126232153681
20268020,0,VSD/ZCH0892.wav,VSD,VSD,0.75,0.22266616822062377,0.0207343059245129,0.04551571830567753,0.07167432129355546,0.6394094862556304,0.16591147173594933,0.01710432827182083,0.08385927671518514,0.06173588773524656,0.6713890355417981,0.17964059433599783,0.0207343059245129,0.07404110867074953,0.06404949636923372,0.6615344946995061
20268020,0,VSD/ZCH0914.wav,VSD,VSD,0.75,0.017067125077823878,0.017420861391992823,0.015645594734732544,0.027412107104808094,0.9224543116906426,0.031406632260028,0.06520841690231904,0.027980085735168844,0.04336403184317983,0.8320408332593043,0.029025911189926257,0.017420861391992823,0.025969242140672907,0.0410386627715382,0.8865453225058698
20268020,0,NORMAL/ZCH0404.wav,NORMAL,NORMAL,0.75,0.023243543772717923,0.9080431447279775,0.02322870593832434,0.017074906981276422,0.028409698579703865,0.026649458854801363,0.9207739060806317,0.027320063326591287,0.008899387105884848,0.016357184632090616,0.029009686140398307,0.9080431447279775,0.029589749104241173,0.012015792247549053,0.021341627779833935
20268020,0,NORMAL/ZCH0434.wav,NORMAL,NORMAL,0.75,0.04927139317072551,0.8787755416573464,0.025753352405431355,0.018971042244560504,0.027228670521936338,0.04894411732805708,0.892525102406845,0.025124581025355835,0.015013433812555724,0.01839276542718618,0.05372210346080329,0.8787755416573464,0.027692466698537758,0.017443368488304124,0.022366519695008445
20268020,0,ASD/ZCH0603.wav,ASD,NORMAL,0.75,0.03784694911214936,0.8849430908457221,0.021720891859165405,0.025842519056308386,0.029646549126654792,0.01242530191208272,0.9407111746061326,0.017145564450383236,0.018275410406811153,0.011442548624590376,0.02754630241930655,0.8849430908457221,0.030384954799940102,0.033059810397588714,0.024065841537442546
20268020,0,NORMAL/ZCH0093.wav,NORMAL,NORMAL,0.75,0.016712179422851702,0.93006847637797,0.020752036841421042,0.016997722981041158,0.015469584376716175,0.012773387640145368,0.9585732392443913,0.013840177543099559,0.008855620986639823,0.005957574585724022,0.020349882392562222,0.93006847637797,0.022710463629941707,0.015461152170965213,0.011410025428560903
20268020,0,NORMAL/ZCH0058.wav,NORMAL,NORMAL,0.75,0.014214646589970197,0.9349530975177733,0.017178335115824193,0.01603603043314442,0.017617890343287854,0.00823587784642339,0.9693537675829489,0.010728248547583637,0.006005198314946657,0.005676907708097462,0.016664204956082913,0.9349530975177733,0.021372686420983292,0.013568572970097881,0.013441438135062586
20268020,0,ASD/ZCH0592.wav,ASD,ASD,0.75,0.5227240474808889,0.020349837877824756,0.06299636039876567,0.07962047095875716,0.31430928328376356,0.4132866591768587,0.018022283668674734,0.24932769957737577,0.11687423701004034,0.20248912056705054,0.4399113049298464,0.020349837877824753,0.2023016339484403,0.10735302770541802,0.23008419553847034
20268020,0,VSD/ZCH0772.wav,VSD,VSD,0.75,0.01818249752258476,0.017224678562909636,0.012913789388767274,0.019457515778011247,0.9322215187477272,0.03306916722564551,0.05234534970073442,0.025105802740491387,0.03320847419032892,0.8562712061427997,0.030266672739015,0.017224678562909636,0.022755626908673568,0.030693779628493564,0.8990592421609083
20268020,0,NORMAL/ZCH0087.wav,NORMAL,NORMAL,0.75,0.057900651480775535,0.8831360283847403,0.02623113240375037,0.020400372117139284,0.01233181561359463,0.050574950053415384,0.9195630146882294,0.015825755046643696,0.012018537556806668,0.0020177426549048364,0.06958404255325022,0.8831360283847403,0.023802281213894452,0.01819606523459251,0.005281582613522555
20268020,0,VSD/ZCH0836.wav,VSD,VSD,0.75,0.02825944549737717,0.015678417700861598,0.025749517590065413,0.02501939340732713,0.9052932258043687,0.025088473958722154,0.06039470036230386,0.05280730103086029,0.03859268909132388,0.8231168355567898,0.026776696541229536,0.015678417700861598,0.04792769942419627,0.03657684909474877,0.8730403372389638
20268020,0,ASD/ZCH0570.wav,ASD,ASD,0.75,0.7376446614397043,0.031191779577858625,0.023914614700444967,0.10766659950331117,0.09958234477868091,0.7239103663979471,0.039385786616039996,0.08027862501998817,0.09561276209164825,0.06081245987437645,0.7319751385270699,0.03119177957785863,0.06670120292532553,0.09923790168617659,0.07089397728356941
20268020,0,NORMAL/ZCH0019.wav,NORMAL,NORMAL,0.75,0.014019542192993763,0.9342505519222942,0.01860001429949707,0.015503117699422985,0.017626773885791987,0.01617627536784596,0.9542447351089078,0.01364927096407805,0.009453411153912914,0.006476307405255186,0.020938636285793445,0.9342505519222942,0.019360311252372336,0.014064058860580472,0.011386441678959526
20268020,0,ASD/ZCH0578.wav,ASD,PFO,0.75,0.2903103054829642,0.13285239716851224,0.026927391493474746,0.46847853806254935,0.08143136779249949,0.17250005052791334,0.0487978145345703,0.05620509499893103,0.6753741157692056,0.04712292416937969,0.19052017121749168,0.13285239716851224,0.0451606757345488,0.5788897932047232,0.05257696267472407
20268020,0,ASD/ZCH0630.wav,ASD,PFO,0.75,0.25836078459014455,0.3127452795014573,0.03846525823497739,0.32637720292624706,0.06405147474717375,0.16208205884015922,0.24105686116468594,0.07486883603247693,0.4966636285733297,0.025328615389348243,0.17466925314082288,0.3127452795014573,0.06046395881755522,0.418906550263957,0.03321495827620753
20268020,0,VSD/ZCH0893.wav,VSD,VSD,0.75,0.034217709742050996,0.05979608021792956,0.054020582063693395,0.029041247105479194,0.8229243808708468,0.03338330742235302,0.0761501758303072,0.12670549067268558,0.06711923569261087,0.6966417903820434,0.03403512435667789,0.05979608021792957,0.11021647987329822,0.0584908528556671,0.7374614626964272
20268020,0,NORMAL/ZCH0395.wav,NORMAL,NORMAL,0.75,0.17663619313708295,0.5792214590768395,0.027777780795029624,0.18050414714271423,0.035860419848333734,0.07255413813317738,0.4937064664352902,0.05009065612073966,0.3652656102686009,0.018383129042191797,0.08938363988629912,0.5792214590768395,0.038167053921363284,0.2728041331106818,0.02042371400481624
20268020,0,NORMAL/ZCH0349.wav,NORMAL,NORMAL,0.75,0.04094400836891168,0.8958723460205624,0.016311337139029755,0.0238470992983853,0.023025209173110905,0.058640733043611,0.9056083064936199,0.011448968848984777,0.01207532356000626,0.012226668053778098,0.05875289271555091,0.8958723460205624,0.013550232404046396,0.015952392642527728,0.015872136217312538
20268020,0,ASD/ZCH0650.wav,ASD,NORMAL,0.75,0.06478587786185772,0.8177725222361838,0.029357055820539886,0.02774275193795002,0.06034179214346844,0.08698346974905494,0.8320225262996757,0.03604724504348209,0.025512666594870174,0.0194340923129172,0.08696836204580663,0.8177725222361838,0.03666819003033682,0.027693421665372944,0.030897504022299804
20268020,0,ASD/ZCH0583.wav,ASD,NORMAL,0.75,0.20168176275787197,0.6155874941678963,0.08308307997699921,0.01498668242179424,0.08466098067543831,0.16896698439032326,0.6234766794198501,0.15347803307444563,0.022958464980088803,0.031119838135292326,0.17980091658993416,0.6155874941678963,0.1382911307386206,0.021326300944392983,0.044994157559156006
20268020,0,VSD/ZCH0880.wav,VSD,VSD,0.75,0.025734851607156002,0.025834321045528432,0.03306480363619796,0.04012007464665621,0.8752459490644614,0.042600057564897195,0.05569465848086026,0.07409468752464711,0.06300113960002435,0.764609456829571,0.0393940638946515,0.025834321045528432,0.06559445460444407,0.058775015566978506,0.8104021448883976
20268020,0,NORMAL/ZCH0173.wav,NORMAL,NORMAL,0.75,0.028312719669042884,0.918466171757873,0.017753826224400294,0.0185218633923483,0.016945418956335473,0.007872026500339394,0.9688521746681115,0.010128934166126074,0.0107258950629753,0.0024209696024478362,0.02253278508850143,0.918466171757873,0.024323892451954814,0.025687873784823123,0.008989276916847599
20268020,0,ASD/ZCH0632.wav,ASD,NORMAL,0.75,0.2568194137178012,0.4276372219569178,0.03032534143929761,0.2645009493815646,0.02071707350441871,0.14732694279406547,0.3413801595571846,0.08915585268596304,0.40983485791859287,0.012302187044194094,0.16022890222083386,0.4276372219569178,0.06569090979334188,0.3332454371325678,0.013197528896338625
20268020,0,NORMAL/ZCH0425.wav,NORMAL,NORMAL,0.75,0.026030124612682694,0.9092109449842132,0.017231415907509397,0.02108401735696299,0.026443497138631596,0.025994838373560814,0.9299209178014587,0.017178109576816692,0.009628200251763341,0.017277933996400437,0.03176521223128586,0.9092109449842132,0.020998829584459817,0.014626169692475254,0.023398843507565888
20268020,0,ASD/ZCH0609.wav,ASD,PFO,0.75,0.3443916805250218,0.27969738596495264,0.021870524260631637,0.31573951708727466,0.03830089216211934,0.31860991411592227,0.1470810904336955,0.04083590722391295,0.4580564806534072,0.035416607573062114,0.28790100312762923,0.2796973859649527,0.031332526065698314,0.3690614757364042,0.03200760910531576
20268020,0,PFO/ZCH0730.wav,PFO,PFO,0.75,0.4505623893516996,0.17834450438600583,0.02010137580269847,0.31904673739537687,0.03194499306421932,0.37150351947075894,0.038281860930657975,0.06371202877901383,0.4844231832670491,0.04207940755252005,0.35068948298269326,0.17834450438600585,0.04585019932382921,0.3901662778813397,0.03494953542613215
20268020,0,NORMAL/ZCH0247.wav,NORMAL,NORMAL,0.75,0.038337040141743176,0.8970403798613755,0.013626483189320939,0.032805019191016326,0.018191077616543982,0.04303749733728902,0.9237217986225634,0.01386842294793391,0.01154630254867813,0.0078259785435354,0.05315297590917321,0.8970403798613755,0.0174462238509174,0.01989007515812627,0.012470345220407592
20268020,0,NORMAL/ZCH0026.wav,NORMAL,NORMAL,0.75,0.01140073332614002,0.9437312942559068,0.012856733833077108,0.014441921249277926,0.017569317335598245,0.005060849825936334,0.9804080273264466,0.006200514135917337,0.005178006576067449,0.003152602135632101,0.013751362391533054,0.9437312942559068,0.016570223883194995,0.01476401752464236,0.011183101944722747
20268020,0,PFO/ZCH0719.wav,PFO,NORMAL,0.75,0.10267129022330318,0.6418539096683864,0.017260208956275405,0.20249239625561852,0.035722194896416516,0.05798027965824618,0.5695119080933112,0.016795777259032005,0.3409857508636575,0.014726284125753067,0.06184549657224581,0.6418539096683864,0.014795031951330218,0.26338632496937203,0.01811923683866557
20268020,0,NORMAL/ZCH0085.wav,NORMAL,NORMAL,0.75,0.020982874958444683,0.9241085062149396,0.017336610478765266,0.01604208852671191,0.02152991982113861,0.012444077434323998,0.9523825319387637,0.01693797488616749,0.009645703872306979,0.008589711868437934,0.020120506244901862,0.9241085062149397,0.0245806336088526,0.015540327872341152,0.015650026058964827
20268020,0,VSD/ZCH0850.wav,VSD,VSD,0.75,0.19753903282463756,0.30790048104565326,0.060921544404149555,0.045512626653093774,0.38812631507246587,0.23786387910682016,0.15730734545138214,0.14995099491320701,0.06929208780924495,0.38558569271934573,0.1959021231830372,0.30790048104565326,0.10759592193961588,0.05406010634676328,0.3345413674849304
20268020,0,NORMAL/ZCH0161.wav,NORMAL,NORMAL,0.75,0.013097925706592474,0.9392644853885468,0.016904205882685763,0.016289606034406552,0.014443776987768466,0.008026374333811648,0.9631952399310142,0.012528185947216348,0.008934593316208956,0.007315606471748908,0.013208372614523265,0.9392644853885468,0.019731637281296337,0.015130355463882379,0.012665149251751235
20268020,0,NORMAL/ZCH0043.wav,NORMAL,NORMAL,0.75,0.02964394111846687,0.909034597524613,0.018679754003462192,0.02696677554180381,0.015674931811654042,0.011705558023019928,0.9488473376195699,0.012588786390055534,0.020986741058860253,0.0058715769084944245,0.02302308757124209,0.9090345975246131,0.021460032613633308,0.034732426794931714,0.011749855495579872
20268020,0,PDA/ZCH0679.wav,PDA,VSD,0.75,0.11915786251078087,0.013609685338131096,0.04008897267823456,0.02700198654182105,0.8001414929310324,0.0694770107098891,0.045996817407350815,0.11729850921086252,0.05976210330501605,0.7074655593668816,0.08366621235115651,0.013609685338131096,0.10098272070336987,0.053093706720735837,0.7486476748866067
20268020,0,NORMAL/ZCH0003.wav,NORMAL,NORMAL,0.75,0.021979122008046165,0.9091523716436987,0.024056333369310675,0.02371108930435864,0.021101083674585887,0.03318862628677245,0.9125733100823028,0.027351039354936803,0.015955792943442352,0.010931231332545619,0.031360234084280944,0.9091523716436987,0.027330031545459512,0.01836287036783644,0.013794492358724455
20268020,0,VSD/ZCH0785.wav,VSD,VSD,0.75,0.025925391601037816,0.02994079420969036,0.021533253589279214,0.025219972299645472,0.8973805883003472,0.039455519963998376,0.0413088161211356,0.04131696377530619,0.049262020517052536,0.8286566796225073,0.03642388127591538,0.02994079420969036,0.03673848418081751,0.04368961491819209,0.8532072254153847
20268020,0,NORMAL/ZCH0223.wav,NORMAL,NORMAL,0.75,0.06946614225293962,0.8484576083160424,0.017022710597788492,0.0268642009126918,0.0381893379205376,0.0957397480240535,0.8545998549904108,0.013591486059822735,0.012580346940560021,0.023488563985152932,0.09220465072034668,0.8484576083160424,0.014879908649572,0.016549891161381922,0.027907941152656945
20268020,0,NORMAL/ZCH0228.wav,NORMAL,NORMAL,0.75,0.016891923748441867,0.9321239583935073,0.019138084611922127,0.017299532633728416,0.014546500612400383,0.012296484909588002,0.9597372988618851,0.014483626565382976,0.00810324480944743,0.0053793448536964125,0.019770311923555887,0.9321239583935073,0.023097212767842004,0.014570398851981326,0.010438118063113526
20268020,0,NORMAL/ZCH0454.wav,NORMAL,NORMAL,0.75,0.1522366460679855,0.7121715034036414,0.029287867684170254,0.07380055787706614,0.03250342496713661,0.2571969355832763,0.5887662165499373,0.048706739981624544,0.0845559408155852,0.020774167069576688,0.1730710640114708,0.7121715034036414,0.03288988286183576,0.0628365875847263,0.019030962138325724
20268020,0,NORMAL/ZCH0397.wav,NORMAL,NORMAL,0.75,0.031773125816407434,0.8984697067579358,0.02131365215415042,0.027914739972420104,0.0205287752990863,0.050368840691325314,0.8895928509739788,0.02378471833328453,0.022464596571577455,0.013788993429833921,0.04268262947708038,0.8984697067579358,0.02173271372260697,0.022472498783229506,0.014642451259147335
20268020,0,VSD/ZCH0870.wav,VSD,PFO,0.75,0.1876556018360716,0.3071045232195609,0.03044706821248038,0.3004309112081531,0.174361895523734,0.06507603936405906,0.229883154460877,0.03456530978155261,0.5732674812413234,0.09720801515218794,0.0908269380551923,0.30710452321956083,0.030936292681811625,0.46194621247966877,0.1091860335637664
20268020,0,VSD/ZCH0833.wav,VSD,VSD,0.75,0.03365166699200708,0.03385981189731406,0.03191501217009378,0.032414870833586906,0.8681586381069981,0.03922807694589226,0.046544528696980544,0.05239425657682514,0.062304612614933266,0.7995285251653688,0.038225390518498895,0.03385981189731406,0.04779723310912941,0.05545384990900628,0.8246637145660515
20268020,0,NORMAL/ZCH0204.wav,NORMAL,NORMAL,0.75,0.015155589612782334,0.9367346721211068,0.017850558632719372,0.014269015558546897,0.01599016407484467,0.010505115491155768,0.9622240342246849,0.011462940921618685,0.007971609668232689,0.007836299694307887,0.016983985119283233,0.9367346721211068,0.018860816534238937,0.013580098479427156,0.013840427745943835
20268020,0,NORMAL/ZCH0049.wav,NORMAL,NORMAL,0.75,0.03146985777107691,0.9025479547776316,0.016640570463774998,0.01921502457347666,0.030126592414039824,0.009626539674969839,0.9547119340625753,0.012318210487482774,0.015940720021661657,0.007402595753310336,0.0234034444021968,0.9025479547776316,0.0240401283357494,0.030529999960689464,0.019478472523732724
20268020,0,NORMAL/ZCH0038.wav,NORMAL,ASD,0.75,0.414086663101489,0.21581680065963385,0.10019269566659016,0.017543345491501508,0.2523604950807855,0.3423517555956373,0.2570827332710764,0.21158898826590536,0.03463480011742756,0.15434172274995342,0.3745476336312953,0.21581680065963385,0.19255457455609945,0.03180479967566459,0.1852761914773068
20268020,0,NORMAL/ZCH0147.wav,NORMAL,NORMAL,0.75,0.019647482210684367,0.9303939805192486,0.016392513227552592,0.016344865128019616,0.017221158914494796,0.011359501090780275,0.9642867386866171,0.011375945758269168,0.007617757011929495,0.005360057452403977,0.02151682957499731,0.9303939805192486,0.02072712562346749,0.015221612283488875,0.012140451998797725
20268020,0,ASD/ZCH0638.wav,ASD,ASD,0.75,0.6736800550951942,0.1480356536357036,0.03358803501218268,0.009924950891130095,0.13477130536578935,0.8255809635473189,0.06983169906468183,0.07600203585318292,0.004581169235492269,0.024004132299324233,0.7355476604094701,0.1480356536357036,0.060606128919447236,0.005628243094855345,0.050182313940523735
20268020,0,VSD/ZCH0800.wav,VSD,VSD,0.75,0.0249083428921944,0.014187025286455004,0.021044961316313393,0.029315948776624016,0.9105437217284131,0.03157599715927087,0.03989336975466448,0.01937323040487727,0.040395789251810865,0.8687616134293765,0.030543156492062927,0.014187025286455004,0.020180194089216504,0.03843701096495315,0.8966526131673124
20268020,0,VSD/ZCH0921.wav,VSD,VSD,0.75,0.09592986224273702,0.11720376564611006,0.05019496478854864,0.020093628092868195,0.7165777792297361,0.10576389399636207,0.13266102163233973,0.06263471980204618,0.031128157817220718,0.6678122067520313,0.10471903714280527,0.11720376564611006,0.060361963155454404,0.028785587545012575,0.6889296465106177
20268020,0,NORMAL/ZCH0177.wav,NORMAL,NORMAL,0.75,0.04785270808659893,0.8745499397781686,0.02561777402788377,0.03713154951944333,0.014848028587905352,0.039076004564228134,0.8969618320841182,0.021199349169497603,0.033258340492557194,0.009504473689598968,0.047644763939612984,0.8745499397781688,0.025762267533026732,0.03965217360209561,0.012390855147096062
20268020,0,VSD/ZCH0755.wav,VSD,VSD,0.75,0.39654198027280213,0.022368577241297663,0.08802073190693578,0.10602745452205427,0.38704125605691025,0.30234131272640213,0.02778778487867279,0.1685871394565003,0.11554858032648303,0.3857351826119418,0.3271554400366143,0.022368577241297663,0.14915032868839573,0.11365135833959604,0.3876742956940963
20268020,0,NORMAL/ZCH0201.wav,NORMAL,NORMAL,0.75,0.05772604368197451,0.8303168757290965,0.015437333121049479,0.07719060646354321,0.019329141004336258,0.012914195342330653,0.8684939175753819,0.011001704161402849,0.10178685317553121,0.005803329745353318,0.02692896145317636,0.8303168757290965,0.014506009274209981,0.1177998136723153,0.010448339871201827
20268020,0,NORMAL/ZCH0283.wav,NORMAL,NORMAL,0.75,0.021882635780108024,0.9301749508040494,0.017902212713729992,0.0167251279561128,0.01331507274599975,0.019193063649727185,0.9516018534884109,0.013704501269043528,0.008504995533148424,0.00699558605967002,0.026238343920973937,0.9301749508040495,0.019304387714809728,0.013384037274882365,0.01089828028528454
20268020,0,VSD/ZCH0829.wav,VSD,VSD,0.75,0.050102393487263634,0.003917690173782483,0.012664504681745504,0.014886534665574627,0.9184288769916338,0.018178357149045785,0.04463879924526377,0.017973581190444652,0.024219431860081776,0.894989830555164,0.026740489004460504,0.003917690173782484,0.017220888589522202,0.022660450428167,0.9294604818040678
20268020,0,PFO/ZCH0742.wav,PFO,NORMAL,0.75,0.2241038876150123,0.6868854578682535,0.013370067493343518,0.0392768056340671,0.03636378138932364,0.162659941178051,0.7788113225470972,0.011409345889183912,0.029424751293032354,0.017694639092635665,0.22872194890280254,0.6868854578682535,0.015455813613655734,0.041059444923310075,0.027877334691978187
20268020,0,NORMAL/ZCH0525.wav,NORMAL,NORMAL,0.75,0.12271387782685284,0.711561482417598,0.02225844602442044,0.06916260614294875,0.07430358758818006,0.10448988256488242,0.7137250764694967,0.026316740294139426,0.12031448769985087,0.03515381297163061,0.1096381626190168,0.711561482417598,0.025451338217344174,0.10820849734593807,0.04514051940010299
20268020,0,NORMAL/ZCH0222.wav,NORMAL,NORMAL,0.75,0.033825839062075834,0.9008377378867085,0.02030826600473813,0.01933857969477287,0.025689577351704736,0.03504331403403399,0.924052554280374,0.018192434514691432,0.008979133771879812,0.013732563399020547,0.0427726990277627,0.9008377378867085,0.022892046413259558,0.013627480629364933,0.0198700360429043
20268020,0,NORMAL/ZCH0411.wav,NORMAL,NORMAL,0.75,0.34651076014770416,0.4599747660319214,0.045538600926677546,0.04447953712594172,0.10349633576775534,0.48755415625686205,0.26673418616674127,0.1264295266300146,0.03388563059102408,0.08539650035535805,0.35592793116809684,0.4599747660319213,0.08121792222950916,0.02983659169118896,0.07304278887928366
20268020,0,NORMAL/ZCH0496.wav,NORMAL,NORMAL,0.75,0.021842481146984463,0.9229983295362867,0.021638565610839895,0.018704943635086235,0.014815680070802674,0.02445485608878323,0.9418715969537154,0.016268340492034402,0.012742001797047259,0.004663204668419837,0.029756807749783287,0.9229983295362867,0.02157242922988024,0.017335564722299662,0.008336868761750127
20268020,0,NORMAL/ZCH0029.wav,NORMAL,NORMAL,0.75,0.024082120757809,0.925109485931441,0.014037490824777572,0.024822270872449915,0.011948631613522524,0.00923002619726764,0.9640979789299996,0.009510048054496525,0.014912421894002903,0.0022495249242333983,0.020460693713224676,0.925109485931441,0.01838762397990328,0.029535708508897272,0.006506487866533727
20268020,0,NORMAL/ZCH0388.wav,NORMAL,NORMAL,0.75,0.02026019095099668,0.9076223895916317,0.018121060543166086,0.021996598136540337,0.03199976077766533,0.013172591191118174,0.9513936052382356,0.013663448505310264,0.011019577656468098,0.010750777408867944,0.023841165104908413,0.9076223895916317,0.02400604701148069,0.021206376792040082,0.02332402149993916
20268020,0,NORMAL/ZCH0386.wav,NORMAL,NORMAL,0.75,0.02491443171540674,0.9281727836746533,0.017229412613629255,0.015519804181063777,0.014163567815246962,0.03503757273788777,0.9438123058477236,0.008944348088819934,0.006757208378584385,0.005448564946984357,0.03982116793503642,0.9281727836746533,0.012882820185259726,0.010358479955644295,0.008764748249406283
20268020,0,NORMAL/ZCH0225.wav,NORMAL,NORMAL,0.75,0.021821266275842646,0.9160737146702288,0.02398542923186879,0.022023327951739956,0.016096261870319845,0.0231055913047333,0.9271145156416167,0.03215806487900169,0.009811299172236913,0.007810529002411205,0.025409561906267204,0.9160737146702288,0.0337684193904973,0.013978978949572021,0.010769325083434676
20268020,0,NORMAL/ZCH0207.wav,NORMAL,NORMAL,0.75,0.015133560898084129,0.9269143535117511,0.016330735209559397,0.020528421076636306,0.021092929303969075,0.005353187372527749,0.9639089054536164,0.010038727526867006,0.01280373444857228,0.00789544519841659,0.011913674817118483,0.9269143535117511,0.019329247402952044,0.024578090935411193,0.01726463333276717
20268020,0,NORMAL/ZCH0241.wav,NORMAL,NORMAL,0.75,0.0364259276304969,0.9083554431503664,0.017317889882689466,0.020186882070337867,0.017713857266109356,0.024930898392870535,0.931241073954553,0.017323605023431745,0.01652182546110445,0.00998259716804021,0.034028131355374226,0.9083554431503664,0.021646650727221245,0.02156241665857487,0.014407358108463221
20268020,0,ASD/ZCH0554.wav,ASD,ASD,0.75,0.597978951027952,0.11108050385473525,0.040559344657033335,0.14598823286373577,0.10439296759654375,0.40756865694129324,0.01651977137737855,0.21299239111154392,0.30869325571804246,0.054225924851741866,0.4257807127787664,0.11108050385473525,0.1545248604988191,0.24575656746958954,0.0628573553980898
20268020,0,NORMAL/ZCH0113.wav,NORMAL,NORMAL,0.75,0.047590213893561106,0.878126767755186,0.01961555476323992,0.029938979538654927,0.024728484049357995,0.006839949838339979,0.9608700492663207,0.011070931439842798,0.016043289037255742,0.005175780418240775,0.02787521469377735,0.8781267677551862,0.030764837399590284,0.04496078537566143,0.0182723947757849
20268020,0,VSD/ZCH0896.wav,VSD,VSD,0.75,0.06928559327747724,0.04785340387669622,0.036745793381887965,0.03608113828721121,0.8100340711767273,0.02203142236065472,0.0497059657056397,0.12419928536253991,0.08578615056821917,0.7182771760029465,0.03387717715051981,0.04785340387669622,0.10251750368038738,0.07348532510952166,0.7422665901828749
20268020,0,NORMAL/ZCH0501.wav,NORMAL,NORMAL,0.75,0.015460076158061576,0.9285331619588236,0.020257585522583447,0.016335169565463447,0.019414006795068023,0.010062731826249402,0.9624391860071813,0.012939055314599072,0.00818992333231135,0.00636910351965902,0.01822476426127462,0.9285331619588236,0.023528720078830376,0.01577099766210061,0.013942356038970774
20268020,0,ASD/ZCH0557.wav,ASD,PFO,0.75,0.22874677675967037,0.1733499802111989,0.042704583986273435,0.45731480508473654,0.09788385395812077,0.1093619165095226,0.0549559042598891,0.08358860939881176,0.7065655058912255,0.045528063940551186,0.1289325768854268,0.17334998021119893,0.0655136868518961,0.5778645236152531,0.05433923243622523
20268020,0,NORMAL/ZCH0137.wav,NORMAL,NORMAL,0.75,0.018922474317798657,0.9199261270883492,0.01903599640149696,0.01752661157072359,0.024588790621631627,0.01733344935023464,0.9533356876890602,0.014145344467443597,0.007865330085745295,0.007320188407516352,0.027038186477527877,0.9199261270883492,0.022963582952862407,0.01450406888636685,0.015568034594893674
20268020,0,ASD/ZCH0641.wav,ASD,ASD,0.75,0.5728125390482992,0.2265518653531432,0.038064396231448264,0.03264217027365501,0.12992902909345436,0.7198134575482356,0.10928444823923175,0.063891478148625,0.03779839068255634,0.06921222538135136,0.6119877890777756,0.22655186535314323,0.051125969203441056,0.03277706692482951,0.07755730944081067
20268020,0,NORMAL/ZCH0475.wav,NORMAL,NORMAL,0.75,0.01088802701957836,0.938374754388134,0.018487010907235667,0.018537851563877456,0.013712356121174574,0.010129395557367905,0.9527917099216461,0.018603140827610453,0.012511136160444332,0.005964617532931213,0.012639118051763458,0.938374754388134,0.022835022908023674,0.01688340006108097,0.009267704590997905
20268020,0,VSD/ZCH0788.wav,VSD,VSD,0.75,0.018363042386111028,0.016782018622701015,0.023008795599603487,0.01939599295130917,0.9224501504402753,0.03328746321237468,0.041216346660060646,0.046613551206649416,0.037479960855634306,0.841402678065281,0.030192599137603224,0.016782018622701015,0.041603312101436335,0.033675343466653906,0.8777467266716056
20268020,0,NORMAL/ZCH0503.wav,NORMAL,NORMAL,0.75,0.013793314390106224,0.9326743607982073,0.014085347776075504,0.016560617920315896,0.02288635911529513,0.012195876926610182,0.9587820576334286,0.01137246374411758,0.008453397794769234,0.00919620390107441,0.01838894358034197,0.9326743607982073,0.01745322582985685,0.014496028232187465,0.016987441559406402
20268020,0,VSD/ZCH0832.wav,VSD,VSD,0.75,0.022053200630384948,0.020610019331734803,0.03134266211690522,0.025700107239865988,0.900294010681109,0.03341113017509198,0.033872459993021,0.08672870434537125,0.049234477563440265,0.7967532279230756,0.030915634307018037,0.0206100193317348,0.07377511494569508,0.043857781828564944,0.830841449586987
20268020,0,NORMAL/ZCH0231.wav,NORMAL,NORMAL,0.75,0.015033559450239865,0.933200930614035,0.018608509774904938,0.016856038069140905,0.016300962091679364,0.01205217998520363,0.9603417605355602,0.011683197522981597,0.009280976349448284,0.006641885606806371,0.018983619561781188,0.9332009306140351,0.01941123045472909,0.015938444177808788,0.012465775191645979
20268020,0,NORMAL/ZCH0446.wav,NORMAL,NORMAL,0.75,0.1327357890387851,0.7496622371537175,0.03081162306392563,0.05463714805446419,0.032153202689107756,0.14229460299560825,0.7001501536178165,0.03962707778706983,0.09605017370378512,0.021877991895720223,0.12228282376941861,0.7496622371537176,0.032515709877042935,0.07380185310823498,0.021737376091586026
20268020,0,NORMAL/ZCH0041.wav,NORMAL,NORMAL,0.75,0.03982634012186683,0.8906119497500904,0.023406974843514776,0.03072018533364363,0.015434549950884429,0.028129600081449123,0.92871863374346,0.01693002380765584,0.020538945554387105,0.005682796813047934,0.042332249269405535,0.8906119497500904,0.025337295043525627,0.03131927345236347,0.010399232484614978
20268020,0,VSD/ZCH0820.wav,VSD,VSD,0.75,0.02729884592955834,0.0066329696657311905,0.017240393584874017,0.009780753017001965,0.9390470378028345,0.03202211856608411,0.07490639069243707,0.03576203116666437,0.01743096933164137,0.8398784902431731,0.03261376394012888,0.006632969665731192,0.03311109405330243,0.016483240782075966,0.9111589315587616
20268020,0,NORMAL/ZCH0160.wav,NORMAL,NORMAL,0.75,0.040775844700186616,0.8580811467884655,0.02270661044606824,0.052915467491759224,0.025520930573520492,0.050254874963699,0.8416973563984353,0.03486061111110983,0.05616638696670302,0.017020770560052797,0.04398420968672751,0.8580811467884655,0.029116144075068424,0.050993883201784225,0.01782461624795436
20268020,0,NORMAL/ZCH0054.wav,NORMAL,NORMAL,0.75,0.09325054665535076,0.7331807756489727,0.05866276235860034,0.04687083534195999,0.06803507999511628,0.07888767766914208,0.7398837610447521,0.05714742992048289,0.08004106562710586,0.04404006573851708,0.08400304872079806,0.7331807756489727,0.05863074536558809,0.07329545326803302,0.05088997699660819
20268020,0,NORMAL/ZCH0128.wav,NORMAL,NORMAL,0.75,0.03646849479772274,0.8861594420222625,0.029033426775445768,0.028485432893736166,0.019853203510832904,0.021168957289260732,0.9223647491225627,0.035332860647113926,0.017457584709024587,0.0036758482320380765,0.032397971146753475,0.8861594420222625,0.0461161486655179,0.026320573416508383,0.009005864748957745
20268020,1,VSD/ZCH0776.wav,VSD,VSD,0.75,0.012653789270596542,0.013234901616606553,0.012978670796813953,0.014298981758535617,0.9468336565574473,0.03730350568424891,0.0349651961574148,0.040091830199737194,0.03592886259628617,0.8517106053623129,0.03177106642371174,0.013234901616606553,0.03399062003213132,0.03112816695365023,0.8898752449739001
20268020,1,NORMAL/ZCH0007.wav,NORMAL,NORMAL,0.75,0.018106222249600835,0.9335013387757051,0.019588619333718384,0.014608843075498864,0.014194976565477012,0.03976023378982254,0.9074423585450455,0.022781344305636178,0.017144836723430822,0.012871226636064945,0.025951061487242803,0.9335013387757052,0.017172712583719166,0.01289057837765939,0.010484308775673579
20268020,1,NORMAL/ZCH0009.wav,NORMAL,NORMAL,0.75,0.019502670378862493,0.9112869364630715,0.03189746290091775,0.019389402803909772,0.017923527453238528,0.04726137130479871,0.8727095808916597,0.03848318090684601,0.030486797771050334,0.011059069125645199,0.02957922186518546,0.9112869364630715,0.02808955328298132,0.020782822789014613,0.010261465599747133
20268020,1,NORMAL/ZCH0481.wav,NORMAL,NORMAL,0.75,0.01598035071892928,0.9173642291527008,0.03162236519868385,0.0133569774494854,0.021676077480200694,0.02269892077506522,0.9172060598856917,0.028196125826538083,0.013773228505187102,0.01812566500751788,0.020986755304134283,0.9173642291527008,0.029012286331033064,0.013649431493918156,0.018987297718213718
20268020,1,NORMAL/ZCH0106.wav,NORMAL,PFO,0.75,0.038839435847689105,0.3521829529027393,0.014653453138876631,0.5802837796176911,0.014040378493004041,0.007516237138072314,0.45452480865199363,0.028382286057913396,0.5040508159314772,0.005525852220543412,0.016404682061075353,0.3521829529027394,0.02894388341956178,0.5940364290496549,0.008432052566968624
20268020,1,ASD/ZCH0580.wav,ASD,ASD,0.75,0.5123963849505929,0.016871600529484457,0.0373674318890909,0.14921350874998202,0.2841510738808497,0.6226758445980791,0.021760467722508087,0.06546951084365833,0.13535460863933982,0.1547395681964147,0.5974399015489772,0.01687160052948446,0.05868938479425052,0.13932667160707077,0.18767244152021728
20268020,1,NORMAL/ZCH0406.wav,NORMAL,NORMAL,0.75,0.30067131527375107,0.5934471388345978,0.06554964674904215,0.027220701964461642,0.01311119717814727,0.29820041385188667,0.6304018371036194,0.04590823223484461,0.016828419783147506,0.008661097026501766,0.3211800732424863,0.5934471388345978,0.054261226494386174,0.020688447038211506,0.010423114390318237
20268020,1,VSD/ZCH0925.wav,VSD,VSD,0.75,0.03903633618039667,0.022420587268425232,0.028364351860028898,0.02235693929911758,0.8878217853920316,0.06063141834139604,0.043406213847118,0.07123123774754915,0.05570520437218216,0.7690259256917547,0.05623024076275704,0.022420587268425236,0.06168651230293779,0.048284678097981135,0.8113779815678989
20268020,1,VSD/ZCH0771.wav,VSD,VSD,0.75,0.012828075119900351,0.009954682936659487,0.011752431443049265,0.011188471491226181,0.9542763390091648,0.02268606812955899,0.044988663903132255,0.038882872279430894,0.030662010982511402,0.8627803847053666,0.020845737818152774,0.009954682936659487,0.033170057073706946,0.026637238328115737,0.909392283843365
20268020,1,NORMAL/ZCH0282.wav,NORMAL,NORMAL,0.75,0.022323797932975297,0.9059769254693294,0.02845751056089721,0.022487267606763443,0.020754498430034685,0.029814807050285216,0.912170926318567,0.02734056829984049,0.01789783523374197,0.01277586309756542,0.029519034913596642,0.9059769254693294,0.029065915296400978,0.019991854853675377,0.015446269466997618
20268020,1,NORMAL/ZCH0107.wav,NORMAL,NORMAL,0.75,0.011405641386568058,0.9219880242208269,0.02486142534432529,0.02002252318487655,0.02172238586340313,0.014632462428699807,0.9160028219666252,0.03345311828816173,0.015707681237816854,0.02020391607869632,0.013043782262908948,0.9219880242208269,0.02951742357276532,0.01594695594214834,0.01950381400135046
20268020,1,NORMAL/ZCH0252.wav,NORMAL,NORMAL,0.75,0.02736246696017704,0.9047667708321488,0.035645683270485735,0.01725245466009812,0.014972624277090063,0.056889260422094225,0.887572480867763,0.025216027949639893,0.01740474394743639,0.01291748681306663,0.04298222168327784,0.9047667708321488,0.024931100342923878,0.015370303989159624,0.011949603152489802
20268020,1,PDA/ZCH0684.wav,PDA,ASD,0.75,0.688071043414066,0.1918007961719041,0.06062012852463422,0.01675776687100864,0.04275026501838704,0.6727488319439602,0.2466651074133806,0.04852136520418012,0.012901961587003543,0.019162733851475537,0.7133258919091278,0.1918007961719041,0.05419636266613209,0.014570636573834698,0.026106312679001376
20268020,1,NORMAL/ZCH0179.wav,NORMAL,NORMAL,0.75,0.011584672716928673,0.9227002511850639,0.025449675066374345,0.019850148415475766,0.020415252616157446,0.016262408444838602,0.9217654967203043,0.02629303632596328,0.018723904582942656,0.016955153925951233,0.014947245726990134,0.9227002511850639,0.025846581939900564,0.01883767908491283,0.01766824206313254
20268020,1,NORMAL/ZCH0027.wav,NORMAL,NORMAL,0.75,0.0206407484095087,0.9214911082897139,0.028860895763557916,0.019518921376205478,0.009488326161014098,0.025394048557070982,0.9102349593042746,0.03420041404849325,0.020894693271936833,0.009275884818224403,0.021817495388550833,0.9214911082897139,0.029649096154696325,0.018585671978110972,0.008456628188927945
20268020,1,NORMAL/ZCH0334.wav,NORMAL,NORMAL,0.75,0.023002842871203844,0.8759519582745982,0.025508142160984747,0.05279492316809061,0.02274213352512271,0.051600339011731874,0.8170141897223827,0.039834127436882624,0.07194699811172572,0.019604345717277042,0.0319860278049334,0.8759519582745982,0.02663002193939082,0.04977896156336096,0.01565303041771667
20268020,1,PDA/ZCH0675.wav,PDA,VSD,0.75,0.01122479615733405,0.009691554029870653,0.01875904410352247,0.010362633842018399,0.9499619718672544,0.02023196483690036,0.0370264045649455,0.044925807341520255,0.03345975656550666,0.8643560666911273,0.01841089922389665,0.009691554029870653,0.039340560380535586,0.028397814298424306,0.9041591720672728
20268020,1,NORMAL/ZCH0480.wav,NORMAL,NORMAL,0.75,0.01260301291211135,0.9403690691561473,0.02422364543231297,0.008880435860566529,0.013923836638862019,0.025431391193794263,0.9300939189113984,0.02218053114701457,0.010192606478321906,0.012101552269470977,0.01942077050611744,0.9403690691561473,0.02024615452052043,0.008740943088897002,0.011223062728317867
20268020,1,VSD/ZCH0878.wav,VSD,NORMAL,0.75,0.014927471405046765,0.9139840355472922,0.02853934859755552,0.015526678067911834,0.02702246638219371,0.025934268330299128,0.9137688982619026,0.027213125551878298,0.015396172717890188,0.017687535138029845,0.023134041700158745,0.9139840355472922,0.027493760956487288,0.015399990214352564,0.01998817158170917
20268020,1,VSD/ZCH0806.wav,VSD,VSD,0.75,0.01825395318041178,0.0055046014530599876,0.03162878579780477,0.012690808774941609,0.9319218507937819,0.014710816923138635,0.053639648081536054,0.13133189902446296,0.02422925326118521,0.7760883827096772,0.01615778192960764,0.0055046014530599876,0.11141610481413143,0.02226892766664583,0.8446525841365552
20268020,1,NORMAL/ZCH0379.wav,NORMAL,NORMAL,0.75,0.10124283739805676,0.8091102828493768,0.03527069837911487,0.024629382183685856,0.02974679918976579,0.24368211788410976,0.7085222770018424,0.02057567953267246,0.013341576330027055,0.013878349251348227,0.14500187325500563,0.8091102828493768,0.018923984621939543,0.012710427130817778,0.014253432142860277
20268020,1,PFO/ZCH0732.wav,PFO,PFO,0.75,0.22823254768421328,0.16965078057755026,0.04427560924706217,0.29085558891583024,0.2669854735753441,0.2899525672635921,0.08284722514359782,0.04866369981493042,0.36705825504243694,0.2114782527354428,0.25394072930149525,0.16965078057755023,0.044112359953156724,0.3219525278415952,0.2103436023262025
20268020,1,NORMAL/ZCH0020.wav,NORMAL,NORMAL,0.75,0.012651571528179658,0.9280164239085498,0.03045632259561378,0.011514277396359646,0.017361404571297187,0.01562411138081817,0.9406275901167932,0.022342837804615528,0.008014356680074351,0.013391104017698828,0.017369989401979084,0.9280164239085498,0.027930554685891812,0.010166071090711076,0.016516960912868254
20268020,1,PFO/ZCH0729.wav,PFO,ASD,0.75,0.48256262510211073,0.2164845386343297,0.045599958066325066,0.22596562658248287,0.02938725161475169,0.5354039826386381,0.08620375461170848,0.08289027141070725,0.27853944700031674,0.016962544338629523,0.46494385892428375,0.2164845386343297,0.0647043855251431,0.23561227009827448,0.01825494681796897
20268020,1,ASD/ZCH0558.wav,ASD,ASD,0.75,0.5870056905706333,0.12048423379336229,0.10352618369907095,0.036110470321390115,0.15287342161554332,0.7029227499767864,0.09377741707486187,0.06348225312947695,0.06450048611538367,0.07531709370349114,0.6584068807043739,0.12048423379336229,0.0720900963022096,0.05597733683421978,0.09304145236583443
20268020,1,NORMAL/ZCH0429.wav,NORMAL,NORMAL,0.75,0.07015045228022172,0.7939596370770989,0.06329957606282594,0.02320875628777706,0.049381578292076275,0.16437194556441762,0.7176014685026458,0.05850533616988107,0.03010161679848017,0.029419632964575195,0.10748298691512075,0.793959637077099,0.04783938600009975,0.022273985198608244,0.028444004809072332
20268020,1,VSD/ZCH0842.wav,VSD,VSD,0.75,0.07517491502668724,0.05661844987274726,0.21222233137894392,0.01340044198236144,0.6425838617392601,0.06979579533454706,0.15204587737133146,0.20217926475828182,0.02496145145307742,0.5510176110827623,0.07703160729096566,0.05661844987274726,0.2217547345158051,0.024178041043499045,0.6204171672769829
20268020,1,NORMAL/ZCH0423.wav,NORMAL,NORMAL,0.75,0.054874091267054774,0.8797593991969224,0.022505347900507858,0.01727065549825478,0.025590506137260258,0.08176201399895316,0.8612059530195522,0.02369069003024063,0.012892133739511227,0.020449209211742765,0.06684281326717852,0.8797593991969224,0.02101919530360899,0.0126942366105552,0.019684355621734925
20268020,1,NORMAL/ZCH0405.wav,NORMAL,NORMAL,0.75,0.013613057655528464,0.9240285403657297,0.03485484083910886,0.015661202545310168,0.011842358594322915,0.032202294882185345,0.8921502633043112,0.039497309339967035,0.020301690175506697,0.015848442298029702,0.020416208214633712,0.9240285403657297,0.02958071694144647,0.014640980755704388,0.011333553722485758
20268020,1,NORMAL/ZCH0070.wav,NORMAL,NORMAL,0.75,0.014148733341590844,0.9127898914115891,0.029910665750886085,0.02118301251282578,0.02196769698310831,0.024291519863321245,0.8911405999913677,0.043154026100122006,0.021206064886777565,0.02020778915841146,0.018132611600364706,0.9127898914115891,0.03340652950733466,0.01803730246635805,0.01763366501435353
20268020,1,VSD/ZCH0938.wav,VSD,NORMAL,0.75,0.03452278291962663,0.9091349869802356,0.026586862033321456,0.012026502650950925,0.017728865415865182,0.047308995725799656,0.9012807823868312,0.028163669183141532,0.010203107571401762,0.013043445132825949,0.04128947749888305,0.9091349869802358,0.026088919079865127,0.010050128878725065,0.013436487562291122
20268020,1,VSD/ZCH0838.wav,VSD,VSD,0.75,0.010446076886325362,0.006266173542841462,0.012985418581668668,0.011726472862693505,0.9585758581264711,0.024964785980637217,0.026688736377489593,0.03832059180602175,0.04178595411423249,0.868239931721619,0.02172797756314765,0.00626617354284146,0.032589846612548545,0.0349286660456399,0.9044873362358223
20268020,1,NORMAL/ZCH0184.wav,NORMAL,NORMAL,0.75,0.08388370229393025,0.8158437986803577,0.026636715798016984,0.0585577979146983,0.015077985312996808,0.08275103998969811,0.8602169749740808,0.017053142004724003,0.031703157024441854,0.008275686007055272,0.10273577422155825,0.8158437986803577,0.02350908893449037,0.04596478189857377,0.01194655626501992
20268020,1,ASD/ZCH0619.wav,ASD,ASD,0.75,0.9063725480145096,0.017005440990818226,0.021712271142426402,0.041526807563418054,0.013382932288827695,0.8099347356604122,0.021423881071267102,0.05978637440779666,0.07947933520492743,0.029375673655596617,0.8367869350943926,0.017005440990818226,0.05047030794119583,0.07026035048206372,0.025476965491529693
20268020,1,VSD/ZCH0767.wav,VSD,VSD,0.75,0.014662205460947413,0.02013554910216583,0.015519211800910367,0.014730641965013145,0.9349523916709632,0.03899611505725367,0.03567373547999411,0.05583546282090496,0.03945688761298095,0.8300377990288663,0.033383895877048014,0.02013554910216583,0.046431157557009724,0.03375215274002712,0.8662972447237494
20268020,1,NORMAL/ZCH0120.wav,NORMAL,NORMAL,0.75,0.016773385965978795,0.9073468469771543,0.02914213663749956,0.022686470161427986,0.024051160257939415,0.02373777255629694,0.9070540820945008,0.035648680549369274,0.016504617023530097,0.01705484777630293,0.021940598248018257,0.9073468469771543,0.03393782880905604,0.0180110901158448,0.01876363584992662
20268020,1,NORMAL/ZCH0163.wav,NORMAL,NORMAL,0.75,0.012610774908239692,0.9180943723744188,0.026677137510550616,0.026270453603797806,0.016347261602993206,0.01835304193862113,0.9243800043147834,0.025812050348110016,0.020121018849200104,0.011333884549285323,0.018061621635613576,0.9180943723744188,0.027637470419980548,0.0229127413896839,0.01329379418030315
20268020,1,NORMAL/ZCH0178.wav,NORMAL,NORMAL,0.75,0.0180351789815669,0.9201021891739457,0.03358909755534532,0.014917632698610517,0.01335590159053135,0.029575737298810217,0.9001098737442295,0.041339662740145534,0.013703236029219835,0.01527149018759485,0.022251063818794596,0.9201021891739457,0.03319663652574898,0.011949879514061899,0.012500230967448825
20268020,1,NORMAL/ZCH0083.wav,NORMAL,NORMAL,0.75,0.02620044720175438,0.895892771963869,0.023633913998043876,0.02220367837858029,0.03206918845775257,0.04265223151951864,0.9039184015838236,0.02061799661345856,0.01567385695487805,0.017137513328321096,0.04121131904185139,0.895892771963869,0.022663631232722508,0.018288232153231183,0.02194404560832597
20268020,1,ASD/ZCH0553.wav,ASD,ASD,0.75,0.5025029736469969,0.07016799928343367,0.05692189212433635,0.26627336482090697,0.1041337701243262,0.633861283784657,0.03481631411452641,0.05699666656580999,0.21896346378761306,0.055362271747393714,0.5836094264380134,0.07016799928343367,0.055412264602531125,0.22477597457711754,0.06603433509890427
20268020,1,NORMAL/ZCH0212.wav,NORMAL,NORMAL,0.75,0.07486043853941018,0.836477793384138,0.040174430354534885,0.023732838051822566,0.02475449967009445,0.1464459274347262,0.7962478345893749,0.026000721048361916,0.015188297759371222,0.016117219168165792,0.10686323246254763,0.836477793384138,0.025693853332757904,0.01507528645485898,0.01588983436569754
20268020,1,NORMAL/ZCH0495.wav,NORMAL,NORMAL,0.75,0.03016180915641822,0.9168398494838754,0.028158030263731627,0.015331339852296386,0.009508971243678315,0.04629720618253837,0.8965678273712103,0.027175557637041187,0.02165275554431626,0.008306653264893936,0.03545789714763229,0.9168398494838755,0.023426503550973216,0.016889553905471564,0.007386195912047532
20268020,1,NORMAL/ZCH0363.wav,NORMAL,NORMAL,0.75,0.032463296466483785,0.914432195736876,0.018742375847246952,0.01592931226381311,0.018432819685580186,0.07130045974083542,0.8737028270369469,0.02043122941960078,0.015592763857082206,0.01897271994553483,0.04434599245593531,0.914432195736876,0.015067390712378038,0.011905537277656544,0.01424888381715416
20268020,1,NORMAL/ZCH0300.wav,NORMAL,NORMAL,0.75,0.023270364083186133,0.9099100076653907,0.019358245803144356,0.035116918519686215,0.012344463928592602,0.04823318236196389,0.8964969579368851,0.024193691030575844,0.023423827489603304,0.007652341180971885,0.03730454258266521,0.9099100076653904,0.02063336854121961,0.02407046453173318,0.008081616678991328
20268020,1,NORMAL/ZCH0396.wav,NORMAL,NORMAL,0.75,0.024399018003704805,0.8677964557808736,0.02391282730276695,0.06351499137132947,0.020376707541325267,0.05362779446980775,0.7919852501253745,0.0317894249171841,0.10190433254072616,0.020693197946907622,0.03166206859825558,0.8677964557808736,0.021131007211022262,0.06445263722311073,0.014957831186737835
20268020,1,VSD/ZCH0830.wav,VSD,VSD,0.75,0.048754485927511804,0.007768443263376916,0.07328039687777835,0.031052465679068685,0.8391442082522642,0.11848883292149119,0.03085537676300646,0.10387508221807595,0.0695990172397522,0.6771816908576742,0.1031722241816322,0.007768443263376916,0.09808229265075101,0.061205868590604125,0.7297711713136358
20268020,1,NORMAL/ZCH0312.wav,NORMAL,NORMAL,0.75,0.05262617004369975,0.8505268608681711,0.02602862756708615,0.04132142862095902,0.02949691290008402,0.05651759332680598,0.8451365961720949,0.041503948380732195,0.03577572607332388,0.021066136047043015,0.05406934961344241,0.8505268608681711,0.03655166045502511,0.036228228837900146,0.02262390022546124
20268020,1,NORMAL/ZCH0474.wav,NORMAL,NORMAL,0.75,0.017291188163607994,0.9193931430756543,0.027699803322420564,0.015274734181132961,0.020341131257184175,0.03875231065952629,0.8930039051657335,0.030548342930022468,0.018179774594041246,0.01951566665067639,0.02621870337509168,0.9193931430756543,0.024185435278544738,0.014090655330014856,0.01611206294069439
20268020,1,NORMAL/ZCH0482.wav,NORMAL,NORMAL,0.75,0.01781611619418447,0.9052264147619591,0.04005985046269819,0.01784607044067829,0.01905154814047999,0.05686423955884847,0.8578299918497879,0.04479927219090847,0.02180139949819232,0.01870509690226283,0.03288422289681276,0.9052264147619592,0.03241308140755066,0.0153614789691123,0.01411480196456521
20268020,1,ASD/ZCH0572.wav,ASD,PFO,0.75,0.25000922330524256,0.08428704526105167,0.013608905008390144,0.6084366826554111,0.04365814376990465,0.19364372943259117,0.0875769884260219,0.01519538800097457,0.6776533604614637,0.025930533678948486,0.2082587719029642,0.08428704526105166,0.014839860004429477,0.6621817629200096,0.030432559911544917
20268020,1,NORMAL/ZCH0067.wav,NORMAL,NORMAL,0.75,0.01786926234639356,0.9285522885045057,0.015024470891912858,0.023435754456872623,0.015118223800315338,0.028175216763408353,0.9175075385602037,0.020839509245474497,0.022449466793484123,0.011028268637429211,0.022769485780393877,0.9285522885045057,0.01729312963556057,0.020441753201395206,0.01094334287814468
20268020,1,VSD/ZCH0814.wav,VSD,VSD,0.75,0.019848741453351866,0.004047340808039132,0.015731866471755375,0.018931146613902383,0.9414409046529513,0.02288148845578481,0.022746017602368176,0.029104085697623787,0.03407678259442069,0.8911916256498025,0.022451660733316458,0.004047340808039132,0.026178686819137,0.030779389829002753,0.9165429218105047
20268020,1,ASD/ZCH0568.wav,ASD,PFO,0.75,0.10824508553871856,0.0979725703361473,0.022403611483026713,0.7463147281237293,0.025064004518378077,0.023363059024934196,0.048720467763509585,0.024181976925959633,0.8921068766188168,0.011627619666779882,0.04367635614725224,0.0979725703361473,0.02279837670851863,0.8210174923115687,0.014535204496513122
20268020,1,NORMAL/ZCH0200.wav,NORMAL,NORMAL,0.75,0.013889714451017427,0.9294003429106386,0.026003841585433125,0.016995604184349603,0.013710496868561267,0.01793833852252748,0.9356197449849585,0.02392003437323866,0.014554856971206658,0.007967025148068766,0.01822587143634332,0.9294003429106386,0.02617406774800479,0.01621958884755481,0.009980129057458527
20268020,1,NORMAL/ZCH0142.wav,NORMAL,NORMAL,0.75,0.012836610411926554,0.9342698138140564,0.02345090195693556,0.014727778284994294,0.014714895532087307,0.02037022573241943,0.9308959469364178,0.02376964329779618,0.013502947391111266,0.011461236642255387,0.01774092032154452,0.9342698138140564,0.0228195790702395,0.013314714358935052,0.011854972435224542
20268020,1,NORMAL/ZCH0432.wav,NORMAL,NORMAL,0.75,0.043524416448096265,0.9056744469562874,0.023482717857504318,0.010643540598284767,0.016674878139827223,0.06550927224130107,0.8962633123392448,0.021555016848720333,0.007975022361364305,0.008697376209369539,0.05555574000742229,0.9056744469562874,0.02057031657664191,0.008099523193652343,0.010099973265996057
20268020,1,NORMAL/ZCH0025.wav,NORMAL,NORMAL,0.75,0.06903459789326931,0.7688049558894245,0.02475879944482338,0.07245535706774457,0.06494628970473827,0.08191462819965298,0.6697265904342005,0.029297384339578354,0.15933817009900764,0.059723226927560547,0.06026450961389989,0.7688049558894243,0.021571069966699875,0.10176770194006618,0.047591762589909485
20268020,1,VSD/ZCH0873.wav,VSD,ASD,0.75,0.3769458620021188,0.09836526883026311,0.13983709971324118,0.17146248772874179,0.21338928172563498,0.3019422041086313,0.05446807412635885,0.25605177008414765,0.27916915672662096,0.10836879495424136,0.31017965888773963,0.09836526883026311,0.21808252219892232,0.24252197463295622,0.13085057545011877
20268020,1,NORMAL/ZCH0263.wav,NORMAL,NORMAL,0.75,0.014548794491998626,0.9376013948087651,0.025750357964326995,0.01309925841269653,0.009000194322212732,0.0349852725299424,0.918810559588848,0.027241392509941433,0.013244231436247738,0.0057185439350204295,0.02380329593548748,0.9376013948087651,0.02213998460070933,0.010909011528291582,0.005546313126746469
20268020,1,PFO/ZCH0704.wav,PFO,ASD,0.75,0.5787750593838977,0.010334279320817482,0.031583216766749966,0.19264427074369986,0.18666317378483507,0.6882043883908343,0.01725818229126906,0.04267110496423635,0.15147078447385673,0.10039553987980365,0.6644836117861623,0.010334279320817482,0.040124612220637436,0.1625645460794155,0.12249295059296736
20268020,1,VSD/ZCH0765.wav,VSD,VSD,0.75,0.013418537886755656,0.024334233863419274,0.06574374385295144,0.021823756734545043,0.8746797276623286,0.029565180333601473,0.036946762440462785,0.07239720925941914,0.07193424251705191,0.7891566054494648,0.025818917750238847,0.024334233863419274,0.07144494991238215,0.06011318067843618,0.8182887177955236
20268020,1,NORMAL/ZCH0421.wav,NORMAL,NORMAL,0.75,0.04241729597286523,0.8312854846423411,0.036538863322326136,0.05966312584576454,0.030095230216703035,0.10988032395513893,0.7381841168320025,0.050106870029461154,0.07422776257295768,0.027600926610439808,0.06370959795267969,0.8312854846423411,0.03335141782403531,0.05079013571292917,0.020863363868014767
20268020,1,VSD/ZCH0895.wav,VSD,VSD,0.75,0.009821996815987014,0.018425813106283107,0.014857608771295217,0.01806958143556095,0.9388249998708738,0.019166213117030637,0.04066212805631934,0.04414610348058434,0.03935365678481343,0.8566718985612523,0.017163346621245506,0.018425813106283107,0.03759142057375589,0.034716766291873216,0.8921026534068422
20268020,1,NORMAL/ZCH0399.wav,NORMAL,NORMAL,0.75,0.011025352025679072,0.9235615827461973,0.02846607571199992,0.01880675286332966,0.01814023665279412,0.026453505152250256,0.8987324595035836,0.031504391964101965,0.01824265505879047,0.025066988321273864,0.0177319959621263,0.9235615827461973,0.024951546665969403,0.015029081912510307,0.018725792713196715
20268020,1,VSD/ZCH0773.wav,VSD,VSD,0.75,0.01740899542917742,0.015905500451952333,0.03156743668080813,0.016683158940288403,0.9184349084977736,0.03210331356719612,0.030275844749075843,0.05345964570787806,0.03817769796491183,0.8459834980109382,0.028786538336168663,0.015905500451952333,0.048580757402785314,0.03322837974861164,0.8734988240604821
20268020,1,VSD/ZCH0874.wav,VSD,VSD,0.75,0.3527286546995916,0.09473457943909355,0.16348032610063118,0.06556749617541542,0.32348894358526836,0.3058402800902441,0.06120745640627216,0.22761916988477354,0.07687917031102522,0.3284539233076851,0.3093705122107517,0.09473457943909355,0.20548773184596977,0.07199206088936916,0.31841511561481584
20268020,1,NORMAL/ZCH0467.wav,NORMAL,NORMAL,0.75,0.014830128029725179,0.9284687895350336,0.026579544092911467,0.01607900867036068,0.014042529671968899,0.012848259879603162,0.9348097265697142,0.029275617752469243,0.011954230777014942,0.011112165021198606,0.014281021730625648,0.9284687895350338,0.030737288134217885,0.013857499648875173,0.012655400951247658
20268020,1,VSD/ZCH0821.wav,VSD,VSD,0.75,0.023605978831145655,0.005057541694260131,0.017065054543564873,0.018810840871724,0.9354605840593053,0.049065700726021844,0.021584626606169485,0.045087262693995725,0.04012873169214233,0.8441336782816706,0.043322372046550324,0.00505754169426013,0.03865291055720657,0.035307640427669734,0.8776595352743132
20268020,1,VSD/ZCH0879.wav,VSD,VSD,0.75,0.013768950212486536,0.07859388694776707,0.03965168125849916,0.023092747956587955,0.8448927336246592,0.030158217772434652,0.09974858363564539,0.06810610080925215,0.06294233245992295,0.739044765322745,0.02659240902952669,0.07859388694776709,0.062192797203259424,0.05408923141084226,0.7785316754086046
20268020,1,NORMAL/ZCH0415.wav,NORMAL,NORMAL,0.75,0.05762221960810467,0.8678579786702149,0.02740674399083254,0.026835927756117848,0.020277129974730104,0.09483725286597015,0.846825675097021,0.02259634218936018,0.019769215773623693,0.015971514074025125,0.07576694640323418,0.8678579786702149,0.02147192179825522,0.019500016602080707,0.015403136526215019
20268020,1,ASD/ZCH0543.wav,ASD,VSD,0.75,0.19026196977021498,0.029835986364719534,0.05220872706830733,0.013088805340394482,0.7146045114563637,0.19510019492636804,0.027061762514610843,0.08091362070179428,0.03665867790581088,0.6602657439514159,0.19347340895634474,0.029835986364719534,0.07356436023333403,0.03068781369471555,0.6724384307508862
20268020,1,ASD/ZCH0648.wav,ASD,NORMAL,0.75,0.034586641051011564,0.8558340997412013,0.030619942096109565,0.03350964985228394,0.04544966725939359,0.08137039146814373,0.7981627590802538,0.041091787197432186,0.03925609495520809,0.04011896729896203,0.052236865743267503,0.8558340997412013,0.02966789974478419,0.02940694439213927,0.032854190378607755
20268020,1,NORMAL/ZCH0320.wav,NORMAL,NORMAL,0.75,0.014156636514191592,0.9095748340832437,0.035125510653270485,0.0148608748903971,0.026282143858897017,0.03557538292693944,0.8988723758597973,0.032074746502493694,0.013280475718665526,0.02019701899210412,0.02739695711701394,0.9095748340832437,0.03029155575920202,0.0126214589600507,0.020115194080489656
20268020,1,NORMAL/ZCH0509.wav,NORMAL,NORMAL,0.75,0.05933011795748499,0.8216863676019338,0.05691740431674457,0.021682760476668637,0.04038334964716807,0.06323735099522809,0.8070691078253633,0.06250608341323541,0.0218814333673933,0.045306024398779794,0.05866719600684012,0.8216863676019338,0.05755711985209098,0.020588392742515185,0.0415009237966199
20268020,1,NORMAL/ZCH0342.wav,NORMAL,NORMAL,0.75,0.010048469249163932,0.9418681348047752,0.017677374691111816,0.017460245719532815,0.012945775535416294,0.01809934470889465,0.9259117709237881,0.02619936161020308,0.020237894216061942,0.009551628541052348,0.013163087242248349,0.9418681348047752,0.01983695227587938,0.016274509324701376,0.008857316352395733
20268020,1,NORMAL/ZCH0010.wav,NORMAL,NORMAL,0.75,0.016610710526573546,0.911598303553222,0.03330233402726469,0.013804892967491746,0.024683758925447837,0.03753063347757451,0.8847501923680193,0.03259117357168008,0.017351253222841537,0.02777674735988461,0.0257434186682851,0.911598303553222,0.02707473649105358,0.013433106846886303,0.022150434440553007
20268020,1,NORMAL/ZCH0527.wav,NORMAL,NORMAL,0.75,0.2506874798309266,0.5836051003728192,0.0722565274438384,0.06656988738716918,0.02688100496524666,0.5163614273770653,0.29138207280266276,0.1323191283190281,0.04505233318055803,0.014885038320685946,0.2902383657431372,0.5836051003728192,0.07637871300598427,0.03649755986321278,0.013280261014846561
20268020,1,NORMAL/ZCH0053.wav,NORMAL,NORMAL,0.75,0.01994626785522563,0.8931747044634928,0.03616259525410751,0.020854526059076426,0.0298619063680977,0.02345924120751693,0.9006932247079025,0.04286261074087135,0.013755409528963912,0.01922951381474515,0.023913072992856495,0.8931747044634928,0.04362145445134893,0.016311255648433262,0.022979512443868522
20268020,1,NORMAL/ZCH0488.wav,NORMAL,NORMAL,0.75,0.013644760126147673,0.9109567114045863,0.02848794370216757,0.02765537281823794,0.0192552119488605,0.016428154792918613,0.9097928815343876,0.03306119321423656,0.026999752149349784,0.013718018309107339,0.015573342142129097,0.9109567114045863,0.03159797034970539,0.026902399237049932,0.014969576866529248
20268020,1,ASD/ZCH0623.wav,ASD,NORMAL,0.75,0.060593290850194416,0.8318876366985556,0.02757282487004082,0.05813221987021744,0.02181402771099173,0.13472215784779343,0.7161035771456378,0.05762731460902032,0.06571394164062018,0.025833008756928226,0.07498121911843612,0.8318876366985556,0.03248668839025345,0.043717975439566854,0.016926480353187973
20268020,1,NORMAL/ZCH0510.wav,NORMAL,NORMAL,0.75,0.06568136879171635,0.8483104101145993,0.047631876704789966,0.013202302140405634,0.025174042248488723,0.10442542414074454,0.8092126809770561,0.04412966849126437,0.013646399329734531,0.028585827061200393,0.07868961345756784,0.8483104101145993,0.038222655666499177,0.011437974531300814,0.023339346230032906
20268020,1,VSD/ZCH0778.wav,VSD,VSD,0.75,0.01034873405035883,0.010625952033853352,0.011256562991116579,0.015040567275091269,0.95272818364958,0.026800365959794542,0.037691897757687484,0.032341709728204264,0.048479745377273877,0.8546862811770399,0.02325279972336801,0.010625952033853353,0.027752656954838733,0.04114260941141594,0.897225981876524
20268020,1,NORMAL/ZCH0338.wav,NORMAL,NORMAL,0.75,0.016798528562912352,0.9148276412060491,0.025489927905501992,0.018348240982337793,0.024535661343198876,0.03329760786760511,0.9058292491664955,0.026296394804308884,0.013945599119255973,0.020631149042334537,0.02678654829445589,0.9148276412060491,0.024210233773798155,0.014046841238638407,0.020128735487058458
20268020,1,NORMAL/ZCH0124.wav,NORMAL,NORMAL,0.75,0.009243305619553343,0.9382471435203019,0.025781516997043015,0.013883455190723617,0.0128445786723782,0.015432589705447248,0.9347454403366289,0.02280482684512647,0.013990870482274152,0.01302627263052338,0.013264158656000271,0.9382471435203019,0.02263118151131265,0.013400930999592706,0.012456585312792453
20268020,1,NORMAL/ZCH0189.wav,NORMAL,NORMAL,0.75,0.04096964439904016,0.882064334904219,0.0240262050986928,0.03965350065311151,0.01328631494493665,0.02748066004428732,0.8974007041898575,0.03295291799454216,0.03359922427628264,0.008566493495030466,0.03393372808690127,0.882064334904219,0.03441554962485149,0.03887955980253429,0.010706827581493964
20268020,1,VSD/ZCH0906.wav,VSD,VSD,0.75,0.4435761692653629,0.035250882561909266,0.14665012116708018,0.1289225540876504,0.24560027291799724,0.25927232578109094,0.02235361841703281,0.11185258215818562,0.16705279518095323,0.4394686784627374,0.3027830158134016,0.035250882561909266,0.11944528432719997,0.15586739493436938,0.3866534223631198
20268020,1,NORMAL/ZCH0138.wav,NORMAL,NORMAL,0.75,0.012629726238677088,0.9314234171714696,0.021330945029598376,0.019034648541706185,0.015581263018548785,0.010690790591134832,0.9298569472145952,0.028899117728696723,0.0191050517040423,0.01144809276153094,0.01099646041600935,0.9314234171714696,0.026523032322676405,0.018767453190977394,0.012289636898867267
20268020,1,NORMAL/ZCH0119.wav,NORMAL,NORMAL,0.75,0.17224667846245564,0.7150771802871971,0.024979360530168197,0.07238553687489724,0.015311243845281756,0.257247752821573,0.6855920935353371,0.025715006942111165,0.026070713504291736,0.005374433196687058,0.21790401675044005,0.7150771802871972,0.02372243564516657,0.03581574110551348,0.0074806262116828125
20268020,1,NORMAL/ZCH0339.wav,NORMAL,NORMAL,0.75,0.025157640474041537,0.9182368113799371,0.03144488597278359,0.010501145807465645,0.014659516365772141,0.05424411281757524,0.8999451059784562,0.02703076394176112,0.008369682287790284,0.010410334974417092,0.03953494751478508,0.9182368113799372,0.024428038181633412,0.007754959904715558,0.010045243018928885
20268020,1,NORMAL/ZCH0166.wav,NORMAL,NORMAL,0.75,0.09728078202457162,0.6200532231890185,0.10322770882335647,0.12446728255604084,0.05497100340701261,0.20006814271614975,0.4545609793584854,0.12423662971881322,0.18221725267538227,0.038916995531169334,0.1288441336883008,0.6200532231890185,0.09071332173918853,0.12631470969717098,0.034074611686321206
20268020,1,NORMAL/ZCH0158.wav,NORMAL,NORMAL,0.75,0.14219652947844919,0.4852018649789319,0.024583634027525142,0.30864438168035946,0.03937358983473433,0.1193801861782283,0.37096836675676825,0.035478464762076,0.46006794711108917,0.014105035191838405,0.10882449797343076,0.4852018649789319,0.027922532917753776,0.35955005883512065,0.018501045294762906
20268020,1,PFO/ZCH0736.wav,PFO,ASD,0.75,0.4078660422675723,0.012525510460864038,0.028400842103295833,0.43851790262928303,0.11268970253898487,0.44549724008562375,0.01691627801881118,0.06254262174386432,0.3857006298522049,0.08934323029949598,0.4375817409193668,0.012525510460864038,0.05421667840647876,0.4001969451888098,0.09547912502448072
20268020,1,VSD/ZCH0824.wav,VSD,VSD,0.75,0.012647092092885564,0.015042603723820654,0.012406959752659997,0.02691067933425192,0.9329926650963819,0.030067593037579558,0.04088374414002478,0.04587769704922369,0.055949798189305476,0.8272211675838665,0.02632004343854666,0.015042603723820654,0.0384370630207412,0.04982059564679316,0.8703796941700984
20268020,1,ASD/ZCH0614.wav,ASD,NORMAL,0.75,0.07762103800237496,0.3710346791392527,0.25625393796353996,0.11326810580689214,0.1818222390879402,0.06727047639994944,0.3542207554543832,0.3810499883160697,0.10453284561968819,0.09292593420990941,0.06854449376375157,0.3710346791392527,0.34241002882799293,0.1046753973745166,0.11333540089448618
20268020,1,NORMAL/ZCH0092.wav,NORMAL,NORMAL,0.75,0.020824968149233986,0.9249117797836031,0.028444185343157517,0.014927672622422788,0.010891394101582654,0.03537985115967739,0.9132019724817565,0.032222673027185775,0.009763129316315117,0.00943237401506534,0.028161343648426537,0.9249117797836031,0.028017712397852782,0.010066416977746656,0.008842747192370966
20268020,1,NORMAL/ZCH0517.wav,NORMAL,NORMAL,0.75,0.015576140795903418,0.9218051021883826,0.024124746630613373,0.016523710929194576,0.021970299455905992,0.03526075966604865,0.9049699460030978,0.025992501406734883,0.016320804861463756,0.017455988062654824,0.02565461027138839,0.9218051021883826,0.0220720145790566,0.01420303346098035,0.01626523950019203
20268020,1,ASD/ZCH0642.wav,ASD,ASD,0.75,0.7618955949238528,0.08556812870008884,0.04731676836658151,0.02047765801945702,0.08474184999001982,0.9206104767623253,0.026277214424303245,0.019392945935735907,0.011073752510463017,0.022645610367172365,0.8388891151621644,0.08556812870008886,0.025488260235625667,0.012919010329615229,0.03713548557250592
20268020,1,PFO/ZCH0722.wav,PFO,NORMAL,0.75,0.06507746186645813,0.7720647415923025,0.0307012119093891,0.11697432724033295,0.015182257391517247,0.0354772551807674,0.727120175064691,0.057185840441316076,0.17397253151602393,0.006244197797201718,0.03849485610834965,0.7720647415923025,0.04350060443012826,0.13823242131941757,0.0077073765498019715
20268020,1,NORMAL/ZCH0518.wav,NORMAL,NORMAL,0.75,0.062253506135853634,0.8625155601767145,0.02494511819186201,0.03848161143313335,0.011804204062436569,0.13366656365033647,0.794639802949959,0.03563607329773883,0.027517619145447487,0.008539940956518294,0.08267864360087714,0.8625155601767145,0.02412949465934114,0.023437264065425442,0.0072390374976417935
20268020,1,NORMAL/ZCH0150.wav,NORMAL,NORMAL,0.75,0.026277223952057536,0.9085937452295212,0.023775998709895257,0.018377142461717642,0.02297588964680839,0.04855949778888759,0.8854927574092473,0.025978553725960675,0.018934461518404614,0.02103472955749989,0.03564154014975124,0.9085937452295212,0.021497179415614007,0.015930216258341123,0.01833731894677245
20268020,1,VSD/ZCH0853.wav,VSD,VSD,0.75,0.01713363070681577,0.01757526677807096,0.008589288869542031,0.019103411737476754,0.9375984019080945,0.02595347811286369,0.026764525690902752,0.03561607568409893,0.040199404089050726,0.8714665164230839,0.023932305207883576,0.01757526677807096,0.029111593385061425,0.03521007713835921,0.8941707574906248
20268020,1,NORMAL/ZCH0384.wav,NORMAL,NORMAL,0.75,0.02158770758345651,0.878416186286133,0.05563018883333868,0.017210808071882577,0.0271551092251891,0.035551538823765425,0.844923305052377,0.07816731419913887,0.021463410132490597,0.019894431792228048,0.026301865296101783,0.878416186286133,0.0598713209944829,0.016923569680070617,0.018487057743211653
20268020,1,NORMAL/ZCH0016.wav,NORMAL,NORMAL,0.75,0.013002414312920764,0.9114853192807324,0.04229111592011672,0.012018510082633861,0.021202640403596196,0.02516309508749144,0.9073601750866502,0.03197892911164296,0.01026240041224298,0.025235400301972157,0.021282562266039508,0.9114853192807324,0.033488987284951796,0.010358698219350518,0.023384432948925785
20268020,1,VSD/ZCH0764.wav,VSD,VSD,0.75,0.008839176128858468,0.013046310172969767,0.010305784649019321,0.01405052933501414,0.9537581997141383,0.021229854390107477,0.04483324020666867,0.030376056113844772,0.033144576599710804,0.8704162726896683,0.018662064991691405,0.013046310172969767,0.026116650286222707,0.029198326876702083,0.912976647672414
20268020,1,ASD/ZCH0539.wav,ASD,NORMAL,0.75,0.08214736211175074,0.542054779068619,0.03006414045170825,0.3102507831562389,0.03548293521168322,0.01040586882343454,0.614583127446579,0.04114841262118975,0.32352312979544984,0.010339461313346957,0.029809886617798858,0.542054779068619,0.04418487394180029,0.36586585861320514,0.018084601758576766
20268020,1,ASD/ZCH0600.wav,ASD,ASD,0.75,0.7235618291267367,0.1439531680271499,0.020174497230657496,0.09485649614323378,0.017454009472222084,0.7803805780395897,0.06859907699892014,0.034630329974637074,0.10203144167038529,0.014358573316467888,0.7188239387716615,0.14395316802714994,0.028915071768851924,0.09404663894420413,0.014261182488132539
20268020,1,NORMAL/ZCH0176.wav,NORMAL,NORMAL,0.75,0.013997528179498963,0.924642621845308,0.027936688150984053,0.014452982189712705,0.018970179634496293,0.02656687028703858,0.9178928556678908,0.024480450431210592,0.014358578142428125,0.016701245471431977,0.02178655157401979,0.9246426218453081,0.023835165111017163,0.013496899506327728,0.01623876196332735
20268020,1,NORMAL/ZCH0261.wav,NORMAL,NORMAL,0.75,0.019561344728211673,0.9135713864890216,0.02265726122650416,0.028755159510844397,0.015454848045418185,0.04706911504636808,0.8837481949233074,0.025136970305558535,0.026055615652362196,0.017990104072403958,0.031135853509477666,0.9135713864890217,0.019680571806532425,0.021717278705409123,0.013894909489559211
20268020,1,ASD/ZCH0577.wav,ASD,PFO,0.75,0.29574151319670533,0.06285935253493646,0.08508134645347452,0.3462626076426718,0.2100551801722119,0.319440638125454,0.03494389331693329,0.1245694989208411,0.42981379636793193,0.0912321732688397,0.3065856908300626,0.06285935253493646,0.11199496396766227,0.3996013215170331,0.11895867115030566
20268020,1,ASD/ZCH0575.wav,ASD,ASD,0.75,0.6504660460051118,0.14941775589315667,0.06320404765955902,0.11635142551257023,0.020560724929602425,0.7744803271813718,0.07705584098395649,0.056484544250095206,0.0759337314895547,0.01604555609502189,0.6979353671508229,0.14941775589315667,0.05484298693818294,0.08157306073978789,0.01623082927804963
20268020,1,VSD/ZCH0803.wav,VSD,VSD,0.75,0.3176587040181523,0.16069761744004143,0.08414272884565713,0.05973211608699001,0.3777688336091591,0.29458182613402595,0.07736555628544285,0.21368051688305803,0.09581511225431152,0.3185569884431615,0.2803961401836842,0.16069761744004143,0.16682140060863365,0.08030386945709528,0.3117809723105455
20268020,1,NORMAL/ZCH0494.wav,NORMAL,NORMAL,0.75,0.013459586723892736,0.8980284163888672,0.03877622066190555,0.025464348405240714,0.024271427820093863,0.03479341842526615,0.8498441553315399,0.04449723711896819,0.04016088472562121,0.03070430439860459,0.02108618477286983,0.8980284163888672,0.0323577770407046,0.026821180060252196,0.021706441737306154
20268020,1,NORMAL/ZCH0479.wav,NORMAL,NORMAL,0.75,0.01902024585458346,0.9099877607143405,0.02760386568763529,0.021550815741034172,0.021837312002406656,0.03929778802663433,0.8821069777387555,0.035080036648159785,0.024387998210881053,0.019127199375569493,0.02725818653036167,0.9099877607143405,0.02698887700617595,0.019353023649801782,0.016412152099320086
20268020,1,PFO/ZCH0726.wav,PFO,PFO,0.75,0.35329054221687944,0.030145134224774744,0.05936488402513765,0.5304300923083477,0.02676934722486038,0.3706895266760866,0.031184521987969834,0.09680858062743108,0.4765729202381871,0.02474445047032542,0.3666380495557808,0.030145134224774748,0.0875255518473076,0.49042067951386,0.02527058485827695
20268020,1,NORMAL/ZCH0082.wav,NORMAL,NORMAL,0.75,0.030412268199368573,0.8752062020338471,0.02099920076676119,0.05120209397169835,0.022180235028324592,0.049675673916166944,0.8474520304005834,0.015840476295933312,0.0629819373873899,0.024049881999926487,0.03808142754919259,0.8752062020338471,0.014968676836295746,0.05144290197137052,0.020300791609294024
20268020,1,PFO/ZCH0731.wav,PFO,NORMAL,0.75,0.05984192855710988,0.5047486375986072,0.037479319662542206,0.3713837864905068,0.026546327691233884,0.06626043054539205,0.43218622343337976,0.05002598349542356,0.4367450345181627,0.014782328007642008,0.0583051091831998,0.5047486375986072,0.04209460364962305,0.3785451260371987,0.016306523531371245
20268020,1,NORMAL/ZCH0125.wav,NORMAL,NORMAL,0.75,0.0993373993478628,0.740800622345046,0.0505957017879449,0.06534913513956937,0.04391714137957694,0.11728874382625906,0.7454265579023917,0.0422670317689325,0.07155529333929574,0.02346237316312096,0.11439937620578457,0.740800622345046,0.04492523510312731,0.07097894440542114,0.02889582194062104
20268020,1,NORMAL/ZCH0370.wav,NORMAL,NORMAL,0.75,0.011243614079084127,0.9294688785509371,0.026258974893524627,0.013552340772726787,0.01947619170372748,0.02415859113149892,0.9272447669080831,0.02324435820500607,0.010293909348355862,0.0150583744070562,0.020375954713215433,0.9294688785509371,0.023465081148163702,0.010872505277960375,0.01581758030972341
20268020,1,NORMAL/ZCH0306.wav,NORMAL,NORMAL,0.75,0.0163138869299549,0.8999417503967597,0.04224057144617626,0.015455296872888272,0.02604849435422072,0.02711144634426633,0.9010952292992551,0.04087156485693148,0.012843621111782501,0.018078138387764613,0.024649197337024906,0.8999417503967598,0.041571315597363434,0.013608881796641551,0.020228854872210406
20268020,1,NORMAL/ZCH0272.wav,NORMAL,NORMAL,0.75,0.044171409769092854,0.882081559983614,0.026421645116023726,0.030768846566478894,0.01655653856479035,0.08440853316222698,0.8570369610982741,0.02743924943327717,0.021290388663852074,0.00982486764236979,0.06325908940301934,0.882081559983614,0.02357969452687772,0.0208627281499622,0.010216927936526702
20268020,1,PFO/ZCH0750.wav,PFO,PFO,0.75,0.2675024636662516,0.028510168979634973,0.02046918978788797,0.5952409440325563,0.08827723353366917,0.2381722849356414,0.01864882651737132,0.02737267796015923,0.6770345677371841,0.038771642849643975,0.2437098311532426,0.028510168979634973,0.02544051023102489,0.6514836537244824,0.05085583591161512
20268020,1,NORMAL/ZCH0426.wav,NORMAL,NORMAL,0.75,0.03669433787809128,0.8732463004347372,0.024627554726953587,0.04200346847119189,0.023428338489026163,0.02297151442875427,0.9113111907998958,0.02862916674771689,0.023687718150853524,0.013400409872779644,0.03379668346636328,0.8732463004347372,0.03684440861920011,0.03589166278548051,0.020220944694218933
20268020,1,ASD/ZCH0590.wav,ASD,ASD,0.75,0.6559337756815856,0.08308730254698149,0.06607246610990769,0.1602734255305791,0.03463303013094614,0.4964803496261523,0.11931574781282332,0.11265346228037217,0.2509864570253749,0.02056398325527742,0.5516613791260954,0.08308730254698149,0.10448385713234387,0.2360517653885786,0.024715695806000634
20268020,1,VSD/ZCH0858.wav,VSD,VSD,0.75,0.012147905307214248,0.01541868370083623,0.012019364754566327,0.014663234757243328,0.9457508114801398,0.02516087876789954,0.032013508380500176,0.04032985379631747,0.036435996129715265,0.8660597629255676,0.02223114743690005,0.01541868370083623,0.033770782305105794,0.03146129034684402,0.8971180962103139
20268020,1,NORMAL/ZCH0144.wav,NORMAL,NORMAL,0.75,0.015106201320962616,0.9176421980306413,0.028793858076502324,0.01707509921068602,0.0213826433612077,0.036561932649585474,0.892233141854678,0.03280629382433895,0.01702483089939174,0.02137380077200569,0.02473262481775441,0.9176421980306413,0.02600193269546949,0.014026837317701716,0.017596407138433096
20268020,1,NORMAL/ZCH0372.wav,NORMAL,NORMAL,0.75,0.060278449766530726,0.8204836032109605,0.05432210787709987,0.027938322405409062,0.03697751673999993,0.11322037747626744,0.7431843858823233,0.07194202347269979,0.0270564400805738,0.0445967730881357,0.07442615004195538,0.8204836032109605,0.05129661232851785,0.021169099667366614,0.03262453475119969
20268020,1,NORMAL/ZCH0460.wav,NORMAL,NORMAL,0.75,0.01542560162915765,0.9182085978975733,0.030818606996668475,0.016739884243967613,0.01880730923263306,0.022078991959424626,0.9137901388840566,0.03314435510432021,0.014078871661020809,0.01690764239117775,0.019566944009785488,0.9182085978975733,0.03128887321181246,0.014202943236120947,0.016732641644707863
20268020,1,NORMAL/ZCH0410.wav,NORMAL,NORMAL,0.75,0.13258789371803936,0.790191598283039,0.0292919772772429,0.030790128745510143,0.017138401976168643,0.2427477461002376,0.6971251331410626,0.023033871760584475,0.02688664863961054,0.010206600358504708,0.15926469283095043,0.790191598283039,0.019290064753944576,0.02166628313566681,0.00958736099639922
20268020,1,NORMAL/ZCH0507.wav,NORMAL,NORMAL,0.75,0.014067779512344523,0.9253395686134459,0.02400200730999948,0.023342587655606612,0.013248056908603496,0.02672215803819488,0.9027047878729302,0.03147157418793451,0.026456083260233368,0.012645396640706866,0.018896076618703104,0.9253395686134459,0.024113016723528852,0.021061647344641755,0.010589690699680382
20268020,1,ASD/ZCH0646.wav,ASD,ASD,0.75,0.9347638180344908,0.02234465044444308,0.015604991792461111,0.01242304920299857,0.014863490525606392,0.9059773967709246,0.05873042803514226,0.016698879133618116,0.0077191566131791485,0.010874139447135911,0.9394401428207839,0.02234465044444308,0.01690954201403639,0.009118923924453046,0.01218674079628352
20268020,1,ASD/ZCH0629.wav,ASD,NORMAL,0.75,0.03249348664982904,0.7969255724253528,0.06389160232068904,0.06842824834809046,0.03826109025603879,0.0830367451507891,0.6594862052176163,0.11983100138700038,0.10685999697981594,0.030786051264778458,0.045264244692142366,0.7969255724253528,0.06957119612333885,0.06490365590308166,0.023335330856084347
20268020,1,ASD/ZCH0602.wav,ASD,ASD,0.75,0.37921151981982903,0.013605316826620226,0.07291697350014187,0.08603747910303157,0.4482287107503773,0.5059044311544035,0.027976273840944678,0.17914110011352485,0.07807745428149443,0.20890074060963254,0.4798408895643803,0.013605316826620223,0.15457146214066292,0.08093321693068051,0.27104911453765596
20268020,1,NORMAL/ZCH0100.wav,NORMAL,NORMAL,0.75,0.015075939320364587,0.9111071038586858,0.024551275981468414,0.03188473052534129,0.017380950314140015,0.034071352078905055,0.8869005544902717,0.03069203057364963,0.0314016113008837,0.016934451556289705,0.023853308507105205,0.9111071038586858,0.024230105879621586,0.026481751976694827,0.014327729777892628
20268020,1,VSD/ZCH0894.wav,VSD,VSD,0.75,0.05675240084909812,0.00758249975033357,0.03263106737694087,0.022327205776443836,0.8807068262471835,0.06553877658203515,0.02001116230325483,0.0699698902206553,0.07065579244504433,0.7738243784490104,0.06396557699800379,0.00758249975033357,0.061300726902378866,0.05924571236268253,0.8079054839866013
20268020,1,PFO/ZCH0686.wav,PFO,NORMAL,0.75,0.06380759025697236,0.8267878720449373,0.04071841359327763,0.02781786104538106,0.04086826305943167,0.07071326630022828,0.857531273716093,0.025657310956847194,0.021004613795680357,0.02509353523115119,0.08043128709412856,0.8267878720449373,0.033575040125170305,0.02610737313447667,0.03309842760128716
20268020,1,ASD/ZCH0545.wav,ASD,VSD,0.75,0.34734030633324775,0.0020292665549206416,0.07408416716934983,0.013319662528806016,0.5632265974136759,0.1957597801281411,0.015080862690273861,0.07735384290710043,0.03159691065515169,0.6802086036193329,0.2356004858080388,0.0020292665549206416,0.07730521128643561,0.02734162703059951,0.6577234093200055
20268020,1,VSD/ZCH0931.wav,VSD,VSD,0.75,0.008744210456329397,0.012686225264780039,0.02092726720303037,0.018401352347992082,0.9392409447278681,0.023518392649451852,0.03599471855745953,0.07537068599872149,0.0496057501581893,0.8155104526361778,0.02025133202911483,0.012686225264780039,0.06312661099713372,0.04270420643196623,0.8612316252770053
20268020,1,VSD/ZCH0915.wav,VSD,VSD,0.75,0.27272074928158324,0.12073022284183713,0.06428733365960423,0.017490170504833504,0.524771523712142,0.3114550008619399,0.08286733269267295,0.15654639244866306,0.030002670292724718,0.4191286037039994,0.2921278605670841,0.12073022284183714,0.12863448370794114,0.02594557303075665,0.4325618598523811
20268020,1,PDA/ZCH0668.wav,PDA,PDA,0.75,0.04190745469027898,0.3167865700112817,0.25217719860223475,0.019644529159827527,0.36948424753637704,0.05599070121872694,0.22969451379447922,0.4519034911432126,0.023844904873500557,0.23856638897008076,0.04772208622922863,0.3167865700112817,0.3636521815916875,0.020772851638434103,0.25106631052936806
20268020,1,VSD/ZCH0868.wav,VSD,VSD,0.75,0.025996898516925847,0.014094266783138808,0.017568250392519226,0.016960387115778026,0.9253801971916381,0.03208674174565787,0.025704740536898182,0.044921836191146425,0.032748270314328726,0.8645384112119687,0.030851059204044157,0.01409426678313881,0.0384849328681898,0.029093990253924756,0.8874757508907025
20268020,1,NORMAL/ZCH0205.wav,NORMAL,NORMAL,0.75,0.08233563555957647,0.8311603583214148,0.032633792306701215,0.04509880785420907,0.008771405958098515,0.09095331291978702,0.8523687765804804,0.02545198711079332,0.02673275361394516,0.004493169774994163,0.09859852737892567,0.8311603583214148,0.02998972613014699,0.034204549237971865,0.006046838931540702
20268020,1,VSD/ZCH0891.wav,VSD,VSD,0.75,0.012730804072541806,0.03500426375681057,0.02411283929196935,0.018351102229000056,0.9098009906496782,0.02754540544727043,0.03585158776087618,0.040954180886249594,0.044783158570181475,0.8508656673354223,0.02385991093126551,0.03500426375681057,0.03677083935612182,0.03820466212300544,0.8661603238327966
20268020,1,NORMAL/ZCH0063.wav,NORMAL,NORMAL,0.75,0.024208859118441263,0.9010081306531217,0.01724642049175427,0.040338367569337466,0.017198222167345293,0.04822951814647904,0.858763056175571,0.021314939251155067,0.06031884812605295,0.011373638300741996,0.03140498383779365,0.9010081306531217,0.015516210789586567,0.041792348576756,0.0102783261427421
20268020,1,NORMAL/ZCH0308.wav,NORMAL,NORMAL,0.75,0.015051296382366259,0.9250241487750646,0.027540850899183525,0.01863140182077162,0.013752302122614104,0.02492463058706927,0.9204147723537766,0.02813649936018439,0.015458913612984179,0.01106518408598569,0.021373618051974026,0.9250241487750646,0.026765390734060313,0.015580529588861526,0.01125631285003958
20268020,1,VSD/ZCH0822.wav,VSD,VSD,0.75,0.01630700412791516,0.009259811242741278,0.02608981096218116,0.0068078946585851535,0.9415354790085773,0.02909672287593376,0.03871657871224843,0.07803912404912766,0.033203211046029094,0.8209443633166611,0.02656800497119377,0.009259811242741278,0.06684532015303228,0.027367470580495195,0.8699593930525374
20268020,1,ASD/ZCH0607.wav,ASD,ASD,0.75,0.6499426014943314,0.07059063213341026,0.022237450819380614,0.2211305159254143,0.0360987996274636,0.833716064058811,0.036942504579084844,0.022312645598004426,0.09204459744571569,0.014984188318384018,0.7659258840263446,0.07059063213341026,0.02170916316271575,0.12190412733501728,0.019870193342512114
20268020,1,NORMAL/ZCH0356.wav,NORMAL,NORMAL,0.75,0.015732564379906836,0.9126583811548898,0.03440009924673963,0.01871523050253566,0.018493724715928105,0.04357551349347131,0.8738177123158715,0.04108961297420647,0.02342683831684517,0.018090322899605646,0.026554912900545926,0.9126583811548898,0.02993126737801565,0.0168406055722958,0.014014832994252789
20268020,1,PFO/ZCH0685.wav,PFO,PFO,0.75,0.13055990371590598,0.10193528359758876,0.03948320278763591,0.6769206697141856,0.051100940184683766,0.0641820791076547,0.08145071769153749,0.04805227954499723,0.7888314318047569,0.017483491851053704,0.07970304193595923,0.10193528359758876,0.04510630000535182,0.7476599450170737,0.025595429444026627
20268020,1,NORMAL/ZCH0345.wav,NORMAL,NORMAL,0.75,0.015080974725612054,0.9373409100111145,0.022653888426296016,0.013293934897205827,0.011630291939771584,0.034139355224051225,0.9171037555305708,0.026865942556222253,0.013748750188857219,0.008142196500298562,0.023124023923539603,0.9373409100111145,0.020893916408131288,0.011117722602360745,0.007523427054853831
20268020,1,NORMAL/ZCH0440.wav,NORMAL,NORMAL,0.75,0.023407886551518244,0.9247904215053315,0.022058247692082263,0.016101982366077267,0.013641461884990689,0.043736354443130745,0.911561011108375,0.02182740374262144,0.01285057829362166,0.010024652412251214,0.03374741252701195,0.9247904215053315,0.019436276675383866,0.012221710199369256,0.009804179092903396
20268020,1,NORMAL/ZCH0234.wav,NORMAL,NORMAL,0.75,0.24996595542404473,0.5976597018322418,0.048868427988030635,0.08389429836332836,0.019611616392354644,0.24083589577612732,0.5592622532133831,0.05895130073361759,0.12204435956196519,0.018906190714906682,0.2273820391138599,0.5976597018322418,0.05257866682618685,0.10453238769544387,0.017847204532267576
20268020,1,NORMAL/ZCH0081.wav,NORMAL,NORMAL,0.75,0.01913887193290258,0.9093661678007904,0.028559262621915323,0.017616998555749948,0.025318699088641795,0.035631230524159375,0.8948543691256474,0.031612800931816926,0.015747868924579644,0.02215373049379664,0.027819876041079904,0.9093661678007904,0.02757710775579327,0.014585055758055422,0.020651792644281023
20268020,1,PDA/ZCH0677.wav,PDA,VSD,0.75,0.009971245660695797,0.010392111037926796,0.04726223403813763,0.007800983370367732,0.9245734258928721,0.0218547177161074,0.02399583030168892,0.05683518709060298,0.029146504135059065,0.8681677607565417,0.019112310901726572,0.010392111037926796,0.05503608301780697,0.024114810802879864,0.8913446842396598
20268020,1,ASD/ZCH0652.wav,ASD,NORMAL,0.75,0.15979663599183103,0.5631563730561719,0.0771896417711325,0.06785043159681489,0.1320069175840496,0.2995665250306121,0.4058614682009757,0.14351081095774426,0.10580879229793023,0.04525240351273785,0.20514261174678333,0.5631563730561719,0.09843524590844868,0.07530998075433933,0.05795578853425675
20268020,1,NORMAL/ZCH0343.wav,NORMAL,NORMAL,0.75,0.03161909208973512,0.8966170895449932,0.025838960597027578,0.03649220480393678,0.009432652964307352,0.055509938192160255,0.8682482678235998,0.030163293650003226,0.039550465059598854,0.0065280352746379215,0.040572914503485664,0.8966170895449932,0.024211133441782405,0.03239888666914278,0.00619997584059596
20268020,1,NORMAL/ZCH0062.wav,NORMAL,NORMAL,0.75,0.02912787382754724,0.7671989617892355,0.024504934149756883,0.10757509142470696,0.07159313880875352,0.061510593012998396,0.6659614156274929,0.03806325364558294,0.1844934639461402,0.04997127376778551,0.03943333640728129,0.7671989617892355,0.0260217606881809,0.1233278495447514,0.044018091570550893
20268020,1,NORMAL/ZCH0130.wav,NORMAL,NORMAL,0.75,0.011949892999457049,0.9381880614503488,0.023195130060825447,0.012588178762711153,0.01407873672665757,0.03288731338729842,0.9287620393960708,0.01592057665494492,0.010719225086133682,0.011710845475552178,0.024389285327216396,0.9381880614503488,0.01615928796968369,0.010122708473444358,0.011140656779306727
20268020,1,NORMAL/ZCH0456.wav,NORMAL,NORMAL,0.75,0.017197100304810364,0.9359160286686597,0.017654156222695915,0.01451743454673372,0.014715280257100269,0.04090971856880047,0.9227185914748522,0.014039773093816352,0.012477404922076472,0.009854511940454468,0.029741913370150478,0.9359160286686597,0.013145177430412006,0.011389326472825523,0.009807554057952235
20268020,1,NORMAL/ZCH0048.wav,NORMAL,NORMAL,0.75,0.01276938830206309,0.921759477958022,0.023981282908651765,0.017874724059410322,0.023615126771852638,0.029388813969798144,0.8907132283763827,0.030723531927926193,0.021622250876218947,0.027552174849674066,0.018972364041640558,0.921759477958022,0.02249200057209246,0.016078522977960735,0.020697634450284205
20268020,1,VSD/ZCH0899.wav,VSD,VSD,0.75,0.009064186068670346,0.019637698173046596,0.020344136983419348,0.019941284869793078,0.9310126939050707,0.0242588132088331,0.032735231403767384,0.04497232961336713,0.0508731027722345,0.8471605230017979,0.02070651912286109,0.019637698173046596,0.03927200225304272,0.043656794960295314,0.8767269854907542
20268020,1,NORMAL/ZCH0318.wav,NORMAL,NORMAL,0.75,0.01934954271499345,0.9247391668363855,0.025318678425826822,0.02125904278370552,0.009333569239088789,0.041758245184773723,0.8941936453165547,0.03253921174046791,0.0236579955462791,0.007850902211924546,0.02711459435959158,0.9247391668363855,0.02368870390124217,0.017935839513364114,0.006521695389416667
20268020,1,ASD/ZCH0639.wav,ASD,PFO,0.75,0.18928022907676945,0.023766846420006538,0.0269479966947587,0.6932923523352318,0.06671257547323362,0.17123769303569092,0.009369803491502716,0.013615010169948209,0.778523891675283,0.02725360162757512,0.17388185122104993,0.023766846420006538,0.016799854385259702,0.7487301647504424,0.03682128322324146
20268020,1,PDA/ZCH0676.wav,PDA,NORMAL,0.75,0.2094890695653182,0.3185620100049942,0.1670412815070263,0.045104685052348964,0.2598029538703124,0.2872788373721479,0.15547537577037032,0.24523674717372376,0.09659556110337547,0.2154134785803826,0.22622395971369863,0.3185620100049942,0.19016952415167537,0.06973262396341683,0.19531188216621503
20268020,1,VSD/ZCH0877.wav,VSD,VSD,0.75,0.019170283518328623,0.00969022971109934,0.013207296521707145,0.011484996878318342,0.9464471933705465,0.02811201123272718,0.02562460419132586,0.036775303774733856,0.032115863116258046,0.877372217684955,0.026221375044276674,0.00969022971109934,0.03133435357707475,0.0273520498140686,0.9054019918534807
20268020,1,NORMAL/ZCH0045.wav,NORMAL,NORMAL,0.75,0.013042861096335987,0.9113753700087153,0.031985967683517726,0.017642420882187593,0.02595338032924341,0.020055627486885493,0.8986141989071371,0.039248241802068484,0.015648316317740295,0.026433615486168623,0.0164091730421515,0.9113753700087153,0.033727616521336344,0.014669632337983737,0.023818208089813154
20268020,1,VSD/ZCH0908.wav,VSD,NORMAL,0.75,0.03657002813615462,0.8448086031060958,0.07094506290503788,0.016653843253054964,0.03102246259965669,0.18136012028905288,0.6407056423950379,0.11921288953601984,0.02539928018636144,0.03332206759352812,0.06789418893377945,0.844808603106096,0.056355327917033404,0.012391567563596386,0.018550312479494936
20268020,1,NORMAL/ZCH0187.wav,NORMAL,NORMAL,0.75,0.046028601320899566,0.8708082050019411,0.02891952265219116,0.040059822028908045,0.014183848996060207,0.06241088723024173,0.8395286079045651,0.03462610347238441,0.05515590244061458,0.00827849895219418,0.04919131840876867,0.8708082050019411,0.02813738512368143,0.043318508626541186,0.008544582839067599
20268020,1,NORMAL/ZCH0172.wav,NORMAL,NORMAL,0.75,0.01113050687594201,0.927236705555571,0.028943659118785228,0.013694232792421952,0.018994895657279708,0.020062545035571703,0.9217453247505217,0.029675512751784528,0.01141734710087122,0.017099270361250914,0.016773645789801197,0.927236705555571,0.02793073012392616,0.011385674706414156,0.016673243824287462
20268020,1,VSD/ZCH0867.wav,VSD,VSD,0.75,0.13295916980497363,0.11180829507462031,0.12953926986811737,0.07041546251926839,0.5552778027330203,0.13999425716072508,0.08398044234767979,0.1659439889842741,0.12639707456390958,0.48368423694341145,0.1350458103265798,0.11180829507462031,0.15306188702311693,0.109521799218122,0.490562208357561
20268020,1,PDA/ZCH0653.wav,PDA,PDA,0.75,0.07252099377433281,0.008813415030290888,0.2699312117022711,0.019268594274299947,0.6294657852188053,0.12169421427930134,0.028924571259066115,0.4726043690243559,0.04252224991721307,0.3342545955200636,0.11129114183973295,0.008813415030290888,0.42927687425407857,0.03736931889945085,0.4132492499764468
20268020,1,NORMAL/ZCH0028.wav,NORMAL,NORMAL,0.75,0.016653347524510944,0.8653118090743488,0.04630921852276814,0.017903156567249,0.05382246831112314,0.02395955127327464,0.8766982951252015,0.04400197299267854,0.02420006252123684,0.03114011808760848,0.023792436614569385,0.8653118090743488,0.0476263569059288,0.02430193009774668,0.03896746730740635
20268020,1,NORMAL/ZCH0295.wav,NORMAL,NORMAL,0.75,0.04320681745361049,0.7601074200493771,0.0394296966163934,0.12452137211841807,0.03273469376220091,0.09832209633037851,0.7208080013489946,0.0607980550692413,0.09426817326807972,0.025803673983305978,0.07416331967333485,0.7601074200493771,0.0490374571341225,0.09187949254439812,0.02481231059876739
20268020,1,PFO/ZCH0696.wav,PFO,PFO,0.75,0.1912064791615659,0.039880364052737524,0.036474174652969205,0.5384312783811623,0.19400770375156495,0.1595505730096315,0.05214690910108567,0.04839156897243631,0.6476636575558377,0.09224729136100893,0.1690131552678246,0.03988036405273752,0.0458819113445168,0.6266418181227322,0.11858275121218878
20268020,1,NORMAL/ZCH0015.wav,NORMAL,NORMAL,0.75,0.013433064738830169,0.9299315519929262,0.02493520769781563,0.017439831493909305,0.014260344076518734,0.028896216963725987,0.9212336926437448,0.024131250620273777,0.016264409443350523,0.009474430328905,0.02263725561447383,0.9299315519929262,0.02233369923001841,0.015211252980147022,0.009886240182434529
20268020,1,VSD/ZCH0920.wav,VSD,NORMAL,0.75,0.19881441034928515,0.3510823956001711,0.1777727315469309,0.25107968514515044,0.021250777358462185,0.08689686735386,0.39908283888533647,0.33142129801303916,0.167515175018275,0.01508382072948948,0.12008215554192318,0.3510823956001712,0.31286426736046974,0.19844196533954633,0.017529216157889604
20268020,1,NORMAL/ZCH0398.wav,NORMAL,NORMAL,0.75,0.02005925713150927,0.9078552018478574,0.024189076202145974,0.03592243470177472,0.011974030116712749,0.019026937939887387,0.9183214410905928,0.02456372111797382,0.030018660797251694,0.00806923905429433,0.021113592646506786,0.9078552018478575,0.026830744737145355,0.03437953353002215,0.009820927238468327
20268020,1,NORMAL/ZCH0526.wav,NORMAL,NORMAL,0.75,0.01591563498253975,0.9120302788401788,0.02787774443714221,0.03096906272548998,0.013207279014649284,0.02799622038299684,0.8947901085508783,0.0333216804403797,0.03381470892966136,0.010077281696083872,0.021535383237000535,0.9120302788401788,0.02786551510344369,0.02894752362815979,0.009621299191217151
20268020,1,PDA/ZCH0669.wav,PDA,VSD,0.75,0.3445286400787696,0.14420495776942358,0.12449835384018436,0.08036703865658928,0.3064010096550332,0.29364108494996805,0.13098604818778728,0.1737904680318592,0.08810096380599346,0.31348143502439213,0.3030129570753766,0.14420495776942358,0.15948474362652132,0.0851623789709567,0.3081349625577219
20268020,1,NORMAL/ZCH0462.wav,NORMAL,NORMAL,0.75,0.0228819001992886,0.8971503723894488,0.02724914986051884,0.032556879917680345,0.020161697633063417,0.02576199855272801,0.8626658387889201,0.04083537236311805,0.055120201041336234,0.01561658925389763,0.020190356037294917,0.8971503723894488,0.029748511802075904,0.039098881258853295,0.013811878512327055
20268020,1,NORMAL/ZCH0099.wav,NORMAL,NORMAL,0.75,0.01874519557938395,0.9295481718349676,0.020099976581014256,0.019760204027480938,0.011846451977153295,0.027634552040956353,0.9201199173405612,0.024624126678577413,0.018557541728005326,0.009063862211899826,0.02296593112908712,0.9295481718349677,0.021313297972529333,0.017215445862439654,0.00895715320097627
20268020,1,PFO/ZCH0700.wav,PFO,PFO,0.75,0.18504404216673712,0.0689693775279557,0.012839705247503275,0.6860446951735248,0.047102179884279116,0.25826397614465196,0.04913635658496934,0.018144054123704966,0.6409666287240087,0.033488984422665166,0.23591885907016308,0.0689693775279557,0.016534131723933695,0.6422092308629446,0.03636840081500293
20268020,1,VSD/ZCH0939.wav,VSD,NORMAL,0.75,0.25189757969061566,0.6891453023256342,0.037386512225213206,0.013099735892037006,0.008470869866500013,0.2590610347718077,0.7080030144897611,0.019681370598618575,0.00910107884238573,0.004153501297426989,0.26981815608977433,0.6891453023256343,0.025060950834053856,0.010541566641622481,0.0054340241089151815
20268020,1,NORMAL/ZCH0152.wav,NORMAL,NORMAL,0.75,0.014885455542163818,0.9332100166403404,0.01982698149466345,0.017276459560634994,0.014801086762197406,0.017009467583028313,0.9325388056876405,0.023485739413008785,0.015041385780055701,0.01192460153626671,0.016351536702748914,0.9332100166403404,0.022395794895838046,0.015487912554463728,0.012554739206608895
20268020,1,NORMAL/ZCH0066.wav,NORMAL,NORMAL,0.75,0.05885109322462432,0.7957401198762684,0.03176883988287072,0.07387584186024247,0.0397641051559942,0.11885693039153229,0.7244922149191715,0.034446383130868924,0.0842638732398528,0.03794059831857451,0.08080265443200114,0.7957401198762685,0.027095972051188084,0.06532352205671603,0.031037731583826417
20268020,1,ASD/ZCH0571.wav,ASD,PFO,0.75,0.32852101708906867,0.01594681612340486,0.019592182004741006,0.5929361475883306,0.04300383719445485,0.4008446462189237,0.013867718546963528,0.058025611775673336,0.4791400336262826,0.04812198983215689,0.3821299027249108,0.015946816123404855,0.048325501245334766,0.5068314212038376,0.04676635870251179
20268020,1,PFO/ZCH0708.wav,PFO,NORMAL,0.75,0.32638703179270556,0.3533340276342293,0.12380573314256997,0.16626903714227015,0.03020417028822503,0.3232010423501674,0.22754882184765673,0.1493007666082567,0.28271975870026284,0.017229610493656292,0.2845252299011785,0.35333402763422933,0.12469301347646405,0.21907871842810053,0.018369010560027602
20268020,1,NORMAL/ZCH0002.wav,NORMAL,NORMAL,0.75,0.020090076918893574,0.9095017704960987,0.030359040899581958,0.021984224372652624,0.01806488731277325,0.034376736634169694,0.8991726508215401,0.03481179377365582,0.017725086977543547,0.013913731793090866,0.02816381343359958,0.9095017704960988,0.031023920658847102,0.017428004634460082,0.013882490776994546
20268020,1,NORMAL/ZCH0190.wav,NORMAL,NORMAL,0.75,0.015373102225649894,0.9219806937764954,0.025104855615901152,0.020848294223656357,0.016693054158297225,0.021027793901276636,0.9154723757583092,0.03020982171336479,0.021389145965455145,0.011900862661594269,0.018399823545660922,0.9219806937764954,0.027189045824519097,0.02001876850246694,0.01241166835085765
20268020,1,VSD/ZCH0805.wav,VSD,VSD,0.75,0.09315469559543427,0.015310441066146846,0.04433829262017415,0.021613212569277528,0.8255833581489672,0.10248829705882594,0.015335792102973938,0.03570586464643646,0.0999924759639466,0.7464775702278171,0.10015687568076816,0.015310441066146848,0.037864661098786674,0.08039959091025513,0.7662684312440432
20268020,1,PFO/ZCH0720.wav,PFO,NORMAL,0.75,0.28513906049060483,0.40287533209058396,0.05330929109063386,0.22698001520467945,0.031696301123497944,0.32347353755536595,0.2826900447951359,0.05796457488950909,0.3177628834214677,0.018108959338521385,0.2732414234215037,0.40287533209058396,0.049516780287077754,0.25513628660037974,0.019230177600454812
20268020,2,NORMAL/ZCH0350.wav,NORMAL,NORMAL,0.75,0.008777741948858475,0.9335555197871509,0.02895232321905031,0.019962122509553978,0.008752292535386305,0.020621764494659984,0.9264676742902401,0.025731331478766988,0.02156852457132834,0.0056107051650046355,0.016169946356350665,0.9335555197871509,0.02467638017298451,0.019607667277158833,0.005990486406355095
20268020,2,ASD/ZCH0552.wav,ASD,ASD,0.75,0.5703804194704237,0.0009939082012016469,0.08803115575679638,0.04519236785315808,0.2954021487184202,0.7132228860053079,0.002128589137983201,0.06612335275770304,0.06924502946453573,0.14928014263447026,0.6781205244059662,0.0009939082012016469,0.07165669522315753,0.0632909180244903,0.18593795414518455
20268020,2,NORMAL/ZCH0131.wav,NORMAL,NORMAL,0.75,0.008245027234212915,0.9248683057179949,0.03197209244975124,0.02074508967650671,0.014169484921534303,0.00472798562226808,0.9575535217318923,0.020172689548422787,0.01093490686126354,0.006610896236153265,0.008337776996487014,0.924868305717995,0.03477277739072132,0.019702637135771483,0.012318502759025254
20268020,2,ASD/ZCH0544.wav,ASD,ASD,0.75,0.493142608613399,0.005184877048940841,0.24085126511585547,0.027470498591638953,0.23335075063016578,0.49151521288163613,0.008222605352720729,0.38882622779519616,0.04465459972997957,0.06678135424046752,0.4930511632253122,0.005184877048940841,0.3527256929322791,0.040461154325385,0.10857711246808292
20268020,2,ASD/ZCH0561.wav,ASD,NORMAL,0.75,0.21576493115310974,0.6248554010452572,0.041264812135573765,0.09473510821952326,0.02337974744653601,0.35404487656470995,0.5053835819142506,0.01519699274055495,0.10605734779410793,0.01931720098637658,0.2553367259032423,0.624855401045257,0.01896088637614542,0.08401362016604293,0.016833366509312116
20268020,2,NORMAL/ZCH0337.wav,NORMAL,NORMAL,0.75,0.01990917915626251,0.919591123915064,0.017603715724286782,0.03158422465968348,0.011311756544703146,0.013675314492469183,0.9260245102050617,0.0129425623877194,0.03663486657198758,0.010722746342762143,0.016125750900971535,0.919591123915064,0.014952027323328211,0.037761709519236415,0.01156938834139981
20268020,2,NORMAL/ZCH0258.wav,NORMAL,NORMAL,0.75,0.016644783083292147,0.9350307619314784,0.022216994396991843,0.015540522029710773,0.010566938558526884,0.018559621714476535,0.9540779913801899,0.009091610210802695,0.014102385551675704,0.0041683911428549636,0.023854440652799427,0.9350307619314784,0.015201175083377774,0.01884889088798394,0.00706473144436048
20268020,2,NORMAL/ZCH0012.wav,NORMAL,NORMAL,0.75,0.010430855754052079,0.9100473077739617,0.03919066413263623,0.02346558829829832,0.016865584041051453,0.007466342534050787,0.9573058646123681,0.015939184614722417,0.008940472660823099,0.010348135578035583,0.014405896626636001,0.9100473077739617,0.034984484227821744,0.01999397416998707,0.020568337201593484
20268020,2,ASD/ZCH0613.wav,ASD,PDA,0.75,0.18204910621920883,0.005744585772386716,0.5356489721272947,0.2558567993764753,0.0207005365046346,0.22063330990548216,0.0035679658686405364,0.5070159637429561,0.24655611322608006,0.02222664725684119,0.2106257931458135,0.005744585772386716,0.5133435663312983,0.24847734932825344,0.021808705422247956
20268020,2,PFO/ZCH0701.wav,PFO,ASD,0.75,0.4300808741468683,0.011245346880234272,0.07476426643122486,0.28705763384053606,0.19685187870113657,0.5711599341785923,0.015501798886699433,0.045265177746373904,0.14089631009724643,0.2271767790910878,0.5377422153540098,0.011245346880234272,0.05278672701917785,0.17789351214350266,0.22033219860307549
20268020,2,VSD/ZCH0888.wav,VSD,VSD,0.75,0.011955913635259996,0.00386016459745355,0.020972066698640532,0.008514937659835858,0.95469691740881,0.028155651079514947,0.010526380975671037,0.022912696214463013,0.022230934165043997,0.916174337565307,0.024247983014457204,0.00386016459745355,0.022543313264332936,0.018914264625846233,0.9304342744979102
20268020,2,ASD/ZCH0617.wav,ASD,ASD,0.75,0.48606465942099886,0.005889524377266258,0.2029989552221064,0.2723457867835939,0.03270107419603467,0.5237477321641975,0.0024748772873777907,0.17506021954491952,0.2809674554232451,0.017749715580260127,0.5129823259120851,0.005889524377266258,0.18159546450602834,0.2780906995104254,0.021441985694194834
20268020,2,NORMAL/ZCH0478.wav,NORMAL,NORMAL,0.75,0.01757726538613319,0.9019405433231646,0.03561073537934497,0.018062160371668183,0.026809295539689002,0.017203156548927522,0.9252375840243823,0.022226527768054862,0.018473185977179032,0.0168595456814561,0.02131724642744995,0.9019405433231646,0.0307671582097919,0.02268781177889784,0.02328724026069567
20268020,2,NORMAL/ZCH0436.wav,NORMAL,NORMAL,0.75,0.05955096579317454,0.8204477470163802,0.07906468034063543,0.011456531992371958,0.02948007485743783,0.05247139814792718,0.895923841066147,0.025660674853914718,0.007363972636305321,0.018580113295705823,0.08278050755706734,0.8204477470163802,0.05296852903771796,0.012392380566770311,0.03141083582206415
20268020,2,ASD/ZCH0589.wav,ASD,ASD,0.75,0.3345990854297882,0.10829323263517159,0.23414346653990797,0.26966709814862794,0.05329711724650431,0.38995257257849664,0.12837477905473435,0.16777667724936116,0.25809603066326897,0.05579994045413876,0.38285234681396213,0.10829323263517159,0.18726745469095876,0.2654485417824132,0.056138424077494316
20268020,2,PFO/ZCH0709.wav,PFO,PFO,0.75,0.25795924559903044,0.01155575780841775,0.05574632299849945,0.551720193597815,0.12301847999623736,0.36185784927439274,0.02416058000463059,0.04304463560093574,0.48500791847858815,0.08592901664145278,0.33938876014954283,0.011555757808417751,0.04663705995642533,0.5063845870876119,0.09603383499800228
20268020,2,NORMAL/ZCH0464.wav,NORMAL,NORMAL,0.75,0.04798848097907118,0.851238043406854,0.024931510044463517,0.06014582967507045,0.015696135894540896,0.04621091864793776,0.8280609607685234,0.021083788952064246,0.09223293901868797,0.01241139261278655,0.04198344579695554,0.851238043406854,0.01991417573863839,0.07488653218400672,0.011977802873545294
20268020,2,NORMAL/ZCH0229.wav,NORMAL,NORMAL,0.75,0.0432843286117772,0.8518631990125756,0.036344085354821316,0.05593317754019668,0.012575209480629235,0.04508585300538872,0.8811632251904282,0.02110391906602945,0.048747620795711294,0.0038993819424423546,0.052972642842238515,0.8518631990125757,0.02881644820203587,0.05955830648881339,0.006789403454336679
20268020,2,NORMAL/ZCH0502.wav,NORMAL,NORMAL,0.75,0.014831899596227358,0.8970958406146573,0.04183540710843781,0.02344023726966094,0.022796615411016612,0.0076982535644293795,0.9394359874578876,0.023174806215580383,0.010131805895905363,0.019559146866197304,0.013518037160436765,0.8970958406146573,0.03999104241846951,0.01877125350284802,0.030623826303588408
20268020,2,NORMAL/ZCH0140.wav,NORMAL,ASD,0.75,0.30789759584141596,0.28741044951238687,0.08874498184251638,0.25833604444363,0.0576109283600508,0.3741326954733125,0.25884731098549973,0.12260379793305723,0.20743639603969505,0.036979799568435355,0.3467599504820097,0.2874104495123868,0.11059534106820315,0.21416554511834007,0.041068713819060125
20268020,2,VSD/ZCH0937.wav,VSD,VSD,0.75,0.010233611228901708,0.005482396225489175,0.01644100837913727,0.014226134224878543,0.9536168499415933,0.01457167256819634,0.010155274618456726,0.016925083515695397,0.021254594664411715,0.9370933746332398,0.013538749911608462,0.005482396225489175,0.016863989931209664,0.019572733885039953,0.9445421300466528
20268020,2,NORMAL/ZCH0362.wav,NORMAL,NORMAL,0.75,0.027323475658309268,0.8269175478362741,0.04289379806980611,0.06935189769441856,0.03351328074119192,0.028275086790820088,0.8210112713492772,0.02559589004782678,0.10443631779171628,0.0206814340203597,0.027337417261738634,0.8269175478362741,0.029286906480023824,0.09308056774751422,0.023377560674449183
20268020,2,NORMAL/ZCH0403.wav,NORMAL,NORMAL,0.75,0.20771819615389783,0.5430124436119155,0.036107491605551094,0.19627292338599234,0.016888945242643363,0.308019449264942,0.4615363947383494,0.01841185749599482,0.20228670458712458,0.00974559391358918,0.24798883800080468,0.5430124436119155,0.020746313663180454,0.17782694255294945,0.01042546217114997
20268020,2,VSD/ZCH0813.wav,VSD,ASD,0.75,0.38161744442232326,0.029995282279577682,0.09203203766929154,0.29608811329307116,0.20026712233573638,0.4762114034293857,0.009018150931676806,0.19464685376320037,0.1899065797427708,0.1302170121329664,0.44500257150145045,0.029995282279577682,0.16590293222840966,0.21343700230827836,0.14566221168228388
20268020,2,PDA/ZCH0662.wav,PDA,PDA,0.75,0.013787606287936089,0.0023177302226953687,0.8327426271531041,0.0018795938079528194,0.14927244252831162,0.015543660854411013,0.010012555584822785,0.9229446920627,0.0031975513820258574,0.048301540116040396,0.015195258782997711,0.002317730222695369,0.9057744699979106,0.0028867020729929516,0.07382583892340346
20268020,2,NORMAL/ZCH0075.wav,NORMAL,NORMAL,0.75,0.04792884716867764,0.8458820633248343,0.04359661766557028,0.02445822642539308,0.038134245415524765,0.020373511845511123,0.9010483862353302,0.02018423208331387,0.036785723667495523,0.02160814616834921,0.03578114358062437,0.8458820633248343,0.034476982637449555,0.04908510262659999,0.03477470783049179
20268020,2,NORMAL/ZCH0255.wav,NORMAL,NORMAL,0.75,0.019203759398467996,0.9273710066854439,0.03237802567079399,0.012460176983529143,0.008587031261764968,0.018986434962508333,0.9467114532111232,0.02454178144852933,0.007163006904723788,0.002597323473115457,0.02420894224020444,0.9273710066854439,0.03318120405013311,0.010437095773996413,0.004801751250222115
20268020,2,NORMAL/ZCH0309.wav,NORMAL,NORMAL,0.75,0.09680269582058881,0.7841646922205943,0.04225841762201707,0.02880400877047068,0.04797018556632925,0.14157277594424386,0.7522379678618577,0.056764139606687525,0.023683649559522978,0.025741467027687943,0.11669790831369999,0.7841646922205943,0.04765172012632068,0.022674825243426483,0.028810854095958575
20268020,2,NORMAL/ZCH0167.wav,NORMAL,NORMAL,0.75,0.033646603305627874,0.889449487318982,0.028208293462381642,0.03510865954510012,0.013586956367908402,0.10512504313414045,0.820252515183657,0.02442828190922003,0.044080997112317465,0.0061131626606650774,0.05690312523827881,0.8894494873189821,0.018320210545957106,0.029110593342463183,0.00621658355431892
20268020,2,NORMAL/ZCH0333.wav,NORMAL,NORMAL,0.75,0.04161974750880924,0.7707412253239054,0.0851279386850865,0.08193403549042627,0.02057705299177257,0.022317146073591868,0.8342543128773632,0.06288840756389084,0.07403714686293844,0.006502986622215721,0.03355667758877243,0.7707412253239054,0.08652223093222249,0.09728942399915981,0.011890442155939877
20268020,2,ASD/ZCH0599.wav,ASD,PFO,0.75,0.14151191697249751,0.0008010823956025083,0.049115758100136235,0.5548931438416339,0.2536780986901298,0.1914280507989565,0.0007917752936052912,0.08170034705422345,0.6655814275305492,0.060498399322665625,0.17894768005321382,0.0008010823956025083,0.07355362906870083,0.6379047069511616,0.10879290153132126
20268020,2,VSD/ZCH0923.wav,VSD,VSD,0.75,0.01179919564490757,0.00380905964033858,0.09215945890346373,0.014911970340697252,0.8773203154705929,0.0281877141715198,0.007973556049796831,0.1471137313523181,0.0412662206586615,0.7754587777677038,0.02417933290578028,0.00380905964033858,0.1338383474196203,0.03480758382017231,0.8033656762140885
20268020,2,VSD/ZCH0911.wav,VSD,VSD,0.75,0.014882318836429709,0.008721677298862801,0.031071379206955834,0.02209517595213427,0.9232294487056174,0.015356338563459193,0.022558534423080808,0.029056862619097092,0.04375851764466334,0.8892697467496995,0.015400874184617405,0.008721677298862801,0.029868992840574593,0.03880727297550994,0.9072011827004353
20268020,2,NORMAL/ZCH0155.wav,NORMAL,NORMAL,0.75,0.01927595414224152,0.8880002447039075,0.048045258009646916,0.023667232853705936,0.021011310290498166,0.015538771801204486,0.9434203887577827,0.022555735619284305,0.0067622254987039455,0.011722878323024705,0.027888323068714888,0.8880002447039075,0.04549824753030548,0.01595621442995491,0.02265697026711724
20268020,2,PFO/ZCH0727.wav,PFO,ASD,0.75,0.6640182567164699,0.0025295326848256247,0.07400307046320237,0.0872534276174348,0.17219571251806728,0.7435753086149972,0.0028555272534268477,0.061862848353445,0.09503440387465129,0.09667191190347958,0.7238683673990822,0.0025295326848256247,0.06491307240945214,0.09311246187464689,0.11557656563199319
20268020,2,ASD/ZCH0618.wav,ASD,ASD,0.75,0.5062633743458105,0.009971737960663168,0.25593537457928384,0.18369185592619142,0.044137657188051085,0.5595990939743999,0.0048437110956852806,0.1956662035159152,0.19947762934360372,0.04041336207039593,0.5441024591588526,0.00997173796066317,0.20997729731126502,0.19476025684954557,0.04118824871967367
20268020,2,NORMAL/ZCH0139.wav,NORMAL,NORMAL,0.75,0.015496848569832217,0.9265275157219347,0.030647557900934146,0.013316713721151632,0.014011364086147284,0.012860309762302093,0.9530656809397061,0.01398253941388036,0.010783745580640816,0.009307724303470707,0.018973167327169835,0.9265275157219347,0.02407842530374948,0.015990093622449096,0.014430798024696882
20268020,2,VSD/ZCH0774.wav,VSD,VSD,0.75,0.010998775311312364,0.007178116484853131,0.02350071424658449,0.02100318574272654,0.9373192082145234,0.019908423690704447,0.011503325182342969,0.026527478138104122,0.04491204312786394,0.8971487298609846,0.017746344203563146,0.007178116484853131,0.02585784123588148,0.0390822146791557,0.9101354833965466
20268020,2,NORMAL/ZCH0314.wav,NORMAL,NORMAL,0.75,0.031901605444240665,0.8817603404193446,0.03479660571034463,0.02659134939668046,0.024950099029389508,0.046971090349837645,0.8969296593177956,0.028056567134575525,0.014913806225021977,0.013128876972769356,0.0483884267983762,0.8817603404193446,0.03283848378816197,0.01947939024372835,0.017533358750388903
20268020,2,NORMAL/ZCH0280.wav,NORMAL,NORMAL,0.75,0.030266285963821984,0.8762683487114677,0.0391222670633726,0.027547786547074758,0.026795311714262967,0.07418361574419619,0.8345182257451159,0.036469877316687827,0.037730328186032364,0.01709795300796773,0.049167200846875835,0.8762683487114677,0.030232115718903097,0.028045330231291257,0.016287004491462066
20268020,2,VSD/ZCH0929.wav,VSD,VSD,0.75,0.009985940817362083,0.007403400702484749,0.016652028024708852,0.02128141888484983,0.9446772115705945,0.009900370557399233,0.01567082506861596,0.01878018676475783,0.01867647857082133,0.9369721390384056,0.00998412836071508,0.007403400702484749,0.018366448795482812,0.019445362077777733,0.9448006600635397
20268020,2,ASD/ZCH0643.wav,ASD,ASD,0.75,0.6501198396831684,0.00777925671366552,0.23223311545094505,0.007368554242825521,0.1024992339093955,0.7515531694921631,0.013263521960483061,0.1742037410425321,0.013761980612320077,0.04721758689250166,0.7293276772310241,0.00777925671366552,0.1894372508076341,0.012220990667738876,0.06123482457993753
20268020,2,NORMAL/ZCH0110.wav,NORMAL,NORMAL,0.75,0.021900440509994276,0.8667662637651062,0.05468934303092927,0.03396196779497506,0.022681984898995144,0.04152091661035201,0.874718413138181,0.04864369397750044,0.020027308702103022,0.015089667571863615,0.03859242802591549,0.8667662637651062,0.052470821165073935,0.024464386628417465,0.017706100415486897
20268020,2,NORMAL/ZCH0529.wav,NORMAL,PFO,0.75,0.19651351743393897,0.0547740840663659,0.17092762419128604,0.313875615002461,0.26390915930594816,0.1368460265790545,0.07664892706085315,0.10140994241730675,0.5671281125846025,0.11796699135818325,0.15419438399580485,0.054774084066365886,0.12059121805445827,0.5138917391542162,0.15654857472915473
20268020,2,NORMAL/ZCH0424.wav,NORMAL,NORMAL,0.75,0.037291799852242076,0.866321661575171,0.03534572964724721,0.022039547401952016,0.03900126152338758,0.03905212492633362,0.9067796715581842,0.022311450208370078,0.015458056502800754,0.016398696804311493,0.051323632051700825,0.866321661575171,0.032832466658500814,0.02213507480394997,0.027387164910677393
20268020,2,NORMAL/ZCH0516.wav,NORMAL,NORMAL,0.75,0.061311479314304335,0.5916163954253906,0.053956585466663126,0.2400934108379344,0.05302212895570758,0.06638377622020981,0.5529102793012044,0.0714730691208059,0.2692683990780137,0.03996447627976627,0.06080539575286515,0.5916163954253905,0.06245319359181295,0.24449102383202703,0.04063399139790425
20268020,2,NORMAL/ZCH0195.wav,NORMAL,NORMAL,0.75,0.018056079170338638,0.9122079092567202,0.03205361964994869,0.015128079717466287,0.022554312205526138,0.014560691003793749,0.9461347508566634,0.0149724611526395,0.00735281741355492,0.016979279573348494,0.022312788844338648,0.9122079092567202,0.02631551558311092,0.012769993026898893,0.026393793288931305
20268020,2,PDA/ZCH0665.wav,PDA,ASD,0.75,0.40520832710502225,0.05582148994419069,0.20302171185555545,0.1925449269623723,0.14340354413285936,0.42013863574262766,0.06346497294107463,0.19400748061938167,0.1685099095030965,0.15387900119381956,0.41897776366567063,0.05582148994419069,0.19744857506870384,0.17555012766068315,0.15220204366075168
20268020,2,NORMAL/ZCH0346.wav,NORMAL,NORMAL,0.75,0.012322128986916484,0.8968253741078822,0.03735416940180119,0.022316488148123273,0.031181839355276634,0.00960889008481983,0.9419977174329108,0.01785447281876209,0.00744176275354189,0.02309715690996545,0.015899773092031912,0.8968253741078822,0.03315823278391779,0.01550719366748552,0.038609426348682564
20268020,2,NORMAL/ZCH0336.wav,NORMAL,NORMAL,0.75,0.12715402775638618,0.6127430384179485,0.1977935412835267,0.03495894638569512,0.027350446156443525,0.1757588506679648,0.6251181610168903,0.15077955058649622,0.03960879524616667,0.008734642482481925,0.1679590907131538,0.6127430384179486,0.16626605536437078,0.039426969420031974,0.013604846084494911
20268020,2,VSD/ZCH0790.wav,VSD,VSD,0.75,0.013419851992360288,0.007543572683466252,0.038493173915957,0.023057818219104496,0.917485583189112,0.009030025608784844,0.009688732750489775,0.03682640072260742,0.023301382853663875,0.921153458064454,0.01014215247879916,0.0075435726834662525,0.037302922577017214,0.02327834736550146,0.9217330048952159
20268020,2,NORMAL/ZCH0239.wav,NORMAL,NORMAL,0.75,0.05272986612341929,0.8463300957281933,0.033808080718830555,0.047951575607415906,0.019180381822140772,0.09575811308227611,0.788470626102244,0.019717923175177773,0.0867150755390176,0.009338262101284467,0.0653565681678509,0.8463300957281933,0.01919539110357164,0.05923486879520008,0.00988307620518411
20268020,2,NORMAL/ZCH0112.wav,NORMAL,NORMAL,0.75,0.055169344714246046,0.7553050786565016,0.05183091449904467,0.112104625951117,0.025590036179090565,0.04932750955953339,0.7912819548480309,0.037590274073736905,0.11215541852447332,0.009644842994225508,0.057164931476750606,0.7553050786565016,0.04601003065879119,0.1266419516413957,0.014878007566560865
20268020,2,VSD/ZCH0759.wav,VSD,VSD,0.75,0.008284244906100358,0.0097840578920441,0.01502831040371333,0.03276868580091267,0.9341347009972296,0.016742238329974454,0.02514777855042432,0.015477930038608128,0.042308695048486084,0.9003233580325071,0.014825633870566431,0.0097840578920441,0.015548474854148425,0.04042378312812329,0.9194180502551178
20268020,2,NORMAL/ZCH0133.wav,NORMAL,NORMAL,0.75,0.0065198027152246155,0.9329994887657235,0.020435909789998524,0.026539039934900498,0.013505758794152948,0.0051831607067649495,0.9519165227965699,0.01726411725239167,0.021120983123581013,0.004515216120692476,0.007046693144623897,0.9329994887657235,0.02315111087659292,0.028707570895414525,0.00809513631764519
20268020,2,NORMAL/ZCH0278.wav,NORMAL,NORMAL,0.75,0.01349037445493088,0.907510980452699,0.03193540481122942,0.026595060288588584,0.02046817999255225,0.011955767546067338,0.9263990888906383,0.024050031487020156,0.02922169102331845,0.008373421052955892,0.01464056436576758,0.907510980452699,0.030650321618619355,0.03418937745918371,0.013008756103730389
20268020,2,VSD/ZCH0783.wav,VSD,VSD,0.75,0.008232976882616799,0.005576423219813169,0.019278376227135026,0.01606583708474892,0.9508463865856861,0.008706974480505957,0.015354900766046418,0.01232582343599867,0.019227643214290838,0.9443846581031581,0.00865332658528593,0.005576423219813169,0.014155767138985741,0.01858040349313374,0.9530340795627814
20268020,2,NORMAL/ZCH0319.wav,NORMAL,NORMAL,0.75,0.028986471608320113,0.8973086696775767,0.03041486720708446,0.01868783793459982,0.024602153572418992,0.024718726971291235,0.9297965536694652,0.01511571003876915,0.01297374991213866,0.017395259408335847,0.03436493355364286,0.8973086696775767,0.02418679555841253,0.018905145752118754,0.025234455458249132
20268020,2,NORMAL/ZCH0416.wav,NORMAL,NORMAL,0.75,0.040522212282794456,0.8978505901067888,0.03579147247983547,0.013725259116275305,0.012110466014306074,0.10321647007291808,0.848395305119651,0.026969579845383864,0.01436327709739441,0.007055367864652699,0.06229005999195584,0.8978505901067888,0.022576700665916986,0.01068966657742246,0.006592982657915921
20268020,2,NORMAL/ZCH0420.wav,NORMAL,NORMAL,0.75,0.056043428429870756,0.8361256252315973,0.03704202651592018,0.022490740025728095,0.04829817979688377,0.0749435885474882,0.8551105566057046,0.018140211895508577,0.022269573180899466,0.029536069770399184,0.07758346855041215,0.8361256252315971,0.024648355872349335,0.02451335931584882,0.0371291910297924
20268020,2,ASD/ZCH0560.wav,ASD,NORMAL,0.75,0.1477685167974478,0.48033876360755784,0.11498660854018392,0.19592996681741698,0.060976144237393504,0.16948754218578402,0.3031142015310453,0.26395258725352755,0.2321250235816955,0.03132064544794749,0.13173108807779188,0.48033876360755773,0.17636688791381686,0.17880258957810485,0.032760670822728606
20268020,2,NORMAL/ZCH0206.wav,NORMAL,NORMAL,0.75,0.011003328674792794,0.9404300120740371,0.023128875278764498,0.011796896958497706,0.013640887013907923,0.00937526689336673,0.9642343617772549,0.012912054111089432,0.006165990014863803,0.0073123272034250645,0.01446216803587216,0.9404300120740371,0.02191161589713148,0.010651616165000226,0.012544587827959036
20268020,2,PFO/ZCH0716.wav,PFO,ASD,0.75,0.39532384842333046,0.002406855288988678,0.016809358069733014,0.5789300987831819,0.006529839434766022,0.6232546906622878,0.0015179846901880742,0.05255425027157105,0.31383303186471234,0.00884004251124079,0.5658558538516998,0.002406855288988678,0.04358293851105557,0.3798977628059932,0.00825658954226278
20268020,2,PFO/ZCH0691.wav,PFO,PFO,0.75,0.13819683424684692,0.09269754885670667,0.04334848197110021,0.6735246763911473,0.05223245853419886,0.1875534152709732,0.04526433367737037,0.03105409773357627,0.6928801594298917,0.0432479938881885,0.16822574286184488,0.09269754885670667,0.03297057060801035,0.6622235140323944,0.043882623641043735
20268020,2,NORMAL/ZCH0366.wav,NORMAL,NORMAL,0.75,0.03532988358516999,0.8803016336218588,0.03633974946357202,0.028029733385845208,0.019998999943554113,0.03656196728773292,0.8755116679379789,0.03592544596318375,0.03595923796559041,0.0160416808455139,0.03519884405405345,0.8803016336218588,0.034992288211373554,0.0329391530268623,0.016568081085851942
20268020,2,NORMAL/ZCH0238.wav,NORMAL,NORMAL,0.75,0.02127217668790603,0.9224127233613699,0.027638621741077757,0.013259025911301252,0.015417452298345107,0.028755540790412037,0.9341904571209187,0.017234164995608557,0.013082815335262465,0.00673702175779821,0.030744418531145932,0.9224127233613699,0.02214853875657169,0.01488291173565239,0.009811407615260078
20268020,2,VSD/ZCH0847.wav,VSD,VSD,0.75,0.2356619629187687,0.017419274042898884,0.09771173339242098,0.18559436159468912,0.4636126680512223,0.24012981602722083,0.015336093091435557,0.12458797348692333,0.08282503915491796,0.5371210782395024,0.23863183401738342,0.017419274042898884,0.11767122725940998,0.10838594963562083,0.5178917150446869
20268020,2,NORMAL/ZCH0294.wav,NORMAL,NORMAL,0.75,0.01240274923627344,0.908297528041802,0.040119277340168936,0.02176002861566748,0.01742041676608803,0.009139768357992127,0.9516157791679406,0.018060956501617924,0.010621915051593616,0.010561580920855797,0.01609261944840716,0.9082975280418021,0.03570297778389799,0.02053877050708812,0.019368104218804773
20268020,2,NORMAL/ZCH0471.wav,NORMAL,NORMAL,0.75,0.010292394219217654,0.9128511008935131,0.03949123885029449,0.02142944712568169,0.01593581891129311,0.006953311106528216,0.9482472354536483,0.027327176317017476,0.008938770787073957,0.008533506335732107,0.01135485272857579,0.9128511008935131,0.04438594180212523,0.016646672221460036,0.014761432354325884
20268020,2,NORMAL/ZCH0061.wav,NORMAL,NORMAL,0.75,0.015352593308901577,0.9063275258314931,0.04025056680237417,0.01840075263713876,0.019668561420092292,0.012165426695452852,0.9297662830206503,0.038322560168438505,0.008547957288434325,0.011197772827024013,0.01600714991460112,0.9063275258314932,0.04839646320940585,0.013150657322084994,0.016118203722414938
20268020,2,PFO/ZCH0689.wav,PFO,ASD,0.75,0.3689068068838188,0.2584867121351036,0.04767964070888453,0.3058446274250497,0.01908221284714343,0.4755113601213489,0.12100600672594568,0.043564811940221417,0.35448340904636033,0.005434412166123742,0.3930802866931416,0.25848671213510355,0.03948314199466915,0.3007409814172226,0.008208877759863023
20268020,2,VSD/ZCH0886.wav,VSD,ASD,0.75,0.4903330296754126,0.0014569799239513251,0.17743476816711554,0.06971020294898728,0.2610650192845332,0.5233645927024287,0.0019688054486481465,0.2617695539850116,0.09850263615225593,0.11439441171165546,0.5153080017838436,0.0014569799239513251,0.2407865410112115,0.09134241456558251,0.151106062715411
20268020,2,VSD/ZCH0875.wav,VSD,PFO,0.75,0.34458173395498737,0.01524303318653415,0.03839900009671074,0.5820844585193475,0.019691774242420176,0.17460600499241508,0.005036024095969039,0.017622901684744553,0.7975980877253758,0.005136981501495617,0.21575651793091288,0.01524303318653415,0.02268133561154989,0.7375829575405353,0.008736155730467795
20268020,2,NORMAL/ZCH0114.wav,NORMAL,NORMAL,0.75,0.012587308756740022,0.8601770857058259,0.021961696744744786,0.09120970282124513,0.014064205971444185,0.04740287590619438,0.770433073184853,0.03269415523713549,0.13750675392304046,0.011963141748776713,0.024800670189617156,0.8601770857058259,0.020425258645126197,0.08561611799775476,0.008980867461676036
20268020,2,PDA/ZCH0672.wav,PDA,ASD,0.75,0.439836303192252,0.0035312128773382807,0.15286659905034725,0.0941794828774,0.30958640200266246,0.5300315594665244,0.0050773348406126075,0.15066830673916135,0.1022546112114941,0.21196818774220774,0.5081005020317257,0.0035312128773382816,0.15139348510748166,0.10035500781324166,0.23661979217021276
20268020,2,NORMAL/ZCH0014.wav,NORMAL,NORMAL,0.75,0.028560526641908068,0.8922701084755118,0.0319627865860424,0.01677158391883632,0.030434994377701415,0.04380808698465651,0.8773374490821834,0.02152408421452749,0.009823635896663912,0.04750674382196879,0.03599637439780435,0.8922701084755118,0.022168540089220576,0.010663692618159432,0.038901284419303836
20268020,2,NORMAL/ZCH0352.wav,NORMAL,NORMAL,0.75,0.06301853572563627,0.6040721339133173,0.03412269472755679,0.03366089192090176,0.2651257437125879,0.052479774860013165,0.6762146952068011,0.019455433362581202,0.024001267621139306,0.2278488289494652,0.06388422389142645,0.6040721339133173,0.026373395620640307,0.030426963164085427,0.27524328341053056
20268020,2,NORMAL/ZCH0514.wav,NORMAL,NORMAL,0.75,0.010929546855343837,0.9215518573368608,0.03215054691277137,0.018699477220911125,0.016668571674112675,0.007933612385154349,0.9578120627183441,0.016232967543054096,0.007789713713188078,0.010231643640259377,0.013796754806832132,0.9215518573368608,0.030676444804334565,0.015538553548618774,0.01843638950335368
20268020,2,NORMAL/ZCH0409.wav,NORMAL,NORMAL,0.75,0.02567231287188653,0.817541101355983,0.06526062147399997,0.06489000361228187,0.026635960685848694,0.018526410394769384,0.8567244211610632,0.05678378812103727,0.057278867415790254,0.01068651290733998,0.02411286855061091,0.817541101355983,0.07055001272534929,0.07093021426019265,0.016865803107864157
20268020,2,NORMAL/ZCH0232.wav,NORMAL,NORMAL,0.75,0.019949304254518116,0.9069272466656377,0.03293123451889564,0.018035187430583008,0.022157027130365586,0.027853815061054138,0.9233989923208172,0.017363811326989012,0.012582620119191592,0.018800761171948066,0.030369804739262134,0.9069272466656377,0.024056011654836784,0.015975021005357862,0.022671915934905487
20268020,2,PFO/ZCH0688.wav,PFO,ASD,0.75,0.57729374648065,0.0021227092634899265,0.04692105701401565,0.17581665692598655,0.19784583031585784,0.5913058910490352,0.002385338377142123,0.0432507483230222,0.20194532288503475,0.16111269936576575,0.5879196039995778,0.0021227092634899265,0.044176865044757145,0.1954530290459031,0.17032779264627215
20268020,2,VSD/ZCH0831.wav,VSD,VSD,0.75,0.018531060562322316,0.007617268182088082,0.032132626151857135,0.025539669692186347,0.9161793754115461,0.02452850594729651,0.013492436042188544,0.0457288868070403,0.04691933993244221,0.8693308312710325,0.023138704650359387,0.007617268182088082,0.04253407619931378,0.04178399425610686,0.8849259567121319
20268020,2,NORMAL/ZCH0103.wav,NORMAL,NORMAL,0.75,0.12910831071525053,0.5034063716115932,0.14607610351027764,0.16971995286625785,0.05168926129662083,0.05344668442257516,0.5415464436844525,0.17206664155614929,0.21600124723460545,0.016938983102217604,0.07569687873135708,0.5034063716115932,0.17630504674796388,0.21790824815641932,0.026683454752666525
20268020,2,NORMAL/ZCH0329.wav,NORMAL,NORMAL,0.75,0.015132641117276658,0.9232609263112364,0.023315090410149734,0.012729392233519262,0.025561949927817795,0.015402708360276528,0.92266636909838,0.013069435907497672,0.013860495998236466,0.035000990635609394,0.015246377104442746,0.9232609263112364,0.015555489104946883,0.013497798251626858,0.032439409227747164
20268020,2,NORMAL/ZCH0472.wav,NORMAL,NORMAL,0.75,0.024576847460919704,0.9020288802947932,0.030613973099541433,0.031388571660207906,0.011391727484537728,0.03502590807086493,0.8953993983528732,0.023311275089294644,0.04034855285379191,0.005914865633175379,0.030748712544661723,0.9020288802947932,0.02402886554539243,0.03619061923825405,0.007002922376898573
20268020,2,VSD/ZCH0817.wav,VSD,VSD,0.75,0.12670558293758052,0.3089733280739216,0.04866816440070367,0.13805044775635775,0.3776024768314365,0.2529877640993856,0.2451200171064339,0.029193989785085375,0.11302329612068919,0.35967493288840585,0.20536754196816717,0.3089733280739216,0.032210451369284764,0.11210982666687168,0.3413388519217549
20268020,2,NORMAL/ZCH0452.wav,NORMAL,NORMAL,0.75,0.0802120066941558,0.7306649855953232,0.07261056887442711,0.047500636172235954,0.06901180266385779,0.10863969015898937,0.7762972941437737,0.051310614462367066,0.03632731730087605,0.027425083933993923,0.11815353336546465,0.7306649855953232,0.06448560352244678,0.04467835589442953,0.042017521622335824
20268020,2,NORMAL/ZCH0335.wav,NORMAL,NORMAL,0.75,0.040215329589951165,0.5810841357745528,0.03688464489961734,0.3178090006401419,0.02400688909573703,0.048648422134312475,0.5327030769292749,0.04979095654209051,0.3578393110895449,0.01101823330477728,0.04276257944157345,0.5810841357745528,0.04269809081826157,0.32004536696335434,0.0134098270022578
20268020,2,NORMAL/ZCH0244.wav,NORMAL,NORMAL,0.75,0.08061670607236454,0.7189373108327132,0.05078401316356468,0.04405194724040639,0.1056100226909511,0.12498835187762808,0.6863883738052496,0.07012600356174595,0.04043979007065288,0.07805748068472354,0.10416627785397574,0.7189373108327132,0.05983185898469303,0.03819497369431864,0.0788695786342994
20268020,2,VSD/ZCH0845.wav,VSD,VSD,0.75,0.047626621858322414,0.0030434681827308987,0.06753269379271624,0.06497839089492768,0.8168188252713028,0.09479252721487251,0.011261729034593293,0.09194970020071215,0.06378205755040454,0.7382139859994176,0.08359197802374942,0.0030434681827308987,0.08641865384702586,0.0644787518635833,0.7624671480829105
20268020,2,NORMAL/ZCH0051.wav,NORMAL,NORMAL,0.75,0.02044164559432765,0.8980665235946985,0.032489732917595375,0.019936993772497042,0.029065104120881334,0.022536974494253677,0.9082846411722136,0.030383985301490342,0.011380258319389002,0.027414140712653398,0.023896295686816026,0.8980665235946985,0.03344925925188646,0.014470358302846811,0.03011756316375219
20268020,2,PDA/ZCH0656.wav,PDA,VSD,0.75,0.011108170875002932,0.0026172795465876676,0.134527401304918,0.01699453366700121,0.8347526146064902,0.040619104287528913,0.007634974195340544,0.1695468913859674,0.03170140830486885,0.7504976218262943,0.03339540769777646,0.0026172795465876676,0.16143497874500723,0.02814490850338741,0.7744074255072413
20268020,2,VSD/ZCH0840.wav,VSD,VSD,0.75,0.02019832922949,0.006675216628944191,0.020316657127329475,0.028162280561067638,0.9246475164531687,0.03777268013376549,0.020935486853841626,0.016997943180142482,0.03245730896919666,0.8918365808630537,0.03379171738178683,0.006675216628944191,0.01801330549555439,0.03173811225909383,0.9097816482346208
20268020,2,VSD/ZCH0779.wav,VSD,VSD,0.75,0.012463711407153952,0.005538939264777126,0.02183830085320693,0.018824815693785402,0.9413342327810765,0.013521613928615828,0.009181957321055485,0.022475342743439878,0.042548550882989575,0.9122725351238993,0.01329442527848044,0.005538939264777126,0.022378059906462956,0.03673494826996641,0.9220536272803131
20268020,2,NORMAL/ZCH0328.wav,NORMAL,NORMAL,0.75,0.017998470489121572,0.9088338595824781,0.03139543432337206,0.025379072039136974,0.016393163565891253,0.028044194695438514,0.9225736911802593,0.014448822967909527,0.02846445752976089,0.0064688336266317415,0.02926524022337504,0.9088338595824781,0.020608508146087213,0.031481521636787343,0.009810870411272326
20268020,2,VSD/ZCH0825.wav,VSD,PDA,0.75,0.2490040671783814,0.022805329766048058,0.40299571750956475,0.04962696563483607,0.2755679199111698,0.37418937339003044,0.020895882779499192,0.42058590497205933,0.049442181644957506,0.1348866572134534,0.342345739284082,0.022805329766048058,0.415573188732687,0.049416061105996105,0.1698596811111869
20268020,2,ASD/ZCH0537.wav,ASD,ASD,0.75,0.5465772194991314,0.0015754335435895347,0.07994685775982387,0.06104982689837124,0.31085066229908387,0.7548603629244659,0.005592759447800854,0.06118450815217348,0.07367292450805793,0.10468944496750165,0.7050767587928612,0.0015754335435895343,0.06606048095217483,0.07074037465790887,0.1565469520534654
20268020,2,NORMAL/ZCH0188.wav,NORMAL,NORMAL,0.75,0.04164391413107595,0.8261961434047436,0.05053396408717081,0.025213029121870786,0.05641294925513894,0.03899480474534956,0.8465759228645178,0.06877586772927119,0.020762940330109288,0.024890464330752204,0.04354192957933722,0.8261961434047436,0.07106717011837743,0.023943965168399996,0.035250791729141806
20268020,2,NORMAL/ZCH0492.wav,NORMAL,NORMAL,0.75,0.017221723544686186,0.8817082673629097,0.05135787802754482,0.021069539542132167,0.02864259152272707,0.012682006494970878,0.9180808192312578,0.03157784088862823,0.013088188327222182,0.024571145057920914,0.018040094497859156,0.8817082673629097,0.04703839712616268,0.019441945041459362,0.03377129597160905
20268020,2,NORMAL/ZCH0115.wav,NORMAL,NORMAL,0.75,0.015285109286579706,0.9024339787333027,0.036322783069254856,0.03211378326071054,0.013844345650152357,0.010777286405516963,0.9397317150775961,0.01896225391472229,0.02342770800597229,0.007101036596192389,0.01690647987874153,0.9024339787333027,0.03210364645054158,0.03647311112069769,0.012082783816716531
20268020,2,NORMAL/ZCH0088.wav,NORMAL,NORMAL,0.75,0.047283601879782686,0.8367742165187269,0.039256183448372284,0.065257651438627,0.011428346714491288,0.046123014725082116,0.8324685142982683,0.04242860344925322,0.0731314613404424,0.005848406186954057,0.04552411087015346,0.836774216518727,0.04081765994847946,0.06975335311807031,0.007130659544569922
20268020,2,NORMAL/ZCH0375.wav,NORMAL,PFO,0.75,0.19214235099308757,0.07797854763106776,0.21168340618842935,0.3079488288960127,0.21024686629140257,0.08847152647446355,0.07690727348127877,0.2274762557863943,0.5224287817550446,0.08471616250281887,0.11431222739929421,0.07797854763106776,0.22333004911272508,0.46835407396045314,0.11602510189645987
20268020,2,NORMAL/ZCH0412.wav,NORMAL,NORMAL,0.75,0.045967360866156735,0.7875343684847556,0.09920963744653512,0.02149966556929036,0.04578896763326226,0.1411741891672408,0.6280746242289359,0.1851463782052246,0.01660766423475537,0.02899714416384333,0.07197708512531907,0.7875343684847556,0.10412727813385843,0.012490371735310027,0.02387089652075693
20268020,2,VSD/ZCH0941.wav,VSD,VSD,0.75,0.19644859421670266,0.24490375272317058,0.07514020990720699,0.03787460042374456,0.4456328427291752,0.30280580197853885,0.23917595120564245,0.07398595064909097,0.045112629702396365,0.3389196664643314,0.27450676353444525,0.24490375272317058,0.07385676758773937,0.04304840233023389,0.3636843138244109
20268020,2,VSD/ZCH0856.wav,VSD,VSD,0.75,0.014436392092026665,0.007662185909087979,0.02760740681320123,0.019925420543836413,0.9303685946418477,0.024659989145242495,0.01412060854044592,0.03140369649304081,0.027424779761568208,0.9023909260597026,0.02222524919921736,0.007662185909087979,0.030608916534635478,0.02568468322781812,0.9138189651292411
20268020,2,PFO/ZCH0745.wav,PFO,ASD,0.75,0.5619485067416874,0.1749582837095543,0.03551421285336411,0.19009091799985448,0.03748807869553979,0.8711976671604342,0.03835687649409124,0.02562741068909405,0.054612935576252325,0.010205110080128144,0.7010701545568789,0.17495828370955427,0.025368830933462694,0.0826641054933941,0.01593862530671001
20268020,2,NORMAL/ZCH0141.wav,NORMAL,NORMAL,0.75,0.03329932280133241,0.8809143640917414,0.03952154250469312,0.023722655211238904,0.022542115390994173,0.061456335621583834,0.8637608947985065,0.037033450938343725,0.026710114494436797,0.011039204147129104,0.048613741126952575,0.8809143640917414,0.034158393297029674,0.023441005079538477,0.012872496404737886
20268020,2,PFO/ZCH0715.wav,PFO,NORMAL,0.75,0.09522631467649324,0.66708665213021,0.04181630118145111,0.16798107622812694,0.027889655783718843,0.1803996368322188,0.49313871211310734,0.028550430980189105,0.2865230120982452,0.011388207976239665,0.11267326935093887,0.66708665213021,0.024518307149159153,0.18313941067766146,0.012582360692030527
20268020,2,NORMAL/ZCH0068.wav,NORMAL,PFO,0.75,0.08748975558700113,0.3212603991870475,0.0729701887141892,0.4864552046175064,0.031824451894255826,0.11331249371752901,0.24684438175144882,0.04298703340651156,0.5672336951240518,0.02962239600045895,0.09845987470298621,0.3212603991870475,0.04729730145594278,0.5050046593658649,0.02797776528815855
20268020,2,PFO/ZCH0687.wav,PFO,PFO,0.75,0.11452926304321694,0.143408128862794,0.040469877543558574,0.6779412989734105,0.023651431577020147,0.13589585552293212,0.1487728165988145,0.018719574040145577,0.6893918784510686,0.007219875387039209,0.13119654958002377,0.143408128862794,0.024245632172470683,0.6897877985932247,0.01136189079148684
20268020,2,NORMAL/ZCH0325.wav,NORMAL,NORMAL,0.75,0.024873915262399127,0.9038001139823919,0.027484666978970243,0.023720379615647942,0.020120924160590734,0.01980506421814352,0.933094844102874,0.012302276125150276,0.022033250311644714,0.012764565242187534,0.02757608079869287,0.9038001139823919,0.0201378299614346,0.029690552601336226,0.01879542265614439
20268020,2,PFO/ZCH0695.wav,PFO,PFO,0.75,0.2324878811606556,0.00125733608164139,0.01162702090007408,0.7320698878978189,0.022557873959809994,0.3948314003597896,0.0023092173778103114,0.012911641255995615,0.5761091583381572,0.01383858266824722,0.35455772833952004,0.00125733608164139,0.012600695878914391,0.6155548915300567,0.016029348169867456
20268020,2,NORMAL/ZCH0245.wav,NORMAL,NORMAL,0.75,0.01018383072501624,0.9169063892965335,0.03329620615238143,0.024635487439888172,0.014978086386180731,0.007665773396864011,0.9581074020222782,0.015802632422888166,0.01284435982448307,0.005579832333486573,0.013949704783285333,0.9169063892965335,0.03183234148711708,0.025266380462537395,0.012045183970526742
20268020,2,VSD/ZCH0883.wav,VSD,VSD,0.75,0.01849236178077714,0.006986450198751336,0.025261497860545712,0.024713556517366606,0.9245461336425592,0.015987887698616185,0.015600054710387928,0.0259764732531985,0.028210113960797322,0.9142254703770001,0.016718928011059682,0.006986450198751336,0.025968202088633683,0.02752110572935195,0.9228053139722033
20268020,2,PFO/ZCH0714.wav,PFO,ASD,0.75,0.4117147136294522,0.0034738923906206826,0.4369966612365911,0.021206127586768625,0.12660860515656747,0.4762840856713515,0.006136624308345247,0.40759868844595887,0.02199348646537913,0.08798711510896529,0.4610987782563921,0.0034738923906206826,0.41576720219304036,0.0218408400119936,0.0978192871479533
20268020,2,VSD/ZCH0777.wav,VSD,VSD,0.75,0.0070728602642460775,0.008676718658791974,0.025961061642883743,0.017886578643398685,0.9404027807906795,0.011793661818580967,0.017995690235063155,0.029391000378289463,0.048197436022468454,0.892622211545598,0.010697400572250465,0.008676718658791974,0.02874270054301753,0.04096275775087012,0.91092042247507
20268020,2,NORMAL/ZCH0181.wav,NORMAL,NORMAL,0.75,0.013805008495213086,0.9324086271813895,0.02323621934047059,0.01231570082482929,0.01823444415809756,0.0074263528394295595,0.9458655441770085,0.02436516689154141,0.008844277424179436,0.013498658667840866,0.01040556674405727,0.9324086271813896,0.02862550861834384,0.011361037452476233,0.017199260003733164
20268020,2,VSD/ZCH0876.wav,VSD,PFO,0.75,0.39349310836746004,0.006103876680758024,0.07348882506824045,0.5136325827340651,0.01328160714947639,0.21887584846511976,0.0021097584697935576,0.054233534484470616,0.7165666253146664,0.008214233265949654,0.26187311521843176,0.006103876680758025,0.05888455229072659,0.6636820375607126,0.00945641824937109
20268020,2,NORMAL/ZCH0321.wav,NORMAL,NORMAL,0.75,0.012648159474489802,0.9132181297200317,0.036297235477679275,0.018323288134246937,0.01951318719355233,0.010043350727819915,0.9507133534491391,0.018267028172310358,0.0100696136099224,0.010906654040808244,0.016424974472092676,0.9132181297200317,0.0331971744961279,0.017878438577080023,0.019281282734667716
20268020,2,VSD/ZCH0795.wav,VSD,VSD,0.75,0.23210384326072522,0.020928210368619086,0.07244420010143124,0.026753529807537292,0.6477702164616872,0.36432666567149485,0.022650500801577576,0.14047502230893816,0.02660511861806289,0.4459426925999266,0.33175247384504547,0.02092821036861909,0.12365297612496724,0.026677384175504415,0.4969889554858638
20268020,2,VSD/ZCH0802.wav,VSD,ASD,0.75,0.8396481281513445,0.0005910915663292523,0.05242243036344518,0.005466881517255202,0.10187146840162592,0.9321205090660368,0.0011251912552750674,0.03352500970253838,0.008657807129188537,0.024571482846961208,0.9093762183944466,0.0005910915663292523,0.038262809268227435,0.007863547731946691,0.04390633303904995
20268020,2,NORMAL/ZCH0302.wav,NORMAL,NORMAL,0.75,0.027856658227047585,0.8997760734420488,0.028165832638767853,0.026031113487678816,0.018170322204456926,0.052586684665068086,0.8849900022078709,0.019561105627762115,0.03187271127285034,0.010989496226448597,0.04133363757851479,0.8997760734420488,0.019826156347665443,0.027339064793556887,0.011725067838214085
20268020,2,NORMAL/ZCH0057.wav,NORMAL,NORMAL,0.75,0.03432993171976019,0.9131735101908366,0.027312451957764546,0.014190764492057428,0.01099334163958128,0.07252063702030119,0.8905122062214881,0.017111088335964808,0.016149671050418264,0.00370639737182769,0.051715457852709555,0.9131735101908366,0.01700524565706864,0.013153003280347839,0.004952783019037385
20268020,2,VSD/ZCH0798.wav,VSD,VSD,0.75,0.005613937664824919,0.006423827711503925,0.02016629473330342,0.018683579829096138,0.9491123600612716,0.006612188380778306,0.013314431463865618,0.01461670659886613,0.023917152103242457,0.9415395214532475,0.006397258292597621,0.006423827711503925,0.016080661405703106,0.022734029655319787,0.9483642229348755
20268020,2,VSD/ZCH0799.wav,VSD,VSD,0.75,0.005926785998218563,0.005502997431333907,0.015585214366183072,0.02015963998071054,0.952825362223554,0.0074890975335718014,0.009236830569112297,0.0116114138163,0.030363028822421624,0.9412996292585942,0.007119687453558119,0.005502997431333907,0.012637683412816162,0.02789800218446649,0.9468416295178254
20268020,2,NORMAL/ZCH0098.wav,NORMAL,NORMAL,0.75,0.09014378946033896,0.8479507929530172,0.03566481670539585,0.012143076552505037,0.014097524328742863,0.07557685994434787,0.8818866598057982,0.026797390812877332,0.009906197976618137,0.005832891460358434,0.09550443005348062,0.8479507929530172,0.034788739090653165,0.012600075409873419,0.009155962492975556
20268020,2,VSD/ZCH0926.wav,VSD,VSD,0.75,0.01360368059055429,0.0034098395691029206,0.014589253162739058,0.009223123281335111,0.9591741033962686,0.05092059880961719,0.006055066112927162,0.012597064839386506,0.018641215173613158,0.9117860550644561,0.041693007068230016,0.0034098395691029206,0.013120255735403447,0.016323900175179783,0.9254529974520839
20268020,2,NORMAL/ZCH0486.wav,NORMAL,NORMAL,0.75,0.019381960455193803,0.9028060340572102,0.03513292318964246,0.02186757550088426,0.02081150679706928,0.018270599481273336,0.9091529741021905,0.028059458321390486,0.026912762693084916,0.017604205402060796,0.01950578311338512,0.9028060340572102,0.03129808482958964,0.027061641596190355,0.01932845640362473
20268020,2,NORMAL/ZCH0236.wav,NORMAL,NORMAL,0.75,0.017340193400005307,0.911380954073692,0.03310761827241814,0.023894444669436923,0.014276789584447648,0.01967169970133657,0.9287920311723754,0.01898484217883937,0.023410543711665524,0.009140883235783215,0.02269627204430421,0.911380954073692,0.025997027350531006,0.02782460708643281,0.012101139445039958
20268020,2,VSD/ZCH0762.wav,VSD,VSD,0.75,0.02452626310807588,0.0073067169004781655,0.05278323488234154,0.019881101169089775,0.8955026839400146,0.04103316384267426,0.010401034179505995,0.04690700123249729,0.030749989194921112,0.8709088115504013,0.037002666751623496,0.0073067169004781655,0.04848606264827149,0.02810487990243793,0.879099673797189
20268020,2,NORMAL/ZCH0435.wav,NORMAL,NORMAL,0.75,0.04329798563442891,0.8430049597513015,0.05939669514876686,0.01861206337902194,0.0356882960864808,0.036571609933833994,0.9126777495464535,0.0171981377292755,0.008669924420044061,0.02488257837039277,0.06013805632919438,0.8430049597513015,0.038039331315655414,0.01634363701697969,0.04247401558686898
20268020,2,ASD/ZCH0556.wav,ASD,ASD,0.75,0.413163223732165,0.004478577189206577,0.12479991703304212,0.017509735612883805,0.4400485464327025,0.5825497264620303,0.030384022749565698,0.08527174836693711,0.013290892710742037,0.28850360971072486,0.5518761836642893,0.004478577189206577,0.09686245872297211,0.014611925237107635,0.33217085518642453
20268020,2,PDA/ZCH0664.wav,PDA,PDA,0.75,0.03698232431493843,0.007500793283525701,0.34999826831477665,0.022208227670075693,0.5833103864166835,0.06331265916646607,0.008370232117174158,0.5065411041524202,0.03888308015421771,0.382892924409722,0.05677170879774425,0.007500793283525702,0.4677384881383705,0.03473993589538729,0.4332490738849723
20268020,2,ASD/ZCH0627.wav,ASD,ASD,0.75,0.6825672584350743,0.05175034361396219,0.05449008911860137,0.16078516935865533,0.050407139473707,0.8683147206334332,0.012999606649601978,0.02766264848788848,0.08383166872567076,0.007191355503405691,0.7963096013362465,0.05175034361396219,0.03355495880659478,0.10060155022933642,0.017783546013860292
20268020,2,NORMAL/ZCH0344.wav,NORMAL,NORMAL,0.75,0.02375451925460121,0.8797346013840368,0.03803918868504717,0.023905600662109536,0.03456609001420511,0.016391685837049825,0.9182553440321799,0.013891640399573524,0.011422744001613059,0.04003858572958352,0.02402561612340207,0.8797346013840368,0.024838172313687193,0.018580534751244833,0.052821075427629094
20268020,2,ASD/ZCH0645.wav,ASD,NORMAL,0.75,0.03934751084054338,0.831306880643357,0.03710780019519607,0.0755490928727967,0.016688715448106694,0.04721880181385661,0.7751983882689385,0.024883531646958404,0.1424545211026115,0.010244757167635052,0.03641193285184005,0.831306880643357,0.02328156685896562,0.09906162343595547,0.009937996209881873
20268020,2,PDA/ZCH0663.wav,PDA,PDA,0.75,0.17668227441685513,0.27493276032497915,0.35291241005674334,0.043746436356218464,0.1517261188452039,0.28260246607714945,0.12639926794697168,0.49165332442833554,0.03235602354530745,0.06698891800223589,0.22008541947868157,0.27493276032497915,0.39427327773617327,0.03107764018433762,0.07963090227582838
20268020,2,NORMAL/ZCH0050.wav,NORMAL,NORMAL,0.75,0.010466541176602963,0.9232727946369418,0.032671364245772466,0.01991272882795036,0.013676571112732426,0.0069146776334115595,0.9567893922757019,0.01710628563007229,0.013187790602405073,0.006001853858409136,0.011825205574795862,0.9232727946369418,0.030949009152946908,0.022540923819391875,0.011412066815923574
20268020,2,NORMAL/ZCH0439.wav,NORMAL,NORMAL,0.75,0.17996142940723953,0.548513699625709,0.10382413801846695,0.06741657340123974,0.10028415954734492,0.3481095658306386,0.4043267207571199,0.11838619955784409,0.04335779454204657,0.08581971931235091,0.2428757235565098,0.548513699625709,0.09325351424260317,0.04150119098402903,0.07385587159114906
20268020,2,NORMAL/ZCH0001.wav,NORMAL,NORMAL,0.75,0.017195182159921784,0.8969497990005576,0.033871308341607724,0.018587427876675222,0.03339628262123775,0.01221532390710189,0.9254874873450829,0.02201056132813682,0.006860410028893934,0.03342621739078452,0.016969065999083068,0.8969497990005574,0.031298148008944544,0.011762775563508304,0.04302021142790646
20268020,2,NORMAL/ZCH0210.wav,NORMAL,NORMAL,0.75,0.04336894365406064,0.8748218796972725,0.03241043192411381,0.031495757007529435,0.017902987717023745,0.050343749749318295,0.8933869124422243,0.018959305291301687,0.029158079089482973,0.00815195342767271,0.05517499167763814,0.8748218796972725,0.024798190950552954,0.03355057250351125,0.011654365171025123
20268020,2,ASD/ZCH0540.wav,ASD,ASD,0.75,0.9219220015324643,0.04518874081417426,0.012329869581673071,0.011488307605233141,0.0090710804664553,0.9433650619951528,0.03600046556794621,0.006874721369211688,0.00857140837328702,0.00518834269440226,0.9312605971646308,0.04518874081417426,0.008189364078949322,0.009239359972701942,0.006121937969543662
20268020,2,NORMAL/ZCH0530.wav,NORMAL,NORMAL,0.75,0.05723506692358081,0.8145126417559534,0.04008437095027576,0.06488872700420419,0.023279193365985766,0.1070861612336641,0.7097377248534168,0.02329592173491877,0.1426751944907557,0.017204997687244664,0.0656325112866529,0.8145126417559534,0.021186250985281253,0.08460286840680373,0.014065727565308746
20268020,2,NORMAL/ZCH0371.wav,NORMAL,NORMAL,0.75,0.014960815868030247,0.9019560471899837,0.03492236846298834,0.022653182845068648,0.02550758563392909,0.01156042315323462,0.9383495139877392,0.014965813228746808,0.015386579813946815,0.01973766981633251,0.017528776313470627,0.9019560471899838,0.02658090742799328,0.024015475914106146,0.029918793154446285
20268020,2,NORMAL/ZCH0477.wav,NORMAL,NORMAL,0.75,0.02848278861107584,0.8620163776850676,0.03687567889182458,0.05249724665596427,0.020127908156067947,0.05096833168383131,0.8320653491406398,0.026938480288721638,0.07989461829823462,0.010133220588572692,0.038529320952691515,0.8620163776850676,0.025819435478085233,0.06235841305333888,0.011276452830816824
20268020,2,ASD/ZCH0569.wav,ASD,PFO,0.75,0.13806940612656882,0.048406703967738385,0.030160683087388503,0.76757435276666,0.01578885405164414,0.1477052559739554,0.026029505857556416,0.03186574279281931,0.7843929928760915,0.010006502499577305,0.1427511216141491,0.04840670396773839,0.030890385740192282,0.7666721245780088,0.011279664099911482
20268020,2,NORMAL/ZCH0039.wav,NORMAL,NORMAL,0.75,0.18364339990506384,0.5143701063623736,0.07537858930895085,0.04572541911481042,0.1808824853088014,0.12029471266557198,0.6331900160472798,0.07103351418762877,0.04196684042131465,0.13351491667820478,0.16535697550310088,0.5143701063623736,0.08937707443278917,0.05310215125722183,0.17779369244451457
20268020,2,NORMAL/ZCH0487.wav,NORMAL,NORMAL,0.75,0.02056819685486939,0.8975385308842083,0.031230315235142976,0.025370241826909945,0.025292715198869394,0.012680278314108022,0.925627610548385,0.02600965846549773,0.01728394797927669,0.018398504692732503,0.01824408836871061,0.8975385308842083,0.0346823488399611,0.024201392697451807,0.025333639209668166
20268020,2,NORMAL/ZCH0154.wav,NORMAL,NORMAL,0.75,0.0544485762596862,0.8827872173180908,0.039900440264615304,0.008848718974301605,0.014015047183305991,0.057923577591709706,0.9100568097444304,0.02337088121968828,0.00424872906990333,0.004400002374268114,0.0702260774804813,0.8827872173180908,0.03281757885426541,0.006364845629646068,0.007804280717516383
20268020,2,NORMAL/ZCH0126.wav,NORMAL,NORMAL,0.75,0.008268307877414597,0.9398439795141487,0.021259188033938392,0.020011614845229824,0.010616909729268575,0.009055539049986145,0.961610127800728,0.011742103376441892,0.01354703696454102,0.004045192808302997,0.012709438379944434,0.9398439795141487,0.019114495421005285,0.02092381826133624,0.007408268423565373
20268020,2,NORMAL/ZCH0289.wav,NORMAL,NORMAL,0.75,0.016714571561083698,0.8747510620623419,0.03577684618617025,0.03699706878095951,0.03576045140944467,0.019859100715715852,0.9057607861905117,0.026250840440546125,0.020539155622729517,0.027590117030496717,0.02397399537009473,0.874751062062342,0.03511078609848055,0.029722491587930108,0.036441664881152774
20268020,2,NORMAL/ZCH0219.wav,NORMAL,NORMAL,0.75,0.008850974404729315,0.9204014338833516,0.02643309504112603,0.02579874681720596,0.01851574985358714,0.008780568704031749,0.943880911129097,0.014503579077893292,0.02046794729334006,0.012366993795637892,0.011553424632249806,0.9204014338833517,0.022037035898804506,0.02822328400444046,0.017784821581153624
20268020,2,ASD/ZCH0606.wav,ASD,ASD,0.75,0.3750465136535863,0.02054103953555853,0.011687076912987404,0.5377000767569985,0.05502529314086912,0.5301803972192383,0.002000288514160135,0.006751533280623867,0.41994382450247403,0.0411239564835037,0.4840096926732437,0.02054103953555853,0.007891347144308274,0.44353162793887374,0.04402629270801578
20268020,2,ASD/ZCH0541.wav,ASD,ASD,0.75,0.9132322102995937,0.004923943605892908,0.04361368349116455,0.011366677469929398,0.026863485133419508,0.9712483479554057,0.007927454565637688,0.007596248248820605,0.009092215730488911,0.00413573349964691,0.9589496626395178,0.004923943605892909,0.016617855355642547,0.009681476255559852,0.009827062143387046
20268020,2,NORMAL/ZCH0052.wav,NORMAL,NORMAL,0.75,0.007848279374505097,0.9204987100819142,0.03446955193580036,0.020962691936020583,0.016220766671759753,0.005241652575725945,0.9554662585030974,0.017635821734039655,0.011548395848363025,0.010107871338773975,0.008980087986706388,0.9204987100819142,0.032229887116530534,0.020702753008654273,0.01758856180619462
20268020,2,NORMAL/ZCH0116.wav,NORMAL,NORMAL,0.75,0.038042533874899684,0.7923839855396786,0.04220499965774406,0.09116043508389297,0.03620804584378475,0.030501905966318087,0.866725171951244,0.028659228659135005,0.0572807106944737,0.016832982728829268,0.04514761895326312,0.7923839855396786,0.044035338313746654,0.0897141841981653,0.028718872995146322
20268020,2,NORMAL/ZCH0005.wav,NORMAL,NORMAL,0.75,0.03603422547741344,0.8894086699605255,0.028954024239720287,0.028605853114773015,0.0169972272075678,0.06806053388308594,0.8831629911097112,0.018316486562372135,0.024988668026257578,0.0054713204185731475,0.05732525651096928,0.8894086699605255,0.020241521734216544,0.024891112251137208,0.008133439543151504
20268020,2,ASD/ZCH0586.wav,ASD,PFO,0.75,0.3975493271211835,0.06172896004946062,0.18691411898400895,0.30246977465992464,0.05133781918542224,0.19162433452447142,0.027913118535411702,0.18155662355728025,0.5814099681572062,0.017495955225630515,0.23810607729243932,0.06172896004946063,0.178159160003821,0.49650585332948116,0.025499949324797887
20268020,2,PFO/ZCH0710.wav,PFO,PFO,0.75,0.30803391255763124,0.02197895375613465,0.151934831750495,0.46756237024313607,0.0504899316926031,0.21458288424898828,0.011847734906940566,0.19198967809820955,0.55793585686156,0.023643845884301525,0.23629560248212553,0.02197895375613465,0.1804996585213761,0.5310522276707245,0.030173557569639266
20268020,2,VSD/ZCH0849.wav,VSD,PFO,0.75,0.2192987647814648,0.004076466252480611,0.008515770007757103,0.38129897359425696,0.3868100253640406,0.36566673236943137,0.002570582809639812,0.007505639025291608,0.38602324038436725,0.23823380541127007,0.3286606875065988,0.004076466252480611,0.007749672960860877,0.3844050705724027,0.275108102707657
20268020,2,ASD/ZCH0620.wav,ASD,ASD,0.75,0.42758306917227185,0.32019671121414184,0.15010841065800448,0.05472493389846417,0.047386875057117465,0.5775800761308958,0.22262559370294027,0.15299598512662102,0.026929856978348436,0.019868488061194553,0.48571017651828813,0.32019671121414184,0.13787177540289525,0.0313435772488511,0.024877759615823638
20268020,2,NORMAL/ZCH0237.wav,NORMAL,NORMAL,0.75,0.02693909263565418,0.9240993690805748,0.0257856790802157,0.013283004373462637,0.009892854830092628,0.0531797599854245,0.9150412335185869,0.016105122105199203,0.011297329573750492,0.004376554817038886,0.04236715256663822,0.9240993690805748,0.017237439161970628,0.010890374081064686,0.0054056651097516865
20268020,2,NORMAL/ZCH0385.wav,NORMAL,NORMAL,0.75,0.01107611455634208,0.9218450143616734,0.023482787955564924,0.028151525114966387,0.01544455801145306,0.007473014908705693,0.9600845691360792,0.008510873607437294,0.01626876926387236,0.007662773083905528,0.01374323135136565,0.9218450143616734,0.018369006355008686,0.030928743797035408,0.015114004134916821
20268020,2,VSD/ZCH0927.wav,VSD,NORMAL,0.75,0.17663408019572824,0.41589612017154176,0.06433269806568225,0.24463980868977184,0.098497292877276,0.21572474671029288,0.24711883813002056,0.215524510364317,0.27117591121662876,0.05045599357874089,0.16968197704663915,0.41589612017154176,0.14149012027122776,0.2189487007953678,0.05398308171522355
20268020,2,VSD/ZCH0940.wav,VSD,VSD,0.75,0.010545947929592885,0.012793088224017934,0.018847837199973856,0.013036917078792766,0.9447762095676225,0.02633798253542621,0.022404092743177915,0.01982491075317707,0.01593387775423425,0.9154991362139846,0.022584175650230263,0.012793088224017934,0.01972682032968745,0.015327125217508158,0.9295687905785562
20268020,2,NORMAL/ZCH0340.wav,NORMAL,NORMAL,0.75,0.05822048052622808,0.8045881178120577,0.028781925438608656,0.09871737868676936,0.009692097536336156,0.073639876429056,0.771195251090526,0.0281763578451813,0.12122701917280776,0.005761495462429017,0.06172450885384722,0.8045881178120577,0.025243604746416858,0.1023302678982619,0.006113500689416281
20268020,2,NORMAL/ZCH0315.wav,NORMAL,NORMAL,0.75,0.012871844382073318,0.88021182677228,0.039473693980753746,0.042273380245700265,0.02516925461919262,0.008253160946953842,0.9362047779938905,0.01716719544343482,0.022409991363747123,0.01596487425197375,0.0148406701570443,0.8802118267722802,0.034044532421676967,0.042127745316218025,0.028775225332780686
20268020,2,VSD/ZCH0839.wav,VSD,VSD,0.75,0.009624694739566179,0.00393119478421625,0.05237280932805133,0.02529114745608825,0.908780153692078,0.019592610305502897,0.016644221066424138,0.03706500665042205,0.02324091444508479,0.9034572475325662,0.017290604393600712,0.00393119478421625,0.04125134535653367,0.023978820198576938,0.9135480352670724
20268020,2,NORMAL/ZCH0259.wav,NORMAL,PDA,0.75,0.29595539408149196,0.17957836566298874,0.3835714776222341,0.0941923310870354,0.04670243154624985,0.14769451261559238,0.19480564350891946,0.596671261892703,0.04637429590705545,0.014454286075729768,0.18685455520894959,0.17957836566298874,0.5518591909815104,0.058986553619743545,0.022721334526807753
20268020,2,NORMAL/ZCH0513.wav,NORMAL,NORMAL,0.75,0.018830021614144425,0.8379063754331652,0.03010835417543194,0.08784416009767673,0.025311088679581848,0.008926358072031767,0.9103696943707293,0.011422967695006368,0.04802503685332288,0.02125594300890961,0.016814786450265035,0.8379063754331652,0.02302065032517113,0.0870998809459494,0.03515830684544929
20268020,2,VSD/ZCH0864.wav,VSD,VSD,0.75,0.006887942067507204,0.0022163762433214367,0.029959868316828866,0.009576996604121587,0.951358816768221,0.007546497148989216,0.011797787935974842,0.020212538154969144,0.012311655683887483,0.9481315210761794,0.007436735377834448,0.0022163762433214367,0.02279635325152327,0.011717519433730793,0.9558330156935901
20268020,2,NORMAL/ZCH0331.wav,NORMAL,NORMAL,0.75,0.23841736754251097,0.5179542275868652,0.09980097191385524,0.030847532541148498,0.11297990041562013,0.5381225681506607,0.29176217448318814,0.05499793820659206,0.024707327286346552,0.09040999187321247,0.3342998957709033,0.5179542275868652,0.05302505342569671,0.02032423830424477,0.07439658491229005
20268020,2,VSD/ZCH0872.wav,VSD,VSD,0.75,0.01126415382782711,0.0022798246868505024,0.020475957922138275,0.013512039829013748,0.9524680237341704,0.02423314451304766,0.009498754901637176,0.024189375173697278,0.02773169757332731,0.9143470278382906,0.02112335809304602,0.0022798246868505024,0.023393242863694215,0.02432836789585733,0.9288752064605519
20268020,2,VSD/ZCH0846.wav,VSD,NORMAL,0.75,0.07262579620179727,0.48134922958066007,0.08402038271795338,0.19063497197458762,0.17136961952500163,0.09906892947175394,0.4375267583918565,0.05907266868370989,0.0990224064417553,0.3053092370109244,0.08666927703170557,0.48134922958066007,0.0618578192276386,0.11613939717057864,0.2539842769894171
20268020,2,NORMAL/ZCH0441.wav,NORMAL,NORMAL,0.75,0.03458225457598395,0.8876309110827635,0.027479588997457227,0.026710999231162096,0.023596246112633282,0.08260578308540711,0.8517924433296511,0.02549199829400315,0.026358956073466663,0.013750819217471972,0.05561855608011209,0.8876309110827635,0.02136567948542944,0.021666519334770474,0.013718334016924502
20268020,2,NORMAL/ZCH0284.wav,NORMAL,NORMAL,0.75,0.04175296948638867,0.8826509573157202,0.03454773912196327,0.024021954209792477,0.017026379866135484,0.08828577952292962,0.848740064129922,0.025907482244809286,0.030088339029330773,0.0069783350730084105,0.061808016777110925,0.8826509573157203,0.023711406858806145,0.02351262499645385,0.008316994051908914
20268020,2,NORMAL/ZCH0473.wav,NORMAL,NORMAL,0.75,0.02473438153934544,0.91272625850864,0.032803112632322266,0.012738599762014947,0.01699764755767731,0.03416010747676623,0.9177345129496598,0.025705570261062287,0.009228436216473925,0.013171373096037825,0.03336340519456909,0.9127262585086401,0.028653656159755243,0.010527341744843323,0.01472933839219239
20268020,2,PFO/ZCH0712.wav,PFO,PFO,0.75,0.3071139175830473,0.09201986429446916,0.0331717743612085,0.5246019707677758,0.04309247299349919,0.20656451143527915,0.03213892773818758,0.0283185983733074,0.7090294361153016,0.02394852633792432,0.22211685375044626,0.09201986429446916,0.02821785238989167,0.630022176402744,0.027623253162448944
20268020,2,NORMAL/ZCH0134.wav,NORMAL,NORMAL,0.75,0.010561062294155134,0.9253546856677713,0.028965124634611053,0.019862124183978095,0.015257003219484457,0.013792071356553416,0.94908884023371,0.012800178330035918,0.01597513694464395,0.008343773135056841,0.017806589220875874,0.9253546856677713,0.021316878817499864,0.022532442567074974,0.012989403726777937
20268020,2,ASD/ZCH0563.wav,ASD,ASD,0.75,0.6577422037673516,0.04031898465939492,0.07796837549588172,0.03951316495608837,0.18445727112128354,0.8068104335636448,0.046397154351598746,0.011642712879602175,0.08421232732056247,0.05093737188459182,0.7734002732078048,0.04031898465939492,0.02827978565409915,0.07344010747834026,0.08456084900036094
20268020,2,NORMAL/ZCH0468.wav,NORMAL,NORMAL,0.75,0.012925759912226659,0.8890588220526628,0.03460991049858413,0.046225947809387664,0.01717955972713868,0.018827840285209844,0.8961899514098051,0.02719228384292765,0.04245975153435034,0.015330172927707195,0.0183223401930104,0.8890588220526628,0.030447650935770506,0.045588848808526115,0.016582338010030142
20268020,2,NORMAL/ZCH0448.wav,NORMAL,NORMAL,0.75,0.020363719439466552,0.9060607152341192,0.02693887163738886,0.03045879269323134,0.016177900995794053,0.04322145994282183,0.8708125779409068,0.02098703816700388,0.058211931374775795,0.006766992574491812,0.028662456612536618,0.9060607152341192,0.018180340807492663,0.03936152254111822,0.007734964804733261
20268020,2,NORMAL/ZCH0485.wav,NORMAL,NORMAL,0.75,0.014441465574914152,0.8368915185010106,0.03330292766726126,0.09808629204856664,0.017277796208247292,0.0192332512866531,0.7560805682883309,0.03314363621538971,0.18281962578252633,0.00872291842709977,0.01325629657743803,0.8368915185010106,0.024948048976114127,0.11620993709720408,0.008694198848233142
20268020,2,ASD/ZCH0555.wav,ASD,ASD,0.75,0.8462712678257733,0.046205173592078104,0.023577563984089563,0.04464106973500036,0.0393049248630587,0.9274633400994966,0.01851132890104895,0.014133517998207822,0.022274384608977536,0.017617428392269114,0.8875382291870548,0.046205173592078104,0.016195434255039387,0.027394682634137916,0.0226664803316897
20268020,2,ASD/ZCH0626.wav,ASD,ASD,0.75,0.2964469304008613,0.005999824788669512,0.11588338658768824,0.013690858609273358,0.5679789996135076,0.5520712614569989,0.018493263048371227,0.05906331556363982,0.032659984656581625,0.33771217527440844,0.493435597091765,0.0059998247886695125,0.07383218876146433,0.02822949583540161,0.3985028935226996
20268020,2,NORMAL/ZCH0393.wav,NORMAL,NORMAL,0.75,0.012555591959850208,0.9170307367753343,0.02742714245913096,0.030137787807885855,0.012848740997798674,0.006375899242716732,0.954966389355195,0.011924967336688035,0.019909316539469046,0.006823427525931315,0.011949045371914723,0.9170307367753343,0.02333457419985165,0.03504492136654544,0.012640722286353871
20268020,2,NORMAL/ZCH0218.wav,NORMAL,NORMAL,0.75,0.01978990354525939,0.9136284203719313,0.0313849822638065,0.015150101790717007,0.02004659202828595,0.018591057158589244,0.9491702325553731,0.015332458133007165,0.009417085446532952,0.007489166706497484,0.028640368670434926,0.9136284203719313,0.027386300957288758,0.015788886850654667,0.014556023149690393
20268020,2,ASD/ZCH0535.wav,ASD,PFO,0.75,0.3916297434983626,0.00665037970526932,0.06087612733474433,0.4650368400120166,0.07580690944960713,0.414153253067147,0.006618883654095279,0.08026336054474872,0.4676703693616958,0.03129413337231322,0.4085125273459678,0.00665037970526932,0.07541464362514977,0.4670008660886827,0.042421583234930435
20268020,3,NORMAL/ZCH0080.wav,NORMAL,NORMAL,0.75,0.009439500794052378,0.9217909565646213,0.012195789254089316,0.03356040589064334,0.023013347496593704,0.026586358150628875,0.8204074877223313,0.030144463211726022,0.08739443358443327,0.035467257330880554,0.011043256313713478,0.9217909565646213,0.01289444255200285,0.036934032531633326,0.017337312038029067
20268020,3,NORMAL/ZCH0285.wav,NORMAL,NORMAL,0.75,0.023514635775406995,0.9385668581671023,0.010555630432954427,0.01631561024058679,0.011047265383949526,0.06641197491578106,0.8663745111967922,0.02228746279980994,0.03464697494270744,0.010279076144909327,0.02877789944960144,0.9385668581671023,0.010323756185065406,0.016025383793626963,0.006306102404603903
20268020,3,PDA/ZCH0659.wav,PDA,NORMAL,0.75,0.16746842359662925,0.68929556406811,0.08808613826157251,0.03030636266830146,0.02484351140538692,0.2912260608798013,0.48067237312645594,0.16198658504235877,0.03318720363851542,0.03292777731286857,0.17254361571493207,0.68929556406811,0.09470679324850358,0.022468073692066437,0.020985953276387966
20268020,3,NORMAL/ZCH0276.wav,NORMAL,NORMAL,0.75,0.022185416978603788,0.9422026141658641,0.009330683999774476,0.014047741030159397,0.012233543825598226,0.034496152573623144,0.9289919521072889,0.008881036961213264,0.017542225938341625,0.0100886324195331,0.026605102153445102,0.9422026141658641,0.0077542471637120245,0.014220877740508646,0.009217158776470067
20268020,3,VSD/ZCH0797.wav,VSD,VSD,0.75,0.007326860187974793,0.036483306814063574,0.011245963767338663,0.010296567105291183,0.9346473021253319,0.019642178258070016,0.06638119536808805,0.02863557768662168,0.04376198731895159,0.8415790613682688,0.017035109527929016,0.036483306814063574,0.024975936149448597,0.03644669642572161,0.8850589510828373
20268020,3,VSD/ZCH0818.wav,VSD,VSD,0.75,0.07565672492975478,0.00183817531446524,0.009534829901218221,0.0556648172423672,0.8573054526121946,0.11962220081616676,0.011731106117034061,0.1196489478267129,0.10048848276352951,0.6485092624765567,0.10952892812366118,0.00183817531446524,0.09301871543490899,0.09003701105861121,0.7055771700683534
20268020,3,VSD/ZCH0918.wav,VSD,VSD,0.75,0.005167931523126178,0.00885437811597505,0.03889126504702918,0.009251575977636251,0.9378348493362334,0.017981854917037094,0.025422232708419416,0.1285677346566334,0.03640987598633842,0.7916183017315717,0.015007643169163701,0.008854378115975049,0.1077878590914877,0.030084527814988556,0.8382655918083849
20268020,3,NORMAL/ZCH0157.wav,NORMAL,NORMAL,0.75,0.007418050446830564,0.9491152390638347,0.013684840950933324,0.02216564333543453,0.007616226202967011,0.01362464906765829,0.9508255803821182,0.016989484450465622,0.013640235923862527,0.0049200501758952875,0.012428409813254384,0.9491152390638347,0.016606508530144795,0.016127404773778626,0.005722437818987531
20268020,3,NORMAL/ZCH0090.wav,NORMAL,NORMAL,0.75,0.00949982152321875,0.944243062991123,0.01717371032993299,0.014218134888151176,0.01486527026757411,0.01882495445182375,0.950858130140048,0.017245282754216835,0.00591111574827545,0.007160516905635994,0.018394214556685676,0.944243062991123,0.01896845134990525,0.00858464922285285,0.009809621879433185
20268020,3,NORMAL/ZCH0047.wav,NORMAL,NORMAL,0.75,0.01973695692899527,0.9353641403334773,0.014742575091575266,0.022814932064773003,0.007341395581179163,0.05135243610494522,0.893618714948479,0.019163372852474516,0.03013949541949572,0.005725980674605654,0.028335034202946453,0.9353641403334773,0.012418202402660651,0.019438001657130832,0.0044446214037848104
20268020,3,NORMAL/ZCH0132.wav,NORMAL,NORMAL,0.75,0.08278997646273958,0.609361579498858,0.036921900175867856,0.13819463456963763,0.13273190929289688,0.1431426163333298,0.5246776051648042,0.0672389516289537,0.13066440722646497,0.13427641964644738,0.10892761880333061,0.6093615794988582,0.0506751631323446,0.11508747536336643,0.11594816320210034
20268020,3,NORMAL/ZCH0104.wav,NORMAL,NORMAL,0.75,0.006242481905657142,0.9561171897845364,0.017181150647375593,0.010847611018514017,0.009611566643916769,0.011759021628516794,0.9598888980338713,0.015803595716686353,0.008158436621171135,0.004390047999754446,0.011209175785605478,0.9561171897845364,0.017262511651530393,0.009406092923052363,0.006005029855275352
20268020,3,PFO/ZCH0746.wav,PFO,PFO,0.75,0.16768101539221988,0.20566615712250094,0.013162196575327802,0.4026530189978498,0.2108376119121016,0.18152500810270275,0.11679651379124753,0.035211651666580884,0.5196510422194713,0.14681578421999752,0.1643649618197818,0.20566615712250094,0.027041989513289618,0.4511853165678929,0.15174157497653476
20268020,3,VSD/ZCH0810.wav,VSD,ASD,0.75,0.4308159396685771,0.0017346579791426198,0.3579121220580475,0.03793552652305186,0.1716017537711809,0.41332027473827215,0.012523380599758768,0.4213331578383297,0.06976212180366072,0.08306106501997877,0.4210810036634388,0.0017346579791426198,0.40893037043649444,0.062377115010351473,0.10587685291057268
20268020,3,VSD/ZCH0815.wav,VSD,ASD,0.75,0.6318735357665974,0.009613317037107782,0.08459672888495956,0.2028837530202239,0.0710326652911113,0.5106278474585659,0.009431748516219375,0.26054377601081435,0.15108870262745738,0.06830792538694291,0.540869071992763,0.009613317037107782,0.21652119649445498,0.16401669460821458,0.06897971986745968
20268020,3,NORMAL/ZCH0524.wav,NORMAL,NORMAL,0.75,0.2602425393667751,0.5409758062651495,0.07481870999829204,0.03480563795840548,0.08915730641137792,0.32077598923749123,0.38764546403214706,0.17190537412657939,0.04588229803305794,0.07379087457072421,0.24540216639805731,0.5409758062651496,0.11535055965069763,0.03449661915687188,0.0637748485292237
20268020,3,NORMAL/ZCH0353.wav,NORMAL,NORMAL,0.75,0.015029007304434057,0.9482443045956178,0.015274734257240578,0.009113888787578765,0.012338065055128819,0.028569532717097775,0.9263295517127884,0.02234109655351516,0.00797954656368591,0.014780272452912852,0.018810465844031597,0.9482443045956178,0.015590150432365762,0.006482874956246115,0.01087220417173871
20268020,3,NORMAL/ZCH0064.wav,NORMAL,PFO,0.75,0.12760392956473277,0.17527909960071034,0.052446084472254836,0.47153097976828795,0.17313990659401407,0.11827332675665311,0.16042891697079725,0.1457607652887614,0.4861295693522639,0.08940742163152439,0.11903697942674347,0.17527909960071034,0.1204984523932344,0.4760309925273567,0.10915447605195513
20268020,3,ASD/ZCH0647.wav,ASD,NORMAL,0.75,0.025898031538885147,0.9087849962305956,0.01015575106094669,0.011989092924410203,0.04317212824516238,0.10719465205998602,0.7953334354221765,0.015006952757043423,0.011777163090328183,0.07068779667046586,0.04230508167145846,0.9087849962305956,0.007555118309154316,0.006933873639771264,0.03442093014902036
20268020,3,NORMAL/ZCH0455.wav,NORMAL,NORMAL,0.75,0.016291147465683525,0.9482938669138864,0.016981096271523353,0.008844951014715222,0.009588938334191523,0.0446902922697533,0.915200991705497,0.021665212973527182,0.007451360829555784,0.010992142221666796,0.02451019155633194,0.9482938669138864,0.014153034853163583,0.005618834102455684,0.007424072574162401
20268020,3,PFO/ZCH0751.wav,PFO,VSD,0.75,0.21337118551057016,0.004639670869808514,0.01906987291241601,0.10483398512166645,0.6580852855855388,0.4225992508367754,0.022223736112141776,0.12072113856322554,0.11012658500485224,0.32432928948300505,0.37599216791984363,0.004639670869808514,0.09693658450589873,0.11028880018902042,0.4121427765154287
20268020,3,VSD/ZCH0884.wav,VSD,VSD,0.75,0.006466756919100335,0.019579389769486838,0.02304751407391801,0.01806672562914641,0.9328396136083484,0.016275058829716034,0.036388516016497466,0.06934489581367634,0.04855038006602408,0.8294411492740861,0.01403590852192567,0.019579389769486838,0.05867778357984437,0.04156464682884877,0.8661422712998944
20268020,3,ASD/ZCH0584.wav,ASD,NORMAL,0.75,0.4643953633827717,0.46282191384766624,0.0429190130384428,0.013667634368548696,0.01619607536257056,0.3686693025809081,0.46906074834236555,0.0796821184874752,0.059723503372042686,0.022864327217208387,0.39584987135232996,0.46282191384766624,0.07119357436912964,0.04873587465964392,0.021398765771230274
20268020,3,PDA/ZCH0678.wav,PDA,ASD,0.75,0.4548171983981073,0.010202602681322951,0.057406654282194707,0.0374359359599884,0.4401376086783867,0.3891907638737703,0.019161522976598427,0.2267852005933312,0.04374806867466244,0.3211144438816376,0.4082635064669294,0.010202602681322953,0.18599414591296837,0.042469729688393965,0.35307001525038545
20268020,3,VSD/ZCH0922.wav,VSD,VSD,0.75,0.008764069690131118,0.01301127965589668,0.01582389746152483,0.014011606118947844,0.9483891470734995,0.022271481073379666,0.028454578672057154,0.03603876660137252,0.03728545148540931,0.8759497221677813,0.019160142171279117,0.01301127965589668,0.03141469272518547,0.03191149615730694,0.9045023892903318
20268020,3,NORMAL/ZCH0323.wav,NORMAL,NORMAL,0.75,0.02356699760761987,0.9469406964913907,0.01229950936869509,0.007477804011108962,0.009714992521185462,0.03344907711857032,0.9390058348446666,0.016208856966258896,0.004388259250383738,0.006947971820120476,0.027714960651668806,0.9469406964913907,0.013650036364886839,0.00473248690359996,0.0069618195884537165
20268020,3,VSD/ZCH0933.wav,VSD,NORMAL,0.75,0.20909022498435126,0.4234464382822125,0.07002590365310435,0.017188036708218408,0.28024939637211344,0.26956425180196075,0.3050073153297548,0.1705844533918054,0.03187275314964328,0.22297122632683583,0.21999183543744288,0.42344643828221257,0.12364184576618921,0.02412781073315055,0.2087920697810049
20268020,3,ASD/ZCH0644.wav,ASD,NORMAL,0.75,0.009920358861856661,0.9455715868969645,0.013725577783265962,0.01047905709742568,0.020303419360487,0.02422994426226509,0.914201803185297,0.01978771427014769,0.010317027765120449,0.031463510517169856,0.01400828143217012,0.9455715868969645,0.012846049356802896,0.007528429054411858,0.02004565325965061
20268020,3,NORMAL/ZCH0209.wav,NORMAL,NORMAL,0.75,0.010135840179707471,0.9438297066731842,0.016932342720646518,0.01777065777194266,0.011331452654519233,0.020440841449858086,0.9223113522441334,0.024834342629296253,0.02144053222621623,0.010972931450495958,0.0136182827862642,0.9438297066731842,0.017699843858748388,0.01606908302875648,0.008783083653046713
20268020,3,VSD/ZCH0932.wav,VSD,VSD,0.75,0.01662831030376624,0.011741187841883088,0.04131005128253912,0.012187299737724823,0.9181331508340868,0.05298041717281568,0.029285494275033425,0.31515125937981714,0.026846422474895666,0.5757364066974382,0.044610550636806995,0.011741187841883088,0.2509628958874324,0.023545550431935368,0.6691398152019422
20268020,3,PDA/ZCH0682.wav,PDA,PDA,0.75,0.19220306525998154,0.05058271200144884,0.4991250293939635,0.016267785990374962,0.24182140735423113,0.12342868865346172,0.04569044368828258,0.7280107132601554,0.047775797033239295,0.055094357364860985,0.14014771488964864,0.05058271200144884,0.6679901818892016,0.03971510229090984,0.10156428892879124
20268020,3,NORMAL/ZCH0213.wav,NORMAL,NORMAL,0.75,0.0370830732155729,0.9198734094127818,0.012410199389249563,0.014643246136364469,0.015990071846031254,0.0894746061655842,0.8593542408846406,0.01394335017490601,0.01678949872505687,0.020438304049812266,0.04750136541508309,0.9198734094127818,0.0090602469611792,0.010834607418351483,0.012730370792604388
20268020,3,ASD/ZCH0604.wav,ASD,NORMAL,0.75,0.07331505222067997,0.6083471913919305,0.02406771986707211,0.1874593068581907,0.10681072966212671,0.19960821579176333,0.4957407994196063,0.07501886080418758,0.13572577074826722,0.09390635323617542,0.1346039617715879,0.6083471913919305,0.04971669910145184,0.1259274088938177,0.0814047388412121
20268020,3,NORMAL/ZCH0117.wav,NORMAL,NORMAL,0.75,0.05006436491375259,0.6503563739403883,0.020514319474834453,0.12548959210406851,0.15357534956695615,0.10547361133763633,0.5637497663963287,0.0325541789111542,0.18634736495166665,0.1118750784032142,0.07591693278855424,0.6503563739403883,0.024697098601405815,0.14338695418476632,0.10564264048488536
20268020,3,NORMAL/ZCH0400.wav,NORMAL,NORMAL,0.75,0.011472591467129901,0.9579710041361951,0.009731763691245347,0.011421234230004188,0.00940340647542559,0.01960169191995787,0.9387199186879384,0.01324937045519114,0.020472485913826124,0.007956533023086543,0.012951025667223628,0.9579710041361951,0.009248259915578913,0.013386112458678028,0.0064435978223243585
20268020,3,NORMAL/ZCH0046.wav,NORMAL,NORMAL,0.75,0.008238494090166693,0.9501779984336625,0.013896398103473689,0.017159956396837626,0.010527152975859643,0.013480120960504497,0.9569463120761891,0.01779349943906077,0.006511560228511144,0.005268507295734484,0.013759084822996984,0.9501779984336625,0.018917162588647778,0.009941403290688504,0.007204350864004274
20268020,3,ASD/ZCH0635.wav,ASD,VSD,0.75,0.27663430238946235,0.021648784455848426,0.05598629785947647,0.058945848478933936,0.5867847668162789,0.3682859467517762,0.018863847114135288,0.10935741523620567,0.16396560516604433,0.33952718573183854,0.3445890058791024,0.021648784455848426,0.09578182909829595,0.13736160592606894,0.4006187746406842
20268020,3,NORMAL/ZCH0528.wav,NORMAL,NORMAL,0.75,0.1121620563108746,0.6302378943964074,0.021209618785463756,0.033141690070748867,0.20324874043650534,0.19235328610656444,0.5180888643876937,0.034317759909099195,0.0491260761971086,0.20611401339953406,0.1387325340911652,0.6302378943964074,0.02505097381917347,0.03655561597089314,0.1694229817223608
20268020,3,NORMAL/ZCH0267.wav,NORMAL,NORMAL,0.75,0.027212484750830986,0.8965203177387516,0.02338961146813641,0.029285094779333977,0.02359249126294701,0.08893284761322431,0.8019744911566042,0.040924391530581146,0.043545619685668745,0.024622650013921575,0.04165750510277042,0.8965203177387516,0.021886408613265372,0.02438758594140007,0.01554818260381252
20268020,3,NORMAL/ZCH0089.wav,NORMAL,NORMAL,0.75,0.012580240532115311,0.950274538112601,0.014649584375872444,0.013263479874638861,0.009232157104772454,0.021521344801313666,0.9504628185470976,0.0170075725248617,0.00608965315254302,0.0049186109741840844,0.019347417321549185,0.950274538112601,0.016466557149026985,0.007900468953648716,0.006011018463174128
20268020,3,NORMAL/ZCH0277.wav,NORMAL,NORMAL,0.75,0.008959621160832177,0.949836409183766,0.012572785625215509,0.018847209970637734,0.00978397405954867,0.02002640289535185,0.9333144239414856,0.01770065523453783,0.01942741463773669,0.00953110329088808,0.013538408726865465,0.949836409183766,0.013129558662349966,0.01567236851127194,0.007823254915746635
20268020,3,VSD/ZCH0901.wav,VSD,VSD,0.75,0.009078200399405495,0.008512463934601314,0.014619524259735646,0.005921268959072782,0.9618685424471848,0.027211743726500356,0.02296130955728664,0.0732252958809217,0.01720824254160174,0.8593934082936896,0.02298017164688992,0.008512463934601316,0.059386017073788606,0.014577361014353137,0.894543986330367
20268020,3,NORMAL/ZCH0313.wav,NORMAL,NORMAL,0.75,0.08184538735274338,0.8545445000971217,0.013724657260274617,0.02490291131462887,0.02498254397523144,0.2856087266102658,0.6199133562196959,0.02618803717462801,0.03997392928460891,0.028315950710801292,0.10243612966507219,0.8545445000971217,0.010947596622761997,0.0176989562931174,0.01437281732192671
20268020,3,NORMAL/ZCH0183.wav,NORMAL,NORMAL,0.75,0.2295834625256872,0.6417308772221456,0.016020008876005815,0.10227656308086604,0.010389088295295347,0.23470044514707022,0.6615932645318471,0.024306547880844485,0.07494756037937095,0.0044521820608672165,0.24375280046478454,0.6417308772221457,0.023304896416543805,0.08507903056520953,0.006132395331316541
20268020,3,VSD/ZCH0816.wav,VSD,VSD,0.75,0.009429967052991994,0.0093637202293941,0.009400826273854922,0.013099129454235643,0.9587063569895233,0.025449376562513497,0.03251523829960728,0.05470637154511755,0.04096856430567007,0.8463604492870916,0.021901269131942794,0.0093637202293941,0.04436181119463542,0.034736476442323146,0.8896367230017046
20268020,3,NORMAL/ZCH0511.wav,NORMAL,NORMAL,0.75,0.03912912830480103,0.8909138281283213,0.014163747539644946,0.01005829329019494,0.04573500273703787,0.10176466377316623,0.827365410653557,0.01136142839567473,0.008534353196067209,0.05097414398153487,0.05801038186568748,0.8909138281283213,0.008925321622221179,0.00655915640588802,0.035591311977882005
20268020,3,NORMAL/ZCH0413.wav,NORMAL,NORMAL,0.75,0.02500772444027928,0.9213738801216506,0.016265929758072797,0.02408278448086308,0.013269681199134263,0.030804098048909233,0.9154829656464116,0.02028594001844254,0.0188310797390058,0.014595916547230834,0.02774469932356253,0.9213738801216506,0.018220476045074853,0.019159598333734137,0.013501346175977933
20268020,3,VSD/ZCH0859.wav,VSD,VSD,0.75,0.013347802271999862,0.006960767474565345,0.009927218682952463,0.006485261657740568,0.9632789499127418,0.05445986563171347,0.027671919313975436,0.05488442955146834,0.02402654899827805,0.8389572365045648,0.045051869825653006,0.006960767474565343,0.04452192946143556,0.020025061730686917,0.8834403715076591
20268020,3,PFO/ZCH0707.wav,PFO,PFO,0.75,0.2793454360273953,0.029757244777290758,0.03568846959365624,0.6365643637961743,0.018644485805483415,0.2513547043751039,0.029746107930148702,0.12520732211134558,0.5702649747118138,0.023426890871587978,0.2583502234481675,0.029757244777290758,0.1028265311082717,0.5868349127365414,0.02223108792972862
20268020,3,NORMAL/ZCH0391.wav,NORMAL,NORMAL,0.75,0.04212415080050851,0.7585165964523687,0.03783799565204302,0.09218160658509239,0.06933965050998753,0.1091375806269086,0.7134142188570674,0.04561076363610316,0.053687192039949726,0.07815024483997121,0.0795023095466417,0.7585165964523687,0.03828396395797956,0.056973897180014436,0.06672323286299561
20268020,3,NORMAL/ZCH0123.wav,NORMAL,NORMAL,0.75,0.010150957461728241,0.9533865116698297,0.014409248158569941,0.009247289086121657,0.012805993623750577,0.018030090784987622,0.9324250180702985,0.019262187975471027,0.016425485044901857,0.01385721812434103,0.011865660021839886,0.9533865116698297,0.013567661812235433,0.010809595414715564,0.010370571081379431
20268020,3,NORMAL/ZCH0006.wav,NORMAL,NORMAL,0.75,0.01670227974143245,0.9301604539412248,0.020792546532469786,0.01936883414458591,0.01297588564028711,0.05523776826244037,0.8784977560843505,0.02656995610358274,0.03185320485349864,0.007841314696127805,0.02798859101478878,0.9301604539412248,0.016652453935874646,0.01857413620961754,0.006624364898494211
20268020,3,NORMAL/ZCH0040.wav,NORMAL,PFO,0.75,0.18659573267258112,0.024426730777489372,0.14415773732796264,0.6353852763361052,0.009434522885861617,0.18589059994243745,0.05067756596510759,0.2691453564765808,0.4799833481455314,0.014303129470342927,0.18992209342581598,0.024426730777489372,0.2434802936493412,0.5287882697860137,0.013382612361339735
20268020,3,ASD/ZCH0579.wav,ASD,PFO,0.75,0.3380413156999809,0.0036860272246091548,0.01140685998875323,0.544954228299074,0.10191156878758267,0.2958900063543357,0.009388554114546317,0.05509602054621403,0.5613339091678634,0.07829150981704046,0.3077053179592064,0.003686027224609155,0.04441160359617925,0.5596625085792947,0.0845345426407106
20268020,3,NORMAL/ZCH0149.wav,NORMAL,NORMAL,0.75,0.012413222806135757,0.9336271698233254,0.013637051858236271,0.026575477576131486,0.013747077936170946,0.02120409525840978,0.9269620151238185,0.014960179932641229,0.028472392242886002,0.008401317442244554,0.01755512638109883,0.9336271698233254,0.013605493225070098,0.026049456003498152,0.009162754567007542
20268020,3,NORMAL/ZCH0073.wav,NORMAL,NORMAL,0.75,0.009950856344170603,0.9601242417018334,0.01102953296390781,0.010421587506559058,0.008473781483529095,0.02183612149261966,0.948953202506946,0.015074258392546828,0.007661392591183819,0.006475025016703552,0.015280856049467282,0.9601242417018334,0.011588948300476038,0.007093981678188503,0.005911972270034765
20268020,3,ASD/ZCH0624.wav,ASD,NORMAL,0.75,0.01781564266089971,0.9152917895198647,0.016563808783933986,0.03460152610606666,0.01572723292923492,0.05148864963415702,0.8375415933042399,0.029914557510611072,0.0648522279402532,0.01620297161073878,0.024589116927816318,0.9152917895198647,0.015839370973910104,0.03401156297997875,0.010268159598430152
20268020,3,NORMAL/ZCH0203.wav,NORMAL,NORMAL,0.75,0.011429774776268924,0.9517564359704906,0.015237142305004503,0.01209207373323243,0.009484573215003402,0.015839855292461295,0.957784862532429,0.013682689122435617,0.006820952481726643,0.0058716405709474066,0.016433813194350944,0.9517564359704908,0.015536743930754437,0.008869269521212385,0.007403737383191596
20268020,3,PFO/ZCH0735.wav,PFO,VSD,0.75,0.09249751934717138,0.19513808869971358,0.15389848676733586,0.04932441118306178,0.5091414940027175,0.24705629140092167,0.20713234508893352,0.30510685144217264,0.019040955062684814,0.22166355700528742,0.21121964169800186,0.19513808869971358,0.2707664317576365,0.026827853347206172,0.2960479844974419
20268020,3,NORMAL/ZCH0260.wav,NORMAL,NORMAL,0.75,0.01666992195565587,0.9512785116430413,0.009345486567442423,0.015819141713737793,0.006886938120122672,0.0451345775228897,0.9195866420125755,0.014274406535390083,0.01621296643538083,0.004791407493763953,0.024677354547602188,0.9512785116430413,0.008822890323793369,0.01132221674068638,0.003899026744876723
20268020,3,ASD/ZCH0625.wav,ASD,NORMAL,0.75,0.010151845536906168,0.9338992967604298,0.015041662099625874,0.019312099480327947,0.021595096122710197,0.01921925184728597,0.9284245788735084,0.0200162112958229,0.021441908723454427,0.010898049259928247,0.01584985717383239,0.9338992967604298,0.017624312048555642,0.01967940705315968,0.012947126964022476
20268020,3,NORMAL/ZCH0512.wav,NORMAL,NORMAL,0.75,0.01452852914540302,0.9109148319854409,0.016633896553814132,0.03413049206356334,0.023792250251778706,0.043615664143524795,0.7788634921504799,0.041438241888594275,0.11453592168148437,0.021546680135916697,0.016810108209721966,0.9109148319854409,0.016678566739079404,0.043138346622734296,0.01245814644302346
20268020,3,NORMAL/ZCH0242.wav,NORMAL,NORMAL,0.75,0.010614809582776554,0.9608155627625933,0.010583256808661064,0.006855080265306771,0.01113129058066228,0.016856401310112356,0.9611871628847763,0.010307879884821788,0.004075350767956857,0.007573205152332771,0.015417042728631883,0.9608155627625933,0.010450741046313041,0.004799546672530778,0.00851710678993102
20268020,3,NORMAL/ZCH0097.wav,NORMAL,NORMAL,0.75,0.0200855175425057,0.9352522659890753,0.0166704534683952,0.01591707099186735,0.012074692008156463,0.034663151602384666,0.9267131325554584,0.020024183126656988,0.009555641259868594,0.00904389145563143,0.027989619789986056,0.9352522659890753,0.017435889063136173,0.010310955881580772,0.009011269276221708
20268020,3,NORMAL/ZCH0326.wav,NORMAL,NORMAL,0.75,0.018067427232846565,0.9384555420679791,0.015259367901263827,0.015253558756218751,0.012964104041691743,0.036426770921832996,0.9259568144399162,0.018531174084507607,0.010565200586101551,0.008520039967641552,0.027225218019712765,0.9384555420679791,0.015367131243206744,0.010399710274428297,0.008552398394673102
20268020,3,NORMAL/ZCH0299.wav,NORMAL,NORMAL,0.75,0.05045219224329752,0.8787945145710102,0.01982769537306853,0.024272412181532636,0.026653185631091144,0.24391252500652386,0.638663025161413,0.031341756474809294,0.03538566433849199,0.05069702901876187,0.07397585768368266,0.8787945145710102,0.012841792550842805,0.014970326431095608,0.019417508763368712
20268020,3,VSD/ZCH0912.wav,VSD,VSD,0.75,0.010348226440888043,0.019654173178307748,0.027875922100991775,0.01585798231625629,0.9262636959635562,0.023057781781644617,0.038443252422489374,0.13182894328114003,0.05149358674429816,0.7551764357704278,0.020218309421625943,0.019654173178307748,0.10777266792506107,0.04333933460965198,0.8090155148653533
20268020,3,NORMAL/ZCH0378.wav,NORMAL,NORMAL,0.75,0.02187561298413118,0.945054596973087,0.013555335327111269,0.010362104132360644,0.00915235058330982,0.03633600929843614,0.9220043148611603,0.022627722536195643,0.01218112886184806,0.006850824442359923,0.02466704867938219,0.9450545969730871,0.015344200325314522,0.009026430469139328,0.005907723553076941
20268020,3,NORMAL/ZCH0197.wav,NORMAL,NORMAL,0.75,0.01663280626873421,0.8799419409875189,0.013883622407133544,0.0816174039062675,0.007924226430345939,0.03990266889418272,0.8209441814347972,0.016341944134658976,0.1172546835698473,0.005556521966513901,0.02422444549843891,0.879941940987519,0.011688938289938269,0.07936935627067972,0.00477531895342425
20268020,3,PFO/ZCH0699.wav,PFO,PFO,0.75,0.2688748007162647,0.014851162241390266,0.008590803314532191,0.660795523149212,0.046887710578600944,0.31130229837152634,0.0345692819807035,0.040863206672253044,0.5794026851666729,0.033862527808844134,0.3054639919241985,0.014851162241390268,0.03342105359923704,0.6086262582514491,0.037637533983725185
20268020,3,NORMAL/ZCH0074.wav,NORMAL,NORMAL,0.75,0.014327838041094214,0.9459434397247682,0.015610502742965967,0.013338458866752454,0.010779760624419184,0.032528415325815484,0.9278807977737664,0.019559705032827317,0.015372136868372332,0.004658944999218343,0.02186808362256412,0.9459434397247682,0.014898279493267018,0.01197619162200657,0.005314005537394045
20268020,3,NORMAL/ZCH0291.wav,NORMAL,NORMAL,0.75,0.05245633867923769,0.8631867338256111,0.022400183910067095,0.05175338658402534,0.010203357001058618,0.0763284899773519,0.7989672803427823,0.026085629651471924,0.08817736982311777,0.010441230205276236,0.05207322786463348,0.8631867338256111,0.018914521099720697,0.05794532606484622,0.00788019114518854
20268020,3,PFO/ZCH0702.wav,PFO,VSD,0.75,0.11173692434558971,0.006721938842714263,0.023717082507851407,0.06339031921635721,0.7944337350874875,0.17729688185521605,0.02081726470573257,0.10231313723927901,0.11133547464583404,0.5882372415539383,0.1628210326332948,0.0067219388427142614,0.08376872101112137,0.10055119058696795,0.6461371169259016
20268020,3,NORMAL/ZCH0506.wav,NORMAL,NORMAL,0.75,0.006880352586049073,0.9552855079705282,0.013483123681202283,0.013613178176036973,0.010737837586183428,0.008881244408921839,0.9640724936682884,0.013000700598627785,0.007954891334730825,0.006090669989431171,0.010010122152796867,0.9552855079705282,0.015506045428940823,0.010828641336061208,0.00836968311167285
20268020,3,ASD/ZCH0582.wav,ASD,VSD,0.75,0.1217487826742657,0.2544732766235799,0.06394319420502345,0.012438533654786203,0.5473962128423447,0.18700530559297518,0.2703005379922993,0.12092804466767919,0.03570703714152126,0.38605907460552513,0.17373329905592125,0.2544732766235799,0.10864903896672654,0.03047077843395718,0.4326736069198151
20268020,3,NORMAL/ZCH0305.wav,NORMAL,NORMAL,0.75,0.05970934122719734,0.8352676218908672,0.04667531271741271,0.031455184745128546,0.026892539419394193,0.16501694222247876,0.7000082555831111,0.03599377980464031,0.0739211857790589,0.025059836610710946,0.08288828879931462,0.8352676218908672,0.026492588469524004,0.03830766577434594,0.017043835065948216
20268020,3,NORMAL/ZCH0146.wav,NORMAL,NORMAL,0.75,0.009039375353318049,0.9454146940229392,0.013127581841962088,0.02088361189289643,0.011534736888884277,0.01940544793784838,0.9457324581962121,0.013438502049191992,0.014184855878187233,0.007238735938560422,0.016899151398167774,0.9454146940229392,0.01341978896708335,0.015921839563703393,0.008344526048106284
20268020,3,NORMAL/ZCH0347.wav,NORMAL,NORMAL,0.75,0.018879274604333154,0.9501982543061028,0.011003596532178899,0.01233661304715463,0.0075822615102305625,0.024143569374788124,0.9516014385683322,0.011014385335889668,0.008211147186624872,0.0050294595343651355,0.023352478381741437,0.9501982543061028,0.011251187177458374,0.009421058511867274,0.005777021622830087
20268020,3,NORMAL/ZCH0520.wav,NORMAL,NORMAL,0.75,0.07271723847594055,0.8544277759685781,0.016256003635923746,0.009375224812599826,0.04722375710695778,0.22866589425124018,0.6978332236097691,0.01551779654496528,0.008983645160110916,0.04899944043391446,0.10080107362613615,0.8544277759685781,0.009670904939192041,0.005589784851488078,0.029510460614605626
20268020,3,NORMAL/ZCH0316.wav,NORMAL,NORMAL,0.75,0.01007468867046661,0.9533069970995789,0.015701338988571324,0.010756471950947536,0.010160503290435769,0.02381405739851908,0.9449086773829951,0.016509495892943565,0.008994473231126779,0.00577329609441548,0.01765648968168496,0.9533069970995789,0.014419881387992925,0.0084066104809076,0.006210021349835625
20268020,3,NORMAL/ZCH0162.wav,NORMAL,NORMAL,0.75,0.006817972488504258,0.9480656544715185,0.016522277037052523,0.01869958916971052,0.009894506833214259,0.01781066960901448,0.9318838536784195,0.01990745592010125,0.02215508259587315,0.008242938196591621,0.011889143012637377,0.9480656544715186,0.015514221486150786,0.01734380668705954,0.0071871743426338425
20268020,3,NORMAL/ZCH0521.wav,NORMAL,NORMAL,0.75,0.009042049932053898,0.9417762090266403,0.015966816034357963,0.02616069581907804,0.007054229187869663,0.018100555149248857,0.9199547298971462,0.020883519450833807,0.03507209204475265,0.005989103458018315,0.012135077258897073,0.9417762090266403,0.015384485272220578,0.025673379641890873,0.005030848800351199
20268020,3,PDA/ZCH0658.wav,PDA,ASD,0.75,0.2233854256391995,0.300940542680712,0.03248976341873332,0.4278733473280726,0.015310920933282653,0.34117110393606226,0.31740075693786585,0.05796055778783428,0.26649983623389084,0.0169677451043469,0.3178949404010399,0.30094054268071196,0.052641105889371716,0.31166300151287035,0.016860409516005984
20268020,3,PFO/ZCH0718.wav,PFO,PFO,0.75,0.24226462286204475,0.07253777417520825,0.013480846863911034,0.623145689666893,0.04857106643194295,0.2060787230713569,0.15228071921778202,0.045075358360394766,0.5602164384359742,0.036348760914492066,0.229664201077765,0.07253777417520825,0.04035682964114139,0.6154724264227014,0.04196876868318399
20268020,3,NORMAL/ZCH0303.wav,NORMAL,NORMAL,0.75,0.015291758611837325,0.9420299985103515,0.014296299742064342,0.013969427836102534,0.014412515299644324,0.025451787957496783,0.9433143816930486,0.014553788388951704,0.007864269444523559,0.008815772515979401,0.02334429572895062,0.9420299985103516,0.014736736115540168,0.00952420055132867,0.01036476909382904
20268020,3,NORMAL/ZCH0498.wav,NORMAL,NORMAL,0.75,0.02632542697821505,0.901246710155925,0.026426164689198554,0.015501320741642354,0.03050037743501907,0.022097466571553,0.9248081530877775,0.022355932673130234,0.013520392796081592,0.01721805487145768,0.02834765466221019,0.901246710155925,0.02862743163115659,0.01719309657325969,0.024585106977448572
20268020,3,NORMAL/ZCH0364.wav,NORMAL,NORMAL,0.75,0.008685551964665267,0.9497955632200576,0.014506295834569062,0.014292837863297084,0.012719751117411002,0.010845149592716187,0.959234747048187,0.013396822000985246,0.010530980699709582,0.005992300658401985,0.01218864388321498,0.9497955632200576,0.016000713473898698,0.013300279393385867,0.008714800029442804
20268020,3,NORMAL/ZCH0270.wav,NORMAL,NORMAL,0.75,0.12437756211653685,0.6580283212014968,0.028051810226365125,0.1483734408952258,0.04116886556037546,0.23051918729009224,0.40156134153871453,0.056060636807793704,0.2714907712025455,0.040368063160854034,0.1298902725609923,0.6580283212014968,0.03103941267821117,0.15344883813337862,0.027593155425921122
20268020,3,VSD/ZCH0904.wav,VSD,VSD,0.75,0.008621575316163078,0.01753432385188812,0.005143173506890594,0.010363372892528786,0.9583375544325294,0.027073429784672053,0.033792777458282644,0.0323305642435798,0.032523468191371696,0.8742797603220939,0.022802141399201233,0.01753432385188812,0.025941738487747078,0.02739390080372639,0.9063278954574372
20268020,3,ASD/ZCH0534.wav,ASD,NORMAL,0.75,0.12216255707590157,0.7589168899487524,0.09869070533097055,0.004024028403091525,0.016205819241283854,0.13535929243457004,0.7551953650842521,0.08821713490186082,0.006774888944917151,0.014453318634399961,0.13051680762979928,0.7589168899487524,0.08982971854704921,0.006009929813432804,0.01472665406096629
20268020,3,NORMAL/ZCH0381.wav,NORMAL,NORMAL,0.75,0.011991393609661428,0.9409131569790898,0.014597087095466584,0.020590553107516084,0.011907809208266024,0.02513238522619111,0.9268614821164936,0.013824177416478484,0.02482895652771428,0.009352998713122621,0.01822573389531934,0.9409131569790898,0.01202543618632132,0.020191674229276566,0.008643998709992936
20268020,3,NORMAL/ZCH0402.wav,NORMAL,NORMAL,0.75,0.026938887279754617,0.9203570808103831,0.019523930105362314,0.012713189049828046,0.020466912754671725,0.04354857902554748,0.8965319216980091,0.026304072932279328,0.013161892338460822,0.020453534005703062,0.031875345022812,0.9203570808103833,0.020066341063605064,0.010776666332637463,0.016924566770562352
20268020,3,ASD/ZCH0612.wav,ASD,ASD,0.75,0.9220525552031558,0.008828365663495976,0.029572488462441676,0.027337850211032355,0.01220874045987429,0.848967529044754,0.038532883810118296,0.07463880378605123,0.02755986172337025,0.010300921635706235,0.8869104188735442,0.008828365663495975,0.06510169884783715,0.02814295511048444,0.011016561504638162
20268020,3,NORMAL/ZCH0390.wav,NORMAL,NORMAL,0.75,0.025080824100137747,0.9308127592316782,0.01565157452744089,0.014304142653471378,0.014150699487271875,0.05627472098211135,0.9050097071852687,0.01945717896592594,0.009199909082315879,0.01005848378437816,0.037011447217068574,0.9308127592316782,0.014541783852359743,0.008601678067426314,0.009032331631467213
20268020,3,PDA/ZCH0673.wav,PDA,NORMAL,0.75,0.03278693981288561,0.9143224819242952,0.02014181883527319,0.017460216615380456,0.015288542812165585,0.04774610530293903,0.8941841219462229,0.028006891102518375,0.016986298380855212,0.0130765832674645,0.037191210135325524,0.9143224819242952,0.022043022212965616,0.014680216065265043,0.011763069662148608
20268020,3,ASD/ZCH0587.wav,ASD,ASD,0.75,0.6491607911521049,0.11126136610282188,0.07325205118526501,0.03689169530270109,0.12943409625710717,0.6377926166705254,0.12235679420022619,0.11876033231278052,0.034665322980940744,0.08642493383552716,0.6466820341604141,0.11126136610282188,0.10850931478157454,0.03555060310305099,0.09799668185213846
20268020,3,VSD/ZCH0789.wav,VSD,VSD,0.75,0.007059657418380728,0.0140850259802722,0.08280405204408263,0.015449560213116964,0.8806017043441475,0.025280594113565598,0.04061748971999094,0.12098168373960874,0.047006814469830405,0.7661134179570043,0.02124972569543728,0.0140850259802722,0.11394665719067101,0.040092508204938065,0.8106260829286815
20268020,3,VSD/ZCH0848.wav,VSD,PFO,0.75,0.46461823344879344,0.00874862800245614,0.006183091917956576,0.48098891102288743,0.039461135607906477,0.43441927253416857,0.014916195202497495,0.022891236182672123,0.4598223597801251,0.06795093630053682,0.444008923004445,0.00874862800245614,0.018821690898060038,0.4672731935573521,0.061147564537686744
20268020,3,NORMAL/ZCH0330.wav,NORMAL,NORMAL,0.75,0.011149297070285915,0.9476047824188734,0.014728398414371749,0.012621498127955558,0.01389602396851336,0.011241880867088015,0.956020369277261,0.015328844795133236,0.008490093921884524,0.008918811138633303,0.01283210154922171,0.9476047824188734,0.01737863613271387,0.010741391814496595,0.011443088084694466
20268020,3,NORMAL/ZCH0360.wav,NORMAL,NORMAL,0.75,0.01210683585756378,0.9431778594977843,0.013664349163789762,0.021008310023090615,0.010042645457771525,0.026797302225020726,0.9183315440096562,0.018871167943006695,0.028767713984424247,0.007232271837892184,0.017010199165526558,0.9431778594977843,0.013263526029337627,0.020263776938511252,0.006284638368840241
20268020,3,NORMAL/ZCH0249.wav,NORMAL,NORMAL,0.75,0.009962026169631377,0.9570231133161156,0.014939859239762807,0.008916782695331674,0.009158218579158578,0.017683879263023162,0.9544902030116954,0.019323785665936136,0.003283369386988334,0.005218762672356784,0.015015250534570994,0.9570231133161156,0.017421185170614344,0.004554667386915869,0.005985783591783238
20268020,3,VSD/ZCH0781.wav,VSD,VSD,0.75,0.010387132203818178,0.008042014453268853,0.012093271744631364,0.01746223884274818,0.9520153427555335,0.018715297656888952,0.03328322788704269,0.04842937268328913,0.032457466908574525,0.8671146348642047,0.016999752073146437,0.008042014453268853,0.040293724600774565,0.029344264243924348,0.9053202446288858
20268020,3,ASD/ZCH0610.wav,ASD,NORMAL,0.75,0.017662416446988717,0.9451332975231883,0.014637255792397599,0.014412757703705594,0.008154272533719762,0.030012102966969215,0.9332472417576065,0.012311240234923002,0.01773090857156534,0.0066985064689357955,0.02291669493798033,0.9451332975231883,0.011248631298521914,0.01453348478960693,0.006167891450702518
20268020,3,VSD/ZCH0900.wav,VSD,VSD,0.75,0.2072357039462786,0.005229657766926916,0.02067403421791903,0.11509831065209539,0.65176229341678,0.2472303926133504,0.011039033437176831,0.0939597467301515,0.1588209740638945,0.48894985315542683,0.2383209349932289,0.0052296577669269165,0.076052273868094,0.14859002038400876,0.5318071129877415
20268020,3,ASD/ZCH0566.wav,ASD,ASD,0.75,0.44266075558966766,0.0011757908336835344,0.05721490220557995,0.056987954539961354,0.44196059683110756,0.5970094857331137,0.005866110428040886,0.16931379921575132,0.061898614349025265,0.16591199027406883,0.560534819417394,0.0011757908336835344,0.14188819131845012,0.06088997745232871,0.23551122097814367
20268020,3,VSD/ZCH0756.wav,VSD,VSD,0.75,0.020997484324386723,0.01446493814245941,0.009759385752595419,0.015437686508882942,0.9393405052716756,0.041049574526223556,0.037643743972962954,0.044485310608597325,0.03566970206445166,0.8411516688277645,0.036778075796653854,0.01446493814245941,0.03660741671253289,0.03125603941587918,0.8808935299324747
20268020,3,ASD/ZCH0601.wav,ASD,PFO,0.75,0.01424859928233309,0.0004916751243178035,0.00546787658518059,0.9783361350717572,0.0014557139364112877,0.02189574821944935,0.0033878438905070515,0.05524068145702979,0.9161671030382155,0.0033086233947983924,0.020031682996473864,0.0004916751243178035,0.04291787787967279,0.9337061567901834,0.002852607209352169
20268020,3,NORMAL/ZCH0127.wav,NORMAL,NORMAL,0.75,0.013056010112952942,0.9517689702396299,0.015957240096888488,0.009959540863453093,0.009258238687075624,0.015475223060837248,0.9584575206521273,0.01604260061035299,0.004309775913000749,0.005714879763681789,0.01673911202541295,0.9517689702396299,0.017958465686412156,0.0062426390280483374,0.007290813020496642
20268020,3,VSD/ZCH0885.wav,VSD,VSD,0.75,0.023599690667544325,0.033032743260914064,0.17990857892572654,0.017521698815096815,0.7459372883307183,0.054297472527791706,0.03775142684420291,0.42214979594058955,0.06292722549830203,0.42287407918911385,0.04682272540423326,0.03303274326091407,0.3631420982851309,0.05180728116670633,0.5051951518830154
20268020,3,NORMAL/ZCH0251.wav,NORMAL,NORMAL,0.75,0.006429830400917168,0.9647949843359687,0.009738324886538564,0.011659546655216632,0.007377313721359042,0.01766085165501898,0.9555927666501887,0.01131223420764993,0.010034522125364247,0.0053996253617782245,0.012108290104091823,0.9647949843359687,0.009160637188773576,0.008881237446486124,0.005054850924679815
20268020,3,NORMAL/ZCH0271.wav,NORMAL,NORMAL,0.75,0.006028789345375823,0.9496113275430834,0.010662843827690983,0.017815707822990818,0.015881331460858995,0.01274802293836167,0.9413235096703807,0.019171009917933107,0.016762288752998258,0.009995168720326351,0.009717759377962562,0.9496113275430834,0.015013097456990063,0.015249939202624425,0.010407876419339537
20268020,3,VSD/ZCH0760.wav,VSD,VSD,0.75,0.013454592991213637,0.017208756707507322,0.01819927649614802,0.01925952988030223,0.9318778439248288,0.028501428875908827,0.03317959244921649,0.06706501593115294,0.05968578556989015,0.8115681771738317,0.025092829672143335,0.017208756707507322,0.0556794626495952,0.05031868049890466,0.8517002704718495
20268020,3,VSD/ZCH0909.wav,VSD,VSD,0.75,0.039424808143599666,0.018961387909346428,0.0599426724122744,0.03452057062837496,0.8471505609064045,0.09996978311523619,0.018754600254168818,0.2591670099948262,0.10885120363507442,0.5132574030006944,0.08481773864828465,0.018961387909346428,0.20931996295749583,0.09025134090643935,0.5966495695784338
20268020,3,NORMAL/ZCH0275.wav,NORMAL,NORMAL,0.75,0.008161101947883439,0.953577050431542,0.016728735535456455,0.012484344888649636,0.00904876719646849,0.015635301787832834,0.9554617644303763,0.01774897879561619,0.00676619737397434,0.004387757612200386,0.014262978358465375,0.953577050431542,0.018057227489360315,0.0084104769351918,0.005692266785440564
20268020,3,NORMAL/ZCH0383.wav,NORMAL,NORMAL,0.75,0.023456798657508125,0.9116377842492979,0.019507317936299198,0.02356568213727607,0.02183241701961875,0.05078624557473585,0.857392732075053,0.025007918210470048,0.04030562412898741,0.02650748001075366,0.02946530317372655,0.9116377842492979,0.0164983710955748,0.024622027538479613,0.017776513942921172
20268020,3,NORMAL/ZCH0194.wav,NORMAL,NORMAL,0.75,0.012762785078274394,0.9519700213379518,0.016937419172407143,0.010245626185140144,0.008084148226226568,0.02255641540867269,0.9423546050709702,0.02008424122863523,0.008750922868139405,0.006253815423582476,0.017286152013752325,0.9519700213379518,0.016784954179779623,0.008029839529710151,0.005929032938806066
20268020,3,NORMAL/ZCH0273.wav,NORMAL,NORMAL,0.75,0.03912182329866948,0.8288915911606414,0.03507205412717178,0.040117283853384915,0.05679724756013229,0.13284086691059888,0.7040987092724367,0.05812014538561239,0.05106875820430903,0.053871520227043015,0.06739305353425619,0.8288915911606414,0.03397450783431501,0.03217765445723412,0.03756319301355333
20268020,3,NORMAL/ZCH0428.wav,NORMAL,NORMAL,0.75,0.009109605052165341,0.9573980231296998,0.01281344018069304,0.009180621005655972,0.011498310631785916,0.016830114337553003,0.9590625978911551,0.012412062356744948,0.0038724555980233152,0.007822769816523703,0.015413239850696108,0.9573980231296999,0.012890926296242056,0.005317591739560292,0.00898021898380176
20268020,3,NORMAL/ZCH0522.wav,NORMAL,NORMAL,0.75,0.06286261243911044,0.8651688500105246,0.011582190512612717,0.04906464275675833,0.011321704280993956,0.1374440701380403,0.7463317963879145,0.027024147696471917,0.07366753925800829,0.01553244651956509,0.07050693687750553,0.8651688500105246,0.013668567835800352,0.0416332992198073,0.009022346056362218
20268020,3,ASD/ZCH0615.wav,ASD,ASD,0.75,0.7852586184151442,0.02130310314763896,0.05947826813247231,0.07991831928558361,0.054041691019160884,0.7676543954413411,0.03609502417422846,0.11056017507165665,0.05137536954011654,0.03431503577265722,0.7808906710543814,0.02130310314763896,0.0990621765007051,0.059102405207124425,0.03964164409015019
20268020,3,NORMAL/ZCH0145.wav,NORMAL,NORMAL,0.75,0.007727322912191177,0.9609230253542593,0.013196905803823813,0.01013752029507374,0.008015225634652037,0.012952415555744985,0.9618662780103713,0.014375401574914634,0.006233891141735455,0.004572013717233675,0.011886429725962273,0.9609230253542593,0.014347463553632254,0.007325446747436348,0.005517634618709796
20268020,3,ASD/ZCH0546.wav,ASD,PFO,0.75,0.04707431495378615,0.051909093998693534,0.003147171621861221,0.8338155479971783,0.06405387142848085,0.08107495779759254,0.07686252195426646,0.02664914440921771,0.7497864802632523,0.06562689557567096,0.0742184564817883,0.051909093998693534,0.02131391811810062,0.78599441613468,0.06656411526673757
20268020,3,NORMAL/ZCH0490.wav,NORMAL,NORMAL,0.75,0.018440517353225976,0.909635211523288,0.03153846806885636,0.012371741457686892,0.02801406159694264,0.03162505311549288,0.8879849978761942,0.04492452900015548,0.011022413695220515,0.0244430063129369,0.023744561207894557,0.909635211523288,0.03506576786896377,0.009761939938718843,0.021792519461134863
20268020,3,NORMAL/ZCH0021.wav,NORMAL,NORMAL,0.75,0.015543922322751244,0.9477080117851694,0.014628631395694069,0.01438093930727818,0.0077384951891072236,0.023512554653422238,0.9521837354626667,0.012932258526575762,0.007143515194132309,0.004227936163202831,0.02317102264849751,0.9477080117851694,0.01426422090068358,0.00945435958214799,0.005402385083501523
20268020,3,NORMAL/ZCH0437.wav,NORMAL,NORMAL,0.75,0.009631578552859166,0.9472609741463549,0.010483142674529055,0.01263612842464627,0.019988176201610603,0.04161825036100079,0.902526842668514,0.017822249039425246,0.010405147888540554,0.027627510042519503,0.01929643638033672,0.9472609741463549,0.009852992554553543,0.007381405053709556,0.016208191865045272
20268020,3,NORMAL/ZCH0500.wav,NORMAL,NORMAL,0.75,0.023897544807753204,0.9071016936078519,0.015176231057081564,0.005676311781650597,0.048148218745662864,0.0930027485390606,0.8260827718653964,0.02822602318947922,0.008413228761944884,0.04427522764411899,0.04323261784075601,0.9071016936078519,0.015101806478756708,0.004789537754041356,0.029774344318594062
20268020,3,VSD/ZCH0796.wav,VSD,VSD,0.75,0.011476446780246235,0.02923838672106997,0.023671033797350746,0.013547750765124931,0.9220663819362082,0.027478936445854904,0.041771815460498525,0.04902105562925615,0.03759867396953952,0.844129518494851,0.02374787818233631,0.02923838672106997,0.04316443921006035,0.03195478039465513,0.8718945154918782
20268020,3,NORMAL/ZCH0427.wav,NORMAL,NORMAL,0.75,0.005926319959206254,0.9548840106567984,0.013080062344939244,0.01768393413388075,0.00842567290517553,0.009609274170689495,0.9573298856243022,0.012652434552958922,0.016293311463914432,0.004115094188134995,0.009101642369942051,0.9548840106567984,0.013303275002255201,0.01734142346771524,0.005369648503289113
20268020,3,PFO/ZCH0743.wav,PFO,NORMAL,0.75,0.205349650955671,0.4759357679000832,0.027613684975766765,0.25668824329802786,0.034412652870451116,0.21166316165041166,0.3234831986759439,0.04056806695572233,0.38619680486830155,0.038088767849620536,0.17431117930731413,0.4759357679000832,0.030472983169808208,0.28854778762090716,0.030732282001887386
20268020,3,ASD/ZCH0562.wav,ASD,PFO,0.75,0.5643294046372246,0.0009150604747619971,0.001605716417017935,0.42729949556824487,0.005850322902750798,0.45114658062108576,0.003974019511201688,0.02204630046425357,0.5097257871614073,0.013107312242051705,0.48048144544470706,0.0009150604747619971,0.016986935304058665,0.4902933028410912,0.011323255935381122
20268020,3,PFO/ZCH0694.wav,PFO,PFO,0.75,0.01430682922262309,0.06895892718146256,0.0024623138480550856,0.9069972590119133,0.007274670735945921,0.008246540430339415,0.12717215900392898,0.008992583107361582,0.8472999830880374,0.008288734370332614,0.010174114739872127,0.06895892718146256,0.007809835877771554,0.9046072910348377,0.008449831166056049
20268020,3,ASD/ZCH0595.wav,ASD,ASD,0.75,0.41693424338785917,0.2405698803324124,0.02009312584833959,0.21891400187436538,0.10348874855702356,0.3754274715601298,0.22667817586898403,0.05760674992850649,0.27410032144404073,0.06618728119833903,0.3807461207767739,0.24056988033241233,0.04745222206617288,0.2566108540563897,0.074620922768251
20268020,3,PFO/ZCH0748.wav,PFO,PFO,0.75,0.2335504957301693,0.05420815983109521,0.020578196319874995,0.560156635416536,0.1315065127023245,0.3279411567622546,0.06984850093400594,0.05810979629562826,0.48455312028907027,0.05954742571904098,0.30847919807348173,0.0542081598310952,0.049459726144245354,0.5095647585209382,0.07828815743023945
20268020,3,NORMAL/ZCH0504.wav,NORMAL,NORMAL,0.75,0.012339404137320967,0.9505171621894644,0.012463848555402213,0.01699163580417943,0.007687949313633127,0.017588157594669446,0.9450556740395704,0.012339552614316622,0.01834856350733991,0.006668052244103682,0.01496476676398117,0.9505171621894644,0.011450709221404788,0.016641440624505118,0.006425921200644562
20268020,3,NORMAL/ZCH0193.wav,NORMAL,NORMAL,0.75,0.09267783618464685,0.7777601160747485,0.02781242196227198,0.061191592776127963,0.040558033002204744,0.0913916473018551,0.7774258080511672,0.044056381146318754,0.05490239436383375,0.03222376913682523,0.09161024134305207,0.7777601160747485,0.0399457616013067,0.05641284612600665,0.0342710348548861
20268020,3,VSD/ZCH0782.wav,VSD,VSD,0.75,0.04747538839462252,0.1419699180746232,0.053754558299463656,0.059778468243701616,0.697021666987589,0.11577057758944925,0.09781184815905028,0.1699988395826914,0.1235676871478361,0.492851047520973,0.09444694178787913,0.1419699180746232,0.13469725782155398,0.1030843187216373,0.5258015635943064
20268020,3,NORMAL/ZCH0257.wav,NORMAL,NORMAL,0.75,0.015809437378632992,0.9435473471857754,0.0142987880326759,0.014806867181891711,0.011537560221023986,0.01958075605332564,0.9547346656757414,0.012281081297819789,0.006764539453026382,0.006638957520086784,0.022267461394937727,0.9435473471857754,0.015061958104971506,0.010029012333393572,0.009094220980921821
20268020,3,NORMAL/ZCH0519.wav,NORMAL,NORMAL,0.75,0.009929750865276766,0.9422408454809261,0.017287603516233332,0.010287099392592796,0.020254700744970915,0.01336221241023929,0.9391310179554402,0.025481556474220266,0.00896145705486391,0.013063756105236315,0.01199208530769875,0.9422408454809261,0.022456668888282894,0.00894948355989826,0.014360916763193966
20268020,3,NORMAL/ZCH0148.wav,NORMAL,NORMAL,0.75,0.009497489937584513,0.9527481400212098,0.013542118536847938,0.013895307245437487,0.010316944258920316,0.019464210672515834,0.9454666941257839,0.01517097236843867,0.013417717428002627,0.006480405405258863,0.015023341897007611,0.9527481400212098,0.013244504584525302,0.012193435337459044,0.00679057815979827
20268020,3,NORMAL/ZCH0493.wav,NORMAL,NORMAL,0.75,0.022072895329393865,0.9342924461652011,0.020346614671236184,0.008898703131457231,0.014389340702711672,0.06023136172270182,0.866694052415742,0.041201526795896296,0.01344318430518297,0.018429874760476896,0.027784609061163063,0.9342924461652011,0.020318072008911784,0.007194364527728551,0.010410508236995476
20268020,3,NORMAL/ZCH0515.wav,NORMAL,NORMAL,0.75,0.006324793844611344,0.9607912855082541,0.01543918642091036,0.009919700356408951,0.007525033869815243,0.011363231955005963,0.9664771174148894,0.013841537667655248,0.004907828918279477,0.003410284044169908,0.011549114770918531,0.9607912855082541,0.01600170214899985,0.006785111158854702,0.0048727864129728205
20268020,3,VSD/ZCH0826.wav,VSD,VSD,0.75,0.01989442604330538,0.006526976199717644,0.013326377323115559,0.011647285756845302,0.9486049346770161,0.04007831153762402,0.01792510282945549,0.04252846509601265,0.03226641622279469,0.8672017043141131,0.03538120688846227,0.006526976199717644,0.03559813754829426,0.02739250070136407,0.8951011786621618
20268020,3,NORMAL/ZCH0121.wav,NORMAL,NORMAL,0.75,0.009706417328068926,0.952328611517547,0.018951968241884127,0.010665349477895842,0.008347653434604136,0.015763829476264365,0.9515324387219558,0.019200668780999287,0.007976417321467769,0.005526645699312862,0.01405526305423609,0.952328611517547,0.018901937745673534,0.00855037937823872,0.00616380830430466
20268020,3,NORMAL/ZCH0108.wav,NORMAL,NORMAL,0.75,0.006363887272003525,0.945911417826883,0.01812141108854862,0.019360749558865967,0.010242534253698758,0.011226363296835599,0.9319452707800471,0.023041089485166505,0.027120970105750427,0.006666306332200429,0.008282844087343404,0.945911417826883,0.01826481189343485,0.021006604150832348,0.006534322041506358
20268020,3,NORMAL/ZCH0327.wav,NORMAL,NORMAL,0.75,0.017603933915593183,0.9375131023212179,0.019373119861445395,0.012020015565645071,0.013489828336098506,0.03647537339751949,0.9292321546998671,0.019068796470141716,0.00736330996853995,0.007860365463931783,0.02855637052953975,0.937513102321218,0.017471366162211708,0.007881269319197805,0.00857789166783287
20268020,3,NORMAL/ZCH0483.wav,NORMAL,NORMAL,0.75,0.0061467345209328655,0.957554547152313,0.015724866182727944,0.010915727018508955,0.009658125125517251,0.013672854470418942,0.9532055795332379,0.018135176308688255,0.0099699995973369,0.005016390090318047,0.010838281351637951,0.957554547152313,0.016268517070244588,0.00951148954002825,0.00582716488577618
20268020,3,NORMAL/ZCH0096.wav,NORMAL,NORMAL,0.75,0.008499140960277204,0.9336894331708299,0.015035523955890834,0.023850900147747295,0.018925001765254898,0.014083882989287057,0.9208383820904009,0.016973437017818102,0.034252595821186185,0.013851702081307793,0.010972920442805782,0.93368943317083,0.014422365320887717,0.02748176201708457,0.013433519048392078
20268020,3,ASD/ZCH0605.wav,ASD,NORMAL,0.75,0.10128705516572638,0.8346433951052143,0.02857040508195775,0.02090746121880506,0.014591683428296573,0.12525775165236913,0.8086473255127209,0.029715191788465833,0.023327081943536707,0.01305264910290745,0.10650248130225573,0.8346433951052143,0.026401294313729756,0.02034536475586303,0.012107464522937155
20268020,3,NORMAL/ZCH0476.wav,NORMAL,NORMAL,0.75,0.010481272961322254,0.9474390588343797,0.016577874449305224,0.015993097805420263,0.009508695949572495,0.014705745633758904,0.9513720468486968,0.01843333239042441,0.010410374940452995,0.005078500186666831,0.014541668733650658,0.9474390588343797,0.019087622238053034,0.012437542443799873,0.0064941077501166995
20268020,3,VSD/ZCH0852.wav,VSD,VSD,0.75,0.009260820493753513,0.03354151552595123,0.019313853000356707,0.011829634431706669,0.9260541765482319,0.05360352228355951,0.07104991299139135,0.1292624562646335,0.042270764641935854,0.7038133438184797,0.04414111668193507,0.03354151552595123,0.10568974686049133,0.03594056322360567,0.7806870577080167
20268020,3,ASD/ZCH0608.wav,ASD,ASD,0.75,0.45719605574344524,0.18193293424827076,0.0388159764253683,0.3109081365769511,0.011146897005964678,0.44338139909772756,0.1831409983833105,0.05335505696066763,0.30546079999687636,0.014661745561417961,0.44732685544605855,0.18193293424827076,0.0497794674785308,0.3071614468100603,0.013799296017079618
20268020,3,NORMAL/ZCH0499.wav,NORMAL,NORMAL,0.75,0.04184119240928375,0.8732490414129458,0.01611831998907611,0.006240334819942842,0.06255111136875159,0.17021049761957113,0.6574282933466283,0.037575706011648086,0.013789896136962146,0.12099560688519036,0.05769349771246117,0.8732490414129458,0.014456791287767293,0.005386762587600893,0.04921390699922486
20268020,3,VSD/ZCH0758.wav,VSD,VSD,0.75,0.01261759848954399,0.013415158441702211,0.01933992574738764,0.012856315446592752,0.9417710018747734,0.024203816379012737,0.03650206677337525,0.03896359023150877,0.0426701469122031,0.8576603797039002,0.02174223270737233,0.013415158441702211,0.03475789525646625,0.0359835213369934,0.8941011922574659
20268020,3,NORMAL/ZCH0407.wav,NORMAL,NORMAL,0.75,0.01141106225577974,0.95511268237724,0.013893248089080212,0.009583012298481257,0.009999994979418836,0.019004546247434608,0.954561202812982,0.013173904180488444,0.006477879293784286,0.006782467465310733,0.01693318510345164,0.95511268237724,0.013233823818734438,0.007195197217890957,0.007525111482682959
20268020,3,NORMAL/ZCH0143.wav,NORMAL,NORMAL,0.75,0.009749517143374312,0.9583631373432175,0.015290062918917635,0.008772773607541862,0.007824508986948623,0.02206840673028293,0.9495159808372399,0.016799781315360026,0.006851123731265174,0.004764707385852157,0.0160881231547163,0.9583631373432175,0.014214272352302465,0.006431058709176614,0.004903408440587078
20268020,3,NORMAL/ZCH0171.wav,NORMAL,NORMAL,0.75,0.00949982152321875,0.944243062991123,0.01717371032993299,0.014218134888151176,0.01486527026757411,0.01882495445182375,0.950858130140048,0.017245282754216835,0.00591111574827545,0.007160516905635994,0.018394214556685676,0.944243062991123,0.01896845134990525,0.00858464922285285,0.009809621879433185
20268020,3,PFO/ZCH0741.wav,PFO,PFO,0.75,0.1714045832721554,0.09311659127269245,0.09176567049848025,0.6194194791494894,0.02429367580718253,0.1931618711632389,0.13117399627536563,0.16224070984602706,0.48336238976458235,0.03006103295078598,0.19406838788292685,0.09311659127269245,0.14995195311913734,0.5332562957930449,0.029606771932198364
20268020,3,PFO/ZCH0747.wav,PFO,PFO,0.75,0.06520794228169213,0.1314474602792255,0.016831086941812554,0.6532838468954669,0.13322966360180286,0.07670943473739925,0.114684216049592,0.08233924260422054,0.6527556638053476,0.07351144280344066,0.07274470541928091,0.13144746027922552,0.06479289817768102,0.6436178794113299,0.08739705671248275
20268020,3,NORMAL/ZCH0442.wav,NORMAL,NORMAL,0.75,0.09087028827818884,0.861512930754121,0.019382648309791625,0.014799106490092327,0.013435026167806145,0.1259266847077449,0.821106414509094,0.02140586952161292,0.01730561086223085,0.014255420399317261,0.0958303843197884,0.861512930754121,0.017273872373137447,0.013747383932939321,0.011635428620013788
20268020,3,NORMAL/ZCH0233.wav,NORMAL,NORMAL,0.75,0.043707711665864846,0.9099897521354462,0.015536413235927724,0.01679866005313876,0.013967462909622533,0.053978811940214116,0.913068744675295,0.015902065259749167,0.008373233283988018,0.008677144840753794,0.05284493160821801,0.9099897521354462,0.01623307517970294,0.010702016789734634,0.010230224286898222
20268020,3,NORMAL/ZCH0220.wav,NORMAL,NORMAL,0.75,0.01467567641559414,0.9384327705870154,0.015092392312954546,0.016388591910141696,0.015410568774294338,0.03887717636987699,0.9197958397958733,0.01567435451888501,0.012571188073703676,0.013081441241661034,0.02605142423581556,0.9384327705870154,0.012797192758382725,0.011334676724401482,0.011383935694384879
20268020,3,PDA/ZCH0683.wav,PDA,VSD,0.75,0.006379458071613674,0.02071144660508809,0.007406796591951688,0.007908725549606662,0.9575935731817399,0.0165275337712331,0.03909058196149746,0.03360422249040162,0.023011471598703075,0.8877661901781648,0.01422760414001202,0.02071144660508809,0.027536922291415036,0.01956588718293516,0.9179581397805497
20268020,3,VSD/ZCH0866.wav,VSD,VSD,0.75,0.02030156287909967,0.009259581821359894,0.0059563190436540585,0.010928891555006934,0.9535536447008794,0.033032602720105705,0.02774274987503043,0.04194692743255448,0.03529433593056157,0.8619833840417478,0.030320819304832936,0.009259581821359894,0.033547351700127404,0.02970619901597069,0.8971660481577092
20268020,3,NORMAL/ZCH0508.wav,NORMAL,NORMAL,0.75,0.010928403101084007,0.9461176686401404,0.015271754385349192,0.016292533311216443,0.011389640562209822,0.023198176281408578,0.9270269472711488,0.024214299913954802,0.019182717479362555,0.006377859054125185,0.015579019342428916,0.9461176686401405,0.017227576292927295,0.014696330874227963,0.006379404850275479
20268020,3,NORMAL/ZCH0243.wav,NORMAL,NORMAL,0.75,0.012061674566569647,0.9523417135715524,0.014890651991093254,0.013941735810360584,0.0067642240604239325,0.023036041774767133,0.947755384435975,0.014285449704850815,0.010337453681178246,0.004585670403228915,0.01877577401837199,0.9523417135715524,0.013496206832524484,0.010557913908079275,0.004828391669471857
20268020,3,VSD/ZCH0916.wav,VSD,VSD,0.75,0.0062909349117624734,0.01402849933108681,0.04125603893677152,0.014431142567102206,0.923993384253277,0.02231539838820416,0.03468381604683492,0.060829746848347806,0.04677961667572368,0.8353914220408893,0.018667402191960027,0.01402849933108681,0.05691252153456494,0.03944322196399327,0.870948354978395
20268020,3,VSD/ZCH0857.wav,VSD,VSD,0.75,0.01726810858372746,0.015656524192251806,0.015138822744998233,0.01682685139615221,0.9351096930828703,0.04690180428524734,0.02716854325694034,0.05906198155452351,0.04501892447836799,0.8218487464249209,0.039909640387252567,0.015656524192251806,0.048605375141761234,0.0383704554153935,0.8574580048633409
20268020,3,NORMAL/ZCH0286.wav,NORMAL,NORMAL,0.75,0.013819230771011881,0.9505479331779169,0.013380847916026945,0.013378195977368673,0.008873792157675696,0.028274206084382643,0.9419583066905437,0.015069529513078996,0.00945163287559821,0.005246324836396335,0.021522224176944882,0.950547933177917,0.012974747291901264,0.009384208856389959,0.005570886496847045
20268020,3,ASD/ZCH0621.wav,ASD,NORMAL,0.75,0.16078739929622657,0.7480987894259601,0.019008023662128,0.041829669502596534,0.03027611811308889,0.24725558916781518,0.6550229332211512,0.03380538675692786,0.04296906867911282,0.020947022174992877,0.17560581225335764,0.7480987894259601,0.023265449274622246,0.03398933034867813,0.019040618697381915
20268020,3,NORMAL/ZCH0198.wav,NORMAL,NORMAL,0.75,0.02869783066313868,0.8545920565826723,0.013936394153823337,0.08112774848940399,0.021645970110961647,0.049376397393058116,0.8005683960003354,0.013390593085475777,0.11893364738970998,0.01773096613142086,0.0341751445715572,0.8545920565826723,0.010806528494319028,0.08531888483985677,0.015107385511594662
20268020,3,VSD/ZCH0801.wav,VSD,VSD,0.75,0.006915941999520481,0.008218345103097076,0.016807868970573327,0.005751454231201027,0.9623063896956081,0.012485450299813183,0.043756590567818394,0.034061330843928705,0.024856785314161963,0.8848398429742779,0.011441084248749954,0.008218345103097076,0.03069736794750307,0.020773293818910712,0.9288699088817391
20268020,3,VSD/ZCH0808.wav,VSD,VSD,0.75,0.008192145009433764,0.00791677563609094,0.023356681327928945,0.0067258974890259835,0.9538085005375204,0.028111193082941,0.04385033464967759,0.059820833484393314,0.022227531325704323,0.8459901074572838,0.02392377711575856,0.00791677563609094,0.05239091389107447,0.018978631197993943,0.896789902159082
20268020,3,PFO/ZCH0734.wav,PFO,ASD,0.75,0.6438367071996483,0.028799491365268555,0.021214399925777585,0.17330092162479607,0.13284847988450954,0.7575715378466112,0.022775452658995356,0.03304957222374342,0.1047364091004897,0.08186702817016024,0.7256353289333595,0.028799491365268555,0.029937980156295334,0.1213933065211624,0.09423389302391423
20268020,3,PFO/ZCH0692.wav,PFO,PFO,0.75,0.31084420108417155,0.08292731284796755,0.028251197475137886,0.5097937940979045,0.06818349449481863,0.2735010093965706,0.12743402148205651,0.07949101489339536,0.47167304563455204,0.04790090859342545,0.2932995946915968,0.08292731284796755,0.0697219911326104,0.49924709590466965,0.054804005423155625
20268020,3,VSD/ZCH0837.wav,VSD,VSD,0.75,0.008743946684337527,0.01082466967059476,0.005965668087186345,0.013021094474510593,0.9614446210833708,0.030820235252703936,0.02720143693791331,0.04507237418225521,0.03793274785972349,0.8589732057674041,0.025690300059685922,0.01082466967059476,0.03586478241832114,0.03218377419869783,0.8954364736527003
20268020,3,NORMAL/ZCH0377.wav,NORMAL,NORMAL,0.75,0.01340090776711448,0.9368225428224335,0.027482160441196685,0.009381662211882313,0.012912726757373108,0.03682448886731153,0.9065926466883452,0.03528544565116812,0.007769589567528556,0.013527829225646706,0.02203032132956754,0.9368225428224335,0.02476991836518975,0.006286723930631422,0.0100904935521778
20268020,3,ASD/ZCH0594.wav,ASD,NORMAL,0.75,0.3101847636939952,0.6426862796852759,0.01641084280666401,0.019912667673115107,0.010805446140949807,0.3759349811613016,0.554385548316744,0.018163415726358448,0.03860686378785654,0.012909191007739417,0.3036273798432932,0.6426862796852759,0.015025893773309132,0.028195707458562095,0.010464739239559682
20268020,3,NORMAL/ZCH0359.wav,NORMAL,NORMAL,0.75,0.016015144659234173,0.9353750862220059,0.012303417893971675,0.030375960485713435,0.00593039073907483,0.03978156055803493,0.8715883971332881,0.019870594632072407,0.06257752724136895,0.006181920435235666,0.019019251260779458,0.9353750862220059,0.010575967992136857,0.031213744170899945,0.0038159503541778045
20268020,3,VSD/ZCH0757.wav,VSD,VSD,0.75,0.011648316164189623,0.012305871084580575,0.010372707886438452,0.014102979858055966,0.9515701250067354,0.055954719461011604,0.032257533615227284,0.08248414347430441,0.043895178786334074,0.7854084246631227,0.04574332016391304,0.012305871084580575,0.06573169811856391,0.0371258595721618,0.8390932510607807
20268020,3,NORMAL/ZCH0180.wav,NORMAL,NORMAL,0.75,0.014818267770956748,0.9571648956457675,0.010986988927185404,0.009318935735915084,0.007710911920175155,0.022368855055359942,0.9581164596562349,0.009925218209586816,0.006477824672509591,0.003111642406308784,0.020862361497295298,0.9571648956457675,0.010359781270765837,0.007298481087835543,0.004314480498335867
20268020,3,NORMAL/ZCH0224.wav,NORMAL,NORMAL,0.75,0.018263847162804624,0.931620127329319,0.014124924829029308,0.021879365583097714,0.014111735095749424,0.03502914779130034,0.909779553887385,0.016957703870040915,0.025820203492503663,0.012413390958770167,0.024477928276172758,0.931620127329319,0.013170667288961449,0.020147076184754264,0.010584200920792547
20268020,3,NORMAL/ZCH0044.wav,NORMAL,NORMAL,0.75,0.0046225995247088335,0.9514108348590655,0.012043036927278233,0.020162557992397148,0.011760970696550216,0.010579463925553464,0.9274174757338295,0.015584362018893011,0.03620199848428974,0.010216699837434371,0.0064673346666517815,0.9514108348590656,0.01083527843332071,0.023216759375809966,0.008069792665152026
20268020,3,ASD/ZCH0616.wav,ASD,PFO,0.75,0.025769391705969875,0.006441738719685468,0.004556012881287684,0.8842342088652356,0.07899864782782132,0.06929198942784472,0.005225062117093627,0.03743281781141687,0.7566474518606414,0.13140267878300343,0.05834777842751228,0.006441738719685468,0.029179279440000806,0.7878500680988664,0.11818113531393502
20268020,3,VSD/ZCH0793.wav,VSD,VSD,0.75,0.004900227362460545,0.017311478567020294,0.012175147003118931,0.010816072657459128,0.9547970744099411,0.014098782613387173,0.031170061206459113,0.06545945251216259,0.030796661771372254,0.8584750418966189,0.01195040033403104,0.017311478567020297,0.052840647397262165,0.026131911551052253,0.8917655621506343
20268020,3,NORMAL/ZCH0459.wav,NORMAL,NORMAL,0.75,0.010547908815022312,0.9391746808021586,0.01900114809600343,0.01846719923313394,0.012809063053681739,0.01431858181176564,0.9530176431306207,0.01788245910570355,0.008573674090040938,0.006207641861869249,0.01654005221735732,0.9391746808021586,0.022113820203660373,0.012941676921327269,0.009229769855496447
20268020,3,VSD/ZCH0786.wav,VSD,VSD,0.75,0.008577654707440064,0.013143371625023999,0.015622246158698897,0.009698277196762497,0.9529584503120745,0.024639322188769946,0.025191452288692344,0.09730836967668671,0.023000912952798786,0.8298599428930522,0.02085230135214485,0.013143371625023999,0.07778884598352444,0.01988846269095301,0.8683270183483537
20268020,3,VSD/ZCH0905.wav,VSD,VSD,0.75,0.004994430881478723,0.018728982240535347,0.008147519114248231,0.008032090261319002,0.9600969775024187,0.011342040789215881,0.06461256375790547,0.03388212194356868,0.02532865664041367,0.8648346168688963,0.010172409353906932,0.018728982240535347,0.028694986619018027,0.02193635043009436,0.9204672713564453
20268020,4,ASD/ZCH0581.wav,ASD,PFO,0.75,0.02081430487810282,0.011382840228277727,0.057014544705047035,0.5478927460374344,0.36289556415113805,0.01000698622290325,0.020184046810709746,0.06543479074953266,0.6252018690000664,0.27917230721678804,0.012776231776949145,0.011382840228277727,0.06377055573433911,0.6100864997823439,0.30198387247809005
20268020,4,ASD/ZCH0611.wav,ASD,ASD,0.75,0.9041657765480902,0.03844817843700574,0.015211113449021305,0.0347312653339425,0.0074436662319403435,0.9670115183122897,0.016185527105762276,0.006847611819019759,0.004794620107855983,0.005160722655072302,0.9348882688107976,0.038448178437005744,0.008822271721530115,0.012197408636276767,0.005643872394389755
20268020,4,NORMAL/ZCH0240.wav,NORMAL,NORMAL,0.75,0.012608454689464102,0.9435188126614804,0.029892375691691134,0.010371896779526137,0.003608460177838304,0.009938977820434585,0.9671504250560365,0.011929405934204086,0.008489714073914266,0.0024914771154104023,0.015968838147194814,0.9435188126614804,0.022856558074812384,0.013540812908408077,0.004114978208104313
20268020,4,ASD/ZCH0574.wav,ASD,NORMAL,0.75,0.1989304128711471,0.41389031314393976,0.30270061201190596,0.03416462180227894,0.050314040170728075,0.18755998414010955,0.498719440337776,0.23043653155607297,0.04678808231880055,0.036495961647241004,0.2142074488688351,0.41389031314393976,0.2777492421740202,0.04957049682620487,0.044582498987000126
20268020,4,VSD/ZCH0828.wav,VSD,VSD,0.75,0.02626184442059155,0.020208592246082444,0.10012028897456933,0.026245601181986745,0.82716367317677,0.040177716081551074,0.03311063566348845,0.05536451134116015,0.04083306784367219,0.8305140690701281,0.03710084275159921,0.02020859224608244,0.06710753827083375,0.03759485445877361,0.8379881722727109
20268020,4,VSD/ZCH0928.wav,VSD,VSD,0.75,0.11265624491514101,0.016919049914399135,0.13239365851066917,0.012694229304080214,0.7253368173557104,0.10060101236608356,0.011437595816400782,0.08418165170036188,0.0149949517682761,0.7887847883488777,0.10319645554037504,0.016919049914399135,0.09588457090607021,0.014357412312154165,0.7696425113270015
20268020,4,NORMAL/ZCH0182.wav,NORMAL,NORMAL,0.75,0.010620028969734319,0.9607865508375976,0.015610726217909461,0.008672987831429457,0.0043097061433292365,0.0058892780505755095,0.971689235486035,0.008465925630919753,0.010185009252752593,0.0037705515797171974,0.008772969157385884,0.9607865508375976,0.012697343674348611,0.01274874564999978,0.004994390680668164
20268020,4,NORMAL/ZCH0369.wav,NORMAL,NORMAL,0.75,0.022008276464816005,0.9279196107533788,0.030514070128326413,0.009390426202941306,0.01016761645053758,0.03190917666298394,0.9211645057181906,0.019131471492264504,0.012472743788002014,0.01532210233855887,0.027383322243621083,0.9279196107533788,0.020747645450785366,0.01090060893312802,0.013048812619086718
20268020,4,NORMAL/ZCH0292.wav,NORMAL,NORMAL,0.75,0.005610697416806309,0.9513294165942539,0.024659762754882627,0.009905312520946816,0.00849481071311021,0.00531676440731228,0.9598071605341665,0.013449151394215342,0.013593153367111078,0.007833770297194695,0.0062313334320474026,0.9513294165942539,0.018379393313269023,0.014821562632705837,0.009238294027723894
20268020,4,NORMAL/ZCH0357.wav,NORMAL,NORMAL,0.75,0.06175105342809876,0.8601856316330778,0.035420995650936746,0.03849136706434997,0.004150952223536802,0.036577704250681645,0.8988796937759949,0.010124248571082782,0.05091814125336522,0.0035002121488755993,0.05336848771217223,0.8601856316330778,0.019353996434472946,0.062424460132332306,0.0046674240879446965
20268020,4,NORMAL/ZCH0091.wav,NORMAL,NORMAL,0.75,0.02749463439268899,0.897060794725567,0.046641177125059725,0.011631020115902812,0.017172373640781596,0.027291203486560757,0.9104829924510757,0.016635726033493427,0.01574244402203907,0.029847634006831124,0.03041109752859555,0.8970607947255671,0.026007861832451334,0.0164849069111497,0.030035339002236424
20268020,4,ASD/ZCH0597.wav,ASD,NORMAL,0.75,0.07496243338848195,0.6828903474273749,0.07258453369037463,0.1167896960207439,0.05277298947302461,0.12602578594343733,0.5831069390754064,0.05794303750707503,0.15402954446424447,0.0788946930098367,0.09063673161266943,0.6828903474273749,0.05120190638050812,0.11706933872832005,0.05820167585112757
20268020,4,NORMAL/ZCH0489.wav,NORMAL,NORMAL,0.75,0.011486534825109756,0.9364942960059702,0.03269424416754942,0.011377980029599562,0.007946944971771083,0.01944978278456,0.9408514603136534,0.015626731048911997,0.015592636041669525,0.008479389811205145,0.018533543807705857,0.9364942960059702,0.020756964135805068,0.01540044314491763,0.008814752905601216
20268020,4,VSD/ZCH0784.wav,VSD,VSD,0.75,0.010783356630305548,0.012114987784896352,0.030719885975770127,0.03815281383689023,0.9082289557721377,0.023773519789177806,0.023305427153530733,0.03226738719001699,0.05470423699753284,0.8659494288697417,0.020730267120211112,0.012114987784896352,0.0321577886190999,0.051036459928254355,0.8839604965475383
20268020,4,NORMAL/ZCH0298.wav,NORMAL,VSD,0.75,0.11146697475621462,0.252432435348387,0.2766286412362903,0.09416610830375985,0.2653058403553483,0.15056638793903432,0.1912609529827773,0.24783163903623312,0.13940681902592197,0.2709342010160333,0.13225011836823203,0.252432435348387,0.24097175444909275,0.12018829148598452,0.2541574003483037
20268020,4,VSD/ZCH0819.wav,VSD,ASD,0.75,0.49812784019554557,0.04367281037743201,0.018630882490732494,0.4135687130756991,0.025999753860590887,0.559508837011973,0.013522372099701512,0.030728052708470302,0.35887406179166564,0.03736667638818957,0.5313380790134493,0.043672810377432,0.026999387167985306,0.3643213265093343,0.033668396931799044
20268020,4,PDA/ZCH0655.wav,PDA,ASD,0.75,0.26270660605025237,0.2327444369353147,0.4031575352865079,0.006251998139578002,0.09513942358834711,0.31713417800912125,0.326609359710271,0.24083156590630905,0.02732040672946643,0.08810448964483229,0.3366816385406949,0.23274443693531466,0.3065904608424922,0.024909478674425733,0.09907398500707255
20268020,4,NORMAL/ZCH0079.wav,NORMAL,NORMAL,0.75,0.006401621736641229,0.9401850374589189,0.033944977497089204,0.01347931116195286,0.0059890521453976695,0.008592631339392637,0.942295916507833,0.016058180406308672,0.02363678042135509,0.00941649132511073,0.008280624890789283,0.9401850374589189,0.020970449148250647,0.021745907739236958,0.00881798076280421
20268020,4,PFO/ZCH0711.wav,PFO,NORMAL,0.75,0.23474621129074763,0.5853020640183386,0.03275162949826556,0.13181663373626334,0.015383461456384875,0.25299665282178563,0.6285700094805273,0.012824832394684689,0.08097416206012775,0.0246343432428746,0.27053776115281314,0.5853020640183387,0.018927006920516354,0.10075930085245735,0.02447386705587461
20268020,4,ASD/ZCH0588.wav,ASD,NORMAL,0.75,0.20601368784794094,0.5591241122155984,0.09873166426141905,0.05216346634674612,0.08396706932829545,0.15474974944464734,0.5824856586604388,0.04490568503495937,0.07572942360431562,0.14212948325563887,0.174059870475694,0.5591241122155984,0.060246665252091686,0.07301595047691878,0.1335534015796971
20268020,4,NORMAL/ZCH0317.wav,NORMAL,NORMAL,0.75,0.07410373182404766,0.8303229085335517,0.0329687795062784,0.01578776542457545,0.046816814711546806,0.20916584206525532,0.6076254529536007,0.02516464369281842,0.01650881398063831,0.14153524730768724,0.08636414771073861,0.8303229085335517,0.01640377846117328,0.009301202152775188,0.05760796314176119
20268020,4,PFO/ZCH0697.wav,PFO,ASD,0.75,0.41741422646474086,0.002097684858419512,0.19539351002150995,0.10618298615577068,0.278911592499559,0.4738932884896265,0.01397855829779944,0.2843052410901542,0.10226224611489002,0.12556066600752994,0.4640560866880521,0.0020976848584195124,0.2646465688213095,0.10416657289753979,0.16503308673467912
20268020,4,NORMAL/ZCH0450.wav,NORMAL,NORMAL,0.75,0.07042227519333168,0.7810768779242223,0.07757952040758398,0.022253393174097844,0.048667933300764306,0.04373884778432219,0.788716528300192,0.05947726690930191,0.015195451091895337,0.09287190591428862,0.051595846300537984,0.7810768779242223,0.06561577776451191,0.017372017829850053,0.08433948018087775
20268020,4,ASD/ZCH0564.wav,ASD,PFO,0.75,0.30786417197124233,0.09958251322044978,0.04097686897068953,0.5183176477789059,0.03325879805871243,0.2781961306474841,0.1286404139732789,0.0970219714260332,0.4366669707721069,0.059474513181096894,0.2925710568180571,0.09958251322044978,0.08543729574443386,0.46800104294019007,0.05440809127686928
20268020,4,VSD/ZCH0898.wav,VSD,VSD,0.75,0.04386829367224305,0.038018630121413086,0.08715827239475088,0.3032179230643241,0.5277368807472689,0.00985859735767362,0.044615702509214226,0.10864630732174593,0.45104316815690404,0.38583622465446216,0.018412077760390156,0.038018630121413086,0.10383696291990452,0.41642274761236636,0.42330958158592596
20268020,4,NORMAL/ZCH0235.wav,NORMAL,NORMAL,0.75,0.011172406906964765,0.9469583846606898,0.024816033842300196,0.011067325036325315,0.005985849553719746,0.010230125670004876,0.9600244569548757,0.012879404895797204,0.011640242060286094,0.0052257704190359485,0.012973496087776388,0.9469583846606898,0.019020803210135596,0.014350487066856444,0.006696828974541753
20268020,4,NORMAL/ZCH0332.wav,NORMAL,NORMAL,0.75,0.0036790238661668006,0.9556897747059505,0.027272846119865912,0.007978973173841096,0.005379382134175726,0.0030503709587929658,0.9668591827972266,0.01597971331780849,0.010332684845531924,0.003778048080639965,0.003978581211877634,0.9556897747059505,0.022842213584157608,0.012356065796386132,0.00513336470162812
20268020,4,NORMAL/ZCH0102.wav,NORMAL,NORMAL,0.75,0.005770718283288477,0.9538882677936495,0.025891257282450057,0.010619697129758696,0.0038300595108532965,0.006148777202231827,0.9692704470182882,0.011036947492059903,0.01081474883442792,0.002729079452992151,0.008362665550960657,0.9538882677936497,0.018894068075075696,0.014826110170553625,0.004028888409760486
20268020,4,ASD/ZCH0567.wav,ASD,PDA,0.75,0.12279338371879457,0.010435818947326104,0.1889861947842402,0.1040322304102158,0.5737523721394234,0.04557124200767958,0.0193617107891557,0.44546562868116507,0.24800708123701876,0.24159433728498092,0.0651878737757708,0.010435818947326104,0.3843867829314577,0.21370641203638302,0.3262831123090623
20268020,4,NORMAL/ZCH0389.wav,NORMAL,NORMAL,0.75,0.011344157551963576,0.920221743344318,0.037598292957822604,0.013779361299073447,0.017056444846822283,0.018785434621149955,0.9129199888873647,0.027912480176882123,0.015507756341425143,0.024874339973178138,0.015743730878660475,0.9202217433443182,0.028578564310388344,0.014100400795124793,0.02135556067150834
20268020,4,NORMAL/ZCH0262.wav,NORMAL,NORMAL,0.75,0.004699769171087587,0.9602395744350132,0.02406576128610078,0.006104452160251131,0.004890442947547317,0.004346925734793323,0.9749567024820022,0.011215809312940129,0.0058769516983219255,0.003603610771942514,0.006351046307944929,0.9602395744350132,0.01937167092817017,0.008524096244417757,0.00551361208445397
20268020,4,VSD/ZCH0903.wav,VSD,VSD,0.75,0.010795809640654354,0.005352512037248164,0.0628022248995311,0.009836203600828767,0.9112132498217376,0.01293527604611315,0.010574035734948018,0.05251698048793266,0.017867709013871396,0.9061059987171348,0.012451607199444457,0.005352512037248164,0.055296153523953055,0.01593055295910384,0.9109691742802505
20268020,4,VSD/ZCH0791.wav,VSD,VSD,0.75,0.014311245192640636,0.01081440692298532,0.055784624154893,0.01282519655020578,0.9062645271792753,0.014017633369205001,0.028863152545471785,0.020633693126530704,0.017047294317141033,0.9194382266416515,0.014286426423462402,0.01081440692298532,0.029709036439849273,0.016229390051818154,0.9289607401618848
20268020,4,NORMAL/ZCH0380.wav,NORMAL,NORMAL,0.75,0.006483222477630175,0.9439101018248871,0.027366463168743485,0.01626223558868755,0.005977976940051713,0.010427166280628305,0.9441430907317925,0.016085052662110997,0.022222499896934332,0.007122190428533889,0.009473800476235854,0.9439101018248872,0.018955725458015313,0.020801954260954023,0.006858417979907717
20268020,4,NORMAL/ZCH0253.wav,NORMAL,NORMAL,0.75,0.009674541998655695,0.9392320408549494,0.033808791207699265,0.012820151586268617,0.00446447435242704,0.015882103174699222,0.9447546655365556,0.01856774869704722,0.014610029140626802,0.006185453451071098,0.015520959065505758,0.9392320408549494,0.023770109330512917,0.015257933347581354,0.006218957401450596
20268020,4,NORMAL/ZCH0216.wav,NORMAL,NORMAL,0.75,0.022453025006899163,0.925464639379755,0.034698863348723706,0.010174677317112125,0.007208794947510127,0.03714652384806699,0.9123939178045887,0.022096166789179767,0.01864503284071686,0.00971835871744778,0.029316486793084597,0.925464639379755,0.022774299895879337,0.014441081686955053,0.008003492244326026
20268020,4,VSD/ZCH0854.wav,VSD,VSD,0.75,0.013998635819745496,0.004445867500306379,0.03361342475514398,0.023177702073261926,0.9247643698515422,0.015718104370729527,0.013965535919010003,0.06044253046097023,0.07877460085158287,0.8310992283977073,0.01540205004625018,0.004445867500306379,0.054172910781820245,0.06544577311616602,0.8605333985554572
20268020,4,NORMAL/ZCH0069.wav,NORMAL,NORMAL,0.75,0.0067264410662471056,0.948862536896282,0.03259828687774275,0.0066183670714014715,0.005194368088326713,0.0069994684310715405,0.9651521683965653,0.014869893425088201,0.008484545365450001,0.004493924381825083,0.009385139629152295,0.948862536896282,0.024515194587345704,0.010992578644229402,0.006244550242990631
20268020,4,VSD/ZCH0865.wav,VSD,VSD,0.75,0.09547663150574252,0.022248074614270946,0.06734193142159926,0.02618743255282308,0.7887459299055641,0.06059254680887341,0.029201944189668656,0.024485219692936697,0.042739937953019336,0.8429803513555019,0.06963908831033194,0.022248074614270943,0.03533093916192138,0.03883142265781871,0.8339504752556569
20268020,4,VSD/ZCH0761.wav,VSD,VSD,0.75,0.012399397051487505,0.014171995946829991,0.04680880386952625,0.011501123991701197,0.9151186791404551,0.019023531734625804,0.020681745208238827,0.023245267783726813,0.01970738305558759,0.9173420722178209,0.017462338342565432,0.014171995946829991,0.02925203920749402,0.017754067853786804,0.9213595586493238
20268020,4,NORMAL/ZCH0221.wav,NORMAL,NORMAL,0.75,0.02017022619923981,0.9147009621192488,0.042767812320382,0.014513205656688847,0.007847793704440567,0.022507579823499376,0.936763100588217,0.018958424432382954,0.013942231122575036,0.007828664033325503,0.027812587834870593,0.9147009621192488,0.029871443759502615,0.017733107054498123,0.009881899231879885
20268020,4,NORMAL/ZCH0035.wav,NORMAL,NORMAL,0.75,0.010291014992501422,0.9347592482888261,0.03400515875376589,0.013628464319688128,0.0073161136452185764,0.012087057999946086,0.9450278673697676,0.019905276705147548,0.015598717609030924,0.007381080316107631,0.013331415166593282,0.9347592482888261,0.026218928878437454,0.01729149731798723,0.008398910348155979
20268020,4,VSD/ZCH0843.wav,VSD,VSD,0.75,0.13225017085126436,0.0041625704253837525,0.12021156828420165,0.2821069840525458,0.4612687063866045,0.15660285067204022,0.01583352458396175,0.20737385182095297,0.1864156169350472,0.43377415598799784,0.15190751267435887,0.0041625704253837525,0.18742767218972894,0.2119964465960749,0.4445057981144535
20268020,4,NORMAL/ZCH0034.wav,NORMAL,NORMAL,0.75,0.008389497160203008,0.9482966808382539,0.028977814714758153,0.007753515645393525,0.006582491641391454,0.02361717128366774,0.9295932955103513,0.0167661581891068,0.018462564084639442,0.011560810932234874,0.01510486576506313,0.9482966808382539,0.01647865268982729,0.012106897488502967,0.008012903218352704
20268020,4,VSD/ZCH0924.wav,VSD,VSD,0.75,0.01894973885741169,0.010147623591777837,0.15492693234070629,0.009075304069715927,0.8069004011403883,0.016955107338018013,0.015389749120624428,0.09307347037903597,0.023972709680153536,0.8506089634821681,0.01752146774351674,0.010147623591777835,0.10890848252966491,0.020344082413031542,0.8430783437220088
20268020,4,PFO/ZCH0713.wav,PFO,PFO,0.75,0.14879383149769213,0.004651960385502065,0.010989794001503435,0.8224334751967323,0.013130938918570208,0.07294899670606589,0.00398555176455224,0.03205484155677366,0.8521506064561655,0.038860003516442795,0.0918735991275419,0.004651960385502065,0.02677249434198935,0.844293708978064,0.03240823716690272
20268020,4,NORMAL/ZCH0246.wav,NORMAL,NORMAL,0.75,0.01524799038527042,0.9399026792280947,0.026443314266194794,0.013047070963252326,0.005358945157187765,0.013400759002749112,0.9560903357781904,0.01296074257049446,0.012886704369085629,0.004661458279480396,0.017567791337536887,0.9399026792280947,0.019914948243366072,0.016489887675575413,0.006124693515426958
20268020,4,ASD/ZCH0542.wav,ASD,ASD,0.75,0.7904756790849115,0.012111321963370225,0.05008931391182499,0.02422019737095822,0.12310348766893509,0.881842744892126,0.006919584481089887,0.015818624091459368,0.02818945471397287,0.067229591821352,0.8555433309321837,0.012111321963370222,0.024324272760009657,0.0270866113769748,0.08093446296746147
20268020,4,ASD/ZCH0631.wav,ASD,PFO,0.75,0.14842704960226585,0.27274577331694916,0.1656470285411652,0.27069422793255016,0.1424859206070696,0.16667405393563545,0.21680066480956117,0.10709842721174145,0.3371126396649278,0.1723142143781341,0.15318296876023074,0.27274577331694916,0.11599792603369878,0.30244768891436447,0.15562564297475684
20268020,4,PFO/ZCH0705.wav,PFO,ASD,0.75,0.6047933280855619,0.043667533595312905,0.17181685136317298,0.146153177939291,0.03356910901666116,0.5064384664751459,0.1383082126224567,0.17060030642375093,0.12848497171570492,0.056168042762941774,0.572744256115983,0.043667533595312905,0.1849573752837277,0.14348577126544465,0.05514506373953169
20268020,4,NORMAL/ZCH0022.wav,NORMAL,NORMAL,0.75,0.01918132449431915,0.9384966907843301,0.023720473054679385,0.0111725206038555,0.007428991062815908,0.013351073260269374,0.9660099131253143,0.008878036774399068,0.006562049755884872,0.005198927084132367,0.02291389000182191,0.9384966907843301,0.01797838051827325,0.011698398105545946,0.008912640590028827
20268020,4,NORMAL/ZCH0037.wav,NORMAL,NORMAL,0.75,0.00999638050992822,0.9399774772178859,0.03138409397439745,0.007904728456517915,0.010737319841270533,0.012451778352406665,0.936666796710687,0.014129790412635491,0.01567434308113132,0.02107729144313951,0.011349750601448261,0.939977477217886,0.01788940069822303,0.013117418848802489,0.017665952633640285
20268020,4,NORMAL/ZCH0248.wav,NORMAL,NORMAL,0.75,0.05813004713801933,0.8422854361741249,0.053739491069286445,0.031886362308504425,0.01395866331006501,0.06950192161584658,0.8093221810234326,0.043605475609442994,0.06425921472068948,0.013311207030588464,0.05764764171232222,0.842285436174125,0.04048528666604683,0.04783443648598444,0.011747198961521634
20268020,4,NORMAL/ZCH0256.wav,NORMAL,NORMAL,0.75,0.007991255197047548,0.9419161376114978,0.02578354579783111,0.02044714822984834,0.003861913163774943,0.006538912809594439,0.9298473546381263,0.015479549336488346,0.04424267358780856,0.0038915096279824217,0.006058301930290866,0.9419161376114978,0.016058268229845348,0.03258529163221232,0.0033820005961536235
20268020,4,NORMAL/ZCH0217.wav,NORMAL,NORMAL,0.75,0.006443963687798985,0.9416972637910181,0.03860825880824277,0.005438072555084958,0.007812441157855014,0.01572218767938242,0.94186456218667,0.018859327738260715,0.008874549642253296,0.014679372753433586,0.013436564901143528,0.9416972637910181,0.02383726461918979,0.008034584323365752,0.012994322365282786
20268020,4,NORMAL/ZCH0250.wav,NORMAL,NORMAL,0.75,0.011445789336276433,0.94412435696056,0.025182808039565744,0.009677405471632814,0.009569640191965212,0.009263932038579774,0.9565413067225272,0.013629799314736867,0.011329057471111752,0.009235904453044407,0.011794553475072758,0.9441243569605601,0.019438765177028975,0.013343834885868783,0.011298489501469527
20268020,4,NORMAL/ZCH0324.wav,NORMAL,NORMAL,0.75,0.14600225808352707,0.7746056654586604,0.05345844499254636,0.020027991505271042,0.0059056399599951796,0.14234640943064308,0.8002775665305586,0.022069685286581833,0.03049430317947086,0.004812035572745654,0.15698305240654248,0.7746056654586605,0.032044468371448975,0.030817480403398278,0.005549333359949914
20268020,4,VSD/ZCH0882.wav,VSD,VSD,0.75,0.007125383610070258,0.011793390595670602,0.0278298658710726,0.013189007936561307,0.9400623519866252,0.0077906916270622855,0.025518997245391,0.022728142817873484,0.01935136851226313,0.9246107997974101,0.007706663791679597,0.011793390595670604,0.024243668729756186,0.018015202008908115,0.9382410748739856
20268020,4,NORMAL/ZCH0011.wav,NORMAL,NORMAL,0.75,0.017275018468617804,0.9353286629248059,0.03278614471891168,0.0052118789254405745,0.009398294962224097,0.05781407508761667,0.8947952904746361,0.019473374758031542,0.009900018219713931,0.018017241460001717,0.030973313770566856,0.9353286629248059,0.01717452672299784,0.00586726693506559,0.010656229646563839
20268020,4,VSD/ZCH0823.wav,VSD,VSD,0.75,0.010060092120327975,0.007219633070153268,0.06292633712065195,0.0353753493722905,0.8844185883165764,0.017119387266801643,0.022689901490180547,0.17410462126640314,0.088613162056517,0.6974729279200977,0.015557806174038258,0.007219633070153268,0.14837703380170886,0.07635573122052981,0.7524897957335698
20268020,4,NORMAL/ZCH0293.wav,NORMAL,NORMAL,0.75,0.012321871546796162,0.9362506335858193,0.026317809996329024,0.0191048117866814,0.006004873084374116,0.012397281451733789,0.9273718901119692,0.01781138844432056,0.035193836728507844,0.007225603263468656,0.01124175873219317,0.9362506335858194,0.018304920055991183,0.027944761201029955,0.006257926424966419
20268020,4,NORMAL/ZCH0129.wav,NORMAL,NORMAL,0.75,0.013247642736282046,0.9094414161648308,0.03447877379148848,0.03058748523764954,0.012244682069749071,0.011291880386430024,0.937121610703096,0.02042836540885202,0.020460585607729242,0.010697557893892597,0.015508987152617773,0.9094414161648309,0.030685667093734374,0.029747648036434583,0.014616281552382517
20268020,4,NORMAL/ZCH0208.wav,NORMAL,NORMAL,0.75,0.006159826447378846,0.9545044299007543,0.023950171308163033,0.008594250396469902,0.006791321947233884,0.006048660488946522,0.9685791222369511,0.010328524957012383,0.008717021008977182,0.006326671308112747,0.008108533228878929,0.9545044299007543,0.017203862150147946,0.01161486021565572,0.008568314504563046
20268020,4,PFO/ZCH0739.wav,PFO,PFO,0.75,0.1729173957555223,0.010161407738783605,0.06280517341210722,0.3825407715556748,0.37157525153791204,0.12181438407908861,0.0159383337101329,0.05944268182306197,0.6345895952370744,0.16821500515064228,0.13512646975800532,0.010161407738783605,0.06054502305378273,0.5743714040920088,0.21979569535741958
20268020,4,VSD/ZCH0910.wav,VSD,VSD,0.75,0.18385254503876158,0.198726633781437,0.1166711424756152,0.10908894053556728,0.3916607381686189,0.1680138375746682,0.06127641270249763,0.22029743787343295,0.12309328470303356,0.42731902714636766,0.15352276432256307,0.198726633781437,0.17019849370174095,0.10607448208460243,0.3714776261096565
20268020,4,PDA/ZCH0654.wav,PDA,PDA,0.75,0.09364946282948453,0.013268147374149962,0.7741236278768848,0.012462003940476663,0.106496757979004,0.056645521472890585,0.006308980779405544,0.9124862319458313,0.007953982364024144,0.016605283437848416,0.06559897547698293,0.013268147374149962,0.8731027351792422,0.009039209362771743,0.03899093260685325
20268020,4,NORMAL/ZCH0266.wav,NORMAL,NORMAL,0.75,0.029265913011811216,0.8914926084981076,0.039750258452629514,0.02566120937011221,0.013830010667339415,0.038276237485221166,0.8946721543300924,0.030970311793112486,0.022761559993953406,0.01331973639762051,0.03689024381047975,0.8914926084981076,0.03386647718108316,0.024001802040798305,0.013748868469531161
20268020,4,NORMAL/ZCH0056.wav,NORMAL,NORMAL,0.75,0.029018640839425507,0.9173682095387374,0.0325891571792397,0.010497773486334709,0.010526218956262611,0.12361977961543233,0.7850066678429263,0.024545517722438497,0.027670130706202407,0.03915790411300053,0.04288922021072255,0.9173682095387374,0.015222764811378214,0.010600617863637926,0.013919187575523868
20268020,4,NORMAL/ZCH0466.wav,NORMAL,NORMAL,0.75,0.010309320918915666,0.9378221618847893,0.03697092035877606,0.006815570772637352,0.008082026064881608,0.01768850579642803,0.9407415613224683,0.01870201622147499,0.010948637197658057,0.011919279461970723,0.016497285021677525,0.9378221618847893,0.02396026606007496,0.010319913547539429,0.011400373485918802
20268020,4,VSD/ZCH0861.wav,VSD,VSD,0.75,0.017215105540568095,0.006618595145536562,0.061084606563297277,0.023133231701956657,0.8919484610486414,0.019485013457782512,0.012154768129820784,0.08021449638915489,0.03374460507640575,0.854401116946836,0.01899943625510118,0.006618595145536562,0.07576918301910188,0.031233597694259575,0.8673791878860008
20268020,4,PFO/ZCH0698.wav,PFO,NORMAL,0.75,0.16478139506679454,0.5618665447304277,0.05922856042892073,0.1950374865146457,0.019086013259211464,0.057977429214714805,0.5256593949679499,0.03724757991986188,0.32553582333773917,0.05357977255973437,0.08135929075271155,0.5618665447304277,0.040610451141949555,0.2742747506304522,0.04188896274445901
20268020,4,VSD/ZCH0934.wav,VSD,VSD,0.75,0.095765933762103,0.008051099649636994,0.17283146382283499,0.003653750945195617,0.7196977518202294,0.02741363037638562,0.02250604478533514,0.06942802237560255,0.005910509085078022,0.8747417933775987,0.04480574584445175,0.008051099649636993,0.09604889638989836,0.00541187193850819,0.8456823861775046
20268020,4,NORMAL/ZCH0031.wav,NORMAL,NORMAL,0.75,0.010247832765285342,0.9262147016560401,0.03760149992428033,0.019296117137862105,0.006639848516532162,0.01468493979514218,0.9207197172817595,0.014485587092833409,0.039283039344069,0.010826716486195903,0.012812293711047853,0.9262147016560401,0.019511558954114386,0.03224425293730796,0.009217192741489666
20268020,4,NORMAL/ZCH0196.wav,NORMAL,NORMAL,0.75,0.008819921384876661,0.9407036016385458,0.031369775410986775,0.009948338164767104,0.009158363400823705,0.010183935994949192,0.9545027612162429,0.011260250883346003,0.015047765015883303,0.009005286889578532,0.012159497506823982,0.9407036016385458,0.018849029195248397,0.01719586071119622,0.01109201094818557
20268020,4,NORMAL/ZCH0174.wav,NORMAL,NORMAL,0.75,0.020203669214186305,0.6391515330254639,0.04210044805639201,0.2745890147990649,0.023955334904893027,0.007654442578778432,0.6555531535259647,0.024615131487734664,0.2859223372243523,0.026254935183169993,0.011065112015382222,0.6391515330254639,0.029865539759301434,0.29330013871818345,0.026617676481668965
20268020,4,PFO/ZCH0690.wav,PFO,PFO,0.75,0.39148665417536604,0.07705561186141294,0.02055535531355971,0.5048722835308843,0.006030095118777089,0.16571124423149325,0.04482398463815608,0.012386368739856407,0.7724549569571288,0.004623445433365448,0.217961254720119,0.07705561186141292,0.014115139531618167,0.6860098967981829,0.0048580970886668885
20268020,4,NORMAL/ZCH0367.wav,NORMAL,NORMAL,0.75,0.03381044646469578,0.9112148488689519,0.03896818494000151,0.008766060190945224,0.007240459535405608,0.03360623677518775,0.9380469893972355,0.01683924868902659,0.006866610696679417,0.0046409144418708284,0.04457355370600459,0.9112148488689519,0.027841351158712353,0.00957194413259278,0.0067983021337383945
20268020,4,ASD/ZCH0538.wav,ASD,PDA,0.75,0.2147060889817831,0.008863766872141023,0.2977680240849094,0.14670548692466934,0.33195663313649715,0.24929462858809873,0.03323284214436246,0.34875933633219103,0.2832796043069343,0.08543358862841355,0.24536042755042364,0.008863766872141023,0.3426048299791524,0.2544914973691943,0.1486794782290886
20268020,4,VSD/ZCH0869.wav,VSD,VSD,0.75,0.00942709887868379,0.010811956846167484,0.021696705235925456,0.01731656908738663,0.9407476699518367,0.02433664630224499,0.020529581004818567,0.02484388541750264,0.02759601358658851,0.9026938736888452,0.020790347903030484,0.010811956846167484,0.024241953184026305,0.025231493799650957,0.9189242482671247
20268020,4,NORMAL/ZCH0491.wav,NORMAL,NORMAL,0.75,0.0060724831427470295,0.9254144698453795,0.03957719698693429,0.014692909251576635,0.014242940773362594,0.011723714358220267,0.918984549896105,0.024199629414012526,0.027595933377242778,0.017496172954419433,0.009613053138106868,0.9254144698453795,0.02660353977191857,0.022727531014352136,0.01564140623024298
20268020,4,NORMAL/ZCH0382.wav,NORMAL,NORMAL,0.75,0.01227210322177501,0.9503898393176358,0.022062471020002652,0.010077829071612362,0.005197757368974172,0.015518429958559886,0.9462352680808046,0.013054941421753872,0.018742913631562327,0.006448446907319352,0.013807479574215914,0.9503898393176358,0.01455022629641559,0.015490399236631267,0.005762055575101462
20268020,4,NORMAL/ZCH0153.wav,NORMAL,NORMAL,0.75,0.06385229907642992,0.8559066806526271,0.04454292849777833,0.018168536545403013,0.017529555227761676,0.04366282068070797,0.894515545212197,0.024779247961759433,0.023746511036725114,0.013295875108610536,0.06069611702122381,0.8559066806526271,0.03652234546660119,0.028870697087289898,0.018004159772258024
20268020,4,NORMAL/ZCH0310.wav,NORMAL,NORMAL,0.75,0.005719146231569206,0.9539143874178798,0.026615035144553698,0.007060761847015668,0.0066906693589816905,0.008561162575042433,0.9528935024330945,0.016624068677397696,0.01442873973126131,0.007492526583203888,0.00771150631097272,0.9539143874178798,0.01885160454271862,0.012352222139688288,0.007170279588740555
20268020,4,VSD/ZCH0827.wav,VSD,VSD,0.75,0.015599079487815764,0.0032288822637217603,0.05052301663696049,0.05695184059474585,0.8736971810167562,0.0113875791548631,0.014148114314287452,0.03795514923128726,0.07296773691483352,0.8635414203847287,0.012535050308584749,0.0032288822637217603,0.04141240767568305,0.06956990230399529,0.8732537574480153
20268020,4,NORMAL/ZCH0211.wav,NORMAL,NORMAL,0.75,0.025306027148919167,0.9191304258001011,0.026012524744647807,0.0235807009133658,0.005970321392966182,0.017781540596571714,0.9428511293206201,0.010266369062028347,0.024274005644671956,0.004826955376107923,0.025198082020060446,0.9191304258001011,0.017398843797218084,0.031657213182122716,0.0066154352004976925
20268020,4,VSD/ZCH0930.wav,VSD,VSD,0.75,0.012961210123432647,0.010630153103875706,0.10507651559197469,0.012284843199274335,0.8590472779814426,0.01011769979614859,0.02427854459691327,0.15107891164994236,0.022644860686765498,0.7918799832702302,0.01093472216478006,0.010630153103875706,0.1411632814714247,0.02029242354443871,0.8169794197154808
20268020,4,NORMAL/ZCH0071.wav,NORMAL,NORMAL,0.75,0.01443401750758902,0.9366593678089119,0.029526211819571817,0.01481877921859974,0.004561623645327497,0.0100462016407211,0.9598553336703929,0.014140763093242317,0.012456872232171779,0.0035008293634719847,0.01549674796979115,0.9366593678089119,0.024115124731957333,0.01844562245051235,0.0052831370388272715
20268020,4,NORMAL/ZCH0361.wav,NORMAL,NORMAL,0.75,0.0073431926671449505,0.9348765883935842,0.04251849920631006,0.00937257574719562,0.005889143985765283,0.006864797924477731,0.9627496410729598,0.015257901782941109,0.008821924378817618,0.006305734840803846,0.010836900579777523,0.9348765883935843,0.030635739776340407,0.013910424676449101,0.009740346573848755
20268020,4,NORMAL/ZCH0004.wav,NORMAL,NORMAL,0.75,0.015973653225635362,0.9324322434924915,0.03552507838182934,0.007741516498476878,0.008327508401566867,0.018206155214565273,0.9471530062598912,0.0163712744330502,0.00881235575771802,0.009457208334775266,0.021451583233613486,0.9324322434924915,0.024579943346653074,0.010385686312714618,0.011150543614527279
20268020,4,NORMAL/ZCH0355.wav,NORMAL,NORMAL,0.75,0.0059248787319928315,0.9477188769854461,0.028887047026554567,0.010476424950048122,0.006992772305958407,0.0069422062242288935,0.9600652753922396,0.017588496477251407,0.009560513332803729,0.005843508573476418,0.008297587039343676,0.9477188769854461,0.024491437903150767,0.012006319594007716,0.007485778478051743
20268020,4,NORMAL/ZCH0078.wav,NORMAL,NORMAL,0.75,0.008891811906924793,0.9425064031415807,0.030926092555776375,0.006765528982385847,0.010910163413332308,0.013214078654941577,0.9258900540961649,0.025837587122882498,0.01145107899259406,0.023607201133417067,0.009911444397590586,0.9425064031415807,0.02276488809138446,0.008354088355735917,0.016463176013708298
20268020,4,PFO/ZCH0740.wav,PFO,NORMAL,0.75,0.3772218261932625,0.34434335185071113,0.08574336558154376,0.1507937682158135,0.04189768815866891,0.343001082615826,0.26306622420677134,0.06864666984043041,0.27284404269743373,0.052441980639538435,0.3231838315733299,0.34434335185071113,0.06724251385290148,0.21976230217823306,0.04546800054482442
20268020,4,VSD/ZCH0780.wav,VSD,VSD,0.75,0.013965020768144671,0.012853241670411028,0.03190774930752158,0.024426913951572742,0.91684707430235,0.01867711028291194,0.025374746958562906,0.048934578493281054,0.02698899913773601,0.880024565127508,0.017679053640623738,0.012853241670411028,0.04514938672149925,0.026608533868655877,0.8977097840988102
20268020,4,NORMAL/ZCH0376.wav,NORMAL,NORMAL,0.75,0.012138991077668124,0.9353725254873932,0.036325640504580425,0.012824485169752752,0.0033383577606054394,0.013593796034931847,0.9654203757388955,0.010325725382116539,0.008867814627506871,0.0017922882165492863,0.022089307908868438,0.9353725254873932,0.02355508287887785,0.01563622592922471,0.003346857795635753
20268020,4,VSD/ZCH0768.wav,VSD,VSD,0.75,0.014235197634522821,0.0014983895148402908,0.11693189770882828,0.015133486239683795,0.8522010289021248,0.005467242422749772,0.010111332078134142,0.06908787259763795,0.031113148399978256,0.8842204045015,0.007694908756782671,0.0014983895148402908,0.08149972493857376,0.027321267632007974,0.8819857091577954
20268020,4,VSD/ZCH0851.wav,VSD,VSD,0.75,0.009233084515761766,0.011591321029851423,0.04063709846270397,0.011210520730603416,0.9273279752610795,0.017289603207643375,0.028095559049208414,0.06331320217278062,0.047183779663275666,0.8441178559070919,0.015495673984359184,0.011591321029851423,0.05845053341969084,0.038791397720465415,0.8756710738456333
20268020,4,NORMAL/ZCH0368.wav,NORMAL,NORMAL,0.75,0.01482525021519956,0.9380427956875395,0.03348566749256272,0.00980852167739203,0.003837764927306352,0.014764109866511794,0.9512692023121407,0.01440523428408667,0.0159265101891266,0.003634943348134267,0.017784826782374415,0.9380427956875396,0.022107720495106255,0.017639067006547167,0.0044255900284327215
20268020,4,NORMAL/ZCH0433.wav,NORMAL,NORMAL,0.75,0.017239178457738247,0.932425494919731,0.02834879997594294,0.0050188610578803285,0.016967665588707437,0.02927455604033907,0.9245061845251161,0.011278617545969776,0.00974587065944354,0.02519477122913128,0.02396253328673664,0.932425494919731,0.014658816892645208,0.007797360998881083,0.021155793902006035
20268020,4,PFO/ZCH0721.wav,PFO,PFO,0.75,0.10423907656782216,0.052400263882376896,0.0917237629105194,0.727617085607763,0.024019811031518644,0.04392153531526025,0.13068011437029345,0.09347330033078181,0.720525929328403,0.011399120655261444,0.061967180178981326,0.052400263882376896,0.09934867503207223,0.7709597432000957,0.015324137706473893
20268020,4,NORMAL/ZCH0076.wav,NORMAL,NORMAL,0.75,0.0728283234083456,0.7606229466555207,0.10402941020958069,0.018744492398377346,0.04377482732817548,0.0934343639017172,0.7898398624475407,0.03410694773887889,0.023007538061305607,0.05961128785055769,0.09802493893539893,0.7606229466555208,0.05514377945781516,0.024340694834629736,0.061867640116635536
20268020,4,NORMAL/ZCH0186.wav,NORMAL,NORMAL,0.75,0.005985882997287092,0.9476382868735863,0.026639740712954333,0.011965108270409208,0.007770981145763185,0.007177829744028443,0.9561769013703129,0.01002745691941637,0.01881624012841224,0.007801571837829941,0.007928754299767408,0.9476382868735863,0.015645861077250616,0.019853113608084828,0.008933984141310827
20268020,4,NORMAL/ZCH0042.wav,NORMAL,NORMAL,0.75,0.022874320326679697,0.8790866252939932,0.04936621679473136,0.03793052007936245,0.010742317505233316,0.03403212564532257,0.8705904908941662,0.01806943882045952,0.0663603086085026,0.010947636031549197,0.029566938610115695,0.8790866252939932,0.02500389741782766,0.05598529189430949,0.010357246783753982
20268020,4,NORMAL/ZCH0175.wav,NORMAL,NORMAL,0.75,0.041027330217957354,0.6579438672649097,0.03764118152346561,0.2509016900642539,0.012485930929413424,0.011811514275975073,0.642072798392696,0.016177535090015755,0.32109383456166996,0.00884431767964317,0.018722662079688448,0.6579438672649097,0.021005443217970793,0.29286743491837913,0.00946059251905194
20268020,4,NORMAL/ZCH0430.wav,NORMAL,NORMAL,0.75,0.0164050310571496,0.9388497888279539,0.028691336952831232,0.011417825497731491,0.004636017664333757,0.023421574114242727,0.94421128111733,0.008716547025865592,0.019085651218546704,0.004564946524015012,0.023355610146170668,0.9388497888279539,0.014338512649515524,0.018544343493341383,0.004911744883018535
20268020,4,VSD/ZCH0907.wav,VSD,VSD,0.75,0.014154510671505083,0.026993319826735654,0.036670370274131475,0.02042937339793828,0.9017524258296895,0.026120131212545243,0.030979537548458645,0.053928717736125134,0.02960078696525606,0.859370826537615,0.023209313020983297,0.026993319826735654,0.049780514052416555,0.02739925918481721,0.8726175939150473
20268020,4,PDA/ZCH0660.wav,PDA,PDA,0.75,0.4899525777334105,0.01239708211594102,0.3901603242111049,0.04298058548081899,0.0645094304587247,0.3027372298910015,0.0069032949531271336,0.6628982922796548,0.014949099161908536,0.012512083714308042,0.3482850155283825,0.01239708211594102,0.5919634471675949,0.02189494719801701,0.025459507990064557
20268020,4,NORMAL/ZCH0095.wav,NORMAL,NORMAL,0.75,0.009833384882039293,0.9413332966052784,0.029546241609240416,0.013566442996601027,0.005720633906840854,0.009243503829914977,0.9627595006522958,0.013540989338324018,0.01030194451084212,0.0041540616686230915,0.01337963971179243,0.9413332966052784,0.023385376592287874,0.015563462636060711,0.006338224454580558
20268020,4,VSD/ZCH0889.wav,VSD,VSD,0.75,0.007860754124740901,0.008244517258508261,0.03499543331532379,0.031970623024439454,0.9169286722769876,0.011526938552056897,0.034818479380111206,0.05482578732118655,0.08645133051979832,0.812377464226847,0.01084841743476329,0.008244517258508261,0.0510003214032204,0.07461632643484485,0.8552904174686632
20268020,4,ASD/ZCH0651.wav,ASD,ASD,0.75,0.6319634526169986,0.2908600595123808,0.049372339085284975,0.011974724766940583,0.015829424018395034,0.6381708973881457,0.3203634458776022,0.019113031200171878,0.00900544638797018,0.013347179146110194,0.6573965412145617,0.29086005951238075,0.02730013835269792,0.010040964416380006,0.014402296503979537
20268020,4,NORMAL/ZCH0077.wav,NORMAL,NORMAL,0.75,0.006897034623852985,0.9593215028882699,0.018657714394949915,0.008727274084124654,0.006396474008802657,0.009545612217117064,0.9499872847202144,0.013381348484233092,0.016515824153644536,0.010569930424790945,0.007547295210238832,0.95932150288827,0.01282734990717532,0.01225683996367944,0.00804701203063652
20268020,4,NORMAL/ZCH0457.wav,NORMAL,NORMAL,0.75,0.11903678721904497,0.7683739477010509,0.05928388389678248,0.00636416379397474,0.04694121738914687,0.1437417412629806,0.7005419944940507,0.030336569540509978,0.010964007356820136,0.11441568734563859,0.1131456770469626,0.7683739477010509,0.03241961514240421,0.007951406245322666,0.07810935386425961
20268020,4,NORMAL/ZCH0288.wav,NORMAL,NORMAL,0.75,0.006714713012836919,0.9364317826318747,0.02718773576690063,0.012994959978030391,0.016670808610357475,0.006167487365897919,0.9505070689306243,0.011110679048958272,0.019202564163654654,0.013012200490864954,0.007619771794542559,0.9364317826318747,0.01749976633058133,0.021746423599104347,0.016702255643897112
20268020,4,ASD/ZCH0565.wav,ASD,PFO,0.75,0.2706972858191088,0.06693743407581458,0.05480840369193081,0.5870514045639497,0.02050547184919614,0.2217495634951435,0.09454312594840118,0.0672853765765685,0.592880457762376,0.023541476217510713,0.23905704213161738,0.06693743407581458,0.06570468761448071,0.6049800592649248,0.02332077691316254
20268020,4,VSD/ZCH0787.wav,VSD,VSD,0.75,0.012109209724268754,0.021379388717658696,0.04972555754439535,0.034559371143406,0.8822264728702712,0.01453892063211942,0.024940613099495135,0.05886111890735772,0.04007020762610628,0.8615891397349215,0.013971318447582386,0.021379388717658696,0.05673846309341456,0.0388022602817141,0.8691085694596302
20268020,4,NORMAL/ZCH0122.wav,NORMAL,NORMAL,0.75,0.12686853545954357,0.6743171186664692,0.09590856423573638,0.04878401073873366,0.054121770899517405,0.17066947165460056,0.6682482706543911,0.04984329126508127,0.0711426800959952,0.04009628632993199,0.15737765128053693,0.6743171186664692,0.06067575920866853,0.06457693469630434,0.04305253614802103
20268020,4,NORMAL/ZCH0111.wav,NORMAL,NORMAL,0.75,0.11586604552163626,0.8012074215403767,0.051520067349138186,0.00880998678193669,0.022596478806912148,0.1888835492004143,0.7056865610785322,0.02679248050447873,0.014804775706519061,0.0638326335100557,0.12465186619742434,0.8012074215403765,0.02645265465752616,0.009702356913387666,0.03798570069128508
20268020,4,PDA/ZCH0667.wav,PDA,ASD,0.75,0.2261793205139671,0.036202176660802256,0.26297069320966093,0.24075613918228614,0.23389167043328357,0.3470395825070784,0.07904277222712959,0.2126468508349144,0.25572291397221225,0.10554788045866537,0.3289320682212871,0.036202176660802256,0.23264665575194327,0.26090290654105647,0.14131619282491087
20268020,4,NORMAL/ZCH0023.wav,NORMAL,NORMAL,0.75,0.01271203227165907,0.9240409255141342,0.04395870030534211,0.010582147642594904,0.008706194266269776,0.02225234585359357,0.9182419895688758,0.020617334675689367,0.026261914858969518,0.012626415042871684,0.018683530896185244,0.9240409255141342,0.025355915632513458,0.020944943321055887,0.010974684636111225
20268020,4,ASD/ZCH0550.wav,ASD,ASD,0.75,0.28245146177883296,0.06993850513603865,0.18639427579880272,0.2805672795879311,0.1806484776983947,0.3449368263760777,0.1617894209754855,0.16253734056531474,0.24650250760176207,0.08423390448136,0.3576640567572044,0.06993850513603865,0.18185967670735664,0.2752774652033976,0.11526029619600273
20268020,4,NORMAL/ZCH0296.wav,NORMAL,NORMAL,0.75,0.015069429431684154,0.9109272894914389,0.037952338093031376,0.011710201786465563,0.024340741197380188,0.03712366433421785,0.8687475430859359,0.030984067526528426,0.013924804450961017,0.04921992060235675,0.022662463118248675,0.9109272894914389,0.0252582743280198,0.01001496106492309,0.03113701199736958
20268020,4,NORMAL/ZCH0351.wav,NORMAL,NORMAL,0.75,0.013866322701590066,0.9414819820127137,0.026958661811976734,0.013931448243056596,0.00376158523066298,0.008788735881226807,0.9620885836942026,0.012732835638920009,0.013990868397812845,0.002398976387837686,0.013640944781873,0.9414819820127138,0.021479954346531403,0.019679524603461816,0.0037175942554200786
20268020,4,NORMAL/ZCH0419.wav,NORMAL,NORMAL,0.75,0.00555449675204291,0.9552098477192427,0.02453751977862527,0.009827044836028068,0.004871090914061119,0.009726757121567757,0.9518991207030592,0.014967277181920013,0.012161353374912,0.011245491618541102,0.008181581079455765,0.9552098477192428,0.016587202751719907,0.010949987490377507,0.009071380959204161
20268020,4,VSD/ZCH0841.wav,VSD,VSD,0.75,0.018129731772502836,0.016935333277223685,0.03543228475553139,0.024773695319587296,0.9047289548751548,0.029524274836813493,0.027226458552834565,0.028316549126808886,0.043221523747550554,0.8717111937359925,0.026909895553415143,0.01693533327722369,0.030320156975575746,0.038952502146515564,0.8868821120472699
20268020,4,PDA/ZCH0666.wav,PDA,ASD,0.75,0.8129368824121295,0.0030067050712934236,0.018394448045592756,0.11501492870212346,0.05064703576886089,0.926182515940519,0.0022547926562480744,0.02542845218745001,0.02674111285234762,0.01939312636343533,0.8973476211057624,0.003006705071293424,0.023655578768569774,0.04879445250409547,0.027195642550279068
20268020,4,NORMAL/ZCH0151.wav,NORMAL,NORMAL,0.75,0.023979531981391203,0.9281209352531837,0.027070567260401898,0.017600637802925194,0.0032283277020979406,0.017942011229484973,0.9508112017887701,0.009519257219201398,0.019139896320960408,0.0025876334415830607,0.02565873483384158,0.9281209352531837,0.017200433388838764,0.02537685379372671,0.003643042730409215
20268020,4,ASD/ZCH0549.wav,ASD,NORMAL,0.75,0.20805743189553516,0.28028177344774025,0.2189857824318321,0.26834564627540003,0.02432936594949239,0.09830663170968576,0.5791932618008182,0.16161138361397373,0.13519115397443066,0.025697568901091608,0.17811691565013124,0.28028177344774025,0.2620529972504079,0.24050248731971338,0.03904582633200714
20268020,4,NORMAL/ZCH0458.wav,NORMAL,NORMAL,0.75,0.04403771108402745,0.8889665442553656,0.034323791185539465,0.008740817115689282,0.023931136359378248,0.0800869429639012,0.8523520987530138,0.00937639745614601,0.01652581170503732,0.041658749121901775,0.056179372427535915,0.8889665442553656,0.013869342364805831,0.011505949615115554,0.029478791337177113
20268020,4,NORMAL/ZCH0024.wav,NORMAL,NORMAL,0.75,0.005712006582005935,0.9494022417801128,0.030166209216684694,0.009107195282985418,0.00561234713821127,0.008202951810278306,0.9630571419844849,0.01304995895067639,0.011440089132714238,0.004249858121846221,0.00985421028259859,0.9494022417801129,0.020946687353991886,0.014028248797381893,0.005768611785914851
20268020,4,NORMAL/ZCH0418.wav,NORMAL,NORMAL,0.75,0.0681189479219949,0.42875726895519156,0.04842640458276638,0.2280141696520046,0.22668320888804253,0.07717879853570257,0.4957572689863196,0.02756541974268014,0.22494550268362556,0.17455301005167217,0.08260504170377446,0.42875726895519156,0.03552768094670791,0.24812947549921652,0.20498053289510962
20268020,4,ASD/ZCH0559.wav,ASD,ASD,0.75,0.6470151169430517,0.1337244886324632,0.058663650137084584,0.02184788514757294,0.13874885913982776,0.7536532522953366,0.19037281297218497,0.017724768152792617,0.013720583837743805,0.024528582741942157,0.7665426564373881,0.13372448863246322,0.02888961898964485,0.016472414708330305,0.054370821232173676
20268020,4,PFO/ZCH0725.wav,PFO,PFO,0.75,0.24584939297850456,0.11420351142401483,0.02994849452681128,0.5930137248391284,0.016984876231540925,0.3114858772961138,0.03794801505343467,0.04187770129244378,0.5382698549391026,0.0704185514189051,0.27655968757803495,0.11420351142401483,0.03640587334708934,0.5199570045654187,0.05287392308544212
20268020,4,NORMAL/ZCH0192.wav,NORMAL,NORMAL,0.75,0.017503882811556012,0.9268436262180451,0.041440583445805354,0.008334893965012103,0.00587701355958138,0.022421303930478947,0.9535516881241923,0.01166367716330204,0.006870747594930048,0.005492583187096653,0.030861238274118866,0.9268436262180451,0.024137917729329463,0.010199825437435387,0.007957392341071227
20268020,4,ASD/ZCH0598.wav,ASD,ASD,0.75,0.8117113293637315,0.08407162654021447,0.015941945274516263,0.0696437228781228,0.018631375943415015,0.8567794850780635,0.038569601027978906,0.015854267465929026,0.05881310141622895,0.02998354501179963,0.8151005707578252,0.08407162654021447,0.015313430672160499,0.05943315227807197,0.026081219751727922
20268020,4,NORMAL/ZCH0394.wav,NORMAL,NORMAL,0.75,0.01813484520882369,0.9315478398398892,0.02506355235427829,0.019011143103214702,0.00624261949379412,0.02044423845969423,0.925225931383896,0.011217941952604463,0.03588370486621931,0.007228183337585967,0.018570518894347784,0.9315478398398892,0.013968013705963692,0.02939017502820131,0.006523452531598008
20268020,4,NORMAL/ZCH0185.wav,NORMAL,NORMAL,0.75,0.21535742828311472,0.6699656811883526,0.05041876303120125,0.05931950011029713,0.004938627387034184,0.056558915599997206,0.8342093232444521,0.017167618962287173,0.08688039073620289,0.005183751457060777,0.13828190632051757,0.6699656811883526,0.03823597265818662,0.14454243397166286,0.008974005861280351
20268020,4,NORMAL/ZCH0202.wav,NORMAL,NORMAL,0.75,0.00924036199420903,0.94353990713769,0.03326393679822893,0.008215267356036832,0.005740526713835223,0.014492643359196304,0.9598299559326791,0.010647299535396202,0.009488501290700335,0.005541599882028122,0.017587444722559,0.94353990713769,0.01953978668332792,0.012056077412197906,0.007276784044225193
20268020,4,NORMAL/ZCH0254.wav,NORMAL,NORMAL,0.75,0.01429761405293836,0.9352761619527521,0.029934482669570557,0.014684122452397946,0.005807618872341061,0.020583560956452977,0.9364133390701426,0.014627865551657297,0.020843245255190386,0.007531989166556662,0.0192881599005694,0.9352761619527521,0.018650722231195113,0.019583033349382786,0.007201922566100606
20268020,4,NORMAL/ZCH0109.wav,NORMAL,NORMAL,0.75,0.060321878967595124,0.7835404717994363,0.07450880742125474,0.0657671650816039,0.015861676730109825,0.04848014597873512,0.817946975650939,0.05529439308696775,0.05354839045158493,0.024730094831773217,0.058312336789314786,0.7835404717994363,0.06793563115443103,0.06419323363654957,0.026018326620268296
20268020,4,VSD/ZCH0775.wav,VSD,VSD,0.75,0.05652358841908227,0.0032374508540337255,0.2745369169968045,0.017669179895639715,0.6480328638344398,0.03753249992449812,0.01706590944404431,0.2962206934970881,0.05203975044483829,0.5971411466895313,0.04267629297109225,0.0032374508540337255,0.2939252963691804,0.043996200728143746,0.6161647590775499
20268020,4,NORMAL/ZCH0279.wav,NORMAL,NORMAL,0.75,0.008971798440138701,0.9334974099503105,0.03541627816104739,0.015279610543813752,0.006834902904689631,0.012340323640258728,0.9345641180077066,0.017402993651917435,0.028438394870425307,0.007254169829691991,0.011649067390627169,0.9334974099503105,0.02211908695769863,0.025496391797838133,0.007238043903525563
20268020,4,NORMAL/ZCH0118.wav,NORMAL,NORMAL,0.75,0.00781329613320277,0.9625351526519779,0.02132608742617755,0.006585392995701897,0.0017400707929397688,0.0062424939214134785,0.9777180690875079,0.00798789960887823,0.007070286511572571,0.0009812508706276252,0.009825422823410338,0.9625351526519779,0.015404665000643681,0.010562335127592137,0.0016724243963759826
20268020,4,NORMAL/ZCH0401.wav,NORMAL,NORMAL,0.75,0.010620028969734319,0.9607865508375976,0.015610726217909461,0.008672987831429457,0.0043097061433292365,0.0058892780505755095,0.971689235486035,0.008465925630919753,0.010185009252752593,0.0037705515797171974,0.008772969157385884,0.9607865508375976,0.012697343674348611,0.01274874564999978,0.004994390680668164
20268020,4,NORMAL/ZCH0274.wav,NORMAL,NORMAL,0.75,0.044804713365472607,0.8865865596915893,0.03286165385619022,0.029567308003671612,0.0061797650830763325,0.05243296550132696,0.8875896280977433,0.020592335496110396,0.03311483835823069,0.006270232546588704,0.05087680770576792,0.8865865596915893,0.023797478355463482,0.03244957532014884,0.006289578927030467
20268020,4,NORMAL/ZCH0065.wav,NORMAL,NORMAL,0.75,0.022029101988766526,0.8828728728617818,0.039485551608677824,0.050416618883030895,0.005195854657742931,0.015164690102511138,0.917577691827645,0.02463028416491348,0.037136117363493,0.005491216541437336,0.021669737684621458,0.8828728728617818,0.03612223996640954,0.05218367059731509,0.007151478889872068
20268020,4,NORMAL/ZCH0032.wav,NORMAL,NORMAL,0.75,0.05551026920809949,0.8687264651899173,0.04659171463630156,0.01716061054899841,0.012010940416683354,0.0301614056014149,0.91043282063806,0.019655312522414974,0.02972138331818109,0.010029077919929144,0.047031963446441415,0.8687264651899173,0.033253686239547275,0.0369608620038185,0.014027023120275555
20268020,4,VSD/ZCH0807.wav,VSD,VSD,0.75,0.12389197470673584,0.0010006481841767726,0.24995642185862216,0.007816928813362536,0.6173340264371028,0.11429843261014143,0.006817813161377557,0.36708195864791804,0.041022696701759995,0.470779098878803,0.11719891093856574,0.0010006481841767726,0.3394131005877215,0.03290146018266272,0.5094858801068732
20268020,4,NORMAL/ZCH0311.wav,NORMAL,NORMAL,0.75,0.005911866837929471,0.9499886994775388,0.016524689310483752,0.024312378333143342,0.003262366040904674,0.003823418556302173,0.953018445319896,0.007559606556893506,0.03303512741679617,0.0025634021501121543,0.004530454048572471,0.9499886994775388,0.010166505096873793,0.03245221677265075,0.00286212460436416
20268020,4,VSD/ZCH0897.wav,VSD,VSD,0.75,0.0043481170503518905,0.007571395217725563,0.027278080279327863,0.012565346083607553,0.9482370613689872,0.008932200186588017,0.013968147321149881,0.058685238688297975,0.03935563738319032,0.8790587764207738,0.007829639258954923,0.007571395217725563,0.05111898366817832,0.03284955045365027,0.900630431401491
20268020,4,VSD/ZCH0835.wav,VSD,VSD,0.75,0.008555280762553422,0.006697599666384078,0.04059054219255893,0.007602981332836191,0.9365535960456675,0.017988021303976254,0.027601966315078292,0.04093660258949913,0.02126309788260191,0.8922103119088445,0.01591986261324262,0.006697599666384078,0.041510121026099106,0.018190900264888503,0.9176815164293858
20268020,4,VSD/ZCH0919.wav,VSD,VSD,0.75,0.006657746093689498,0.012470043982122807,0.026206843455680875,0.02442666024268409,0.9302387062258227,0.006993090159168707,0.02130196723444794,0.014390945136537266,0.03293244594262714,0.924381551527219,0.0069565841926569625,0.012470043982122807,0.01744231931153986,0.031028890152959256,0.9321021623607212
20268020,4,NORMAL/ZCH0290.wav,NORMAL,NORMAL,0.75,0.018854847500989143,0.9288641901131258,0.028049857831046916,0.011351336792993525,0.012879767761844687,0.025233477248743738,0.9283420191061077,0.015074132923061537,0.0099986788114648,0.02135169191062227,0.023500912735079142,0.9288641901131258,0.01823568035550173,0.010282198100702059,0.019117018695591247
20268020,4,PFO/ZCH0738.wav,PFO,ASD,0.75,0.3537905204368761,0.16350292369726704,0.08020487885814938,0.12928037953349694,0.2732212974742105,0.507421178118884,0.1404560230788746,0.07538424526856784,0.11251704278838211,0.16422151074529145,0.45880942370027944,0.16350292369726704,0.07507344876236384,0.11444519248208727,0.1881690113580024
20268020,4,PDA/ZCH0680.wav,PDA,VSD,0.75,0.22194151123939204,0.002926087537212683,0.1765079190626667,0.0038770882335412288,0.5947473939271873,0.0941546568759489,0.011043375399965735,0.38287934621087805,0.005098705753678673,0.5068239157595287,0.1266809816710346,0.002926087537212683,0.3336434749016918,0.004824688742893309,0.5319247671471675
20268020,4,ASD/ZCH0633.wav,ASD,PFO,0.75,0.04486993660545433,0.00419444328081534,0.010874357633721967,0.90896394832017,0.031097314159838428,0.022722074019406117,0.005196112452559552,0.012168812051905484,0.8829298075664803,0.07698319390964864,0.028276198827649607,0.004194443280815339,0.011854388040435475,0.8901051100294307,0.06556985982166874
20268020,4,NORMAL/ZCH0135.wav,NORMAL,NORMAL,0.75,0.004157634194102262,0.9549392543815407,0.025499987456977916,0.009653687223135799,0.005749436744243276,0.0031581265537999506,0.9546157326911813,0.01672277288799483,0.021230451003994275,0.004272916863029717,0.003391118938108558,0.9549392543815408,0.018827670331688237,0.018222754127046163,0.004619202221616348
20268020,4,NORMAL/ZCH0307.wav,NORMAL,NORMAL,0.75,0.025970232993034616,0.9245274048746028,0.026634390806348194,0.018219697840036443,0.004648273485977973,0.02934491749754041,0.9319386576143005,0.01758767282382085,0.014973664732392946,0.006155087331945264,0.030897789613619518,0.9245274048746028,0.02128570389398286,0.017008043546543384,0.00628105807125141
20268020,4,VSD/ZCH0887.wav,VSD,PFO,0.75,0.24824994250293025,0.01612768067708106,0.13155172974886314,0.5175897787702524,0.08648086830087315,0.17882748652303743,0.02100474637719791,0.2031065639539073,0.5020031163076516,0.09505808683820577,0.19685124987639532,0.01612768067708106,0.1859767181648986,0.5077754055569476,0.09326894572467756
20268020,4,NORMAL/ZCH0268.wav,NORMAL,NORMAL,0.75,0.019643746470345894,0.889210629785465,0.05645001411947373,0.019810133027547833,0.014885476597167616,0.012865725409591409,0.9401574256202961,0.023502606357400795,0.015079466710455727,0.00839477590225601,0.02277512816837481,0.889210629785465,0.04674611325997982,0.025890527285462477,0.015377601500717939
20268020,4,NORMAL/ZCH0101.wav,NORMAL,NORMAL,0.75,0.012886361332598928,0.945844027628235,0.02400229033003135,0.009561200120166298,0.0077061205889685,0.016197853698242722,0.9607592408647536,0.00959520829900789,0.006918074701761392,0.006529622436234444,0.019987522046025358,0.945844027628235,0.015932296260777412,0.009550999848369185,0.008685154216592994
20268020,4,ASD/ZCH0585.wav,ASD,VSD,0.75,0.38589438940568715,0.0006925056738611732,0.19603344005810683,0.025740140466883533,0.39163952439546135,0.22908271174434325,0.007241949870593894,0.3852318711812017,0.017988416926291325,0.36045505027756986,0.2694191131068744,0.0006925056738611732,0.33983835822593106,0.020015352982057952,0.37003467001127555
20268020,4,NORMAL/ZCH0533.wav,NORMAL,NORMAL,0.75,0.014246586894007847,0.87860233593061,0.024795154016361124,0.06694579186710059,0.015410131291920532,0.013644857158262354,0.9005876482879629,0.00893683231377751,0.06473866496460834,0.012091997275388984,0.01605848758668548,0.87860233593061,0.014383716345464339,0.07602829575777782,0.014927164379462371
20268020,4,ASD/ZCH0536.wav,ASD,ASD,0.75,0.8765119883749163,0.050730412111864104,0.03237315038952489,0.009360600875268415,0.03102384824842628,0.8874264797810405,0.0319726321129349,0.03432616376818109,0.010711333399576226,0.03556339093826729,0.8718008940761056,0.050730412111864104,0.033339048524413786,0.010217982534763356,0.03391166275285308
20268020,4,NORMAL/ZCH0348.wav,NORMAL,NORMAL,0.75,0.006668534278891628,0.9459319719681268,0.02558895747978026,0.017782273079794957,0.004028263193406377,0.00421674670098658,0.9576692309260735,0.010123825409918958,0.02485523998258651,0.0031349569804344584,0.005706592050280281,0.9459319719681268,0.016095420291794442,0.02825579853833482,0.004010217151463618
20268020,4,ASD/ZCH0640.wav,ASD,ASD,0.75,0.45195847911241427,0.2788476824351547,0.16833333233590403,0.01310139701869317,0.0877591090978339,0.44348073427931667,0.17365804889191444,0.2754874639574228,0.02813307835120027,0.07924067452014583,0.40326033539289435,0.2788476824351547,0.22239768977361787,0.021689246757392252,0.0738050456409409
20268020,4,NORMAL/ZCH0374.wav,NORMAL,NORMAL,0.75,0.01186990616577432,0.9382489776636349,0.030405762508165842,0.009742086815865756,0.009733266846559188,0.011093977200826484,0.9541250386144701,0.019962634499365358,0.006316666539774535,0.008501683145563326,0.01416744946627285,0.938248977663635,0.027754805092627198,0.008812539876978305,0.01101622790048675
20268020,4,PFO/ZCH0749.wav,PFO,PFO,0.75,0.0670110444154899,0.3425236660801926,0.027974864431482484,0.5469143323027413,0.01557609277009359,0.036118366180834666,0.31293592341924137,0.021209733617147886,0.6105418380330323,0.019194138749743905,0.042674984146657054,0.3425236660801926,0.02221598399089279,0.5749156711406466,0.01766969464161101
20268020,4,NORMAL/ZCH0438.wav,NORMAL,NORMAL,0.75,0.03716431105920752,0.8839748092642761,0.04467943238827067,0.01996172229217087,0.014219724996074937,0.07226793434710548,0.8210197093496191,0.03357944219418579,0.04559115085515354,0.027541763253936192,0.04442721273906575,0.8839748092642761,0.02749593443997976,0.027156510793140506,0.016945532763537906
20268020,4,NORMAL/ZCH0469.wav,NORMAL,NORMAL,0.75,0.05929577073703233,0.5228997363592224,0.027285165015462718,0.3831069810537664,0.007412346834516277,0.03550027322140917,0.47758687832589625,0.018465641698692307,0.46155428440762786,0.006892922346374498,0.03913974134611651,0.5228997363592224,0.019469273507608926,0.41191687695137824,0.006574371835673902
20268020,4,NORMAL/ZCH0461.wav,NORMAL,NORMAL,0.75,0.008256877804350618,0.9482823567064177,0.027674394142633913,0.008932041753263337,0.006854329593334437,0.010572170912358955,0.9492855496290453,0.014206463914049085,0.01662686247118705,0.009308953073359532,0.010150195342842278,0.9482823567064178,0.017784212198959676,0.014949831818905848,0.008833403932874516
20268020,4,NORMAL/ZCH0086.wav,NORMAL,NORMAL,0.75,0.014291355617275871,0.9376390462669872,0.03317000050260436,0.008696146989404498,0.006203450623728069,0.026914281085751522,0.9376712594808225,0.019257130819714748,0.009228060668870478,0.006929267944840534,0.023768982251256666,0.9376390462669872,0.022742812703072515,0.009098659236391384,0.006750499542292199
20268020,4,VSD/ZCH0811.wav,VSD,VSD,0.75,0.007229034631335048,0.011778226511796176,0.03490245881458478,0.015482511503084025,0.9306077685392,0.016937660376908296,0.025431874061338452,0.03440065585601954,0.023721220759394212,0.8995085889463396,0.014688475730489196,0.011778226511796176,0.03488757011321547,0.02191079322509607,0.9167349344194031
20268020,4,VSD/ZCH0766.wav,VSD,VSD,0.75,0.010137143227075096,0.010843193694569823,0.036398709409281436,0.017084451496458077,0.9255365021726156,0.020095889739521165,0.018477447901983517,0.026488747876704015,0.02060315215419515,0.9143347623275961,0.017723432051132738,0.010843193694569825,0.029120759799746716,0.019843665033848313,0.9224689494207025
20268020,4,NORMAL/ZCH0531.wav,NORMAL,NORMAL,0.75,0.03786907182924792,0.8629782033611414,0.05699121571081757,0.026399564047659967,0.015761945051133146,0.020577233930297957,0.9163369348911055,0.020042734888621277,0.03147328402255702,0.011569812267418366,0.034743023387599374,0.8629782033611414,0.03886701498954532,0.045259656082224625,0.0181521021794893
20268020,4,ASD/ZCH0637.wav,ASD,ASD,0.75,0.6650951483763003,0.03916224946536932,0.062272236542957216,0.08534669222515776,0.14812367339021543,0.7432158460381558,0.0161730773358155,0.03937714266656823,0.07371047009518839,0.12752346386427207,0.7106605780159974,0.03916224946536932,0.04441081921169611,0.0753277262427494,0.13043862706418788
20268020,4,NORMAL/ZCH0013.wav,NORMAL,NORMAL,0.75,0.08041534178507698,0.8357728539850108,0.0550438609283998,0.01707865669875513,0.011689286602757061,0.055940601282548345,0.8498632716654086,0.025462558398932807,0.04835320147685803,0.020380367176252166,0.06599682943699432,0.8357728539850108,0.03465014076470655,0.0439380469580902,0.019642128855198157
20268020,4,PFO/ZCH0754.wav,PFO,NORMAL,0.75,0.05685031918032633,0.8680732335249319,0.013678862890954196,0.04654465474152629,0.01485292966226128,0.025180423491924887,0.9301937821841694,0.007747474050342746,0.02960398692612627,0.007274333347436774,0.0499039403253874,0.8680732335249319,0.01440117874772096,0.05359759339897141,0.014024054002988314
20268020,4,PFO/ZCH0737.wav,PFO,ASD,0.75,0.3599987729513235,0.008350064774141032,0.052550975757070406,0.29435766920080697,0.2847425173166581,0.4127044731705667,0.008223240863144755,0.04829232923290124,0.40046286515948926,0.13031709157389804,0.39948846703446095,0.008350064774141032,0.04935235931101995,0.3738981591394812,0.16891094974089696
20268020,4,VSD/ZCH0804.wav,VSD,VSD,0.75,0.013324117697099336,0.009501330239760485,0.05117307937648326,0.020108393480977017,0.9058930792056799,0.015303997914704265,0.0276832268284616,0.022386505032886778,0.030870858896952236,0.9037554113269952,0.015023661389588373,0.009501330239760486,0.0298971119772725,0.028613196169458618,0.9169647002239201
20268020,4,VSD/ZCH0792.wav,VSD,VSD,0.75,0.013796151206496098,0.018835411533522646,0.039827107249595047,0.02743650123693194,0.9001048287734543,0.022791065782354,0.018869329710320723,0.04782791287774237,0.030253558185087556,0.8802581334444953,0.020542928062276145,0.018835411533522646,0.04582895154681416,0.02955007835849955,0.8852426304988875
20268020,4,ASD/ZCH0636.wav,ASD,ASD,0.75,0.48732215438739374,0.4378828099449535,0.041043830497695805,0.021218566390887553,0.012532638779069415,0.5471266319732015,0.3786110137819417,0.01589137599381175,0.04761150603594555,0.010759472215099536,0.4930343559201396,0.4378828099449535,0.02104262878919292,0.03760716857454718,0.010433036771166845
20268020,4,NORMAL/ZCH0036.wav,NORMAL,NORMAL,0.75,0.02804185859102062,0.9032651730887519,0.03817958804227813,0.024792022798671945,0.005721357479277471,0.028053101355960113,0.9174638595812901,0.014853231970514849,0.034215474277350756,0.005414332814884318,0.03166977047026246,0.903265173088752,0.022601221335143765,0.0362741756518386,0.006189659454003327
20268020,4,ASD/ZCH0548.wav,ASD,PFO,0.75,0.19146360897649184,0.06629657893293768,0.24078723795416174,0.2842208660807972,0.21723170805561154,0.09007148063618776,0.055866347753191666,0.2905827957800183,0.4833669232033685,0.08011245262723374,0.11467322031591809,0.06629657893293768,0.2757262659463445,0.4295754446295434,0.11372849017525638
20268020,4,NORMAL/ZCH0170.wav,NORMAL,NORMAL,0.75,0.004768478531645677,0.9511542672544039,0.02930104312816318,0.009094086317625424,0.005682124768161872,0.004982098896411434,0.9654449981651689,0.016948209286385598,0.0073109391359346375,0.005313754516099364,0.006474009191971085,0.9511542672544039,0.02529330427852732,0.010024386002597222,0.007054033272500489
20268020,4,NORMAL/ZCH0033.wav,NORMAL,NORMAL,0.75,0.023658469370345762,0.910640402104101,0.03829242353944426,0.02220548482977425,0.005203220156334696,0.020457758529487204,0.9204841527519267,0.02225365665282443,0.030389237175335634,0.006415194890426055,0.023157379062238515,0.910640402104101,0.028329535065630167,0.03116485054835157,0.00670783321967872
20268020,4,NORMAL/ZCH0387.wav,NORMAL,NORMAL,0.75,0.018212525772015414,0.9013211263842557,0.045011887600832766,0.02099121437882467,0.014463245864071564,0.024955628489920494,0.9051368265294294,0.031081412539193855,0.02123522459275775,0.017590907848698552,0.024022699187242633,0.9013211263842557,0.03550167664683007,0.02181483351101582,0.01733966427065584
20268020,4,NORMAL/ZCH0165.wav,NORMAL,NORMAL,0.75,0.0034025922367728334,0.9590494720841298,0.02538085677042685,0.007320212447699043,0.004846866460971334,0.0037524210374650286,0.9585791974527468,0.018995806042370767,0.01335496917746242,0.005317606289955112,0.0036330112619252612,0.9590494720841298,0.02043031584053718,0.011732559904737847,0.005154640908669887
