recording_id,fold,true_label,pred_label,prob_ASD,prob_NORMAL,prob_PDA,prob_PFO,prob_VSD
ZCH0136,0,NORMAL,NORMAL,0.059660955686565514,0.8710311294255462,0.027129491084750126,0.025129830345300374,0.017048593457837904
ZCH0341,0,NORMAL,NORMAL,0.05993792360561056,0.845862082585095,0.02396739991537915,0.06003468312585052,0.010197910768064871
ZCH0862,0,VSD,VSD,0.20160721018763894,0.13491304012596722,0.21430546319690946,0.050601550032969546,0.39857273645651486
ZCH0017,0,NORMAL,NORMAL,0.03445835411039813,0.8699341236270096,0.02959776947409776,0.045609812183782496,0.020399940604712084
ZCH0769,0,VSD,VSD,0.04386994637887132,0.03298043708723783,0.03980155356707974,0.038194867776840453,0.8451531951899707
ZCH0431,0,NORMAL,NORMAL,0.10957314754059604,0.7293514172442997,0.06135541828149576,0.026315376692899482,0.07340464024070888
ZCH0301,0,NORMAL,NORMAL,0.020516553226588657,0.9066150343178141,0.025403550600070334,0.032396367758076985,0.01506849409744996
ZCH0105,0,NORMAL,NORMAL,0.013865702093684254,0.9585750663178334,0.014669651914380076,0.007242101427897183,0.005647478246205096
ZCH0523,0,NORMAL,NORMAL,0.1413922267717289,0.6856965054882479,0.10635478768652348,0.05467066141547641,0.0118858186380233
ZCH0917,0,VSD,VSD,0.058408210836443625,0.04018216622754101,0.12064530315523875,0.020199053075507366,0.7605652667052692
ZCH0794,0,VSD,VSD,0.0742604609528668,0.05103835682185704,0.0823880025885298,0.026548478708337788,0.7657647009284086
ZCH0809,0,VSD,VSD,0.031331265636667716,0.0599305529413125,0.02447436037367728,0.041566412934147076,0.8426974081141955
ZCH0753,0,PFO,PFO,0.20437634155053647,0.10949721389075007,0.026579836012126726,0.49875619912931585,0.1607904094172709
ZCH0287,0,NORMAL,NORMAL,0.05596119444315395,0.87800482452683,0.022942083798591344,0.029378611934937852,0.01371328529648688
ZCH0628,0,ASD,PFO,0.2590646677805425,0.038225234129981536,0.11977888047680452,0.45895033832991416,0.12398087928275729
ZCH0447,0,NORMAL,NORMAL,0.07596577417724423,0.8803968431504285,0.030227593760833917,0.008654055933947694,0.004755732977545498
ZCH0354,0,NORMAL,NORMAL,0.04773293174076964,0.8967293090557376,0.03404230501715089,0.011316906355864433,0.010178547830477348
ZCH0164,0,NORMAL,NORMAL,0.07719018739354906,0.8359170019502093,0.03427781577383212,0.04269625204847178,0.00991874283393752
ZCH0497,0,NORMAL,NORMAL,0.05394795292589753,0.9155840603990943,0.011950035824411495,0.00524415253773402,0.013273798312862649
ZCH0649,0,ASD,NORMAL,0.15778708175172804,0.7559568136624796,0.018785703981201104,0.020747971966473985,0.04672242863811753
ZCH0470,0,NORMAL,NORMAL,0.028359212345657157,0.9069510060786079,0.025887461847168364,0.027135965991329013,0.01166635373723751
ZCH0881,0,VSD,VSD,0.01821343210692405,0.07636194104357476,0.05501356150112631,0.020226373238031628,0.8301846921103432
ZCH0576,0,ASD,VSD,0.07547897357308639,0.04783571650410664,0.24482833896285194,0.30680897550170994,0.32504799545824514
ZCH0812,0,VSD,PFO,0.06519739881637379,0.323275654268705,0.02315525170772888,0.5819490760029139,0.006422619204278491
ZCH0593,0,ASD,NORMAL,0.2505482279844782,0.4822216009796989,0.054393969959253934,0.17982231243574176,0.03301388864082711
ZCH0159,0,NORMAL,NORMAL,0.02436150310822884,0.921040640156697,0.025243676610019722,0.015905767761174246,0.013448412363880334
ZCH0935,0,VSD,VSD,0.024334181984079148,0.04799996769770376,0.07459152778096667,0.043170651638904364,0.809903670898346
ZCH0392,0,NORMAL,NORMAL,0.005160151210887392,0.9761833710713087,0.006776252723536706,0.008474652774717652,0.003405572219549557
ZCH0657,0,PDA,PDA,0.024674331747371124,0.03216256476539335,0.47821465784401246,0.04051356319608618,0.42443488244713695
ZCH0215,0,NORMAL,NORMAL,0.026928801127710768,0.9240434470945645,0.025834138221361984,0.013770238953972601,0.009423374602389976
ZCH0055,0,NORMAL,NORMAL,0.0046507533903453685,0.980450724764353,0.00725640925953938,0.005162849310839506,0.0024792632749226595
ZCH0863,0,VSD,VSD,0.07296776010913622,0.11364319042893664,0.013548647300901566,0.05251573450301299,0.7473246676580126
ZCH0844,0,VSD,VSD,0.01542253991451653,0.11888656365675118,0.05019749534743265,0.034801169528733564,0.7806922315525661
ZCH0018,0,NORMAL,NORMAL,0.015139620213256358,0.95288155803195,0.012543249133520026,0.014045980689877289,0.005389591931396386
ZCH0230,0,NORMAL,NORMAL,0.02661397556946039,0.9408326660022471,0.014893022215366137,0.008839524771877603,0.008820811441048775
ZCH0227,0,NORMAL,NORMAL,0.03260704567078084,0.9117590944635899,0.03266840519210421,0.007360403022034832,0.015605051651490226
ZCH0445,0,NORMAL,NORMAL,0.007489763466335017,0.970164398455144,0.012285554205536123,0.005784447833737825,0.004275836039247096
ZCH0728,0,PFO,PFO,0.11775934837748193,0.024251264350736084,0.05117668780437111,0.7437184060650447,0.06309429340236633
ZCH0281,0,NORMAL,NORMAL,0.01960109684134346,0.9572543013753527,0.010859597771904417,0.006888858382942975,0.005396145628456526
ZCH0717,0,PFO,PFO,0.21755031651446718,0.06303718705993587,0.03280928362116136,0.6368744848107964,0.049728727993639234
ZCH0373,0,NORMAL,NORMAL,0.029428896706851622,0.9143662777032763,0.01833381192579455,0.014995595579703576,0.02287541808437405
ZCH0417,0,NORMAL,NORMAL,0.024559078952146374,0.9465637903135387,0.01333703072903936,0.0077991183636874715,0.00774098164158818
ZCH0168,0,NORMAL,NORMAL,0.015192102442151561,0.9546051858208042,0.01714728293985263,0.006275825756187175,0.00677960304100448
ZCH0706,0,PFO,PFO,0.20738758435656468,0.3371667687342571,0.021561809892727563,0.42308663626078147,0.010797200755669189
ZCH0484,0,NORMAL,NORMAL,0.011454919572609367,0.9638450179990335,0.011386917186103481,0.008827632419153013,0.004485512823100647
ZCH0913,0,VSD,VSD,0.15924980583243445,0.035661574810288456,0.202216332321661,0.049105728469469485,0.5537665585661466
ZCH0936,0,VSD,VSD,0.028771957784283264,0.04830935802662321,0.07926616320755614,0.053380505273745826,0.7902720157077916
ZCH0465,0,NORMAL,NORMAL,0.007394382023626186,0.9651840689450324,0.013139048493633055,0.008966821994281938,0.005315678543426547
ZCH0265,0,NORMAL,NORMAL,0.030255751799297313,0.7919782236380888,0.05101170829635112,0.11763580028287396,0.00911851598338885
ZCH0156,0,NORMAL,NORMAL,0.018186009579836876,0.9571107316042662,0.011452734064851202,0.00935808977122911,0.0038924349798167028
ZCH0834,0,VSD,VSD,0.07223067772603728,0.06559629164676267,0.10743582923605154,0.06173764688694639,0.6929995545042023
ZCH0890,0,VSD,VSD,0.02790466603044017,0.07670896722260043,0.05012246747165642,0.031670395822477666,0.8135935034528252
ZCH0596,0,ASD,NORMAL,0.07435268842972995,0.8597990219733239,0.02414391038261258,0.02436729180888829,0.017337087405445324
ZCH0871,0,VSD,VSD,0.055805527341071456,0.05237652243671127,0.15204870547640748,0.03688320023655741,0.7028860445092524
ZCH0744,0,PFO,PFO,0.3071378359893893,0.015721426426386735,0.07347702213894798,0.5811548864436348,0.022508829001641202
ZCH0463,0,NORMAL,NORMAL,0.009542685510390041,0.9528455903853635,0.013707618424353028,0.018398652889132908,0.005505452790760567
ZCH0008,0,NORMAL,NORMAL,0.03250772120781276,0.9217589254440113,0.028533406591997656,0.013449720080750615,0.0037502266754276844
ZCH0422,0,NORMAL,NORMAL,0.08775385032308813,0.7239453069646209,0.10067924169830457,0.031098592986231032,0.05652300802775542
ZCH0322,0,NORMAL,NORMAL,0.0128706559897884,0.9602776435784812,0.012800276361688016,0.0066833640984649565,0.007368059971577381
ZCH0693,0,PFO,ASD,0.5726931785377826,0.16607742404183815,0.045936540220700685,0.19132773297235614,0.023965124227322606
ZCH0226,0,NORMAL,NORMAL,0.03617014990044325,0.9020462240562778,0.018789475499341683,0.03633052068728706,0.006663629856650318
ZCH0169,0,NORMAL,NORMAL,0.02116860830885387,0.9505063762109452,0.01621423762045391,0.008194077191574112,0.003916700668172886
ZCH0443,0,NORMAL,NORMAL,0.15077257101313574,0.6703021726401902,0.09372602200560771,0.036935445109551615,0.04826378923151487
ZCH0297,0,NORMAL,NORMAL,0.00945326804062706,0.9658202148198037,0.008249195165883481,0.006510050446199235,0.009967271527486499
ZCH0670,0,PDA,NORMAL,0.22557513420118352,0.451337640821856,0.0380307390866937,0.23700865377977715,0.04804783211048961
ZCH0681,0,PDA,PDA,0.2145039759863268,0.08469754912257206,0.48855427920808037,0.01579843497945882,0.19644576070356193
ZCH0060,0,NORMAL,NORMAL,0.017723911439667686,0.9479315423734552,0.020864859035296432,0.008111102061024984,0.005368585090555736
ZCH0724,0,PFO,ASD,0.4900989406890497,0.03581463085019783,0.027137134864834128,0.41410551565003695,0.03284377794588139
ZCH0365,0,NORMAL,NORMAL,0.05779087997329259,0.9124171573612538,0.011104410987065612,0.01244163725567526,0.006245914422712751
ZCH0661,0,PDA,PDA,0.020310759760614097,0.0516974327479212,0.7612066049015729,0.03138182963984942,0.1354033729500424
ZCH0855,0,VSD,VSD,0.02818256932053222,0.05542549374881968,0.21141618803952028,0.0824926625115101,0.6224830863796178
ZCH0752,0,PFO,PFO,0.45407436145007707,0.0072788930615193415,0.038999953222112645,0.4831065543640104,0.01654023790228054
ZCH0674,0,PDA,NORMAL,0.22198613184703903,0.5881133470986174,0.06361672425175917,0.040094805586719046,0.08618899121586548
ZCH0770,0,VSD,VSD,0.03177868423159741,0.05562970109380234,0.05422233788652055,0.04982633615044342,0.8085429406376363
ZCH0444,0,NORMAL,NORMAL,0.09033370104976951,0.7514504067493185,0.07871396687101917,0.0321793113359186,0.04732261399397426
ZCH0304,0,NORMAL,NORMAL,0.02238890683894699,0.7813432031793056,0.016141793328059727,0.15150711491009033,0.028618981743597293
ZCH0030,0,NORMAL,NORMAL,0.01262611977462967,0.949140086822932,0.023839108962523066,0.008629299275633953,0.005765385164281238
ZCH0269,0,NORMAL,NORMAL,0.011211330339925026,0.9688723096932227,0.009899479872032917,0.006131515460637534,0.0038853646341819067
ZCH0084,0,NORMAL,NORMAL,0.05016268935900928,0.8485781542409656,0.05380796833016817,0.03745407350116976,0.009997114568687205
ZCH0358,0,NORMAL,NORMAL,0.03318822249607458,0.9293593834181215,0.016214482792177833,0.012014881762028851,0.009223029531597317
ZCH0408,0,NORMAL,NORMAL,0.024388147827209557,0.936097350600204,0.02096694794533538,0.0087342942820934,0.009813259345157657
ZCH0860,0,VSD,VSD,0.026257363866130777,0.06759416845315294,0.06501762395398035,0.03226249906941743,0.8088683446573186
ZCH0703,0,PFO,ASD,0.3307482848247837,0.10729736656121605,0.14275934651962466,0.28290795231134697,0.13628704978302858
ZCH0573,0,ASD,PFO,0.3176953941234915,0.05185655920829052,0.12495273501591918,0.473271577555073,0.032223734097225815
ZCH0634,0,ASD,ASD,0.5635000009804664,0.0323844595272761,0.039294921775327236,0.3447083293280886,0.02011228838884172
ZCH0723,0,PFO,PFO,0.10526546327215684,0.2848465195335808,0.04943289630363639,0.5116795942535167,0.048775526637109407
ZCH0264,0,NORMAL,NORMAL,0.023877400435954856,0.9406154446610222,0.017647729400451125,0.007721991408623025,0.01013743409394884
ZCH0763,0,VSD,VSD,0.03975953024874234,0.03541802151322557,0.030633515239518377,0.031858184796764104,0.8623307482017496
ZCH0733,0,PFO,PFO,0.2769095100327393,0.02482593208392365,0.0322055176727654,0.49690484441825145,0.16915419579232022
ZCH0199,0,NORMAL,NORMAL,0.013973094001489352,0.9518171418031464,0.018371156152050587,0.007640081227373306,0.008198526815940506
ZCH0505,0,NORMAL,NORMAL,0.275004393090895,0.5580054832573067,0.058902721425483764,0.011274598639057503,0.09681280358725705
ZCH0451,0,NORMAL,NORMAL,0.045087407762616744,0.9208276242604465,0.017279223353157982,0.006272330753088921,0.010533413870689788
ZCH0532,0,NORMAL,NORMAL,0.07982650227277496,0.8155744647509768,0.028160060432307423,0.018515525291275113,0.057923447252665516
ZCH0591,0,ASD,NORMAL,0.42357810045546795,0.4966641851846671,0.03522064878568319,0.033907472654916546,0.010629592919265272
ZCH0622,0,ASD,NORMAL,0.061389312187277265,0.8902373974616975,0.018628658432122566,0.01804740159223335,0.01169723032666933
ZCH0414,0,NORMAL,NORMAL,0.017708947539400874,0.8955843579073783,0.0328130402851594,0.036175096819958424,0.017718557448102905
ZCH0191,0,NORMAL,NORMAL,0.013809211605212264,0.944952583520046,0.014551692280819397,0.019933704427633956,0.006752808166288221
ZCH0551,0,ASD,ASD,0.5629461250966635,0.08058873855663051,0.1464403062478313,0.09472103709308283,0.1153037930057918
ZCH0059,0,NORMAL,PFO,0.025571291273334927,0.05779900748143391,0.03396630820554231,0.8733111105012978,0.009352282538391137
ZCH0671,0,PDA,ASD,0.3695091212704351,0.023037771597177088,0.156781141140968,0.3350734960780865,0.11559846991333339
ZCH0072,0,NORMAL,NORMAL,0.013246976008271481,0.9541764596124587,0.018167410199526064,0.006778472886800645,0.00763068129294319
ZCH0214,0,NORMAL,NORMAL,0.03198803915900677,0.9362015270330455,0.013413770136645358,0.010591138970032074,0.007805524701270409
ZCH0094,0,NORMAL,NORMAL,0.020749978505645954,0.9267156089141011,0.01336390873152055,0.028548543224890574,0.01062196062384183
ZCH0902,0,VSD,VSD,0.03513755536073767,0.06706989505114917,0.05256856070483054,0.037906989765576035,0.8073169991177066
ZCH0547,0,ASD,ASD,0.7585515905567108,0.03147592877709183,0.042642289003482894,0.1507794589145115,0.01655073274820303
ZCH0449,0,NORMAL,NORMAL,0.05173044537735214,0.909379395196143,0.019498199546529697,0.00849590230324925,0.010896057576725963
ZCH0453,0,NORMAL,NORMAL,0.011545512813694822,0.9601273592303364,0.013195133909298884,0.008226938831252499,0.006905055215417177
ZCH0892,0,VSD,VSD,0.16591147173594933,0.01710432827182083,0.08385927671518514,0.06173588773524656,0.6713890355417981
ZCH0914,0,VSD,VSD,0.031406632260028,0.06520841690231904,0.027980085735168844,0.04336403184317983,0.8320408332593043
ZCH0404,0,NORMAL,NORMAL,0.026649458854801363,0.9207739060806317,0.027320063326591287,0.008899387105884848,0.016357184632090616
ZCH0434,0,NORMAL,NORMAL,0.04894411732805708,0.892525102406845,0.025124581025355835,0.015013433812555724,0.01839276542718618
ZCH0603,0,ASD,NORMAL,0.01242530191208272,0.9407111746061326,0.017145564450383236,0.018275410406811153,0.011442548624590376
ZCH0093,0,NORMAL,NORMAL,0.012773387640145368,0.9585732392443913,0.013840177543099559,0.008855620986639823,0.005957574585724022
ZCH0058,0,NORMAL,NORMAL,0.00823587784642339,0.9693537675829489,0.010728248547583637,0.006005198314946657,0.005676907708097462
ZCH0592,0,ASD,ASD,0.4132866591768587,0.018022283668674734,0.24932769957737577,0.11687423701004034,0.20248912056705054
ZCH0772,0,VSD,VSD,0.03306916722564551,0.05234534970073442,0.025105802740491387,0.03320847419032892,0.8562712061427997
ZCH0087,0,NORMAL,NORMAL,0.050574950053415384,0.9195630146882294,0.015825755046643696,0.012018537556806668,0.0020177426549048364
ZCH0836,0,VSD,VSD,0.025088473958722154,0.06039470036230386,0.05280730103086029,0.03859268909132388,0.8231168355567898
ZCH0570,0,ASD,ASD,0.7239103663979471,0.039385786616039996,0.08027862501998817,0.09561276209164825,0.06081245987437645
ZCH0019,0,NORMAL,NORMAL,0.01617627536784596,0.9542447351089078,0.01364927096407805,0.009453411153912914,0.006476307405255186
ZCH0578,0,ASD,PFO,0.17250005052791334,0.0487978145345703,0.05620509499893103,0.6753741157692056,0.04712292416937969
ZCH0630,0,ASD,PFO,0.16208205884015922,0.24105686116468594,0.07486883603247693,0.4966636285733297,0.025328615389348243
ZCH0893,0,VSD,VSD,0.03338330742235302,0.0761501758303072,0.12670549067268558,0.06711923569261087,0.6966417903820434
ZCH0395,0,NORMAL,NORMAL,0.07255413813317738,0.4937064664352902,0.05009065612073966,0.3652656102686009,0.018383129042191797
ZCH0349,0,NORMAL,NORMAL,0.058640733043611,0.9056083064936199,0.011448968848984777,0.01207532356000626,0.012226668053778098
ZCH0650,0,ASD,NORMAL,0.08698346974905494,0.8320225262996757,0.03604724504348209,0.025512666594870174,0.0194340923129172
ZCH0583,0,ASD,NORMAL,0.16896698439032326,0.6234766794198501,0.15347803307444563,0.022958464980088803,0.031119838135292326
ZCH0880,0,VSD,VSD,0.042600057564897195,0.05569465848086026,0.07409468752464711,0.06300113960002435,0.764609456829571
ZCH0173,0,NORMAL,NORMAL,0.007872026500339394,0.9688521746681115,0.010128934166126074,0.0107258950629753,0.0024209696024478362
ZCH0632,0,ASD,PFO,0.14732694279406547,0.3413801595571846,0.08915585268596304,0.40983485791859287,0.012302187044194094
ZCH0425,0,NORMAL,NORMAL,0.025994838373560814,0.9299209178014587,0.017178109576816692,0.009628200251763341,0.017277933996400437
ZCH0609,0,ASD,PFO,0.31860991411592227,0.1470810904336955,0.04083590722391295,0.4580564806534072,0.035416607573062114
ZCH0730,0,PFO,PFO,0.37150351947075894,0.038281860930657975,0.06371202877901383,0.4844231832670491,0.04207940755252005
ZCH0247,0,NORMAL,NORMAL,0.04303749733728902,0.9237217986225634,0.01386842294793391,0.01154630254867813,0.0078259785435354
ZCH0026,0,NORMAL,NORMAL,0.005060849825936334,0.9804080273264466,0.006200514135917337,0.005178006576067449,0.003152602135632101
ZCH0719,0,PFO,NORMAL,0.05798027965824618,0.5695119080933112,0.016795777259032005,0.3409857508636575,0.014726284125753067
ZCH0085,0,NORMAL,NORMAL,0.012444077434323998,0.9523825319387637,0.01693797488616749,0.009645703872306979,0.008589711868437934
ZCH0850,0,VSD,VSD,0.23786387910682016,0.15730734545138214,0.14995099491320701,0.06929208780924495,0.38558569271934573
ZCH0161,0,NORMAL,NORMAL,0.008026374333811648,0.9631952399310142,0.012528185947216348,0.008934593316208956,0.007315606471748908
ZCH0043,0,NORMAL,NORMAL,0.011705558023019928,0.9488473376195699,0.012588786390055534,0.020986741058860253,0.0058715769084944245
ZCH0679,0,PDA,VSD,0.0694770107098891,0.045996817407350815,0.11729850921086252,0.05976210330501605,0.7074655593668816
ZCH0003,0,NORMAL,NORMAL,0.03318862628677245,0.9125733100823028,0.027351039354936803,0.015955792943442352,0.010931231332545619
ZCH0785,0,VSD,VSD,0.039455519963998376,0.0413088161211356,0.04131696377530619,0.049262020517052536,0.8286566796225073
ZCH0223,0,NORMAL,NORMAL,0.0957397480240535,0.8545998549904108,0.013591486059822735,0.012580346940560021,0.023488563985152932
ZCH0228,0,NORMAL,NORMAL,0.012296484909588002,0.9597372988618851,0.014483626565382976,0.00810324480944743,0.0053793448536964125
ZCH0454,0,NORMAL,NORMAL,0.2571969355832763,0.5887662165499373,0.048706739981624544,0.0845559408155852,0.020774167069576688
ZCH0397,0,NORMAL,NORMAL,0.050368840691325314,0.8895928509739788,0.02378471833328453,0.022464596571577455,0.013788993429833921
ZCH0870,0,VSD,PFO,0.06507603936405906,0.229883154460877,0.03456530978155261,0.5732674812413234,0.09720801515218794
ZCH0833,0,VSD,VSD,0.03922807694589226,0.046544528696980544,0.05239425657682514,0.062304612614933266,0.7995285251653688
ZCH0204,0,NORMAL,NORMAL,0.010505115491155768,0.9622240342246849,0.011462940921618685,0.007971609668232689,0.007836299694307887
ZCH0049,0,NORMAL,NORMAL,0.009626539674969839,0.9547119340625753,0.012318210487482774,0.015940720021661657,0.007402595753310336
ZCH0038,0,NORMAL,ASD,0.3423517555956373,0.2570827332710764,0.21158898826590536,0.03463480011742756,0.15434172274995342
ZCH0147,0,NORMAL,NORMAL,0.011359501090780275,0.9642867386866171,0.011375945758269168,0.007617757011929495,0.005360057452403977
ZCH0638,0,ASD,ASD,0.8255809635473189,0.06983169906468183,0.07600203585318292,0.004581169235492269,0.024004132299324233
ZCH0800,0,VSD,VSD,0.03157599715927087,0.03989336975466448,0.01937323040487727,0.040395789251810865,0.8687616134293765
ZCH0921,0,VSD,VSD,0.10576389399636207,0.13266102163233973,0.06263471980204618,0.031128157817220718,0.6678122067520313
ZCH0177,0,NORMAL,NORMAL,0.039076004564228134,0.8969618320841182,0.021199349169497603,0.033258340492557194,0.009504473689598968
ZCH0755,0,VSD,VSD,0.30234131272640213,0.02778778487867279,0.1685871394565003,0.11554858032648303,0.3857351826119418
ZCH0201,0,NORMAL,NORMAL,0.012914195342330653,0.8684939175753819,0.011001704161402849,0.10178685317553121,0.005803329745353318
ZCH0283,0,NORMAL,NORMAL,0.019193063649727185,0.9516018534884109,0.013704501269043528,0.008504995533148424,0.00699558605967002
ZCH0829,0,VSD,VSD,0.018178357149045785,0.04463879924526377,0.017973581190444652,0.024219431860081776,0.894989830555164
ZCH0742,0,PFO,NORMAL,0.162659941178051,0.7788113225470972,0.011409345889183912,0.029424751293032354,0.017694639092635665
ZCH0525,0,NORMAL,NORMAL,0.10448988256488242,0.7137250764694967,0.026316740294139426,0.12031448769985087,0.03515381297163061
ZCH0222,0,NORMAL,NORMAL,0.03504331403403399,0.924052554280374,0.018192434514691432,0.008979133771879812,0.013732563399020547
ZCH0411,0,NORMAL,ASD,0.48755415625686205,0.26673418616674127,0.1264295266300146,0.03388563059102408,0.08539650035535805
ZCH0496,0,NORMAL,NORMAL,0.02445485608878323,0.9418715969537154,0.016268340492034402,0.012742001797047259,0.004663204668419837
ZCH0029,0,NORMAL,NORMAL,0.00923002619726764,0.9640979789299996,0.009510048054496525,0.014912421894002903,0.0022495249242333983
ZCH0388,0,NORMAL,NORMAL,0.013172591191118174,0.9513936052382356,0.013663448505310264,0.011019577656468098,0.010750777408867944
ZCH0386,0,NORMAL,NORMAL,0.03503757273788777,0.9438123058477236,0.008944348088819934,0.006757208378584385,0.005448564946984357
ZCH0225,0,NORMAL,NORMAL,0.0231055913047333,0.9271145156416167,0.03215806487900169,0.009811299172236913,0.007810529002411205
ZCH0207,0,NORMAL,NORMAL,0.005353187372527749,0.9639089054536164,0.010038727526867006,0.01280373444857228,0.00789544519841659
ZCH0241,0,NORMAL,NORMAL,0.024930898392870535,0.931241073954553,0.017323605023431745,0.01652182546110445,0.00998259716804021
ZCH0554,0,ASD,ASD,0.40756865694129324,0.01651977137737855,0.21299239111154392,0.30869325571804246,0.054225924851741866
ZCH0113,0,NORMAL,NORMAL,0.006839949838339979,0.9608700492663207,0.011070931439842798,0.016043289037255742,0.005175780418240775
ZCH0896,0,VSD,VSD,0.02203142236065472,0.0497059657056397,0.12419928536253991,0.08578615056821917,0.7182771760029465
ZCH0501,0,NORMAL,NORMAL,0.010062731826249402,0.9624391860071813,0.012939055314599072,0.00818992333231135,0.00636910351965902
ZCH0557,0,ASD,PFO,0.1093619165095226,0.0549559042598891,0.08358860939881176,0.7065655058912255,0.045528063940551186
ZCH0137,0,NORMAL,NORMAL,0.01733344935023464,0.9533356876890602,0.014145344467443597,0.007865330085745295,0.007320188407516352
ZCH0641,0,ASD,ASD,0.7198134575482356,0.10928444823923175,0.063891478148625,0.03779839068255634,0.06921222538135136
ZCH0475,0,NORMAL,NORMAL,0.010129395557367905,0.9527917099216461,0.018603140827610453,0.012511136160444332,0.005964617532931213
ZCH0788,0,VSD,VSD,0.03328746321237468,0.041216346660060646,0.046613551206649416,0.037479960855634306,0.841402678065281
ZCH0503,0,NORMAL,NORMAL,0.012195876926610182,0.9587820576334286,0.01137246374411758,0.008453397794769234,0.00919620390107441
ZCH0832,0,VSD,VSD,0.03341113017509198,0.033872459993021,0.08672870434537125,0.049234477563440265,0.7967532279230756
ZCH0231,0,NORMAL,NORMAL,0.01205217998520363,0.9603417605355602,0.011683197522981597,0.009280976349448284,0.006641885606806371
ZCH0446,0,NORMAL,NORMAL,0.14229460299560825,0.7001501536178165,0.03962707778706983,0.09605017370378512,0.021877991895720223
ZCH0041,0,NORMAL,NORMAL,0.028129600081449123,0.92871863374346,0.01693002380765584,0.020538945554387105,0.005682796813047934
ZCH0820,0,VSD,VSD,0.03202211856608411,0.07490639069243707,0.03576203116666437,0.01743096933164137,0.8398784902431731
ZCH0160,0,NORMAL,NORMAL,0.050254874963699,0.8416973563984353,0.03486061111110983,0.05616638696670302,0.017020770560052797
ZCH0054,0,NORMAL,NORMAL,0.07888767766914208,0.7398837610447521,0.05714742992048289,0.08004106562710586,0.04404006573851708
ZCH0128,0,NORMAL,NORMAL,0.021168957289260732,0.9223647491225627,0.035332860647113926,0.017457584709024587,0.0036758482320380765
ZCH0776,1,VSD,VSD,0.03730350568424891,0.0349651961574148,0.040091830199737194,0.03592886259628617,0.8517106053623129
ZCH0007,1,NORMAL,NORMAL,0.03976023378982254,0.9074423585450455,0.022781344305636178,0.017144836723430822,0.012871226636064945
ZCH0009,1,NORMAL,NORMAL,0.04726137130479871,0.8727095808916597,0.03848318090684601,0.030486797771050334,0.011059069125645199
ZCH0481,1,NORMAL,NORMAL,0.02269892077506522,0.9172060598856917,0.028196125826538083,0.013773228505187102,0.01812566500751788
ZCH0106,1,NORMAL,PFO,0.007516237138072314,0.45452480865199363,0.028382286057913396,0.5040508159314772,0.005525852220543412
ZCH0580,1,ASD,ASD,0.6226758445980791,0.021760467722508087,0.06546951084365833,0.13535460863933982,0.1547395681964147
ZCH0406,1,NORMAL,NORMAL,0.29820041385188667,0.6304018371036194,0.04590823223484461,0.016828419783147506,0.008661097026501766
ZCH0925,1,VSD,VSD,0.06063141834139604,0.043406213847118,0.07123123774754915,0.05570520437218216,0.7690259256917547
ZCH0771,1,VSD,VSD,0.02268606812955899,0.044988663903132255,0.038882872279430894,0.030662010982511402,0.8627803847053666
ZCH0282,1,NORMAL,NORMAL,0.029814807050285216,0.912170926318567,0.02734056829984049,0.01789783523374197,0.01277586309756542
ZCH0107,1,NORMAL,NORMAL,0.014632462428699807,0.9160028219666252,0.03345311828816173,0.015707681237816854,0.02020391607869632
ZCH0252,1,NORMAL,NORMAL,0.056889260422094225,0.887572480867763,0.025216027949639893,0.01740474394743639,0.01291748681306663
ZCH0684,1,PDA,ASD,0.6727488319439602,0.2466651074133806,0.04852136520418012,0.012901961587003543,0.019162733851475537
ZCH0179,1,NORMAL,NORMAL,0.016262408444838602,0.9217654967203043,0.02629303632596328,0.018723904582942656,0.016955153925951233
ZCH0027,1,NORMAL,NORMAL,0.025394048557070982,0.9102349593042746,0.03420041404849325,0.020894693271936833,0.009275884818224403
ZCH0334,1,NORMAL,NORMAL,0.051600339011731874,0.8170141897223827,0.039834127436882624,0.07194699811172572,0.019604345717277042
ZCH0675,1,PDA,VSD,0.02023196483690036,0.0370264045649455,0.044925807341520255,0.03345975656550666,0.8643560666911273
ZCH0480,1,NORMAL,NORMAL,0.025431391193794263,0.9300939189113984,0.02218053114701457,0.010192606478321906,0.012101552269470977
ZCH0878,1,VSD,NORMAL,0.025934268330299128,0.9137688982619026,0.027213125551878298,0.015396172717890188,0.017687535138029845
ZCH0806,1,VSD,VSD,0.014710816923138635,0.053639648081536054,0.13133189902446296,0.02422925326118521,0.7760883827096772
ZCH0379,1,NORMAL,NORMAL,0.24368211788410976,0.7085222770018424,0.02057567953267246,0.013341576330027055,0.013878349251348227
ZCH0732,1,PFO,PFO,0.2899525672635921,0.08284722514359782,0.04866369981493042,0.36705825504243694,0.2114782527354428
ZCH0020,1,NORMAL,NORMAL,0.01562411138081817,0.9406275901167932,0.022342837804615528,0.008014356680074351,0.013391104017698828
ZCH0729,1,PFO,ASD,0.5354039826386381,0.08620375461170848,0.08289027141070725,0.27853944700031674,0.016962544338629523
ZCH0558,1,ASD,ASD,0.7029227499767864,0.09377741707486187,0.06348225312947695,0.06450048611538367,0.07531709370349114
ZCH0429,1,NORMAL,NORMAL,0.16437194556441762,0.7176014685026458,0.05850533616988107,0.03010161679848017,0.029419632964575195
ZCH0842,1,VSD,VSD,0.06979579533454706,0.15204587737133146,0.20217926475828182,0.02496145145307742,0.5510176110827623
ZCH0423,1,NORMAL,NORMAL,0.08176201399895316,0.8612059530195522,0.02369069003024063,0.012892133739511227,0.020449209211742765
ZCH0405,1,NORMAL,NORMAL,0.032202294882185345,0.8921502633043112,0.039497309339967035,0.020301690175506697,0.015848442298029702
ZCH0070,1,NORMAL,NORMAL,0.024291519863321245,0.8911405999913677,0.043154026100122006,0.021206064886777565,0.02020778915841146
ZCH0938,1,VSD,NORMAL,0.047308995725799656,0.9012807823868312,0.028163669183141532,0.010203107571401762,0.013043445132825949
ZCH0838,1,VSD,VSD,0.024964785980637217,0.026688736377489593,0.03832059180602175,0.04178595411423249,0.868239931721619
ZCH0184,1,NORMAL,NORMAL,0.08275103998969811,0.8602169749740808,0.017053142004724003,0.031703157024441854,0.008275686007055272
ZCH0619,1,ASD,ASD,0.8099347356604122,0.021423881071267102,0.05978637440779666,0.07947933520492743,0.029375673655596617
ZCH0767,1,VSD,VSD,0.03899611505725367,0.03567373547999411,0.05583546282090496,0.03945688761298095,0.8300377990288663
ZCH0120,1,NORMAL,NORMAL,0.02373777255629694,0.9070540820945008,0.035648680549369274,0.016504617023530097,0.01705484777630293
ZCH0163,1,NORMAL,NORMAL,0.01835304193862113,0.9243800043147834,0.025812050348110016,0.020121018849200104,0.011333884549285323
ZCH0178,1,NORMAL,NORMAL,0.029575737298810217,0.9001098737442295,0.041339662740145534,0.013703236029219835,0.01527149018759485
ZCH0083,1,NORMAL,NORMAL,0.04265223151951864,0.9039184015838236,0.02061799661345856,0.01567385695487805,0.017137513328321096
ZCH0553,1,ASD,ASD,0.633861283784657,0.03481631411452641,0.05699666656580999,0.21896346378761306,0.055362271747393714
ZCH0212,1,NORMAL,NORMAL,0.1464459274347262,0.7962478345893749,0.026000721048361916,0.015188297759371222,0.016117219168165792
ZCH0495,1,NORMAL,NORMAL,0.04629720618253837,0.8965678273712103,0.027175557637041187,0.02165275554431626,0.008306653264893936
ZCH0363,1,NORMAL,NORMAL,0.07130045974083542,0.8737028270369469,0.02043122941960078,0.015592763857082206,0.01897271994553483
ZCH0300,1,NORMAL,NORMAL,0.04823318236196389,0.8964969579368851,0.024193691030575844,0.023423827489603304,0.007652341180971885
ZCH0396,1,NORMAL,NORMAL,0.05362779446980775,0.7919852501253745,0.0317894249171841,0.10190433254072616,0.020693197946907622
ZCH0830,1,VSD,VSD,0.11848883292149119,0.03085537676300646,0.10387508221807595,0.0695990172397522,0.6771816908576742
ZCH0312,1,NORMAL,NORMAL,0.05651759332680598,0.8451365961720949,0.041503948380732195,0.03577572607332388,0.021066136047043015
ZCH0474,1,NORMAL,NORMAL,0.03875231065952629,0.8930039051657335,0.030548342930022468,0.018179774594041246,0.01951566665067639
ZCH0482,1,NORMAL,NORMAL,0.05686423955884847,0.8578299918497879,0.04479927219090847,0.02180139949819232,0.01870509690226283
ZCH0572,1,ASD,PFO,0.19364372943259117,0.0875769884260219,0.01519538800097457,0.6776533604614637,0.025930533678948486
ZCH0067,1,NORMAL,NORMAL,0.028175216763408353,0.9175075385602037,0.020839509245474497,0.022449466793484123,0.011028268637429211
ZCH0814,1,VSD,VSD,0.02288148845578481,0.022746017602368176,0.029104085697623787,0.03407678259442069,0.8911916256498025
ZCH0568,1,ASD,PFO,0.023363059024934196,0.048720467763509585,0.024181976925959633,0.8921068766188168,0.011627619666779882
ZCH0200,1,NORMAL,NORMAL,0.01793833852252748,0.9356197449849585,0.02392003437323866,0.014554856971206658,0.007967025148068766
ZCH0142,1,NORMAL,NORMAL,0.02037022573241943,0.9308959469364178,0.02376964329779618,0.013502947391111266,0.011461236642255387
ZCH0432,1,NORMAL,NORMAL,0.06550927224130107,0.8962633123392448,0.021555016848720333,0.007975022361364305,0.008697376209369539
ZCH0025,1,NORMAL,NORMAL,0.08191462819965298,0.6697265904342005,0.029297384339578354,0.15933817009900764,0.059723226927560547
ZCH0873,1,VSD,ASD,0.3019422041086313,0.05446807412635885,0.25605177008414765,0.27916915672662096,0.10836879495424136
ZCH0263,1,NORMAL,NORMAL,0.0349852725299424,0.918810559588848,0.027241392509941433,0.013244231436247738,0.0057185439350204295
ZCH0704,1,PFO,ASD,0.6882043883908343,0.01725818229126906,0.04267110496423635,0.15147078447385673,0.10039553987980365
ZCH0765,1,VSD,VSD,0.029565180333601473,0.036946762440462785,0.07239720925941914,0.07193424251705191,0.7891566054494648
ZCH0421,1,NORMAL,NORMAL,0.10988032395513893,0.7381841168320025,0.050106870029461154,0.07422776257295768,0.027600926610439808
ZCH0895,1,VSD,VSD,0.019166213117030637,0.04066212805631934,0.04414610348058434,0.03935365678481343,0.8566718985612523
ZCH0399,1,NORMAL,NORMAL,0.026453505152250256,0.8987324595035836,0.031504391964101965,0.01824265505879047,0.025066988321273864
ZCH0773,1,VSD,VSD,0.03210331356719612,0.030275844749075843,0.05345964570787806,0.03817769796491183,0.8459834980109382
ZCH0874,1,VSD,VSD,0.3058402800902441,0.06120745640627216,0.22761916988477354,0.07687917031102522,0.3284539233076851
ZCH0467,1,NORMAL,NORMAL,0.012848259879603162,0.9348097265697142,0.029275617752469243,0.011954230777014942,0.011112165021198606
ZCH0821,1,VSD,VSD,0.049065700726021844,0.021584626606169485,0.045087262693995725,0.04012873169214233,0.8441336782816706
ZCH0879,1,VSD,VSD,0.030158217772434652,0.09974858363564539,0.06810610080925215,0.06294233245992295,0.739044765322745
ZCH0415,1,NORMAL,NORMAL,0.09483725286597015,0.846825675097021,0.02259634218936018,0.019769215773623693,0.015971514074025125
ZCH0543,1,ASD,VSD,0.19510019492636804,0.027061762514610843,0.08091362070179428,0.03665867790581088,0.6602657439514159
ZCH0648,1,ASD,NORMAL,0.08137039146814373,0.7981627590802538,0.041091787197432186,0.03925609495520809,0.04011896729896203
ZCH0320,1,NORMAL,NORMAL,0.03557538292693944,0.8988723758597973,0.032074746502493694,0.013280475718665526,0.02019701899210412
ZCH0509,1,NORMAL,NORMAL,0.06323735099522809,0.8070691078253633,0.06250608341323541,0.0218814333673933,0.045306024398779794
ZCH0342,1,NORMAL,NORMAL,0.01809934470889465,0.9259117709237881,0.02619936161020308,0.020237894216061942,0.009551628541052348
ZCH0010,1,NORMAL,NORMAL,0.03753063347757451,0.8847501923680193,0.03259117357168008,0.017351253222841537,0.02777674735988461
ZCH0527,1,NORMAL,ASD,0.5163614273770653,0.29138207280266276,0.1323191283190281,0.04505233318055803,0.014885038320685946
ZCH0053,1,NORMAL,NORMAL,0.02345924120751693,0.9006932247079025,0.04286261074087135,0.013755409528963912,0.01922951381474515
ZCH0488,1,NORMAL,NORMAL,0.016428154792918613,0.9097928815343876,0.03306119321423656,0.026999752149349784,0.013718018309107339
ZCH0623,1,ASD,NORMAL,0.13472215784779343,0.7161035771456378,0.05762731460902032,0.06571394164062018,0.025833008756928226
ZCH0510,1,NORMAL,NORMAL,0.10442542414074454,0.8092126809770561,0.04412966849126437,0.013646399329734531,0.028585827061200393
ZCH0778,1,VSD,VSD,0.026800365959794542,0.037691897757687484,0.032341709728204264,0.048479745377273877,0.8546862811770399
ZCH0338,1,NORMAL,NORMAL,0.03329760786760511,0.9058292491664955,0.026296394804308884,0.013945599119255973,0.020631149042334537
ZCH0124,1,NORMAL,NORMAL,0.015432589705447248,0.9347454403366289,0.02280482684512647,0.013990870482274152,0.01302627263052338
ZCH0189,1,NORMAL,NORMAL,0.02748066004428732,0.8974007041898575,0.03295291799454216,0.03359922427628264,0.008566493495030466
ZCH0906,1,VSD,VSD,0.25927232578109094,0.02235361841703281,0.11185258215818562,0.16705279518095323,0.4394686784627374
ZCH0138,1,NORMAL,NORMAL,0.010690790591134832,0.9298569472145952,0.028899117728696723,0.0191050517040423,0.01144809276153094
ZCH0119,1,NORMAL,NORMAL,0.257247752821573,0.6855920935353371,0.025715006942111165,0.026070713504291736,0.005374433196687058
ZCH0339,1,NORMAL,NORMAL,0.05424411281757524,0.8999451059784562,0.02703076394176112,0.008369682287790284,0.010410334974417092
ZCH0166,1,NORMAL,NORMAL,0.20006814271614975,0.4545609793584854,0.12423662971881322,0.18221725267538227,0.038916995531169334
ZCH0158,1,NORMAL,PFO,0.1193801861782283,0.37096836675676825,0.035478464762076,0.46006794711108917,0.014105035191838405
ZCH0736,1,PFO,ASD,0.44549724008562375,0.01691627801881118,0.06254262174386432,0.3857006298522049,0.08934323029949598
ZCH0824,1,VSD,VSD,0.030067593037579558,0.04088374414002478,0.04587769704922369,0.055949798189305476,0.8272211675838665
ZCH0614,1,ASD,PDA,0.06727047639994944,0.3542207554543832,0.3810499883160697,0.10453284561968819,0.09292593420990941
ZCH0092,1,NORMAL,NORMAL,0.03537985115967739,0.9132019724817565,0.032222673027185775,0.009763129316315117,0.00943237401506534
ZCH0517,1,NORMAL,NORMAL,0.03526075966604865,0.9049699460030978,0.025992501406734883,0.016320804861463756,0.017455988062654824
ZCH0642,1,ASD,ASD,0.9206104767623253,0.026277214424303245,0.019392945935735907,0.011073752510463017,0.022645610367172365
ZCH0722,1,PFO,NORMAL,0.0354772551807674,0.727120175064691,0.057185840441316076,0.17397253151602393,0.006244197797201718
ZCH0518,1,NORMAL,NORMAL,0.13366656365033647,0.794639802949959,0.03563607329773883,0.027517619145447487,0.008539940956518294
ZCH0150,1,NORMAL,NORMAL,0.04855949778888759,0.8854927574092473,0.025978553725960675,0.018934461518404614,0.02103472955749989
ZCH0853,1,VSD,VSD,0.02595347811286369,0.026764525690902752,0.03561607568409893,0.040199404089050726,0.8714665164230839
ZCH0384,1,NORMAL,NORMAL,0.035551538823765425,0.844923305052377,0.07816731419913887,0.021463410132490597,0.019894431792228048
ZCH0016,1,NORMAL,NORMAL,0.02516309508749144,0.9073601750866502,0.03197892911164296,0.01026240041224298,0.025235400301972157
ZCH0764,1,VSD,VSD,0.021229854390107477,0.04483324020666867,0.030376056113844772,0.033144576599710804,0.8704162726896683
ZCH0539,1,ASD,NORMAL,0.01040586882343454,0.614583127446579,0.04114841262118975,0.32352312979544984,0.010339461313346957
ZCH0600,1,ASD,ASD,0.7803805780395897,0.06859907699892014,0.034630329974637074,0.10203144167038529,0.014358573316467888
ZCH0176,1,NORMAL,NORMAL,0.02656687028703858,0.9178928556678908,0.024480450431210592,0.014358578142428125,0.016701245471431977
ZCH0261,1,NORMAL,NORMAL,0.04706911504636808,0.8837481949233074,0.025136970305558535,0.026055615652362196,0.017990104072403958
ZCH0577,1,ASD,PFO,0.319440638125454,0.03494389331693329,0.1245694989208411,0.42981379636793193,0.0912321732688397
ZCH0575,1,ASD,ASD,0.7744803271813718,0.07705584098395649,0.056484544250095206,0.0759337314895547,0.01604555609502189
ZCH0803,1,VSD,VSD,0.29458182613402595,0.07736555628544285,0.21368051688305803,0.09581511225431152,0.3185569884431615
ZCH0494,1,NORMAL,NORMAL,0.03479341842526615,0.8498441553315399,0.04449723711896819,0.04016088472562121,0.03070430439860459
ZCH0479,1,NORMAL,NORMAL,0.03929778802663433,0.8821069777387555,0.035080036648159785,0.024387998210881053,0.019127199375569493
ZCH0726,1,PFO,PFO,0.3706895266760866,0.031184521987969834,0.09680858062743108,0.4765729202381871,0.02474445047032542
ZCH0082,1,NORMAL,NORMAL,0.049675673916166944,0.8474520304005834,0.015840476295933312,0.0629819373873899,0.024049881999926487
ZCH0731,1,PFO,PFO,0.06626043054539205,0.43218622343337976,0.05002598349542356,0.4367450345181627,0.014782328007642008
ZCH0125,1,NORMAL,NORMAL,0.11728874382625906,0.7454265579023917,0.0422670317689325,0.07155529333929574,0.02346237316312096
ZCH0370,1,NORMAL,NORMAL,0.02415859113149892,0.9272447669080831,0.02324435820500607,0.010293909348355862,0.0150583744070562
ZCH0306,1,NORMAL,NORMAL,0.02711144634426633,0.9010952292992551,0.04087156485693148,0.012843621111782501,0.018078138387764613
ZCH0272,1,NORMAL,NORMAL,0.08440853316222698,0.8570369610982741,0.02743924943327717,0.021290388663852074,0.00982486764236979
ZCH0750,1,PFO,PFO,0.2381722849356414,0.01864882651737132,0.02737267796015923,0.6770345677371841,0.038771642849643975
ZCH0426,1,NORMAL,NORMAL,0.02297151442875427,0.9113111907998958,0.02862916674771689,0.023687718150853524,0.013400409872779644
ZCH0590,1,ASD,ASD,0.4964803496261523,0.11931574781282332,0.11265346228037217,0.2509864570253749,0.02056398325527742
ZCH0858,1,VSD,VSD,0.02516087876789954,0.032013508380500176,0.04032985379631747,0.036435996129715265,0.8660597629255676
ZCH0144,1,NORMAL,NORMAL,0.036561932649585474,0.892233141854678,0.03280629382433895,0.01702483089939174,0.02137380077200569
ZCH0372,1,NORMAL,NORMAL,0.11322037747626744,0.7431843858823233,0.07194202347269979,0.0270564400805738,0.0445967730881357
ZCH0460,1,NORMAL,NORMAL,0.022078991959424626,0.9137901388840566,0.03314435510432021,0.014078871661020809,0.01690764239117775
ZCH0410,1,NORMAL,NORMAL,0.2427477461002376,0.6971251331410626,0.023033871760584475,0.02688664863961054,0.010206600358504708
ZCH0507,1,NORMAL,NORMAL,0.02672215803819488,0.9027047878729302,0.03147157418793451,0.026456083260233368,0.012645396640706866
ZCH0646,1,ASD,ASD,0.9059773967709246,0.05873042803514226,0.016698879133618116,0.0077191566131791485,0.010874139447135911
ZCH0629,1,ASD,NORMAL,0.0830367451507891,0.6594862052176163,0.11983100138700038,0.10685999697981594,0.030786051264778458
ZCH0602,1,ASD,ASD,0.5059044311544035,0.027976273840944678,0.17914110011352485,0.07807745428149443,0.20890074060963254
ZCH0100,1,NORMAL,NORMAL,0.034071352078905055,0.8869005544902717,0.03069203057364963,0.0314016113008837,0.016934451556289705
ZCH0894,1,VSD,VSD,0.06553877658203515,0.02001116230325483,0.0699698902206553,0.07065579244504433,0.7738243784490104
ZCH0686,1,PFO,NORMAL,0.07071326630022828,0.857531273716093,0.025657310956847194,0.021004613795680357,0.02509353523115119
ZCH0545,1,ASD,VSD,0.1957597801281411,0.015080862690273861,0.07735384290710043,0.03159691065515169,0.6802086036193329
ZCH0931,1,VSD,VSD,0.023518392649451852,0.03599471855745953,0.07537068599872149,0.0496057501581893,0.8155104526361778
ZCH0915,1,VSD,VSD,0.3114550008619399,0.08286733269267295,0.15654639244866306,0.030002670292724718,0.4191286037039994
ZCH0668,1,PDA,PDA,0.05599070121872694,0.22969451379447922,0.4519034911432126,0.023844904873500557,0.23856638897008076
ZCH0868,1,VSD,VSD,0.03208674174565787,0.025704740536898182,0.044921836191146425,0.032748270314328726,0.8645384112119687
ZCH0205,1,NORMAL,NORMAL,0.09095331291978702,0.8523687765804804,0.02545198711079332,0.02673275361394516,0.004493169774994163
ZCH0891,1,VSD,VSD,0.02754540544727043,0.03585158776087618,0.040954180886249594,0.044783158570181475,0.8508656673354223
ZCH0063,1,NORMAL,NORMAL,0.04822951814647904,0.858763056175571,0.021314939251155067,0.06031884812605295,0.011373638300741996
ZCH0308,1,NORMAL,NORMAL,0.02492463058706927,0.9204147723537766,0.02813649936018439,0.015458913612984179,0.01106518408598569
ZCH0822,1,VSD,VSD,0.02909672287593376,0.03871657871224843,0.07803912404912766,0.033203211046029094,0.8209443633166611
ZCH0607,1,ASD,ASD,0.833716064058811,0.036942504579084844,0.022312645598004426,0.09204459744571569,0.014984188318384018
ZCH0356,1,NORMAL,NORMAL,0.04357551349347131,0.8738177123158715,0.04108961297420647,0.02342683831684517,0.018090322899605646
ZCH0685,1,PFO,PFO,0.0641820791076547,0.08145071769153749,0.04805227954499723,0.7888314318047569,0.017483491851053704
ZCH0345,1,NORMAL,NORMAL,0.034139355224051225,0.9171037555305708,0.026865942556222253,0.013748750188857219,0.008142196500298562
ZCH0440,1,NORMAL,NORMAL,0.043736354443130745,0.911561011108375,0.02182740374262144,0.01285057829362166,0.010024652412251214
ZCH0234,1,NORMAL,NORMAL,0.24083589577612732,0.5592622532133831,0.05895130073361759,0.12204435956196519,0.018906190714906682
ZCH0081,1,NORMAL,NORMAL,0.035631230524159375,0.8948543691256474,0.031612800931816926,0.015747868924579644,0.02215373049379664
ZCH0677,1,PDA,VSD,0.0218547177161074,0.02399583030168892,0.05683518709060298,0.029146504135059065,0.8681677607565417
ZCH0652,1,ASD,NORMAL,0.2995665250306121,0.4058614682009757,0.14351081095774426,0.10580879229793023,0.04525240351273785
ZCH0343,1,NORMAL,NORMAL,0.055509938192160255,0.8682482678235998,0.030163293650003226,0.039550465059598854,0.0065280352746379215
ZCH0062,1,NORMAL,NORMAL,0.061510593012998396,0.6659614156274929,0.03806325364558294,0.1844934639461402,0.04997127376778551
ZCH0130,1,NORMAL,NORMAL,0.03288731338729842,0.9287620393960708,0.01592057665494492,0.010719225086133682,0.011710845475552178
ZCH0456,1,NORMAL,NORMAL,0.04090971856880047,0.9227185914748522,0.014039773093816352,0.012477404922076472,0.009854511940454468
ZCH0048,1,NORMAL,NORMAL,0.029388813969798144,0.8907132283763827,0.030723531927926193,0.021622250876218947,0.027552174849674066
ZCH0899,1,VSD,VSD,0.0242588132088331,0.032735231403767384,0.04497232961336713,0.0508731027722345,0.8471605230017979
ZCH0318,1,NORMAL,NORMAL,0.041758245184773723,0.8941936453165547,0.03253921174046791,0.0236579955462791,0.007850902211924546
ZCH0639,1,ASD,PFO,0.17123769303569092,0.009369803491502716,0.013615010169948209,0.778523891675283,0.02725360162757512
ZCH0676,1,PDA,ASD,0.2872788373721479,0.15547537577037032,0.24523674717372376,0.09659556110337547,0.2154134785803826
ZCH0877,1,VSD,VSD,0.02811201123272718,0.02562460419132586,0.036775303774733856,0.032115863116258046,0.877372217684955
ZCH0045,1,NORMAL,NORMAL,0.020055627486885493,0.8986141989071371,0.039248241802068484,0.015648316317740295,0.026433615486168623
ZCH0908,1,VSD,NORMAL,0.18136012028905288,0.6407056423950379,0.11921288953601984,0.02539928018636144,0.03332206759352812
ZCH0187,1,NORMAL,NORMAL,0.06241088723024173,0.8395286079045651,0.03462610347238441,0.05515590244061458,0.00827849895219418
ZCH0172,1,NORMAL,NORMAL,0.020062545035571703,0.9217453247505217,0.029675512751784528,0.01141734710087122,0.017099270361250914
ZCH0867,1,VSD,VSD,0.13999425716072508,0.08398044234767979,0.1659439889842741,0.12639707456390958,0.48368423694341145
ZCH0653,1,PDA,PDA,0.12169421427930134,0.028924571259066115,0.4726043690243559,0.04252224991721307,0.3342545955200636
ZCH0028,1,NORMAL,NORMAL,0.02395955127327464,0.8766982951252015,0.04400197299267854,0.02420006252123684,0.03114011808760848
ZCH0295,1,NORMAL,NORMAL,0.09832209633037851,0.7208080013489946,0.0607980550692413,0.09426817326807972,0.025803673983305978
ZCH0696,1,PFO,PFO,0.1595505730096315,0.05214690910108567,0.04839156897243631,0.6476636575558377,0.09224729136100893
ZCH0015,1,NORMAL,NORMAL,0.028896216963725987,0.9212336926437448,0.024131250620273777,0.016264409443350523,0.009474430328905
ZCH0920,1,VSD,NORMAL,0.08689686735386,0.39908283888533647,0.33142129801303916,0.167515175018275,0.01508382072948948
ZCH0398,1,NORMAL,NORMAL,0.019026937939887387,0.9183214410905928,0.02456372111797382,0.030018660797251694,0.00806923905429433
ZCH0526,1,NORMAL,NORMAL,0.02799622038299684,0.8947901085508783,0.0333216804403797,0.03381470892966136,0.010077281696083872
ZCH0669,1,PDA,VSD,0.29364108494996805,0.13098604818778728,0.1737904680318592,0.08810096380599346,0.31348143502439213
ZCH0462,1,NORMAL,NORMAL,0.02576199855272801,0.8626658387889201,0.04083537236311805,0.055120201041336234,0.01561658925389763
ZCH0099,1,NORMAL,NORMAL,0.027634552040956353,0.9201199173405612,0.024624126678577413,0.018557541728005326,0.009063862211899826
ZCH0700,1,PFO,PFO,0.25826397614465196,0.04913635658496934,0.018144054123704966,0.6409666287240087,0.033488984422665166
ZCH0939,1,VSD,NORMAL,0.2590610347718077,0.7080030144897611,0.019681370598618575,0.00910107884238573,0.004153501297426989
ZCH0152,1,NORMAL,NORMAL,0.017009467583028313,0.9325388056876405,0.023485739413008785,0.015041385780055701,0.01192460153626671
ZCH0066,1,NORMAL,NORMAL,0.11885693039153229,0.7244922149191715,0.034446383130868924,0.0842638732398528,0.03794059831857451
ZCH0571,1,ASD,PFO,0.4008446462189237,0.013867718546963528,0.058025611775673336,0.4791400336262826,0.04812198983215689
ZCH0708,1,PFO,ASD,0.3232010423501674,0.22754882184765673,0.1493007666082567,0.28271975870026284,0.017229610493656292
ZCH0002,1,NORMAL,NORMAL,0.034376736634169694,0.8991726508215401,0.03481179377365582,0.017725086977543547,0.013913731793090866
ZCH0190,1,NORMAL,NORMAL,0.021027793901276636,0.9154723757583092,0.03020982171336479,0.021389145965455145,0.011900862661594269
ZCH0805,1,VSD,VSD,0.10248829705882594,0.015335792102973938,0.03570586464643646,0.0999924759639466,0.7464775702278171
ZCH0720,1,PFO,ASD,0.32347353755536595,0.2826900447951359,0.05796457488950909,0.3177628834214677,0.018108959338521385
ZCH0350,2,NORMAL,NORMAL,0.020621764494659984,0.9264676742902401,0.025731331478766988,0.02156852457132834,0.0056107051650046355
ZCH0552,2,ASD,ASD,0.7132228860053079,0.002128589137983201,0.06612335275770304,0.06924502946453573,0.14928014263447026
ZCH0131,2,NORMAL,NORMAL,0.00472798562226808,0.9575535217318923,0.020172689548422787,0.01093490686126354,0.006610896236153265
ZCH0544,2,ASD,ASD,0.49151521288163613,0.008222605352720729,0.38882622779519616,0.04465459972997957,0.06678135424046752
ZCH0561,2,ASD,NORMAL,0.35404487656470995,0.5053835819142506,0.01519699274055495,0.10605734779410793,0.01931720098637658
ZCH0337,2,NORMAL,NORMAL,0.013675314492469183,0.9260245102050617,0.0129425623877194,0.03663486657198758,0.010722746342762143
ZCH0258,2,NORMAL,NORMAL,0.018559621714476535,0.9540779913801899,0.009091610210802695,0.014102385551675704,0.0041683911428549636
ZCH0012,2,NORMAL,NORMAL,0.007466342534050787,0.9573058646123681,0.015939184614722417,0.008940472660823099,0.010348135578035583
ZCH0613,2,ASD,PDA,0.22063330990548216,0.0035679658686405364,0.5070159637429561,0.24655611322608006,0.02222664725684119
ZCH0701,2,PFO,ASD,0.5711599341785923,0.015501798886699433,0.045265177746373904,0.14089631009724643,0.2271767790910878
ZCH0888,2,VSD,VSD,0.028155651079514947,0.010526380975671037,0.022912696214463013,0.022230934165043997,0.916174337565307
ZCH0617,2,ASD,ASD,0.5237477321641975,0.0024748772873777907,0.17506021954491952,0.2809674554232451,0.017749715580260127
ZCH0478,2,NORMAL,NORMAL,0.017203156548927522,0.9252375840243823,0.022226527768054862,0.018473185977179032,0.0168595456814561
ZCH0436,2,NORMAL,NORMAL,0.05247139814792718,0.895923841066147,0.025660674853914718,0.007363972636305321,0.018580113295705823
ZCH0589,2,ASD,ASD,0.38995257257849664,0.12837477905473435,0.16777667724936116,0.25809603066326897,0.05579994045413876
ZCH0709,2,PFO,PFO,0.36185784927439274,0.02416058000463059,0.04304463560093574,0.48500791847858815,0.08592901664145278
ZCH0464,2,NORMAL,NORMAL,0.04621091864793776,0.8280609607685234,0.021083788952064246,0.09223293901868797,0.01241139261278655
ZCH0229,2,NORMAL,NORMAL,0.04508585300538872,0.8811632251904282,0.02110391906602945,0.048747620795711294,0.0038993819424423546
ZCH0502,2,NORMAL,NORMAL,0.0076982535644293795,0.9394359874578876,0.023174806215580383,0.010131805895905363,0.019559146866197304
ZCH0140,2,NORMAL,ASD,0.3741326954733125,0.25884731098549973,0.12260379793305723,0.20743639603969505,0.036979799568435355
ZCH0937,2,VSD,VSD,0.01457167256819634,0.010155274618456726,0.016925083515695397,0.021254594664411715,0.9370933746332398
ZCH0362,2,NORMAL,NORMAL,0.028275086790820088,0.8210112713492772,0.02559589004782678,0.10443631779171628,0.0206814340203597
ZCH0403,2,NORMAL,NORMAL,0.308019449264942,0.4615363947383494,0.01841185749599482,0.20228670458712458,0.00974559391358918
ZCH0813,2,VSD,ASD,0.4762114034293857,0.009018150931676806,0.19464685376320037,0.1899065797427708,0.1302170121329664
ZCH0662,2,PDA,PDA,0.015543660854411013,0.010012555584822785,0.9229446920627,0.0031975513820258574,0.048301540116040396
ZCH0075,2,NORMAL,NORMAL,0.020373511845511123,0.9010483862353302,0.02018423208331387,0.036785723667495523,0.02160814616834921
ZCH0255,2,NORMAL,NORMAL,0.018986434962508333,0.9467114532111232,0.02454178144852933,0.007163006904723788,0.002597323473115457
ZCH0309,2,NORMAL,NORMAL,0.14157277594424386,0.7522379678618577,0.056764139606687525,0.023683649559522978,0.025741467027687943
ZCH0167,2,NORMAL,NORMAL,0.10512504313414045,0.820252515183657,0.02442828190922003,0.044080997112317465,0.0061131626606650774
ZCH0333,2,NORMAL,NORMAL,0.022317146073591868,0.8342543128773632,0.06288840756389084,0.07403714686293844,0.006502986622215721
ZCH0599,2,ASD,PFO,0.1914280507989565,0.0007917752936052912,0.08170034705422345,0.6655814275305492,0.060498399322665625
ZCH0923,2,VSD,VSD,0.0281877141715198,0.007973556049796831,0.1471137313523181,0.0412662206586615,0.7754587777677038
ZCH0911,2,VSD,VSD,0.015356338563459193,0.022558534423080808,0.029056862619097092,0.04375851764466334,0.8892697467496995
ZCH0155,2,NORMAL,NORMAL,0.015538771801204486,0.9434203887577827,0.022555735619284305,0.0067622254987039455,0.011722878323024705
ZCH0727,2,PFO,ASD,0.7435753086149972,0.0028555272534268477,0.061862848353445,0.09503440387465129,0.09667191190347958
ZCH0618,2,ASD,ASD,0.5595990939743999,0.0048437110956852806,0.1956662035159152,0.19947762934360372,0.04041336207039593
ZCH0139,2,NORMAL,NORMAL,0.012860309762302093,0.9530656809397061,0.01398253941388036,0.010783745580640816,0.009307724303470707
ZCH0774,2,VSD,VSD,0.019908423690704447,0.011503325182342969,0.026527478138104122,0.04491204312786394,0.8971487298609846
ZCH0314,2,NORMAL,NORMAL,0.046971090349837645,0.8969296593177956,0.028056567134575525,0.014913806225021977,0.013128876972769356
ZCH0280,2,NORMAL,NORMAL,0.07418361574419619,0.8345182257451159,0.036469877316687827,0.037730328186032364,0.01709795300796773
ZCH0929,2,VSD,VSD,0.009900370557399233,0.01567082506861596,0.01878018676475783,0.01867647857082133,0.9369721390384056
ZCH0643,2,ASD,ASD,0.7515531694921631,0.013263521960483061,0.1742037410425321,0.013761980612320077,0.04721758689250166
ZCH0110,2,NORMAL,NORMAL,0.04152091661035201,0.874718413138181,0.04864369397750044,0.020027308702103022,0.015089667571863615
ZCH0529,2,NORMAL,PFO,0.1368460265790545,0.07664892706085315,0.10140994241730675,0.5671281125846025,0.11796699135818325
ZCH0424,2,NORMAL,NORMAL,0.03905212492633362,0.9067796715581842,0.022311450208370078,0.015458056502800754,0.016398696804311493
ZCH0516,2,NORMAL,NORMAL,0.06638377622020981,0.5529102793012044,0.0714730691208059,0.2692683990780137,0.03996447627976627
ZCH0195,2,NORMAL,NORMAL,0.014560691003793749,0.9461347508566634,0.0149724611526395,0.00735281741355492,0.016979279573348494
ZCH0665,2,PDA,ASD,0.42013863574262766,0.06346497294107463,0.19400748061938167,0.1685099095030965,0.15387900119381956
ZCH0346,2,NORMAL,NORMAL,0.00960889008481983,0.9419977174329108,0.01785447281876209,0.00744176275354189,0.02309715690996545
ZCH0336,2,NORMAL,NORMAL,0.1757588506679648,0.6251181610168903,0.15077955058649622,0.03960879524616667,0.008734642482481925
ZCH0790,2,VSD,VSD,0.009030025608784844,0.009688732750489775,0.03682640072260742,0.023301382853663875,0.921153458064454
ZCH0239,2,NORMAL,NORMAL,0.09575811308227611,0.788470626102244,0.019717923175177773,0.0867150755390176,0.009338262101284467
ZCH0112,2,NORMAL,NORMAL,0.04932750955953339,0.7912819548480309,0.037590274073736905,0.11215541852447332,0.009644842994225508
ZCH0759,2,VSD,VSD,0.016742238329974454,0.02514777855042432,0.015477930038608128,0.042308695048486084,0.9003233580325071
ZCH0133,2,NORMAL,NORMAL,0.0051831607067649495,0.9519165227965699,0.01726411725239167,0.021120983123581013,0.004515216120692476
ZCH0278,2,NORMAL,NORMAL,0.011955767546067338,0.9263990888906383,0.024050031487020156,0.02922169102331845,0.008373421052955892
ZCH0783,2,VSD,VSD,0.008706974480505957,0.015354900766046418,0.01232582343599867,0.019227643214290838,0.9443846581031581
ZCH0319,2,NORMAL,NORMAL,0.024718726971291235,0.9297965536694652,0.01511571003876915,0.01297374991213866,0.017395259408335847
ZCH0416,2,NORMAL,NORMAL,0.10321647007291808,0.848395305119651,0.026969579845383864,0.01436327709739441,0.007055367864652699
ZCH0420,2,NORMAL,NORMAL,0.0749435885474882,0.8551105566057046,0.018140211895508577,0.022269573180899466,0.029536069770399184
ZCH0560,2,ASD,NORMAL,0.16948754218578402,0.3031142015310453,0.26395258725352755,0.2321250235816955,0.03132064544794749
ZCH0206,2,NORMAL,NORMAL,0.00937526689336673,0.9642343617772549,0.012912054111089432,0.006165990014863803,0.0073123272034250645
ZCH0716,2,PFO,ASD,0.6232546906622878,0.0015179846901880742,0.05255425027157105,0.31383303186471234,0.00884004251124079
ZCH0691,2,PFO,PFO,0.1875534152709732,0.04526433367737037,0.03105409773357627,0.6928801594298917,0.0432479938881885
ZCH0366,2,NORMAL,NORMAL,0.03656196728773292,0.8755116679379789,0.03592544596318375,0.03595923796559041,0.0160416808455139
ZCH0238,2,NORMAL,NORMAL,0.028755540790412037,0.9341904571209187,0.017234164995608557,0.013082815335262465,0.00673702175779821
ZCH0847,2,VSD,VSD,0.24012981602722083,0.015336093091435557,0.12458797348692333,0.08282503915491796,0.5371210782395024
ZCH0294,2,NORMAL,NORMAL,0.009139768357992127,0.9516157791679406,0.018060956501617924,0.010621915051593616,0.010561580920855797
ZCH0471,2,NORMAL,NORMAL,0.006953311106528216,0.9482472354536483,0.027327176317017476,0.008938770787073957,0.008533506335732107
ZCH0061,2,NORMAL,NORMAL,0.012165426695452852,0.9297662830206503,0.038322560168438505,0.008547957288434325,0.011197772827024013
ZCH0689,2,PFO,ASD,0.4755113601213489,0.12100600672594568,0.043564811940221417,0.35448340904636033,0.005434412166123742
ZCH0886,2,VSD,ASD,0.5233645927024287,0.0019688054486481465,0.2617695539850116,0.09850263615225593,0.11439441171165546
ZCH0875,2,VSD,PFO,0.17460600499241508,0.005036024095969039,0.017622901684744553,0.7975980877253758,0.005136981501495617
ZCH0114,2,NORMAL,NORMAL,0.04740287590619438,0.770433073184853,0.03269415523713549,0.13750675392304046,0.011963141748776713
ZCH0672,2,PDA,ASD,0.5300315594665244,0.0050773348406126075,0.15066830673916135,0.1022546112114941,0.21196818774220774
ZCH0014,2,NORMAL,NORMAL,0.04380808698465651,0.8773374490821834,0.02152408421452749,0.009823635896663912,0.04750674382196879
ZCH0352,2,NORMAL,NORMAL,0.052479774860013165,0.6762146952068011,0.019455433362581202,0.024001267621139306,0.2278488289494652
ZCH0514,2,NORMAL,NORMAL,0.007933612385154349,0.9578120627183441,0.016232967543054096,0.007789713713188078,0.010231643640259377
ZCH0409,2,NORMAL,NORMAL,0.018526410394769384,0.8567244211610632,0.05678378812103727,0.057278867415790254,0.01068651290733998
ZCH0232,2,NORMAL,NORMAL,0.027853815061054138,0.9233989923208172,0.017363811326989012,0.012582620119191592,0.018800761171948066
ZCH0688,2,PFO,ASD,0.5913058910490352,0.002385338377142123,0.0432507483230222,0.20194532288503475,0.16111269936576575
ZCH0831,2,VSD,VSD,0.02452850594729651,0.013492436042188544,0.0457288868070403,0.04691933993244221,0.8693308312710325
ZCH0103,2,NORMAL,NORMAL,0.05344668442257516,0.5415464436844525,0.17206664155614929,0.21600124723460545,0.016938983102217604
ZCH0329,2,NORMAL,NORMAL,0.015402708360276528,0.92266636909838,0.013069435907497672,0.013860495998236466,0.035000990635609394
ZCH0472,2,NORMAL,NORMAL,0.03502590807086493,0.8953993983528732,0.023311275089294644,0.04034855285379191,0.005914865633175379
ZCH0817,2,VSD,VSD,0.2529877640993856,0.2451200171064339,0.029193989785085375,0.11302329612068919,0.35967493288840585
ZCH0452,2,NORMAL,NORMAL,0.10863969015898937,0.7762972941437737,0.051310614462367066,0.03632731730087605,0.027425083933993923
ZCH0335,2,NORMAL,NORMAL,0.048648422134312475,0.5327030769292749,0.04979095654209051,0.3578393110895449,0.01101823330477728
ZCH0244,2,NORMAL,NORMAL,0.12498835187762808,0.6863883738052496,0.07012600356174595,0.04043979007065288,0.07805748068472354
ZCH0845,2,VSD,VSD,0.09479252721487251,0.011261729034593293,0.09194970020071215,0.06378205755040454,0.7382139859994176
ZCH0051,2,NORMAL,NORMAL,0.022536974494253677,0.9082846411722136,0.030383985301490342,0.011380258319389002,0.027414140712653398
ZCH0656,2,PDA,VSD,0.040619104287528913,0.007634974195340544,0.1695468913859674,0.03170140830486885,0.7504976218262943
ZCH0840,2,VSD,VSD,0.03777268013376549,0.020935486853841626,0.016997943180142482,0.03245730896919666,0.8918365808630537
ZCH0779,2,VSD,VSD,0.013521613928615828,0.009181957321055485,0.022475342743439878,0.042548550882989575,0.9122725351238993
ZCH0328,2,NORMAL,NORMAL,0.028044194695438514,0.9225736911802593,0.014448822967909527,0.02846445752976089,0.0064688336266317415
ZCH0825,2,VSD,PDA,0.37418937339003044,0.020895882779499192,0.42058590497205933,0.049442181644957506,0.1348866572134534
ZCH0537,2,ASD,ASD,0.7548603629244659,0.005592759447800854,0.06118450815217348,0.07367292450805793,0.10468944496750165
ZCH0188,2,NORMAL,NORMAL,0.03899480474534956,0.8465759228645178,0.06877586772927119,0.020762940330109288,0.024890464330752204
ZCH0492,2,NORMAL,NORMAL,0.012682006494970878,0.9180808192312578,0.03157784088862823,0.013088188327222182,0.024571145057920914
ZCH0115,2,NORMAL,NORMAL,0.010777286405516963,0.9397317150775961,0.01896225391472229,0.02342770800597229,0.007101036596192389
ZCH0088,2,NORMAL,NORMAL,0.046123014725082116,0.8324685142982683,0.04242860344925322,0.0731314613404424,0.005848406186954057
ZCH0375,2,NORMAL,PFO,0.08847152647446355,0.07690727348127877,0.2274762557863943,0.5224287817550446,0.08471616250281887
ZCH0412,2,NORMAL,NORMAL,0.1411741891672408,0.6280746242289359,0.1851463782052246,0.01660766423475537,0.02899714416384333
ZCH0941,2,VSD,VSD,0.30280580197853885,0.23917595120564245,0.07398595064909097,0.045112629702396365,0.3389196664643314
ZCH0856,2,VSD,VSD,0.024659989145242495,0.01412060854044592,0.03140369649304081,0.027424779761568208,0.9023909260597026
ZCH0745,2,PFO,ASD,0.8711976671604342,0.03835687649409124,0.02562741068909405,0.054612935576252325,0.010205110080128144
ZCH0141,2,NORMAL,NORMAL,0.061456335621583834,0.8637608947985065,0.037033450938343725,0.026710114494436797,0.011039204147129104
ZCH0715,2,PFO,NORMAL,0.1803996368322188,0.49313871211310734,0.028550430980189105,0.2865230120982452,0.011388207976239665
ZCH0068,2,NORMAL,PFO,0.11331249371752901,0.24684438175144882,0.04298703340651156,0.5672336951240518,0.02962239600045895
ZCH0687,2,PFO,PFO,0.13589585552293212,0.1487728165988145,0.018719574040145577,0.6893918784510686,0.007219875387039209
ZCH0325,2,NORMAL,NORMAL,0.01980506421814352,0.933094844102874,0.012302276125150276,0.022033250311644714,0.012764565242187534
ZCH0695,2,PFO,PFO,0.3948314003597896,0.0023092173778103114,0.012911641255995615,0.5761091583381572,0.01383858266824722
ZCH0245,2,NORMAL,NORMAL,0.007665773396864011,0.9581074020222782,0.015802632422888166,0.01284435982448307,0.005579832333486573
ZCH0883,2,VSD,VSD,0.015987887698616185,0.015600054710387928,0.0259764732531985,0.028210113960797322,0.9142254703770001
ZCH0714,2,PFO,ASD,0.4762840856713515,0.006136624308345247,0.40759868844595887,0.02199348646537913,0.08798711510896529
ZCH0777,2,VSD,VSD,0.011793661818580967,0.017995690235063155,0.029391000378289463,0.048197436022468454,0.892622211545598
ZCH0181,2,NORMAL,NORMAL,0.0074263528394295595,0.9458655441770085,0.02436516689154141,0.008844277424179436,0.013498658667840866
ZCH0876,2,VSD,PFO,0.21887584846511976,0.0021097584697935576,0.054233534484470616,0.7165666253146664,0.008214233265949654
ZCH0321,2,NORMAL,NORMAL,0.010043350727819915,0.9507133534491391,0.018267028172310358,0.0100696136099224,0.010906654040808244
ZCH0795,2,VSD,VSD,0.36432666567149485,0.022650500801577576,0.14047502230893816,0.02660511861806289,0.4459426925999266
ZCH0802,2,VSD,ASD,0.9321205090660368,0.0011251912552750674,0.03352500970253838,0.008657807129188537,0.024571482846961208
ZCH0302,2,NORMAL,NORMAL,0.052586684665068086,0.8849900022078709,0.019561105627762115,0.03187271127285034,0.010989496226448597
ZCH0057,2,NORMAL,NORMAL,0.07252063702030119,0.8905122062214881,0.017111088335964808,0.016149671050418264,0.00370639737182769
ZCH0798,2,VSD,VSD,0.006612188380778306,0.013314431463865618,0.01461670659886613,0.023917152103242457,0.9415395214532475
ZCH0799,2,VSD,VSD,0.0074890975335718014,0.009236830569112297,0.0116114138163,0.030363028822421624,0.9412996292585942
ZCH0098,2,NORMAL,NORMAL,0.07557685994434787,0.8818866598057982,0.026797390812877332,0.009906197976618137,0.005832891460358434
ZCH0926,2,VSD,VSD,0.05092059880961719,0.006055066112927162,0.012597064839386506,0.018641215173613158,0.9117860550644561
ZCH0486,2,NORMAL,NORMAL,0.018270599481273336,0.9091529741021905,0.028059458321390486,0.026912762693084916,0.017604205402060796
ZCH0236,2,NORMAL,NORMAL,0.01967169970133657,0.9287920311723754,0.01898484217883937,0.023410543711665524,0.009140883235783215
ZCH0762,2,VSD,VSD,0.04103316384267426,0.010401034179505995,0.04690700123249729,0.030749989194921112,0.8709088115504013
ZCH0435,2,NORMAL,NORMAL,0.036571609933833994,0.9126777495464535,0.0171981377292755,0.008669924420044061,0.02488257837039277
ZCH0556,2,ASD,ASD,0.5825497264620303,0.030384022749565698,0.08527174836693711,0.013290892710742037,0.28850360971072486
ZCH0664,2,PDA,PDA,0.06331265916646607,0.008370232117174158,0.5065411041524202,0.03888308015421771,0.382892924409722
ZCH0627,2,ASD,ASD,0.8683147206334332,0.012999606649601978,0.02766264848788848,0.08383166872567076,0.007191355503405691
ZCH0344,2,NORMAL,NORMAL,0.016391685837049825,0.9182553440321799,0.013891640399573524,0.011422744001613059,0.04003858572958352
ZCH0645,2,ASD,NORMAL,0.04721880181385661,0.7751983882689385,0.024883531646958404,0.1424545211026115,0.010244757167635052
ZCH0663,2,PDA,PDA,0.28260246607714945,0.12639926794697168,0.49165332442833554,0.03235602354530745,0.06698891800223589
ZCH0050,2,NORMAL,NORMAL,0.0069146776334115595,0.9567893922757019,0.01710628563007229,0.013187790602405073,0.006001853858409136
ZCH0439,2,NORMAL,NORMAL,0.3481095658306386,0.4043267207571199,0.11838619955784409,0.04335779454204657,0.08581971931235091
ZCH0001,2,NORMAL,NORMAL,0.01221532390710189,0.9254874873450829,0.02201056132813682,0.006860410028893934,0.03342621739078452
ZCH0210,2,NORMAL,NORMAL,0.050343749749318295,0.8933869124422243,0.018959305291301687,0.029158079089482973,0.00815195342767271
ZCH0540,2,ASD,ASD,0.9433650619951528,0.03600046556794621,0.006874721369211688,0.00857140837328702,0.00518834269440226
ZCH0530,2,NORMAL,NORMAL,0.1070861612336641,0.7097377248534168,0.02329592173491877,0.1426751944907557,0.017204997687244664
ZCH0371,2,NORMAL,NORMAL,0.01156042315323462,0.9383495139877392,0.014965813228746808,0.015386579813946815,0.01973766981633251
ZCH0477,2,NORMAL,NORMAL,0.05096833168383131,0.8320653491406398,0.026938480288721638,0.07989461829823462,0.010133220588572692
ZCH0569,2,ASD,PFO,0.1477052559739554,0.026029505857556416,0.03186574279281931,0.7843929928760915,0.010006502499577305
ZCH0039,2,NORMAL,NORMAL,0.12029471266557198,0.6331900160472798,0.07103351418762877,0.04196684042131465,0.13351491667820478
ZCH0487,2,NORMAL,NORMAL,0.012680278314108022,0.925627610548385,0.02600965846549773,0.01728394797927669,0.018398504692732503
ZCH0154,2,NORMAL,NORMAL,0.057923577591709706,0.9100568097444304,0.02337088121968828,0.00424872906990333,0.004400002374268114
ZCH0126,2,NORMAL,NORMAL,0.009055539049986145,0.961610127800728,0.011742103376441892,0.01354703696454102,0.004045192808302997
ZCH0289,2,NORMAL,NORMAL,0.019859100715715852,0.9057607861905117,0.026250840440546125,0.020539155622729517,0.027590117030496717
ZCH0219,2,NORMAL,NORMAL,0.008780568704031749,0.943880911129097,0.014503579077893292,0.02046794729334006,0.012366993795637892
ZCH0606,2,ASD,ASD,0.5301803972192383,0.002000288514160135,0.006751533280623867,0.41994382450247403,0.0411239564835037
ZCH0541,2,ASD,ASD,0.9712483479554057,0.007927454565637688,0.007596248248820605,0.009092215730488911,0.00413573349964691
ZCH0052,2,NORMAL,NORMAL,0.005241652575725945,0.9554662585030974,0.017635821734039655,0.011548395848363025,0.010107871338773975
ZCH0116,2,NORMAL,NORMAL,0.030501905966318087,0.866725171951244,0.028659228659135005,0.0572807106944737,0.016832982728829268
ZCH0005,2,NORMAL,NORMAL,0.06806053388308594,0.8831629911097112,0.018316486562372135,0.024988668026257578,0.0054713204185731475
ZCH0586,2,ASD,PFO,0.19162433452447142,0.027913118535411702,0.18155662355728025,0.5814099681572062,0.017495955225630515
ZCH0710,2,PFO,PFO,0.21458288424898828,0.011847734906940566,0.19198967809820955,0.55793585686156,0.023643845884301525
ZCH0849,2,VSD,PFO,0.36566673236943137,0.002570582809639812,0.007505639025291608,0.38602324038436725,0.23823380541127007
ZCH0620,2,ASD,ASD,0.5775800761308958,0.22262559370294027,0.15299598512662102,0.026929856978348436,0.019868488061194553
ZCH0237,2,NORMAL,NORMAL,0.0531797599854245,0.9150412335185869,0.016105122105199203,0.011297329573750492,0.004376554817038886
ZCH0385,2,NORMAL,NORMAL,0.007473014908705693,0.9600845691360792,0.008510873607437294,0.01626876926387236,0.007662773083905528
ZCH0927,2,VSD,PFO,0.21572474671029288,0.24711883813002056,0.215524510364317,0.27117591121662876,0.05045599357874089
ZCH0940,2,VSD,VSD,0.02633798253542621,0.022404092743177915,0.01982491075317707,0.01593387775423425,0.9154991362139846
ZCH0340,2,NORMAL,NORMAL,0.073639876429056,0.771195251090526,0.0281763578451813,0.12122701917280776,0.005761495462429017
ZCH0315,2,NORMAL,NORMAL,0.008253160946953842,0.9362047779938905,0.01716719544343482,0.022409991363747123,0.01596487425197375
ZCH0839,2,VSD,VSD,0.019592610305502897,0.016644221066424138,0.03706500665042205,0.02324091444508479,0.9034572475325662
ZCH0259,2,NORMAL,PDA,0.14769451261559238,0.19480564350891946,0.596671261892703,0.04637429590705545,0.014454286075729768
ZCH0513,2,NORMAL,NORMAL,0.008926358072031767,0.9103696943707293,0.011422967695006368,0.04802503685332288,0.02125594300890961
ZCH0864,2,VSD,VSD,0.007546497148989216,0.011797787935974842,0.020212538154969144,0.012311655683887483,0.9481315210761794
ZCH0331,2,NORMAL,ASD,0.5381225681506607,0.29176217448318814,0.05499793820659206,0.024707327286346552,0.09040999187321247
ZCH0872,2,VSD,VSD,0.02423314451304766,0.009498754901637176,0.024189375173697278,0.02773169757332731,0.9143470278382906
ZCH0846,2,VSD,NORMAL,0.09906892947175394,0.4375267583918565,0.05907266868370989,0.0990224064417553,0.3053092370109244
ZCH0441,2,NORMAL,NORMAL,0.08260578308540711,0.8517924433296511,0.02549199829400315,0.026358956073466663,0.013750819217471972
ZCH0284,2,NORMAL,NORMAL,0.08828577952292962,0.848740064129922,0.025907482244809286,0.030088339029330773,0.0069783350730084105
ZCH0473,2,NORMAL,NORMAL,0.03416010747676623,0.9177345129496598,0.025705570261062287,0.009228436216473925,0.013171373096037825
ZCH0712,2,PFO,PFO,0.20656451143527915,0.03213892773818758,0.0283185983733074,0.7090294361153016,0.02394852633792432
ZCH0134,2,NORMAL,NORMAL,0.013792071356553416,0.94908884023371,0.012800178330035918,0.01597513694464395,0.008343773135056841
ZCH0563,2,ASD,ASD,0.8068104335636448,0.046397154351598746,0.011642712879602175,0.08421232732056247,0.05093737188459182
ZCH0468,2,NORMAL,NORMAL,0.018827840285209844,0.8961899514098051,0.02719228384292765,0.04245975153435034,0.015330172927707195
ZCH0448,2,NORMAL,NORMAL,0.04322145994282183,0.8708125779409068,0.02098703816700388,0.058211931374775795,0.006766992574491812
ZCH0485,2,NORMAL,NORMAL,0.0192332512866531,0.7560805682883309,0.03314363621538971,0.18281962578252633,0.00872291842709977
ZCH0555,2,ASD,ASD,0.9274633400994966,0.01851132890104895,0.014133517998207822,0.022274384608977536,0.017617428392269114
ZCH0626,2,ASD,ASD,0.5520712614569989,0.018493263048371227,0.05906331556363982,0.032659984656581625,0.33771217527440844
ZCH0393,2,NORMAL,NORMAL,0.006375899242716732,0.954966389355195,0.011924967336688035,0.019909316539469046,0.006823427525931315
ZCH0218,2,NORMAL,NORMAL,0.018591057158589244,0.9491702325553731,0.015332458133007165,0.009417085446532952,0.007489166706497484
ZCH0535,2,ASD,PFO,0.414153253067147,0.006618883654095279,0.08026336054474872,0.4676703693616958,0.03129413337231322
ZCH0080,3,NORMAL,NORMAL,0.026586358150628875,0.8204074877223313,0.030144463211726022,0.08739443358443327,0.035467257330880554
ZCH0285,3,NORMAL,NORMAL,0.06641197491578106,0.8663745111967922,0.02228746279980994,0.03464697494270744,0.010279076144909327
ZCH0659,3,PDA,NORMAL,0.2912260608798013,0.48067237312645594,0.16198658504235877,0.03318720363851542,0.03292777731286857
ZCH0276,3,NORMAL,NORMAL,0.034496152573623144,0.9289919521072889,0.008881036961213264,0.017542225938341625,0.0100886324195331
ZCH0797,3,VSD,VSD,0.019642178258070016,0.06638119536808805,0.02863557768662168,0.04376198731895159,0.8415790613682688
ZCH0818,3,VSD,VSD,0.11962220081616676,0.011731106117034061,0.1196489478267129,0.10048848276352951,0.6485092624765567
ZCH0918,3,VSD,VSD,0.017981854917037094,0.025422232708419416,0.1285677346566334,0.03640987598633842,0.7916183017315717
ZCH0157,3,NORMAL,NORMAL,0.01362464906765829,0.9508255803821182,0.016989484450465622,0.013640235923862527,0.0049200501758952875
ZCH0090,3,NORMAL,NORMAL,0.01882495445182375,0.950858130140048,0.017245282754216835,0.00591111574827545,0.007160516905635994
ZCH0047,3,NORMAL,NORMAL,0.05135243610494522,0.893618714948479,0.019163372852474516,0.03013949541949572,0.005725980674605654
ZCH0132,3,NORMAL,NORMAL,0.1431426163333298,0.5246776051648042,0.0672389516289537,0.13066440722646497,0.13427641964644738
ZCH0104,3,NORMAL,NORMAL,0.011759021628516794,0.9598888980338713,0.015803595716686353,0.008158436621171135,0.004390047999754446
ZCH0746,3,PFO,PFO,0.18152500810270275,0.11679651379124753,0.035211651666580884,0.5196510422194713,0.14681578421999752
ZCH0810,3,VSD,PDA,0.41332027473827215,0.012523380599758768,0.4213331578383297,0.06976212180366072,0.08306106501997877
ZCH0815,3,VSD,ASD,0.5106278474585659,0.009431748516219375,0.26054377601081435,0.15108870262745738,0.06830792538694291
ZCH0524,3,NORMAL,NORMAL,0.32077598923749123,0.38764546403214706,0.17190537412657939,0.04588229803305794,0.07379087457072421
ZCH0353,3,NORMAL,NORMAL,0.028569532717097775,0.9263295517127884,0.02234109655351516,0.00797954656368591,0.014780272452912852
ZCH0064,3,NORMAL,PFO,0.11827332675665311,0.16042891697079725,0.1457607652887614,0.4861295693522639,0.08940742163152439
ZCH0647,3,ASD,NORMAL,0.10719465205998602,0.7953334354221765,0.015006952757043423,0.011777163090328183,0.07068779667046586
ZCH0455,3,NORMAL,NORMAL,0.0446902922697533,0.915200991705497,0.021665212973527182,0.007451360829555784,0.010992142221666796
ZCH0751,3,PFO,ASD,0.4225992508367754,0.022223736112141776,0.12072113856322554,0.11012658500485224,0.32432928948300505
ZCH0884,3,VSD,VSD,0.016275058829716034,0.036388516016497466,0.06934489581367634,0.04855038006602408,0.8294411492740861
ZCH0584,3,ASD,NORMAL,0.3686693025809081,0.46906074834236555,0.0796821184874752,0.059723503372042686,0.022864327217208387
ZCH0678,3,PDA,ASD,0.3891907638737703,0.019161522976598427,0.2267852005933312,0.04374806867466244,0.3211144438816376
ZCH0922,3,VSD,VSD,0.022271481073379666,0.028454578672057154,0.03603876660137252,0.03728545148540931,0.8759497221677813
ZCH0323,3,NORMAL,NORMAL,0.03344907711857032,0.9390058348446666,0.016208856966258896,0.004388259250383738,0.006947971820120476
ZCH0933,3,VSD,NORMAL,0.26956425180196075,0.3050073153297548,0.1705844533918054,0.03187275314964328,0.22297122632683583
ZCH0644,3,ASD,NORMAL,0.02422994426226509,0.914201803185297,0.01978771427014769,0.010317027765120449,0.031463510517169856
ZCH0209,3,NORMAL,NORMAL,0.020440841449858086,0.9223113522441334,0.024834342629296253,0.02144053222621623,0.010972931450495958
ZCH0932,3,VSD,VSD,0.05298041717281568,0.029285494275033425,0.31515125937981714,0.026846422474895666,0.5757364066974382
ZCH0682,3,PDA,PDA,0.12342868865346172,0.04569044368828258,0.7280107132601554,0.047775797033239295,0.055094357364860985
ZCH0213,3,NORMAL,NORMAL,0.0894746061655842,0.8593542408846406,0.01394335017490601,0.01678949872505687,0.020438304049812266
ZCH0604,3,ASD,NORMAL,0.19960821579176333,0.4957407994196063,0.07501886080418758,0.13572577074826722,0.09390635323617542
ZCH0117,3,NORMAL,NORMAL,0.10547361133763633,0.5637497663963287,0.0325541789111542,0.18634736495166665,0.1118750784032142
ZCH0400,3,NORMAL,NORMAL,0.01960169191995787,0.9387199186879384,0.01324937045519114,0.020472485913826124,0.007956533023086543
ZCH0046,3,NORMAL,NORMAL,0.013480120960504497,0.9569463120761891,0.01779349943906077,0.006511560228511144,0.005268507295734484
ZCH0635,3,ASD,ASD,0.3682859467517762,0.018863847114135288,0.10935741523620567,0.16396560516604433,0.33952718573183854
ZCH0528,3,NORMAL,NORMAL,0.19235328610656444,0.5180888643876937,0.034317759909099195,0.0491260761971086,0.20611401339953406
ZCH0267,3,NORMAL,NORMAL,0.08893284761322431,0.8019744911566042,0.040924391530581146,0.043545619685668745,0.024622650013921575
ZCH0089,3,NORMAL,NORMAL,0.021521344801313666,0.9504628185470976,0.0170075725248617,0.00608965315254302,0.0049186109741840844
ZCH0277,3,NORMAL,NORMAL,0.02002640289535185,0.9333144239414856,0.01770065523453783,0.01942741463773669,0.00953110329088808
ZCH0901,3,VSD,VSD,0.027211743726500356,0.02296130955728664,0.0732252958809217,0.01720824254160174,0.8593934082936896
ZCH0313,3,NORMAL,NORMAL,0.2856087266102658,0.6199133562196959,0.02618803717462801,0.03997392928460891,0.028315950710801292
ZCH0183,3,NORMAL,NORMAL,0.23470044514707022,0.6615932645318471,0.024306547880844485,0.07494756037937095,0.0044521820608672165
ZCH0816,3,VSD,VSD,0.025449376562513497,0.03251523829960728,0.05470637154511755,0.04096856430567007,0.8463604492870916
ZCH0511,3,NORMAL,NORMAL,0.10176466377316623,0.827365410653557,0.01136142839567473,0.008534353196067209,0.05097414398153487
ZCH0413,3,NORMAL,NORMAL,0.030804098048909233,0.9154829656464116,0.02028594001844254,0.0188310797390058,0.014595916547230834
ZCH0859,3,VSD,VSD,0.05445986563171347,0.027671919313975436,0.05488442955146834,0.02402654899827805,0.8389572365045648
ZCH0707,3,PFO,PFO,0.2513547043751039,0.029746107930148702,0.12520732211134558,0.5702649747118138,0.023426890871587978
ZCH0391,3,NORMAL,NORMAL,0.1091375806269086,0.7134142188570674,0.04561076363610316,0.053687192039949726,0.07815024483997121
ZCH0123,3,NORMAL,NORMAL,0.018030090784987622,0.9324250180702985,0.019262187975471027,0.016425485044901857,0.01385721812434103
ZCH0006,3,NORMAL,NORMAL,0.05523776826244037,0.8784977560843505,0.02656995610358274,0.03185320485349864,0.007841314696127805
ZCH0040,3,NORMAL,PFO,0.18589059994243745,0.05067756596510759,0.2691453564765808,0.4799833481455314,0.014303129470342927
ZCH0579,3,ASD,PFO,0.2958900063543357,0.009388554114546317,0.05509602054621403,0.5613339091678634,0.07829150981704046
ZCH0149,3,NORMAL,NORMAL,0.02120409525840978,0.9269620151238185,0.014960179932641229,0.028472392242886002,0.008401317442244554
ZCH0073,3,NORMAL,NORMAL,0.02183612149261966,0.948953202506946,0.015074258392546828,0.007661392591183819,0.006475025016703552
ZCH0624,3,ASD,NORMAL,0.05148864963415702,0.8375415933042399,0.029914557510611072,0.0648522279402532,0.01620297161073878
ZCH0203,3,NORMAL,NORMAL,0.015839855292461295,0.957784862532429,0.013682689122435617,0.006820952481726643,0.0058716405709474066
ZCH0735,3,PFO,PDA,0.24705629140092167,0.20713234508893352,0.30510685144217264,0.019040955062684814,0.22166355700528742
ZCH0260,3,NORMAL,NORMAL,0.0451345775228897,0.9195866420125755,0.014274406535390083,0.01621296643538083,0.004791407493763953
ZCH0625,3,ASD,NORMAL,0.01921925184728597,0.9284245788735084,0.0200162112958229,0.021441908723454427,0.010898049259928247
ZCH0512,3,NORMAL,NORMAL,0.043615664143524795,0.7788634921504799,0.041438241888594275,0.11453592168148437,0.021546680135916697
ZCH0242,3,NORMAL,NORMAL,0.016856401310112356,0.9611871628847763,0.010307879884821788,0.004075350767956857,0.007573205152332771
ZCH0097,3,NORMAL,NORMAL,0.034663151602384666,0.9267131325554584,0.020024183126656988,0.009555641259868594,0.00904389145563143
ZCH0326,3,NORMAL,NORMAL,0.036426770921832996,0.9259568144399162,0.018531174084507607,0.010565200586101551,0.008520039967641552
ZCH0299,3,NORMAL,NORMAL,0.24391252500652386,0.638663025161413,0.031341756474809294,0.03538566433849199,0.05069702901876187
ZCH0912,3,VSD,VSD,0.023057781781644617,0.038443252422489374,0.13182894328114003,0.05149358674429816,0.7551764357704278
ZCH0378,3,NORMAL,NORMAL,0.03633600929843614,0.9220043148611603,0.022627722536195643,0.01218112886184806,0.006850824442359923
ZCH0197,3,NORMAL,NORMAL,0.03990266889418272,0.8209441814347972,0.016341944134658976,0.1172546835698473,0.005556521966513901
ZCH0699,3,PFO,PFO,0.31130229837152634,0.0345692819807035,0.040863206672253044,0.5794026851666729,0.033862527808844134
ZCH0074,3,NORMAL,NORMAL,0.032528415325815484,0.9278807977737664,0.019559705032827317,0.015372136868372332,0.004658944999218343
ZCH0291,3,NORMAL,NORMAL,0.0763284899773519,0.7989672803427823,0.026085629651471924,0.08817736982311777,0.010441230205276236
ZCH0702,3,PFO,VSD,0.17729688185521605,0.02081726470573257,0.10231313723927901,0.11133547464583404,0.5882372415539383
ZCH0506,3,NORMAL,NORMAL,0.008881244408921839,0.9640724936682884,0.013000700598627785,0.007954891334730825,0.006090669989431171
ZCH0582,3,ASD,VSD,0.18700530559297518,0.2703005379922993,0.12092804466767919,0.03570703714152126,0.38605907460552513
ZCH0305,3,NORMAL,NORMAL,0.16501694222247876,0.7000082555831111,0.03599377980464031,0.0739211857790589,0.025059836610710946
ZCH0146,3,NORMAL,NORMAL,0.01940544793784838,0.9457324581962121,0.013438502049191992,0.014184855878187233,0.007238735938560422
ZCH0347,3,NORMAL,NORMAL,0.024143569374788124,0.9516014385683322,0.011014385335889668,0.008211147186624872,0.0050294595343651355
ZCH0520,3,NORMAL,NORMAL,0.22866589425124018,0.6978332236097691,0.01551779654496528,0.008983645160110916,0.04899944043391446
ZCH0316,3,NORMAL,NORMAL,0.02381405739851908,0.9449086773829951,0.016509495892943565,0.008994473231126779,0.00577329609441548
ZCH0162,3,NORMAL,NORMAL,0.01781066960901448,0.9318838536784195,0.01990745592010125,0.02215508259587315,0.008242938196591621
ZCH0521,3,NORMAL,NORMAL,0.018100555149248857,0.9199547298971462,0.020883519450833807,0.03507209204475265,0.005989103458018315
ZCH0658,3,PDA,ASD,0.34117110393606226,0.31740075693786585,0.05796055778783428,0.26649983623389084,0.0169677451043469
ZCH0718,3,PFO,PFO,0.2060787230713569,0.15228071921778202,0.045075358360394766,0.5602164384359742,0.036348760914492066
ZCH0303,3,NORMAL,NORMAL,0.025451787957496783,0.9433143816930486,0.014553788388951704,0.007864269444523559,0.008815772515979401
ZCH0498,3,NORMAL,NORMAL,0.022097466571553,0.9248081530877775,0.022355932673130234,0.013520392796081592,0.01721805487145768
ZCH0364,3,NORMAL,NORMAL,0.010845149592716187,0.959234747048187,0.013396822000985246,0.010530980699709582,0.005992300658401985
ZCH0270,3,NORMAL,NORMAL,0.23051918729009224,0.40156134153871453,0.056060636807793704,0.2714907712025455,0.040368063160854034
ZCH0904,3,VSD,VSD,0.027073429784672053,0.033792777458282644,0.0323305642435798,0.032523468191371696,0.8742797603220939
ZCH0534,3,ASD,NORMAL,0.13535929243457004,0.7551953650842521,0.08821713490186082,0.006774888944917151,0.014453318634399961
ZCH0381,3,NORMAL,NORMAL,0.02513238522619111,0.9268614821164936,0.013824177416478484,0.02482895652771428,0.009352998713122621
ZCH0402,3,NORMAL,NORMAL,0.04354857902554748,0.8965319216980091,0.026304072932279328,0.013161892338460822,0.020453534005703062
ZCH0612,3,ASD,ASD,0.848967529044754,0.038532883810118296,0.07463880378605123,0.02755986172337025,0.010300921635706235
ZCH0390,3,NORMAL,NORMAL,0.05627472098211135,0.9050097071852687,0.01945717896592594,0.009199909082315879,0.01005848378437816
ZCH0673,3,PDA,NORMAL,0.04774610530293903,0.8941841219462229,0.028006891102518375,0.016986298380855212,0.0130765832674645
ZCH0587,3,ASD,ASD,0.6377926166705254,0.12235679420022619,0.11876033231278052,0.034665322980940744,0.08642493383552716
ZCH0789,3,VSD,VSD,0.025280594113565598,0.04061748971999094,0.12098168373960874,0.047006814469830405,0.7661134179570043
ZCH0848,3,VSD,PFO,0.43441927253416857,0.014916195202497495,0.022891236182672123,0.4598223597801251,0.06795093630053682
ZCH0330,3,NORMAL,NORMAL,0.011241880867088015,0.956020369277261,0.015328844795133236,0.008490093921884524,0.008918811138633303
ZCH0360,3,NORMAL,NORMAL,0.026797302225020726,0.9183315440096562,0.018871167943006695,0.028767713984424247,0.007232271837892184
ZCH0249,3,NORMAL,NORMAL,0.017683879263023162,0.9544902030116954,0.019323785665936136,0.003283369386988334,0.005218762672356784
ZCH0781,3,VSD,VSD,0.018715297656888952,0.03328322788704269,0.04842937268328913,0.032457466908574525,0.8671146348642047
ZCH0610,3,ASD,NORMAL,0.030012102966969215,0.9332472417576065,0.012311240234923002,0.01773090857156534,0.0066985064689357955
ZCH0900,3,VSD,VSD,0.2472303926133504,0.011039033437176831,0.0939597467301515,0.1588209740638945,0.48894985315542683
ZCH0566,3,ASD,ASD,0.5970094857331137,0.005866110428040886,0.16931379921575132,0.061898614349025265,0.16591199027406883
ZCH0756,3,VSD,VSD,0.041049574526223556,0.037643743972962954,0.044485310608597325,0.03566970206445166,0.8411516688277645
ZCH0601,3,ASD,PFO,0.02189574821944935,0.0033878438905070515,0.05524068145702979,0.9161671030382155,0.0033086233947983924
ZCH0127,3,NORMAL,NORMAL,0.015475223060837248,0.9584575206521273,0.01604260061035299,0.004309775913000749,0.005714879763681789
ZCH0885,3,VSD,VSD,0.054297472527791706,0.03775142684420291,0.42214979594058955,0.06292722549830203,0.42287407918911385
ZCH0251,3,NORMAL,NORMAL,0.01766085165501898,0.9555927666501887,0.01131223420764993,0.010034522125364247,0.0053996253617782245
ZCH0271,3,NORMAL,NORMAL,0.01274802293836167,0.9413235096703807,0.019171009917933107,0.016762288752998258,0.009995168720326351
ZCH0760,3,VSD,VSD,0.028501428875908827,0.03317959244921649,0.06706501593115294,0.05968578556989015,0.8115681771738317
ZCH0909,3,VSD,VSD,0.09996978311523619,0.018754600254168818,0.2591670099948262,0.10885120363507442,0.5132574030006944
ZCH0275,3,NORMAL,NORMAL,0.015635301787832834,0.9554617644303763,0.01774897879561619,0.00676619737397434,0.004387757612200386
ZCH0383,3,NORMAL,NORMAL,0.05078624557473585,0.857392732075053,0.025007918210470048,0.04030562412898741,0.02650748001075366
ZCH0194,3,NORMAL,NORMAL,0.02255641540867269,0.9423546050709702,0.02008424122863523,0.008750922868139405,0.006253815423582476
ZCH0273,3,NORMAL,NORMAL,0.13284086691059888,0.7040987092724367,0.05812014538561239,0.05106875820430903,0.053871520227043015
ZCH0428,3,NORMAL,NORMAL,0.016830114337553003,0.9590625978911551,0.012412062356744948,0.0038724555980233152,0.007822769816523703
ZCH0522,3,NORMAL,NORMAL,0.1374440701380403,0.7463317963879145,0.027024147696471917,0.07366753925800829,0.01553244651956509
ZCH0615,3,ASD,ASD,0.7676543954413411,0.03609502417422846,0.11056017507165665,0.05137536954011654,0.03431503577265722
ZCH0145,3,NORMAL,NORMAL,0.012952415555744985,0.9618662780103713,0.014375401574914634,0.006233891141735455,0.004572013717233675
ZCH0546,3,ASD,PFO,0.08107495779759254,0.07686252195426646,0.02664914440921771,0.7497864802632523,0.06562689557567096
ZCH0490,3,NORMAL,NORMAL,0.03162505311549288,0.8879849978761942,0.04492452900015548,0.011022413695220515,0.0244430063129369
ZCH0021,3,NORMAL,NORMAL,0.023512554653422238,0.9521837354626667,0.012932258526575762,0.007143515194132309,0.004227936163202831
ZCH0437,3,NORMAL,NORMAL,0.04161825036100079,0.902526842668514,0.017822249039425246,0.010405147888540554,0.027627510042519503
ZCH0500,3,NORMAL,NORMAL,0.0930027485390606,0.8260827718653964,0.02822602318947922,0.008413228761944884,0.04427522764411899
ZCH0796,3,VSD,VSD,0.027478936445854904,0.041771815460498525,0.04902105562925615,0.03759867396953952,0.844129518494851
ZCH0427,3,NORMAL,NORMAL,0.009609274170689495,0.9573298856243022,0.012652434552958922,0.016293311463914432,0.004115094188134995
ZCH0743,3,PFO,PFO,0.21166316165041166,0.3234831986759439,0.04056806695572233,0.38619680486830155,0.038088767849620536
ZCH0562,3,ASD,PFO,0.45114658062108576,0.003974019511201688,0.02204630046425357,0.5097257871614073,0.013107312242051705
ZCH0694,3,PFO,PFO,0.008246540430339415,0.12717215900392898,0.008992583107361582,0.8472999830880374,0.008288734370332614
ZCH0595,3,ASD,ASD,0.3754274715601298,0.22667817586898403,0.05760674992850649,0.27410032144404073,0.06618728119833903
ZCH0748,3,PFO,PFO,0.3279411567622546,0.06984850093400594,0.05810979629562826,0.48455312028907027,0.05954742571904098
ZCH0504,3,NORMAL,NORMAL,0.017588157594669446,0.9450556740395704,0.012339552614316622,0.01834856350733991,0.006668052244103682
ZCH0193,3,NORMAL,NORMAL,0.0913916473018551,0.7774258080511672,0.044056381146318754,0.05490239436383375,0.03222376913682523
ZCH0782,3,VSD,VSD,0.11577057758944925,0.09781184815905028,0.1699988395826914,0.1235676871478361,0.492851047520973
ZCH0257,3,NORMAL,NORMAL,0.01958075605332564,0.9547346656757414,0.012281081297819789,0.006764539453026382,0.006638957520086784
ZCH0519,3,NORMAL,NORMAL,0.01336221241023929,0.9391310179554402,0.025481556474220266,0.00896145705486391,0.013063756105236315
ZCH0148,3,NORMAL,NORMAL,0.019464210672515834,0.9454666941257839,0.01517097236843867,0.013417717428002627,0.006480405405258863
ZCH0493,3,NORMAL,NORMAL,0.06023136172270182,0.866694052415742,0.041201526795896296,0.01344318430518297,0.018429874760476896
ZCH0515,3,NORMAL,NORMAL,0.011363231955005963,0.9664771174148894,0.013841537667655248,0.004907828918279477,0.003410284044169908
ZCH0826,3,VSD,VSD,0.04007831153762402,0.01792510282945549,0.04252846509601265,0.03226641622279469,0.8672017043141131
ZCH0121,3,NORMAL,NORMAL,0.015763829476264365,0.9515324387219558,0.019200668780999287,0.007976417321467769,0.005526645699312862
ZCH0108,3,NORMAL,NORMAL,0.011226363296835599,0.9319452707800471,0.023041089485166505,0.027120970105750427,0.006666306332200429
ZCH0327,3,NORMAL,NORMAL,0.03647537339751949,0.9292321546998671,0.019068796470141716,0.00736330996853995,0.007860365463931783
ZCH0483,3,NORMAL,NORMAL,0.013672854470418942,0.9532055795332379,0.018135176308688255,0.0099699995973369,0.005016390090318047
ZCH0096,3,NORMAL,NORMAL,0.014083882989287057,0.9208383820904009,0.016973437017818102,0.034252595821186185,0.013851702081307793
ZCH0605,3,ASD,NORMAL,0.12525775165236913,0.8086473255127209,0.029715191788465833,0.023327081943536707,0.01305264910290745
ZCH0476,3,NORMAL,NORMAL,0.014705745633758904,0.9513720468486968,0.01843333239042441,0.010410374940452995,0.005078500186666831
ZCH0852,3,VSD,VSD,0.05360352228355951,0.07104991299139135,0.1292624562646335,0.042270764641935854,0.7038133438184797
ZCH0608,3,ASD,ASD,0.44338139909772756,0.1831409983833105,0.05335505696066763,0.30546079999687636,0.014661745561417961
ZCH0499,3,NORMAL,NORMAL,0.17021049761957113,0.6574282933466283,0.037575706011648086,0.013789896136962146,0.12099560688519036
ZCH0758,3,VSD,VSD,0.024203816379012737,0.03650206677337525,0.03896359023150877,0.0426701469122031,0.8576603797039002
ZCH0407,3,NORMAL,NORMAL,0.019004546247434608,0.954561202812982,0.013173904180488444,0.006477879293784286,0.006782467465310733
ZCH0143,3,NORMAL,NORMAL,0.02206840673028293,0.9495159808372399,0.016799781315360026,0.006851123731265174,0.004764707385852157
ZCH0171,3,NORMAL,NORMAL,0.01882495445182375,0.950858130140048,0.017245282754216835,0.00591111574827545,0.007160516905635994
ZCH0741,3,PFO,PFO,0.1931618711632389,0.13117399627536563,0.16224070984602706,0.48336238976458235,0.03006103295078598
ZCH0747,3,PFO,PFO,0.07670943473739925,0.114684216049592,0.08233924260422054,0.6527556638053476,0.07351144280344066
ZCH0442,3,NORMAL,NORMAL,0.1259266847077449,0.821106414509094,0.02140586952161292,0.01730561086223085,0.014255420399317261
ZCH0233,3,NORMAL,NORMAL,0.053978811940214116,0.913068744675295,0.015902065259749167,0.008373233283988018,0.008677144840753794
ZCH0220,3,NORMAL,NORMAL,0.03887717636987699,0.9197958397958733,0.01567435451888501,0.012571188073703676,0.013081441241661034
ZCH0683,3,PDA,VSD,0.0165275337712331,0.03909058196149746,0.03360422249040162,0.023011471598703075,0.8877661901781648
ZCH0866,3,VSD,VSD,0.033032602720105705,0.02774274987503043,0.04194692743255448,0.03529433593056157,0.8619833840417478
ZCH0508,3,NORMAL,NORMAL,0.023198176281408578,0.9270269472711488,0.024214299913954802,0.019182717479362555,0.006377859054125185
ZCH0243,3,NORMAL,NORMAL,0.023036041774767133,0.947755384435975,0.014285449704850815,0.010337453681178246,0.004585670403228915
ZCH0916,3,VSD,VSD,0.02231539838820416,0.03468381604683492,0.060829746848347806,0.04677961667572368,0.8353914220408893
ZCH0857,3,VSD,VSD,0.04690180428524734,0.02716854325694034,0.05906198155452351,0.04501892447836799,0.8218487464249209
ZCH0286,3,NORMAL,NORMAL,0.028274206084382643,0.9419583066905437,0.015069529513078996,0.00945163287559821,0.005246324836396335
ZCH0621,3,ASD,NORMAL,0.24725558916781518,0.6550229332211512,0.03380538675692786,0.04296906867911282,0.020947022174992877
ZCH0198,3,NORMAL,NORMAL,0.049376397393058116,0.8005683960003354,0.013390593085475777,0.11893364738970998,0.01773096613142086
ZCH0801,3,VSD,VSD,0.012485450299813183,0.043756590567818394,0.034061330843928705,0.024856785314161963,0.8848398429742779
ZCH0808,3,VSD,VSD,0.028111193082941,0.04385033464967759,0.059820833484393314,0.022227531325704323,0.8459901074572838
ZCH0734,3,PFO,ASD,0.7575715378466112,0.022775452658995356,0.03304957222374342,0.1047364091004897,0.08186702817016024
ZCH0692,3,PFO,PFO,0.2735010093965706,0.12743402148205651,0.07949101489339536,0.47167304563455204,0.04790090859342545
ZCH0837,3,VSD,VSD,0.030820235252703936,0.02720143693791331,0.04507237418225521,0.03793274785972349,0.8589732057674041
ZCH0377,3,NORMAL,NORMAL,0.03682448886731153,0.9065926466883452,0.03528544565116812,0.007769589567528556,0.013527829225646706
ZCH0594,3,ASD,NORMAL,0.3759349811613016,0.554385548316744,0.018163415726358448,0.03860686378785654,0.012909191007739417
ZCH0359,3,NORMAL,NORMAL,0.03978156055803493,0.8715883971332881,0.019870594632072407,0.06257752724136895,0.006181920435235666
ZCH0757,3,VSD,VSD,0.055954719461011604,0.032257533615227284,0.08248414347430441,0.043895178786334074,0.7854084246631227
ZCH0180,3,NORMAL,NORMAL,0.022368855055359942,0.9581164596562349,0.009925218209586816,0.006477824672509591,0.003111642406308784
ZCH0224,3,NORMAL,NORMAL,0.03502914779130034,0.909779553887385,0.016957703870040915,0.025820203492503663,0.012413390958770167
ZCH0044,3,NORMAL,NORMAL,0.010579463925553464,0.9274174757338295,0.015584362018893011,0.03620199848428974,0.010216699837434371
ZCH0616,3,ASD,PFO,0.06929198942784472,0.005225062117093627,0.03743281781141687,0.7566474518606414,0.13140267878300343
ZCH0793,3,VSD,VSD,0.014098782613387173,0.031170061206459113,0.06545945251216259,0.030796661771372254,0.8584750418966189
ZCH0459,3,NORMAL,NORMAL,0.01431858181176564,0.9530176431306207,0.01788245910570355,0.008573674090040938,0.006207641861869249
ZCH0786,3,VSD,VSD,0.024639322188769946,0.025191452288692344,0.09730836967668671,0.023000912952798786,0.8298599428930522
ZCH0905,3,VSD,VSD,0.011342040789215881,0.06461256375790547,0.03388212194356868,0.02532865664041367,0.8648346168688963
ZCH0581,4,ASD,PFO,0.01000698622290325,0.020184046810709746,0.06543479074953266,0.6252018690000664,0.27917230721678804
ZCH0611,4,ASD,ASD,0.9670115183122897,0.016185527105762276,0.006847611819019759,0.004794620107855983,0.005160722655072302
ZCH0240,4,NORMAL,NORMAL,0.009938977820434585,0.9671504250560365,0.011929405934204086,0.008489714073914266,0.0024914771154104023
ZCH0574,4,ASD,NORMAL,0.18755998414010955,0.498719440337776,0.23043653155607297,0.04678808231880055,0.036495961647241004
ZCH0828,4,VSD,VSD,0.040177716081551074,0.03311063566348845,0.05536451134116015,0.04083306784367219,0.8305140690701281
ZCH0928,4,VSD,VSD,0.10060101236608356,0.011437595816400782,0.08418165170036188,0.0149949517682761,0.7887847883488777
ZCH0182,4,NORMAL,NORMAL,0.0058892780505755095,0.971689235486035,0.008465925630919753,0.010185009252752593,0.0037705515797171974
ZCH0369,4,NORMAL,NORMAL,0.03190917666298394,0.9211645057181906,0.019131471492264504,0.012472743788002014,0.01532210233855887
ZCH0292,4,NORMAL,NORMAL,0.00531676440731228,0.9598071605341665,0.013449151394215342,0.013593153367111078,0.007833770297194695
ZCH0357,4,NORMAL,NORMAL,0.036577704250681645,0.8988796937759949,0.010124248571082782,0.05091814125336522,0.0035002121488755993
ZCH0091,4,NORMAL,NORMAL,0.027291203486560757,0.9104829924510757,0.016635726033493427,0.01574244402203907,0.029847634006831124
ZCH0597,4,ASD,NORMAL,0.12602578594343733,0.5831069390754064,0.05794303750707503,0.15402954446424447,0.0788946930098367
ZCH0489,4,NORMAL,NORMAL,0.01944978278456,0.9408514603136534,0.015626731048911997,0.015592636041669525,0.008479389811205145
ZCH0784,4,VSD,VSD,0.023773519789177806,0.023305427153530733,0.03226738719001699,0.05470423699753284,0.8659494288697417
ZCH0298,4,NORMAL,VSD,0.15056638793903432,0.1912609529827773,0.24783163903623312,0.13940681902592197,0.2709342010160333
ZCH0819,4,VSD,ASD,0.559508837011973,0.013522372099701512,0.030728052708470302,0.35887406179166564,0.03736667638818957
ZCH0655,4,PDA,NORMAL,0.31713417800912125,0.326609359710271,0.24083156590630905,0.02732040672946643,0.08810448964483229
ZCH0079,4,NORMAL,NORMAL,0.008592631339392637,0.942295916507833,0.016058180406308672,0.02363678042135509,0.00941649132511073
ZCH0711,4,PFO,NORMAL,0.25299665282178563,0.6285700094805273,0.012824832394684689,0.08097416206012775,0.0246343432428746
ZCH0588,4,ASD,NORMAL,0.15474974944464734,0.5824856586604388,0.04490568503495937,0.07572942360431562,0.14212948325563887
ZCH0317,4,NORMAL,NORMAL,0.20916584206525532,0.6076254529536007,0.02516464369281842,0.01650881398063831,0.14153524730768724
ZCH0697,4,PFO,ASD,0.4738932884896265,0.01397855829779944,0.2843052410901542,0.10226224611489002,0.12556066600752994
ZCH0450,4,NORMAL,NORMAL,0.04373884778432219,0.788716528300192,0.05947726690930191,0.015195451091895337,0.09287190591428862
ZCH0564,4,ASD,PFO,0.2781961306474841,0.1286404139732789,0.0970219714260332,0.4366669707721069,0.059474513181096894
ZCH0898,4,VSD,PFO,0.00985859735767362,0.044615702509214226,0.10864630732174593,0.45104316815690404,0.38583622465446216
ZCH0235,4,NORMAL,NORMAL,0.010230125670004876,0.9600244569548757,0.012879404895797204,0.011640242060286094,0.0052257704190359485
ZCH0332,4,NORMAL,NORMAL,0.0030503709587929658,0.9668591827972266,0.01597971331780849,0.010332684845531924,0.003778048080639965
ZCH0102,4,NORMAL,NORMAL,0.006148777202231827,0.9692704470182882,0.011036947492059903,0.01081474883442792,0.002729079452992151
ZCH0567,4,ASD,PDA,0.04557124200767958,0.0193617107891557,0.44546562868116507,0.24800708123701876,0.24159433728498092
ZCH0389,4,NORMAL,NORMAL,0.018785434621149955,0.9129199888873647,0.027912480176882123,0.015507756341425143,0.024874339973178138
ZCH0262,4,NORMAL,NORMAL,0.004346925734793323,0.9749567024820022,0.011215809312940129,0.0058769516983219255,0.003603610771942514
ZCH0903,4,VSD,VSD,0.01293527604611315,0.010574035734948018,0.05251698048793266,0.017867709013871396,0.9061059987171348
ZCH0791,4,VSD,VSD,0.014017633369205001,0.028863152545471785,0.020633693126530704,0.017047294317141033,0.9194382266416515
ZCH0380,4,NORMAL,NORMAL,0.010427166280628305,0.9441430907317925,0.016085052662110997,0.022222499896934332,0.007122190428533889
ZCH0253,4,NORMAL,NORMAL,0.015882103174699222,0.9447546655365556,0.01856774869704722,0.014610029140626802,0.006185453451071098
ZCH0216,4,NORMAL,NORMAL,0.03714652384806699,0.9123939178045887,0.022096166789179767,0.01864503284071686,0.00971835871744778
ZCH0854,4,VSD,VSD,0.015718104370729527,0.013965535919010003,0.06044253046097023,0.07877460085158287,0.8310992283977073
ZCH0069,4,NORMAL,NORMAL,0.0069994684310715405,0.9651521683965653,0.014869893425088201,0.008484545365450001,0.004493924381825083
ZCH0865,4,VSD,VSD,0.06059254680887341,0.029201944189668656,0.024485219692936697,0.042739937953019336,0.8429803513555019
ZCH0761,4,VSD,VSD,0.019023531734625804,0.020681745208238827,0.023245267783726813,0.01970738305558759,0.9173420722178209
ZCH0221,4,NORMAL,NORMAL,0.022507579823499376,0.936763100588217,0.018958424432382954,0.013942231122575036,0.007828664033325503
ZCH0035,4,NORMAL,NORMAL,0.012087057999946086,0.9450278673697676,0.019905276705147548,0.015598717609030924,0.007381080316107631
ZCH0843,4,VSD,VSD,0.15660285067204022,0.01583352458396175,0.20737385182095297,0.1864156169350472,0.43377415598799784
ZCH0034,4,NORMAL,NORMAL,0.02361717128366774,0.9295932955103513,0.0167661581891068,0.018462564084639442,0.011560810932234874
ZCH0924,4,VSD,VSD,0.016955107338018013,0.015389749120624428,0.09307347037903597,0.023972709680153536,0.8506089634821681
ZCH0713,4,PFO,PFO,0.07294899670606589,0.00398555176455224,0.03205484155677366,0.8521506064561655,0.038860003516442795
ZCH0246,4,NORMAL,NORMAL,0.013400759002749112,0.9560903357781904,0.01296074257049446,0.012886704369085629,0.004661458279480396
ZCH0542,4,ASD,ASD,0.881842744892126,0.006919584481089887,0.015818624091459368,0.02818945471397287,0.067229591821352
ZCH0631,4,ASD,PFO,0.16667405393563545,0.21680066480956117,0.10709842721174145,0.3371126396649278,0.1723142143781341
ZCH0705,4,PFO,ASD,0.5064384664751459,0.1383082126224567,0.17060030642375093,0.12848497171570492,0.056168042762941774
ZCH0022,4,NORMAL,NORMAL,0.013351073260269374,0.9660099131253143,0.008878036774399068,0.006562049755884872,0.005198927084132367
ZCH0037,4,NORMAL,NORMAL,0.012451778352406665,0.936666796710687,0.014129790412635491,0.01567434308113132,0.02107729144313951
ZCH0248,4,NORMAL,NORMAL,0.06950192161584658,0.8093221810234326,0.043605475609442994,0.06425921472068948,0.013311207030588464
ZCH0256,4,NORMAL,NORMAL,0.006538912809594439,0.9298473546381263,0.015479549336488346,0.04424267358780856,0.0038915096279824217
ZCH0217,4,NORMAL,NORMAL,0.01572218767938242,0.94186456218667,0.018859327738260715,0.008874549642253296,0.014679372753433586
ZCH0250,4,NORMAL,NORMAL,0.009263932038579774,0.9565413067225272,0.013629799314736867,0.011329057471111752,0.009235904453044407
ZCH0324,4,NORMAL,NORMAL,0.14234640943064308,0.8002775665305586,0.022069685286581833,0.03049430317947086,0.004812035572745654
ZCH0882,4,VSD,VSD,0.0077906916270622855,0.025518997245391,0.022728142817873484,0.01935136851226313,0.9246107997974101
ZCH0011,4,NORMAL,NORMAL,0.05781407508761667,0.8947952904746361,0.019473374758031542,0.009900018219713931,0.018017241460001717
ZCH0823,4,VSD,VSD,0.017119387266801643,0.022689901490180547,0.17410462126640314,0.088613162056517,0.6974729279200977
ZCH0293,4,NORMAL,NORMAL,0.012397281451733789,0.9273718901119692,0.01781138844432056,0.035193836728507844,0.007225603263468656
ZCH0129,4,NORMAL,NORMAL,0.011291880386430024,0.937121610703096,0.02042836540885202,0.020460585607729242,0.010697557893892597
ZCH0208,4,NORMAL,NORMAL,0.006048660488946522,0.9685791222369511,0.010328524957012383,0.008717021008977182,0.006326671308112747
ZCH0739,4,PFO,PFO,0.12181438407908861,0.0159383337101329,0.05944268182306197,0.6345895952370744,0.16821500515064228
ZCH0910,4,VSD,VSD,0.1680138375746682,0.06127641270249763,0.22029743787343295,0.12309328470303356,0.42731902714636766
ZCH0654,4,PDA,PDA,0.056645521472890585,0.006308980779405544,0.9124862319458313,0.007953982364024144,0.016605283437848416
ZCH0266,4,NORMAL,NORMAL,0.038276237485221166,0.8946721543300924,0.030970311793112486,0.022761559993953406,0.01331973639762051
ZCH0056,4,NORMAL,NORMAL,0.12361977961543233,0.7850066678429263,0.024545517722438497,0.027670130706202407,0.03915790411300053
ZCH0466,4,NORMAL,NORMAL,0.01768850579642803,0.9407415613224683,0.01870201622147499,0.010948637197658057,0.011919279461970723
ZCH0861,4,VSD,VSD,0.019485013457782512,0.012154768129820784,0.08021449638915489,0.03374460507640575,0.854401116946836
ZCH0698,4,PFO,NORMAL,0.057977429214714805,0.5256593949679499,0.03724757991986188,0.32553582333773917,0.05357977255973437
ZCH0934,4,VSD,VSD,0.02741363037638562,0.02250604478533514,0.06942802237560255,0.005910509085078022,0.8747417933775987
ZCH0031,4,NORMAL,NORMAL,0.01468493979514218,0.9207197172817595,0.014485587092833409,0.039283039344069,0.010826716486195903
ZCH0196,4,NORMAL,NORMAL,0.010183935994949192,0.9545027612162429,0.011260250883346003,0.015047765015883303,0.009005286889578532
ZCH0174,4,NORMAL,NORMAL,0.007654442578778432,0.6555531535259647,0.024615131487734664,0.2859223372243523,0.026254935183169993
ZCH0690,4,PFO,PFO,0.16571124423149325,0.04482398463815608,0.012386368739856407,0.7724549569571288,0.004623445433365448
ZCH0367,4,NORMAL,NORMAL,0.03360623677518775,0.9380469893972355,0.01683924868902659,0.006866610696679417,0.0046409144418708284
ZCH0538,4,ASD,PDA,0.24929462858809873,0.03323284214436246,0.34875933633219103,0.2832796043069343,0.08543358862841355
ZCH0869,4,VSD,VSD,0.02433664630224499,0.020529581004818567,0.02484388541750264,0.02759601358658851,0.9026938736888452
ZCH0491,4,NORMAL,NORMAL,0.011723714358220267,0.918984549896105,0.024199629414012526,0.027595933377242778,0.017496172954419433
ZCH0382,4,NORMAL,NORMAL,0.015518429958559886,0.9462352680808046,0.013054941421753872,0.018742913631562327,0.006448446907319352
ZCH0153,4,NORMAL,NORMAL,0.04366282068070797,0.894515545212197,0.024779247961759433,0.023746511036725114,0.013295875108610536
ZCH0310,4,NORMAL,NORMAL,0.008561162575042433,0.9528935024330945,0.016624068677397696,0.01442873973126131,0.007492526583203888
ZCH0827,4,VSD,VSD,0.0113875791548631,0.014148114314287452,0.03795514923128726,0.07296773691483352,0.8635414203847287
ZCH0211,4,NORMAL,NORMAL,0.017781540596571714,0.9428511293206201,0.010266369062028347,0.024274005644671956,0.004826955376107923
ZCH0930,4,VSD,VSD,0.01011769979614859,0.02427854459691327,0.15107891164994236,0.022644860686765498,0.7918799832702302
ZCH0071,4,NORMAL,NORMAL,0.0100462016407211,0.9598553336703929,0.014140763093242317,0.012456872232171779,0.0035008293634719847
ZCH0361,4,NORMAL,NORMAL,0.006864797924477731,0.9627496410729598,0.015257901782941109,0.008821924378817618,0.006305734840803846
ZCH0004,4,NORMAL,NORMAL,0.018206155214565273,0.9471530062598912,0.0163712744330502,0.00881235575771802,0.009457208334775266
ZCH0355,4,NORMAL,NORMAL,0.0069422062242288935,0.9600652753922396,0.017588496477251407,0.009560513332803729,0.005843508573476418
ZCH0078,4,NORMAL,NORMAL,0.013214078654941577,0.9258900540961649,0.025837587122882498,0.01145107899259406,0.023607201133417067
ZCH0740,4,PFO,ASD,0.343001082615826,0.26306622420677134,0.06864666984043041,0.27284404269743373,0.052441980639538435
ZCH0780,4,VSD,VSD,0.01867711028291194,0.025374746958562906,0.048934578493281054,0.02698899913773601,0.880024565127508
ZCH0376,4,NORMAL,NORMAL,0.013593796034931847,0.9654203757388955,0.010325725382116539,0.008867814627506871,0.0017922882165492863
ZCH0768,4,VSD,VSD,0.005467242422749772,0.010111332078134142,0.06908787259763795,0.031113148399978256,0.8842204045015
ZCH0851,4,VSD,VSD,0.017289603207643375,0.028095559049208414,0.06331320217278062,0.047183779663275666,0.8441178559070919
ZCH0368,4,NORMAL,NORMAL,0.014764109866511794,0.9512692023121407,0.01440523428408667,0.0159265101891266,0.003634943348134267
ZCH0433,4,NORMAL,NORMAL,0.02927455604033907,0.9245061845251161,0.011278617545969776,0.00974587065944354,0.02519477122913128
ZCH0721,4,PFO,PFO,0.04392153531526025,0.13068011437029345,0.09347330033078181,0.720525929328403,0.011399120655261444
ZCH0076,4,NORMAL,NORMAL,0.0934343639017172,0.7898398624475407,0.03410694773887889,0.023007538061305607,0.05961128785055769
ZCH0186,4,NORMAL,NORMAL,0.007177829744028443,0.9561769013703129,0.01002745691941637,0.01881624012841224,0.007801571837829941
ZCH0042,4,NORMAL,NORMAL,0.03403212564532257,0.8705904908941662,0.01806943882045952,0.0663603086085026,0.010947636031549197
ZCH0175,4,NORMAL,NORMAL,0.011811514275975073,0.642072798392696,0.016177535090015755,0.32109383456166996,0.00884431767964317
ZCH0430,4,NORMAL,NORMAL,0.023421574114242727,0.94421128111733,0.008716547025865592,0.019085651218546704,0.004564946524015012
ZCH0907,4,VSD,VSD,0.026120131212545243,0.030979537548458645,0.053928717736125134,0.02960078696525606,0.859370826537615
ZCH0660,4,PDA,PDA,0.3027372298910015,0.0069032949531271336,0.6628982922796548,0.014949099161908536,0.012512083714308042
ZCH0095,4,NORMAL,NORMAL,0.009243503829914977,0.9627595006522958,0.013540989338324018,0.01030194451084212,0.0041540616686230915
ZCH0889,4,VSD,VSD,0.011526938552056897,0.034818479380111206,0.05482578732118655,0.08645133051979832,0.812377464226847
ZCH0651,4,ASD,ASD,0.6381708973881457,0.3203634458776022,0.019113031200171878,0.00900544638797018,0.013347179146110194
ZCH0077,4,NORMAL,NORMAL,0.009545612217117064,0.9499872847202144,0.013381348484233092,0.016515824153644536,0.010569930424790945
ZCH0457,4,NORMAL,NORMAL,0.1437417412629806,0.7005419944940507,0.030336569540509978,0.010964007356820136,0.11441568734563859
ZCH0288,4,NORMAL,NORMAL,0.006167487365897919,0.9505070689306243,0.011110679048958272,0.019202564163654654,0.013012200490864954
ZCH0565,4,ASD,PFO,0.2217495634951435,0.09454312594840118,0.0672853765765685,0.592880457762376,0.023541476217510713
ZCH0787,4,VSD,VSD,0.01453892063211942,0.024940613099495135,0.05886111890735772,0.04007020762610628,0.8615891397349215
ZCH0122,4,NORMAL,NORMAL,0.17066947165460056,0.6682482706543911,0.04984329126508127,0.0711426800959952,0.04009628632993199
ZCH0111,4,NORMAL,NORMAL,0.1888835492004143,0.7056865610785322,0.02679248050447873,0.014804775706519061,0.0638326335100557
ZCH0667,4,PDA,ASD,0.3470395825070784,0.07904277222712959,0.2126468508349144,0.25572291397221225,0.10554788045866537
ZCH0023,4,NORMAL,NORMAL,0.02225234585359357,0.9182419895688758,0.020617334675689367,0.026261914858969518,0.012626415042871684
ZCH0550,4,ASD,ASD,0.3449368263760777,0.1617894209754855,0.16253734056531474,0.24650250760176207,0.08423390448136
ZCH0296,4,NORMAL,NORMAL,0.03712366433421785,0.8687475430859359,0.030984067526528426,0.013924804450961017,0.04921992060235675
ZCH0351,4,NORMAL,NORMAL,0.008788735881226807,0.9620885836942026,0.012732835638920009,0.013990868397812845,0.002398976387837686
ZCH0419,4,NORMAL,NORMAL,0.009726757121567757,0.9518991207030592,0.014967277181920013,0.012161353374912,0.011245491618541102
ZCH0841,4,VSD,VSD,0.029524274836813493,0.027226458552834565,0.028316549126808886,0.043221523747550554,0.8717111937359925
ZCH0666,4,PDA,ASD,0.926182515940519,0.0022547926562480744,0.02542845218745001,0.02674111285234762,0.01939312636343533
ZCH0151,4,NORMAL,NORMAL,0.017942011229484973,0.9508112017887701,0.009519257219201398,0.019139896320960408,0.0025876334415830607
ZCH0549,4,ASD,NORMAL,0.09830663170968576,0.5791932618008182,0.16161138361397373,0.13519115397443066,0.025697568901091608
ZCH0458,4,NORMAL,NORMAL,0.0800869429639012,0.8523520987530138,0.00937639745614601,0.01652581170503732,0.041658749121901775
ZCH0024,4,NORMAL,NORMAL,0.008202951810278306,0.9630571419844849,0.01304995895067639,0.011440089132714238,0.004249858121846221
ZCH0418,4,NORMAL,NORMAL,0.07717879853570257,0.4957572689863196,0.02756541974268014,0.22494550268362556,0.17455301005167217
ZCH0559,4,ASD,ASD,0.7536532522953366,0.19037281297218497,0.017724768152792617,0.013720583837743805,0.024528582741942157
ZCH0725,4,PFO,PFO,0.3114858772961138,0.03794801505343467,0.04187770129244378,0.5382698549391026,0.0704185514189051
ZCH0192,4,NORMAL,NORMAL,0.022421303930478947,0.9535516881241923,0.01166367716330204,0.006870747594930048,0.005492583187096653
ZCH0598,4,ASD,ASD,0.8567794850780635,0.038569601027978906,0.015854267465929026,0.05881310141622895,0.02998354501179963
ZCH0394,4,NORMAL,NORMAL,0.02044423845969423,0.925225931383896,0.011217941952604463,0.03588370486621931,0.007228183337585967
ZCH0185,4,NORMAL,NORMAL,0.056558915599997206,0.8342093232444521,0.017167618962287173,0.08688039073620289,0.005183751457060777
ZCH0202,4,NORMAL,NORMAL,0.014492643359196304,0.9598299559326791,0.010647299535396202,0.009488501290700335,0.005541599882028122
ZCH0254,4,NORMAL,NORMAL,0.020583560956452977,0.9364133390701426,0.014627865551657297,0.020843245255190386,0.007531989166556662
ZCH0109,4,NORMAL,NORMAL,0.04848014597873512,0.817946975650939,0.05529439308696775,0.05354839045158493,0.024730094831773217
ZCH0775,4,VSD,VSD,0.03753249992449812,0.01706590944404431,0.2962206934970881,0.05203975044483829,0.5971411466895313
ZCH0279,4,NORMAL,NORMAL,0.012340323640258728,0.9345641180077066,0.017402993651917435,0.028438394870425307,0.007254169829691991
ZCH0118,4,NORMAL,NORMAL,0.0062424939214134785,0.9777180690875079,0.00798789960887823,0.007070286511572571,0.0009812508706276252
ZCH0401,4,NORMAL,NORMAL,0.0058892780505755095,0.971689235486035,0.008465925630919753,0.010185009252752593,0.0037705515797171974
ZCH0274,4,NORMAL,NORMAL,0.05243296550132696,0.8875896280977433,0.020592335496110396,0.03311483835823069,0.006270232546588704
ZCH0065,4,NORMAL,NORMAL,0.015164690102511138,0.917577691827645,0.02463028416491348,0.037136117363493,0.005491216541437336
ZCH0032,4,NORMAL,NORMAL,0.0301614056014149,0.91043282063806,0.019655312522414974,0.02972138331818109,0.010029077919929144
ZCH0807,4,VSD,VSD,0.11429843261014143,0.006817813161377557,0.36708195864791804,0.041022696701759995,0.470779098878803
ZCH0311,4,NORMAL,NORMAL,0.003823418556302173,0.953018445319896,0.007559606556893506,0.03303512741679617,0.0025634021501121543
ZCH0897,4,VSD,VSD,0.008932200186588017,0.013968147321149881,0.058685238688297975,0.03935563738319032,0.8790587764207738
ZCH0835,4,VSD,VSD,0.017988021303976254,0.027601966315078292,0.04093660258949913,0.02126309788260191,0.8922103119088445
ZCH0919,4,VSD,VSD,0.006993090159168707,0.02130196723444794,0.014390945136537266,0.03293244594262714,0.924381551527219
ZCH0290,4,NORMAL,NORMAL,0.025233477248743738,0.9283420191061077,0.015074132923061537,0.0099986788114648,0.02135169191062227
ZCH0738,4,PFO,ASD,0.507421178118884,0.1404560230788746,0.07538424526856784,0.11251704278838211,0.16422151074529145
ZCH0680,4,PDA,VSD,0.0941546568759489,0.011043375399965735,0.38287934621087805,0.005098705753678673,0.5068239157595287
ZCH0633,4,ASD,PFO,0.022722074019406117,0.005196112452559552,0.012168812051905484,0.8829298075664803,0.07698319390964864
ZCH0135,4,NORMAL,NORMAL,0.0031581265537999506,0.9546157326911813,0.01672277288799483,0.021230451003994275,0.004272916863029717
ZCH0307,4,NORMAL,NORMAL,0.02934491749754041,0.9319386576143005,0.01758767282382085,0.014973664732392946,0.006155087331945264
ZCH0887,4,VSD,PFO,0.17882748652303743,0.02100474637719791,0.2031065639539073,0.5020031163076516,0.09505808683820577
ZCH0268,4,NORMAL,NORMAL,0.012865725409591409,0.9401574256202961,0.023502606357400795,0.015079466710455727,0.00839477590225601
ZCH0101,4,NORMAL,NORMAL,0.016197853698242722,0.9607592408647536,0.00959520829900789,0.006918074701761392,0.006529622436234444
ZCH0585,4,ASD,PDA,0.22908271174434325,0.007241949870593894,0.3852318711812017,0.017988416926291325,0.36045505027756986
ZCH0533,4,NORMAL,NORMAL,0.013644857158262354,0.9005876482879629,0.00893683231377751,0.06473866496460834,0.012091997275388984
ZCH0536,4,ASD,ASD,0.8874264797810405,0.0319726321129349,0.03432616376818109,0.010711333399576226,0.03556339093826729
ZCH0348,4,NORMAL,NORMAL,0.00421674670098658,0.9576692309260735,0.010123825409918958,0.02485523998258651,0.0031349569804344584
ZCH0640,4,ASD,ASD,0.44348073427931667,0.17365804889191444,0.2754874639574228,0.02813307835120027,0.07924067452014583
ZCH0374,4,NORMAL,NORMAL,0.011093977200826484,0.9541250386144701,0.019962634499365358,0.006316666539774535,0.008501683145563326
ZCH0749,4,PFO,PFO,0.036118366180834666,0.31293592341924137,0.021209733617147886,0.6105418380330323,0.019194138749743905
ZCH0438,4,NORMAL,NORMAL,0.07226793434710548,0.8210197093496191,0.03357944219418579,0.04559115085515354,0.027541763253936192
ZCH0469,4,NORMAL,NORMAL,0.03550027322140917,0.47758687832589625,0.018465641698692307,0.46155428440762786,0.006892922346374498
ZCH0461,4,NORMAL,NORMAL,0.010572170912358955,0.9492855496290453,0.014206463914049085,0.01662686247118705,0.009308953073359532
ZCH0086,4,NORMAL,NORMAL,0.026914281085751522,0.9376712594808225,0.019257130819714748,0.009228060668870478,0.006929267944840534
ZCH0811,4,VSD,VSD,0.016937660376908296,0.025431874061338452,0.03440065585601954,0.023721220759394212,0.8995085889463396
ZCH0766,4,VSD,VSD,0.020095889739521165,0.018477447901983517,0.026488747876704015,0.02060315215419515,0.9143347623275961
ZCH0531,4,NORMAL,NORMAL,0.020577233930297957,0.9163369348911055,0.020042734888621277,0.03147328402255702,0.011569812267418366
ZCH0637,4,ASD,ASD,0.7432158460381558,0.0161730773358155,0.03937714266656823,0.07371047009518839,0.12752346386427207
ZCH0013,4,NORMAL,NORMAL,0.055940601282548345,0.8498632716654086,0.025462558398932807,0.04835320147685803,0.020380367176252166
ZCH0754,4,PFO,NORMAL,0.025180423491924887,0.9301937821841694,0.007747474050342746,0.02960398692612627,0.007274333347436774
ZCH0737,4,PFO,ASD,0.4127044731705667,0.008223240863144755,0.04829232923290124,0.40046286515948926,0.13031709157389804
ZCH0804,4,VSD,VSD,0.015303997914704265,0.0276832268284616,0.022386505032886778,0.030870858896952236,0.9037554113269952
ZCH0792,4,VSD,VSD,0.022791065782354,0.018869329710320723,0.04782791287774237,0.030253558185087556,0.8802581334444953
ZCH0636,4,ASD,ASD,0.5471266319732015,0.3786110137819417,0.01589137599381175,0.04761150603594555,0.010759472215099536
ZCH0036,4,NORMAL,NORMAL,0.028053101355960113,0.9174638595812901,0.014853231970514849,0.034215474277350756,0.005414332814884318
ZCH0548,4,ASD,PFO,0.09007148063618776,0.055866347753191666,0.2905827957800183,0.4833669232033685,0.08011245262723374
ZCH0170,4,NORMAL,NORMAL,0.004982098896411434,0.9654449981651689,0.016948209286385598,0.0073109391359346375,0.005313754516099364
ZCH0033,4,NORMAL,NORMAL,0.020457758529487204,0.9204841527519267,0.02225365665282443,0.030389237175335634,0.006415194890426055
ZCH0387,4,NORMAL,NORMAL,0.024955628489920494,0.9051368265294294,0.031081412539193855,0.02123522459275775,0.017590907848698552
ZCH0165,4,NORMAL,NORMAL,0.0037524210374650286,0.9585791974527468,0.018995806042370767,0.01335496917746242,0.005317606289955112
