method,recording_id,fold,true_binary_label,pred_binary_label,prob_CHD,prob_NORMAL
Stage25 fixed curriculum,ZCH0001,2,NORMAL,NORMAL,0.0745125126549171,0.9254874873450829
Stage25 fixed curriculum,ZCH0002,1,NORMAL,NORMAL,0.10082734917845992,0.8991726508215401
Stage25 fixed curriculum,ZCH0003,0,NORMAL,NORMAL,0.0874266899176972,0.9125733100823028
Stage25 fixed curriculum,ZCH0004,4,NORMAL,NORMAL,0.052846993740108816,0.9471530062598912
Stage25 fixed curriculum,ZCH0005,2,NORMAL,NORMAL,0.11683700889028881,0.8831629911097112
Stage25 fixed curriculum,ZCH0006,3,NORMAL,NORMAL,0.12150224391564945,0.8784977560843505
Stage25 fixed curriculum,ZCH0007,1,NORMAL,NORMAL,0.09255764145495449,0.9074423585450455
Stage25 fixed curriculum,ZCH0008,0,NORMAL,NORMAL,0.07824107455598872,0.9217589254440113
Stage25 fixed curriculum,ZCH0009,1,NORMAL,NORMAL,0.12729041910834027,0.8727095808916597
Stage25 fixed curriculum,ZCH0010,1,NORMAL,NORMAL,0.11524980763198067,0.8847501923680193
Stage25 fixed curriculum,ZCH0011,4,NORMAL,NORMAL,0.10520470952536387,0.8947952904746361
Stage25 fixed curriculum,ZCH0012,2,NORMAL,NORMAL,0.04269413538763189,0.9573058646123681
Stage25 fixed curriculum,ZCH0013,4,NORMAL,NORMAL,0.15013672833459135,0.8498632716654086
Stage25 fixed curriculum,ZCH0014,2,NORMAL,NORMAL,0.12266255091781664,0.8773374490821834
Stage25 fixed curriculum,ZCH0015,1,NORMAL,NORMAL,0.07876630735625523,0.9212336926437448
Stage25 fixed curriculum,ZCH0016,1,NORMAL,NORMAL,0.09263982491334977,0.9073601750866502
Stage25 fixed curriculum,ZCH0017,0,NORMAL,NORMAL,0.13006587637299039,0.8699341236270096
Stage25 fixed curriculum,ZCH0018,0,NORMAL,NORMAL,0.04711844196805004,0.95288155803195
Stage25 fixed curriculum,ZCH0019,0,NORMAL,NORMAL,0.04575526489109216,0.9542447351089078
Stage25 fixed curriculum,ZCH0020,1,NORMAL,NORMAL,0.0593724098832068,0.9406275901167932
Stage25 fixed curriculum,ZCH0021,3,NORMAL,NORMAL,0.04781626453733334,0.9521837354626667
Stage25 fixed curriculum,ZCH0022,4,NORMAL,NORMAL,0.03399008687468574,0.9660099131253143
Stage25 fixed curriculum,ZCH0023,4,NORMAL,NORMAL,0.08175801043112418,0.9182419895688758
Stage25 fixed curriculum,ZCH0024,4,NORMAL,NORMAL,0.03694285801551511,0.9630571419844849
Stage25 fixed curriculum,ZCH0025,1,NORMAL,NORMAL,0.33027340956579954,0.6697265904342005
Stage25 fixed curriculum,ZCH0026,0,NORMAL,NORMAL,0.019591972673553393,0.9804080273264466
Stage25 fixed curriculum,ZCH0027,1,NORMAL,NORMAL,0.08976504069572544,0.9102349593042746
Stage25 fixed curriculum,ZCH0028,1,NORMAL,NORMAL,0.12330170487479852,0.8766982951252015
Stage25 fixed curriculum,ZCH0029,0,NORMAL,NORMAL,0.0359020210700004,0.9640979789299996
Stage25 fixed curriculum,ZCH0030,0,NORMAL,NORMAL,0.05085991317706795,0.949140086822932
Stage25 fixed curriculum,ZCH0031,4,NORMAL,NORMAL,0.0792802827182405,0.9207197172817595
Stage25 fixed curriculum,ZCH0032,4,NORMAL,NORMAL,0.08956717936194003,0.91043282063806
Stage25 fixed curriculum,ZCH0033,4,NORMAL,NORMAL,0.07951584724807326,0.9204841527519267
Stage25 fixed curriculum,ZCH0034,4,NORMAL,NORMAL,0.0704067044896487,0.9295932955103513
Stage25 fixed curriculum,ZCH0035,4,NORMAL,NORMAL,0.05497213263023237,0.9450278673697676
Stage25 fixed curriculum,ZCH0036,4,NORMAL,NORMAL,0.08253614041870994,0.9174638595812901
Stage25 fixed curriculum,ZCH0037,4,NORMAL,NORMAL,0.06333320328931302,0.936666796710687
Stage25 fixed curriculum,ZCH0038,0,NORMAL,CHD,0.7429172667289237,0.2570827332710764
Stage25 fixed curriculum,ZCH0039,2,NORMAL,NORMAL,0.36680998395272024,0.6331900160472798
Stage25 fixed curriculum,ZCH0040,3,NORMAL,CHD,0.9493224340348924,0.05067756596510759
Stage25 fixed curriculum,ZCH0041,0,NORMAL,NORMAL,0.07128136625654002,0.92871863374346
Stage25 fixed curriculum,ZCH0042,4,NORMAL,NORMAL,0.12940950910583382,0.8705904908941662
Stage25 fixed curriculum,ZCH0043,0,NORMAL,NORMAL,0.05115266238043015,0.9488473376195699
Stage25 fixed curriculum,ZCH0044,3,NORMAL,NORMAL,0.07258252426617051,0.9274174757338295
Stage25 fixed curriculum,ZCH0045,1,NORMAL,NORMAL,0.10138580109286288,0.8986141989071371
Stage25 fixed curriculum,ZCH0046,3,NORMAL,NORMAL,0.043053687923810924,0.9569463120761891
Stage25 fixed curriculum,ZCH0047,3,NORMAL,NORMAL,0.106381285051521,0.893618714948479
Stage25 fixed curriculum,ZCH0048,1,NORMAL,NORMAL,0.10928677162361733,0.8907132283763827
Stage25 fixed curriculum,ZCH0049,0,NORMAL,NORMAL,0.04528806593742474,0.9547119340625753
Stage25 fixed curriculum,ZCH0050,2,NORMAL,NORMAL,0.04321060772429808,0.9567893922757019
Stage25 fixed curriculum,ZCH0051,2,NORMAL,NORMAL,0.09171535882778636,0.9082846411722136
Stage25 fixed curriculum,ZCH0052,2,NORMAL,NORMAL,0.04453374149690259,0.9554662585030974
Stage25 fixed curriculum,ZCH0053,1,NORMAL,NORMAL,0.09930677529209753,0.9006932247079025
Stage25 fixed curriculum,ZCH0054,0,NORMAL,NORMAL,0.26011623895524794,0.7398837610447521
Stage25 fixed curriculum,ZCH0055,0,NORMAL,NORMAL,0.01954927523564698,0.980450724764353
Stage25 fixed curriculum,ZCH0056,4,NORMAL,NORMAL,0.21499333215707372,0.7850066678429263
Stage25 fixed curriculum,ZCH0057,2,NORMAL,NORMAL,0.10948779377851192,0.8905122062214881
Stage25 fixed curriculum,ZCH0058,0,NORMAL,NORMAL,0.03064623241705111,0.9693537675829489
Stage25 fixed curriculum,ZCH0059,0,NORMAL,CHD,0.942200992518566,0.05779900748143391
Stage25 fixed curriculum,ZCH0060,0,NORMAL,NORMAL,0.05206845762654477,0.9479315423734552
Stage25 fixed curriculum,ZCH0061,2,NORMAL,NORMAL,0.07023371697934966,0.9297662830206503
Stage25 fixed curriculum,ZCH0062,1,NORMAL,NORMAL,0.3340385843725071,0.6659614156274929
Stage25 fixed curriculum,ZCH0063,1,NORMAL,NORMAL,0.14123694382442897,0.858763056175571
Stage25 fixed curriculum,ZCH0064,3,NORMAL,CHD,0.8395710830292027,0.16042891697079725
Stage25 fixed curriculum,ZCH0065,4,NORMAL,NORMAL,0.08242230817235496,0.917577691827645
Stage25 fixed curriculum,ZCH0066,1,NORMAL,NORMAL,0.2755077850808285,0.7244922149191715
Stage25 fixed curriculum,ZCH0067,1,NORMAL,NORMAL,0.08249246143979627,0.9175075385602037
Stage25 fixed curriculum,ZCH0068,2,NORMAL,CHD,0.7531556182485512,0.24684438175144882
Stage25 fixed curriculum,ZCH0069,4,NORMAL,NORMAL,0.03484783160343474,0.9651521683965653
Stage25 fixed curriculum,ZCH0070,1,NORMAL,NORMAL,0.10885940000863226,0.8911405999913677
Stage25 fixed curriculum,ZCH0071,4,NORMAL,NORMAL,0.040144666329607115,0.9598553336703929
Stage25 fixed curriculum,ZCH0072,0,NORMAL,NORMAL,0.04582354038754133,0.9541764596124587
Stage25 fixed curriculum,ZCH0073,3,NORMAL,NORMAL,0.051046797493053964,0.948953202506946
Stage25 fixed curriculum,ZCH0074,3,NORMAL,NORMAL,0.07211920222623358,0.9278807977737664
Stage25 fixed curriculum,ZCH0075,2,NORMAL,NORMAL,0.09895161376466977,0.9010483862353302
Stage25 fixed curriculum,ZCH0076,4,NORMAL,NORMAL,0.21016013755245933,0.7898398624475407
Stage25 fixed curriculum,ZCH0077,4,NORMAL,NORMAL,0.05001271527978557,0.9499872847202144
Stage25 fixed curriculum,ZCH0078,4,NORMAL,NORMAL,0.07410994590383513,0.9258900540961649
Stage25 fixed curriculum,ZCH0079,4,NORMAL,NORMAL,0.057704083492167046,0.942295916507833
Stage25 fixed curriculum,ZCH0080,3,NORMAL,NORMAL,0.1795925122776687,0.8204074877223313
Stage25 fixed curriculum,ZCH0081,1,NORMAL,NORMAL,0.10514563087435258,0.8948543691256474
Stage25 fixed curriculum,ZCH0082,1,NORMAL,NORMAL,0.15254796959941663,0.8474520304005834
Stage25 fixed curriculum,ZCH0083,1,NORMAL,NORMAL,0.09608159841617636,0.9039184015838236
Stage25 fixed curriculum,ZCH0084,0,NORMAL,NORMAL,0.1514218457590344,0.8485781542409656
Stage25 fixed curriculum,ZCH0085,0,NORMAL,NORMAL,0.047617468061236345,0.9523825319387637
Stage25 fixed curriculum,ZCH0086,4,NORMAL,NORMAL,0.06232874051917747,0.9376712594808225
Stage25 fixed curriculum,ZCH0087,0,NORMAL,NORMAL,0.08043698531177057,0.9195630146882294
Stage25 fixed curriculum,ZCH0088,2,NORMAL,NORMAL,0.1675314857017317,0.8324685142982683
Stage25 fixed curriculum,ZCH0089,3,NORMAL,NORMAL,0.049537181452902423,0.9504628185470976
Stage25 fixed curriculum,ZCH0090,3,NORMAL,NORMAL,0.04914186985995195,0.950858130140048
Stage25 fixed curriculum,ZCH0091,4,NORMAL,NORMAL,0.08951700754892433,0.9104829924510757
Stage25 fixed curriculum,ZCH0092,1,NORMAL,NORMAL,0.0867980275182435,0.9132019724817565
Stage25 fixed curriculum,ZCH0093,0,NORMAL,NORMAL,0.041426760755608694,0.9585732392443913
Stage25 fixed curriculum,ZCH0094,0,NORMAL,NORMAL,0.0732843910858989,0.9267156089141011
Stage25 fixed curriculum,ZCH0095,4,NORMAL,NORMAL,0.03724049934770424,0.9627595006522958
Stage25 fixed curriculum,ZCH0096,3,NORMAL,NORMAL,0.07916161790959908,0.9208383820904009
Stage25 fixed curriculum,ZCH0097,3,NORMAL,NORMAL,0.0732868674445416,0.9267131325554584
Stage25 fixed curriculum,ZCH0098,2,NORMAL,NORMAL,0.11811334019420183,0.8818866598057982
Stage25 fixed curriculum,ZCH0099,1,NORMAL,NORMAL,0.0798800826594388,0.9201199173405612
Stage25 fixed curriculum,ZCH0100,1,NORMAL,NORMAL,0.11309944550972828,0.8869005544902717
Stage25 fixed curriculum,ZCH0101,4,NORMAL,NORMAL,0.039240759135246384,0.9607592408647536
Stage25 fixed curriculum,ZCH0102,4,NORMAL,NORMAL,0.03072955298171176,0.9692704470182882
Stage25 fixed curriculum,ZCH0103,2,NORMAL,NORMAL,0.4584535563155475,0.5415464436844525
Stage25 fixed curriculum,ZCH0104,3,NORMAL,NORMAL,0.04011110196612866,0.9598888980338713
Stage25 fixed curriculum,ZCH0105,0,NORMAL,NORMAL,0.0414249336821666,0.9585750663178334
Stage25 fixed curriculum,ZCH0106,1,NORMAL,CHD,0.5454751913480064,0.45452480865199363
Stage25 fixed curriculum,ZCH0107,1,NORMAL,NORMAL,0.08399717803337481,0.9160028219666252
Stage25 fixed curriculum,ZCH0108,3,NORMAL,NORMAL,0.06805472921995293,0.9319452707800471
Stage25 fixed curriculum,ZCH0109,4,NORMAL,NORMAL,0.182053024349061,0.817946975650939
Stage25 fixed curriculum,ZCH0110,2,NORMAL,NORMAL,0.125281586861819,0.874718413138181
Stage25 fixed curriculum,ZCH0111,4,NORMAL,NORMAL,0.2943134389214678,0.7056865610785322
Stage25 fixed curriculum,ZCH0112,2,NORMAL,NORMAL,0.20871804515196912,0.7912819548480309
Stage25 fixed curriculum,ZCH0113,0,NORMAL,NORMAL,0.03912995073367931,0.9608700492663207
Stage25 fixed curriculum,ZCH0114,2,NORMAL,NORMAL,0.229566926815147,0.770433073184853
Stage25 fixed curriculum,ZCH0115,2,NORMAL,NORMAL,0.06026828492240388,0.9397317150775961
Stage25 fixed curriculum,ZCH0116,2,NORMAL,NORMAL,0.133274828048756,0.866725171951244
Stage25 fixed curriculum,ZCH0117,3,NORMAL,NORMAL,0.4362502336036713,0.5637497663963287
Stage25 fixed curriculum,ZCH0118,4,NORMAL,NORMAL,0.022281930912492087,0.9777180690875079
Stage25 fixed curriculum,ZCH0119,1,NORMAL,NORMAL,0.3144079064646629,0.6855920935353371
Stage25 fixed curriculum,ZCH0120,1,NORMAL,NORMAL,0.09294591790549922,0.9070540820945008
Stage25 fixed curriculum,ZCH0121,3,NORMAL,NORMAL,0.04846756127804419,0.9515324387219558
Stage25 fixed curriculum,ZCH0122,4,NORMAL,NORMAL,0.3317517293456089,0.6682482706543911
Stage25 fixed curriculum,ZCH0123,3,NORMAL,NORMAL,0.06757498192970146,0.9324250180702985
Stage25 fixed curriculum,ZCH0124,1,NORMAL,NORMAL,0.06525455966337113,0.9347454403366289
Stage25 fixed curriculum,ZCH0125,1,NORMAL,NORMAL,0.25457344209760835,0.7454265579023917
Stage25 fixed curriculum,ZCH0126,2,NORMAL,NORMAL,0.038389872199272035,0.961610127800728
Stage25 fixed curriculum,ZCH0127,3,NORMAL,NORMAL,0.041542479347872696,0.9584575206521273
Stage25 fixed curriculum,ZCH0128,0,NORMAL,NORMAL,0.07763525087743728,0.9223647491225627
Stage25 fixed curriculum,ZCH0129,4,NORMAL,NORMAL,0.06287838929690404,0.937121610703096
Stage25 fixed curriculum,ZCH0130,1,NORMAL,NORMAL,0.07123796060392917,0.9287620393960708
Stage25 fixed curriculum,ZCH0131,2,NORMAL,NORMAL,0.04244647826810766,0.9575535217318923
Stage25 fixed curriculum,ZCH0132,3,NORMAL,NORMAL,0.4753223948351958,0.5246776051648042
Stage25 fixed curriculum,ZCH0133,2,NORMAL,NORMAL,0.04808347720343009,0.9519165227965699
Stage25 fixed curriculum,ZCH0134,2,NORMAL,NORMAL,0.050911159766290015,0.94908884023371
Stage25 fixed curriculum,ZCH0135,4,NORMAL,NORMAL,0.045384267308818727,0.9546157326911813
Stage25 fixed curriculum,ZCH0136,0,NORMAL,NORMAL,0.12896887057445383,0.8710311294255462
Stage25 fixed curriculum,ZCH0137,0,NORMAL,NORMAL,0.046664312310939815,0.9533356876890602
Stage25 fixed curriculum,ZCH0138,1,NORMAL,NORMAL,0.07014305278540478,0.9298569472145952
Stage25 fixed curriculum,ZCH0139,2,NORMAL,NORMAL,0.04693431906029388,0.9530656809397061
Stage25 fixed curriculum,ZCH0140,2,NORMAL,CHD,0.7411526890145003,0.25884731098549973
Stage25 fixed curriculum,ZCH0141,2,NORMAL,NORMAL,0.13623910520149352,0.8637608947985065
Stage25 fixed curriculum,ZCH0142,1,NORMAL,NORMAL,0.06910405306358225,0.9308959469364178
Stage25 fixed curriculum,ZCH0143,3,NORMAL,NORMAL,0.05048401916276013,0.9495159808372399
Stage25 fixed curriculum,ZCH0144,1,NORMAL,NORMAL,0.10776685814532205,0.892233141854678
Stage25 fixed curriculum,ZCH0145,3,NORMAL,NORMAL,0.03813372198962872,0.9618662780103713
Stage25 fixed curriculum,ZCH0146,3,NORMAL,NORMAL,0.0542675418037879,0.9457324581962121
Stage25 fixed curriculum,ZCH0147,0,NORMAL,NORMAL,0.03571326131338293,0.9642867386866171
Stage25 fixed curriculum,ZCH0148,3,NORMAL,NORMAL,0.05453330587421612,0.9454666941257839
Stage25 fixed curriculum,ZCH0149,3,NORMAL,NORMAL,0.07303798487618152,0.9269620151238185
Stage25 fixed curriculum,ZCH0150,1,NORMAL,NORMAL,0.11450724259075273,0.8854927574092473
Stage25 fixed curriculum,ZCH0151,4,NORMAL,NORMAL,0.0491887982112299,0.9508112017887701
Stage25 fixed curriculum,ZCH0152,1,NORMAL,NORMAL,0.06746119431235953,0.9325388056876405
Stage25 fixed curriculum,ZCH0153,4,NORMAL,NORMAL,0.105484454787803,0.894515545212197
Stage25 fixed curriculum,ZCH0154,2,NORMAL,NORMAL,0.08994319025556963,0.9100568097444304
Stage25 fixed curriculum,ZCH0155,2,NORMAL,NORMAL,0.05657961124221733,0.9434203887577827
Stage25 fixed curriculum,ZCH0156,0,NORMAL,NORMAL,0.042889268395733815,0.9571107316042662
Stage25 fixed curriculum,ZCH0157,3,NORMAL,NORMAL,0.049174419617881826,0.9508255803821182
Stage25 fixed curriculum,ZCH0158,1,NORMAL,CHD,0.6290316332432317,0.37096836675676825
Stage25 fixed curriculum,ZCH0159,0,NORMAL,NORMAL,0.07895935984330305,0.921040640156697
Stage25 fixed curriculum,ZCH0160,0,NORMAL,NORMAL,0.15830264360156465,0.8416973563984353
Stage25 fixed curriculum,ZCH0161,0,NORMAL,NORMAL,0.03680476006898581,0.9631952399310142
Stage25 fixed curriculum,ZCH0162,3,NORMAL,NORMAL,0.06811614632158047,0.9318838536784195
Stage25 fixed curriculum,ZCH0163,1,NORMAL,NORMAL,0.0756199956852166,0.9243800043147834
Stage25 fixed curriculum,ZCH0164,0,NORMAL,NORMAL,0.16408299804979065,0.8359170019502093
Stage25 fixed curriculum,ZCH0165,4,NORMAL,NORMAL,0.04142080254725322,0.9585791974527468
Stage25 fixed curriculum,ZCH0166,1,NORMAL,NORMAL,0.5454390206415146,0.4545609793584854
Stage25 fixed curriculum,ZCH0167,2,NORMAL,NORMAL,0.17974748481634295,0.820252515183657
Stage25 fixed curriculum,ZCH0168,0,NORMAL,NORMAL,0.045394814179195775,0.9546051858208042
Stage25 fixed curriculum,ZCH0169,0,NORMAL,NORMAL,0.04949362378905475,0.9505063762109452
Stage25 fixed curriculum,ZCH0170,4,NORMAL,NORMAL,0.03455500183483107,0.9654449981651689
Stage25 fixed curriculum,ZCH0171,3,NORMAL,NORMAL,0.04914186985995195,0.950858130140048
Stage25 fixed curriculum,ZCH0172,1,NORMAL,NORMAL,0.07825467524947827,0.9217453247505217
Stage25 fixed curriculum,ZCH0173,0,NORMAL,NORMAL,0.031147825331888535,0.9688521746681115
Stage25 fixed curriculum,ZCH0174,4,NORMAL,NORMAL,0.34444684647403534,0.6555531535259647
Stage25 fixed curriculum,ZCH0175,4,NORMAL,NORMAL,0.35792720160730396,0.642072798392696
Stage25 fixed curriculum,ZCH0176,1,NORMAL,NORMAL,0.0821071443321092,0.9178928556678908
Stage25 fixed curriculum,ZCH0177,0,NORMAL,NORMAL,0.10303816791588183,0.8969618320841182
Stage25 fixed curriculum,ZCH0178,1,NORMAL,NORMAL,0.09989012625577054,0.9001098737442295
Stage25 fixed curriculum,ZCH0179,1,NORMAL,NORMAL,0.07823450327969572,0.9217654967203043
Stage25 fixed curriculum,ZCH0180,3,NORMAL,NORMAL,0.04188354034376507,0.9581164596562349
Stage25 fixed curriculum,ZCH0181,2,NORMAL,NORMAL,0.05413445582299148,0.9458655441770085
Stage25 fixed curriculum,ZCH0182,4,NORMAL,NORMAL,0.02831076451396497,0.971689235486035
Stage25 fixed curriculum,ZCH0183,3,NORMAL,NORMAL,0.3384067354681529,0.6615932645318471
Stage25 fixed curriculum,ZCH0184,1,NORMAL,NORMAL,0.13978302502591922,0.8602169749740808
Stage25 fixed curriculum,ZCH0185,4,NORMAL,NORMAL,0.16579067675554793,0.8342093232444521
Stage25 fixed curriculum,ZCH0186,4,NORMAL,NORMAL,0.04382309862968714,0.9561769013703129
Stage25 fixed curriculum,ZCH0187,1,NORMAL,NORMAL,0.16047139209543493,0.8395286079045651
Stage25 fixed curriculum,ZCH0188,2,NORMAL,NORMAL,0.15342407713548223,0.8465759228645178
Stage25 fixed curriculum,ZCH0189,1,NORMAL,NORMAL,0.10259929581014249,0.8974007041898575
Stage25 fixed curriculum,ZCH0190,1,NORMAL,NORMAL,0.0845276242416908,0.9154723757583092
Stage25 fixed curriculum,ZCH0191,0,NORMAL,NORMAL,0.05504741647995404,0.944952583520046
Stage25 fixed curriculum,ZCH0192,4,NORMAL,NORMAL,0.04644831187580767,0.9535516881241923
Stage25 fixed curriculum,ZCH0193,3,NORMAL,NORMAL,0.22257419194883277,0.7774258080511672
Stage25 fixed curriculum,ZCH0194,3,NORMAL,NORMAL,0.05764539492902976,0.9423546050709702
Stage25 fixed curriculum,ZCH0195,2,NORMAL,NORMAL,0.05386524914333657,0.9461347508566634
Stage25 fixed curriculum,ZCH0196,4,NORMAL,NORMAL,0.04549723878375711,0.9545027612162429
Stage25 fixed curriculum,ZCH0197,3,NORMAL,NORMAL,0.1790558185652028,0.8209441814347972
Stage25 fixed curriculum,ZCH0198,3,NORMAL,NORMAL,0.19943160399966464,0.8005683960003354
Stage25 fixed curriculum,ZCH0199,0,NORMAL,NORMAL,0.04818285819685364,0.9518171418031464
Stage25 fixed curriculum,ZCH0200,1,NORMAL,NORMAL,0.06438025501504152,0.9356197449849585
Stage25 fixed curriculum,ZCH0201,0,NORMAL,NORMAL,0.13150608242461814,0.8684939175753819
Stage25 fixed curriculum,ZCH0202,4,NORMAL,NORMAL,0.04017004406732094,0.9598299559326791
Stage25 fixed curriculum,ZCH0203,3,NORMAL,NORMAL,0.042215137467570996,0.957784862532429
Stage25 fixed curriculum,ZCH0204,0,NORMAL,NORMAL,0.03777596577531506,0.9622240342246849
Stage25 fixed curriculum,ZCH0205,1,NORMAL,NORMAL,0.14763122341951962,0.8523687765804804
Stage25 fixed curriculum,ZCH0206,2,NORMAL,NORMAL,0.035765638222745144,0.9642343617772549
Stage25 fixed curriculum,ZCH0207,0,NORMAL,NORMAL,0.036091094546383595,0.9639089054536164
Stage25 fixed curriculum,ZCH0208,4,NORMAL,NORMAL,0.031420877763048916,0.9685791222369511
Stage25 fixed curriculum,ZCH0209,3,NORMAL,NORMAL,0.07768864775586659,0.9223113522441334
Stage25 fixed curriculum,ZCH0210,2,NORMAL,NORMAL,0.10661308755777565,0.8933869124422243
Stage25 fixed curriculum,ZCH0211,4,NORMAL,NORMAL,0.057148870679379904,0.9428511293206201
Stage25 fixed curriculum,ZCH0212,1,NORMAL,NORMAL,0.20375216541062513,0.7962478345893749
Stage25 fixed curriculum,ZCH0213,3,NORMAL,NORMAL,0.14064575911535937,0.8593542408846406
Stage25 fixed curriculum,ZCH0214,0,NORMAL,NORMAL,0.06379847296695451,0.9362015270330455
Stage25 fixed curriculum,ZCH0215,0,NORMAL,NORMAL,0.07595655290543546,0.9240434470945645
Stage25 fixed curriculum,ZCH0216,4,NORMAL,NORMAL,0.08760608219541133,0.9123939178045887
Stage25 fixed curriculum,ZCH0217,4,NORMAL,NORMAL,0.05813543781332997,0.94186456218667
Stage25 fixed curriculum,ZCH0218,2,NORMAL,NORMAL,0.05082976744462686,0.9491702325553731
Stage25 fixed curriculum,ZCH0219,2,NORMAL,NORMAL,0.056119088870903,0.943880911129097
Stage25 fixed curriculum,ZCH0220,3,NORMAL,NORMAL,0.08020416020412668,0.9197958397958733
Stage25 fixed curriculum,ZCH0221,4,NORMAL,NORMAL,0.06323689941178301,0.936763100588217
Stage25 fixed curriculum,ZCH0222,0,NORMAL,NORMAL,0.07594744571962597,0.924052554280374
Stage25 fixed curriculum,ZCH0223,0,NORMAL,NORMAL,0.1454001450095892,0.8545998549904108
Stage25 fixed curriculum,ZCH0224,3,NORMAL,NORMAL,0.09022044611261504,0.909779553887385
Stage25 fixed curriculum,ZCH0225,0,NORMAL,NORMAL,0.07288548435838327,0.9271145156416167
Stage25 fixed curriculum,ZCH0226,0,NORMAL,NORMAL,0.09795377594372223,0.9020462240562778
Stage25 fixed curriculum,ZCH0227,0,NORMAL,NORMAL,0.08824090553641006,0.9117590944635899
Stage25 fixed curriculum,ZCH0228,0,NORMAL,NORMAL,0.04026270113811492,0.9597372988618851
Stage25 fixed curriculum,ZCH0229,2,NORMAL,NORMAL,0.11883677480957178,0.8811632251904282
Stage25 fixed curriculum,ZCH0230,0,NORMAL,NORMAL,0.05916733399775287,0.9408326660022471
Stage25 fixed curriculum,ZCH0231,0,NORMAL,NORMAL,0.039658239464439804,0.9603417605355602
Stage25 fixed curriculum,ZCH0232,2,NORMAL,NORMAL,0.07660100767918276,0.9233989923208172
Stage25 fixed curriculum,ZCH0233,3,NORMAL,NORMAL,0.08693125532470503,0.913068744675295
Stage25 fixed curriculum,ZCH0234,1,NORMAL,NORMAL,0.4407377467866169,0.5592622532133831
Stage25 fixed curriculum,ZCH0235,4,NORMAL,NORMAL,0.039975543045124295,0.9600244569548757
Stage25 fixed curriculum,ZCH0236,2,NORMAL,NORMAL,0.07120796882762459,0.9287920311723754
Stage25 fixed curriculum,ZCH0237,2,NORMAL,NORMAL,0.0849587664814131,0.9150412335185869
Stage25 fixed curriculum,ZCH0238,2,NORMAL,NORMAL,0.06580954287908125,0.9341904571209187
Stage25 fixed curriculum,ZCH0239,2,NORMAL,NORMAL,0.21152937389775595,0.788470626102244
Stage25 fixed curriculum,ZCH0240,4,NORMAL,NORMAL,0.032849574943963455,0.9671504250560365
Stage25 fixed curriculum,ZCH0241,0,NORMAL,NORMAL,0.06875892604544698,0.931241073954553
Stage25 fixed curriculum,ZCH0242,3,NORMAL,NORMAL,0.03881283711522365,0.9611871628847763
Stage25 fixed curriculum,ZCH0243,3,NORMAL,NORMAL,0.05224461556402504,0.947755384435975
Stage25 fixed curriculum,ZCH0244,2,NORMAL,NORMAL,0.31361162619475036,0.6863883738052496
Stage25 fixed curriculum,ZCH0245,2,NORMAL,NORMAL,0.041892597977721824,0.9581074020222782
Stage25 fixed curriculum,ZCH0246,4,NORMAL,NORMAL,0.04390966422180964,0.9560903357781904
Stage25 fixed curriculum,ZCH0247,0,NORMAL,NORMAL,0.07627820137743657,0.9237217986225634
Stage25 fixed curriculum,ZCH0248,4,NORMAL,NORMAL,0.19067781897656744,0.8093221810234326
Stage25 fixed curriculum,ZCH0249,3,NORMAL,NORMAL,0.045509796988304596,0.9544902030116954
Stage25 fixed curriculum,ZCH0250,4,NORMAL,NORMAL,0.04345869327747276,0.9565413067225272
Stage25 fixed curriculum,ZCH0251,3,NORMAL,NORMAL,0.04440723334981134,0.9555927666501887
Stage25 fixed curriculum,ZCH0252,1,NORMAL,NORMAL,0.11242751913223703,0.887572480867763
Stage25 fixed curriculum,ZCH0253,4,NORMAL,NORMAL,0.05524533446344437,0.9447546655365556
Stage25 fixed curriculum,ZCH0254,4,NORMAL,NORMAL,0.06358666092985743,0.9364133390701426
Stage25 fixed curriculum,ZCH0255,2,NORMAL,NORMAL,0.053288546788876845,0.9467114532111232
Stage25 fixed curriculum,ZCH0256,4,NORMAL,NORMAL,0.07015264536187371,0.9298473546381263
Stage25 fixed curriculum,ZCH0257,3,NORMAL,NORMAL,0.04526533432425861,0.9547346656757414
Stage25 fixed curriculum,ZCH0258,2,NORMAL,NORMAL,0.045922008619810106,0.9540779913801899
Stage25 fixed curriculum,ZCH0259,2,NORMAL,CHD,0.8051943564910805,0.19480564350891946
Stage25 fixed curriculum,ZCH0260,3,NORMAL,NORMAL,0.08041335798742455,0.9195866420125755
Stage25 fixed curriculum,ZCH0261,1,NORMAL,NORMAL,0.11625180507669264,0.8837481949233074
Stage25 fixed curriculum,ZCH0262,4,NORMAL,NORMAL,0.02504329751799783,0.9749567024820022
Stage25 fixed curriculum,ZCH0263,1,NORMAL,NORMAL,0.08118944041115195,0.918810559588848
Stage25 fixed curriculum,ZCH0264,0,NORMAL,NORMAL,0.059384555338977796,0.9406154446610222
Stage25 fixed curriculum,ZCH0265,0,NORMAL,NORMAL,0.20802177636191121,0.7919782236380888
Stage25 fixed curriculum,ZCH0266,4,NORMAL,NORMAL,0.1053278456699076,0.8946721543300924
Stage25 fixed curriculum,ZCH0267,3,NORMAL,NORMAL,0.19802550884339576,0.8019744911566042
Stage25 fixed curriculum,ZCH0268,4,NORMAL,NORMAL,0.05984257437970386,0.9401574256202961
Stage25 fixed curriculum,ZCH0269,0,NORMAL,NORMAL,0.03112769030677731,0.9688723096932227
Stage25 fixed curriculum,ZCH0270,3,NORMAL,NORMAL,0.5984386584612855,0.40156134153871453
Stage25 fixed curriculum,ZCH0271,3,NORMAL,NORMAL,0.0586764903296193,0.9413235096703807
Stage25 fixed curriculum,ZCH0272,1,NORMAL,NORMAL,0.1429630389017259,0.8570369610982741
Stage25 fixed curriculum,ZCH0273,3,NORMAL,NORMAL,0.2959012907275633,0.7040987092724367
Stage25 fixed curriculum,ZCH0274,4,NORMAL,NORMAL,0.11241037190225667,0.8875896280977433
Stage25 fixed curriculum,ZCH0275,3,NORMAL,NORMAL,0.04453823556962366,0.9554617644303763
Stage25 fixed curriculum,ZCH0276,3,NORMAL,NORMAL,0.07100804789271109,0.9289919521072889
Stage25 fixed curriculum,ZCH0277,3,NORMAL,NORMAL,0.06668557605851444,0.9333144239414856
Stage25 fixed curriculum,ZCH0278,2,NORMAL,NORMAL,0.07360091110936173,0.9263990888906383
Stage25 fixed curriculum,ZCH0279,4,NORMAL,NORMAL,0.06543588199229344,0.9345641180077066
Stage25 fixed curriculum,ZCH0280,2,NORMAL,NORMAL,0.16548177425488408,0.8345182257451159
Stage25 fixed curriculum,ZCH0281,0,NORMAL,NORMAL,0.04274569862464728,0.9572543013753527
Stage25 fixed curriculum,ZCH0282,1,NORMAL,NORMAL,0.087829073681433,0.912170926318567
Stage25 fixed curriculum,ZCH0283,0,NORMAL,NORMAL,0.048398146511589135,0.9516018534884109
Stage25 fixed curriculum,ZCH0284,2,NORMAL,NORMAL,0.15125993587007802,0.848740064129922
Stage25 fixed curriculum,ZCH0285,3,NORMAL,NORMAL,0.1336254888032078,0.8663745111967922
Stage25 fixed curriculum,ZCH0286,3,NORMAL,NORMAL,0.0580416933094563,0.9419583066905437
Stage25 fixed curriculum,ZCH0287,0,NORMAL,NORMAL,0.12199517547316996,0.87800482452683
Stage25 fixed curriculum,ZCH0288,4,NORMAL,NORMAL,0.04949293106937569,0.9505070689306243
Stage25 fixed curriculum,ZCH0289,2,NORMAL,NORMAL,0.0942392138094883,0.9057607861905117
Stage25 fixed curriculum,ZCH0290,4,NORMAL,NORMAL,0.0716579808938923,0.9283420191061077
Stage25 fixed curriculum,ZCH0291,3,NORMAL,NORMAL,0.2010327196572177,0.7989672803427823
Stage25 fixed curriculum,ZCH0292,4,NORMAL,NORMAL,0.04019283946583352,0.9598071605341665
Stage25 fixed curriculum,ZCH0293,4,NORMAL,NORMAL,0.07262810988803081,0.9273718901119692
Stage25 fixed curriculum,ZCH0294,2,NORMAL,NORMAL,0.0483842208320594,0.9516157791679406
Stage25 fixed curriculum,ZCH0295,1,NORMAL,NORMAL,0.2791919986510054,0.7208080013489946
Stage25 fixed curriculum,ZCH0296,4,NORMAL,NORMAL,0.13125245691406406,0.8687475430859359
Stage25 fixed curriculum,ZCH0297,0,NORMAL,NORMAL,0.034179785180196265,0.9658202148198037
Stage25 fixed curriculum,ZCH0298,4,NORMAL,CHD,0.8087390470172227,0.1912609529827773
Stage25 fixed curriculum,ZCH0299,3,NORMAL,NORMAL,0.36133697483858696,0.638663025161413
Stage25 fixed curriculum,ZCH0300,1,NORMAL,NORMAL,0.10350304206311489,0.8964969579368851
Stage25 fixed curriculum,ZCH0301,0,NORMAL,NORMAL,0.0933849656821859,0.9066150343178141
Stage25 fixed curriculum,ZCH0302,2,NORMAL,NORMAL,0.11500999779212906,0.8849900022078709
Stage25 fixed curriculum,ZCH0303,3,NORMAL,NORMAL,0.0566856183069514,0.9433143816930486
Stage25 fixed curriculum,ZCH0304,0,NORMAL,NORMAL,0.2186567968206944,0.7813432031793056
Stage25 fixed curriculum,ZCH0305,3,NORMAL,NORMAL,0.2999917444168889,0.7000082555831111
Stage25 fixed curriculum,ZCH0306,1,NORMAL,NORMAL,0.09890477070074488,0.9010952292992551
Stage25 fixed curriculum,ZCH0307,4,NORMAL,NORMAL,0.0680613423856995,0.9319386576143005
Stage25 fixed curriculum,ZCH0308,1,NORMAL,NORMAL,0.07958522764622344,0.9204147723537766
Stage25 fixed curriculum,ZCH0309,2,NORMAL,NORMAL,0.2477620321381423,0.7522379678618577
Stage25 fixed curriculum,ZCH0310,4,NORMAL,NORMAL,0.04710649756690555,0.9528935024330945
Stage25 fixed curriculum,ZCH0311,4,NORMAL,NORMAL,0.04698155468010401,0.953018445319896
Stage25 fixed curriculum,ZCH0312,1,NORMAL,NORMAL,0.1548634038279051,0.8451365961720949
Stage25 fixed curriculum,ZCH0313,3,NORMAL,NORMAL,0.3800866437803041,0.6199133562196959
Stage25 fixed curriculum,ZCH0314,2,NORMAL,NORMAL,0.10307034068220444,0.8969296593177956
Stage25 fixed curriculum,ZCH0315,2,NORMAL,NORMAL,0.06379522200610954,0.9362047779938905
Stage25 fixed curriculum,ZCH0316,3,NORMAL,NORMAL,0.05509132261700489,0.9449086773829951
Stage25 fixed curriculum,ZCH0317,4,NORMAL,NORMAL,0.3923745470463993,0.6076254529536007
Stage25 fixed curriculum,ZCH0318,1,NORMAL,NORMAL,0.10580635468344535,0.8941936453165547
Stage25 fixed curriculum,ZCH0319,2,NORMAL,NORMAL,0.07020344633053477,0.9297965536694652
Stage25 fixed curriculum,ZCH0320,1,NORMAL,NORMAL,0.10112762414020271,0.8988723758597973
Stage25 fixed curriculum,ZCH0321,2,NORMAL,NORMAL,0.0492866465508609,0.9507133534491391
Stage25 fixed curriculum,ZCH0322,0,NORMAL,NORMAL,0.03972235642151878,0.9602776435784812
Stage25 fixed curriculum,ZCH0323,3,NORMAL,NORMAL,0.0609941651553334,0.9390058348446666
Stage25 fixed curriculum,ZCH0324,4,NORMAL,NORMAL,0.1997224334694414,0.8002775665305586
Stage25 fixed curriculum,ZCH0325,2,NORMAL,NORMAL,0.06690515589712598,0.933094844102874
Stage25 fixed curriculum,ZCH0326,3,NORMAL,NORMAL,0.07404318556008382,0.9259568144399162
Stage25 fixed curriculum,ZCH0327,3,NORMAL,NORMAL,0.07076784530013291,0.9292321546998671
Stage25 fixed curriculum,ZCH0328,2,NORMAL,NORMAL,0.07742630881974066,0.9225736911802593
Stage25 fixed curriculum,ZCH0329,2,NORMAL,NORMAL,0.07733363090162004,0.92266636909838
Stage25 fixed curriculum,ZCH0330,3,NORMAL,NORMAL,0.04397963072273903,0.956020369277261
Stage25 fixed curriculum,ZCH0331,2,NORMAL,CHD,0.7082378255168118,0.29176217448318814
Stage25 fixed curriculum,ZCH0332,4,NORMAL,NORMAL,0.0331408172027734,0.9668591827972266
Stage25 fixed curriculum,ZCH0333,2,NORMAL,NORMAL,0.16574568712263682,0.8342543128773632
Stage25 fixed curriculum,ZCH0334,1,NORMAL,NORMAL,0.1829858102776173,0.8170141897223827
Stage25 fixed curriculum,ZCH0335,2,NORMAL,NORMAL,0.4672969230707251,0.5327030769292749
Stage25 fixed curriculum,ZCH0336,2,NORMAL,NORMAL,0.37488183898310967,0.6251181610168903
Stage25 fixed curriculum,ZCH0337,2,NORMAL,NORMAL,0.07397548979493829,0.9260245102050617
Stage25 fixed curriculum,ZCH0338,1,NORMAL,NORMAL,0.09417075083350446,0.9058292491664955
Stage25 fixed curriculum,ZCH0339,1,NORMAL,NORMAL,0.10005489402154377,0.8999451059784562
Stage25 fixed curriculum,ZCH0340,2,NORMAL,NORMAL,0.228804748909474,0.771195251090526
Stage25 fixed curriculum,ZCH0341,0,NORMAL,NORMAL,0.154137917414905,0.845862082585095
Stage25 fixed curriculum,ZCH0342,1,NORMAL,NORMAL,0.07408822907621193,0.9259117709237881
Stage25 fixed curriculum,ZCH0343,1,NORMAL,NORMAL,0.13175173217640024,0.8682482678235998
Stage25 fixed curriculum,ZCH0344,2,NORMAL,NORMAL,0.0817446559678201,0.9182553440321799
Stage25 fixed curriculum,ZCH0345,1,NORMAL,NORMAL,0.08289624446942923,0.9171037555305708
Stage25 fixed curriculum,ZCH0346,2,NORMAL,NORMAL,0.05800228256708917,0.9419977174329108
Stage25 fixed curriculum,ZCH0347,3,NORMAL,NORMAL,0.048398561431667764,0.9516014385683322
Stage25 fixed curriculum,ZCH0348,4,NORMAL,NORMAL,0.04233076907392652,0.9576692309260735
Stage25 fixed curriculum,ZCH0349,0,NORMAL,NORMAL,0.0943916935063801,0.9056083064936199
Stage25 fixed curriculum,ZCH0350,2,NORMAL,NORMAL,0.07353232570975987,0.9264676742902401
Stage25 fixed curriculum,ZCH0351,4,NORMAL,NORMAL,0.03791141630579742,0.9620885836942026
Stage25 fixed curriculum,ZCH0352,2,NORMAL,NORMAL,0.3237853047931989,0.6762146952068011
Stage25 fixed curriculum,ZCH0353,3,NORMAL,NORMAL,0.07367044828721159,0.9263295517127884
Stage25 fixed curriculum,ZCH0354,0,NORMAL,NORMAL,0.10327069094426244,0.8967293090557376
Stage25 fixed curriculum,ZCH0355,4,NORMAL,NORMAL,0.039934724607760375,0.9600652753922396
Stage25 fixed curriculum,ZCH0356,1,NORMAL,NORMAL,0.12618228768412854,0.8738177123158715
Stage25 fixed curriculum,ZCH0357,4,NORMAL,NORMAL,0.10112030622400514,0.8988796937759949
Stage25 fixed curriculum,ZCH0358,0,NORMAL,NORMAL,0.07064061658187848,0.9293593834181215
Stage25 fixed curriculum,ZCH0359,3,NORMAL,NORMAL,0.12841160286671194,0.8715883971332881
Stage25 fixed curriculum,ZCH0360,3,NORMAL,NORMAL,0.08166845599034378,0.9183315440096562
Stage25 fixed curriculum,ZCH0361,4,NORMAL,NORMAL,0.037250358927040206,0.9627496410729598
Stage25 fixed curriculum,ZCH0362,2,NORMAL,NORMAL,0.1789887286507228,0.8210112713492772
Stage25 fixed curriculum,ZCH0363,1,NORMAL,NORMAL,0.1262971729630531,0.8737028270369469
Stage25 fixed curriculum,ZCH0364,3,NORMAL,NORMAL,0.04076525295181299,0.959234747048187
Stage25 fixed curriculum,ZCH0365,0,NORMAL,NORMAL,0.08758284263874616,0.9124171573612538
Stage25 fixed curriculum,ZCH0366,2,NORMAL,NORMAL,0.12448833206202115,0.8755116679379789
Stage25 fixed curriculum,ZCH0367,4,NORMAL,NORMAL,0.06195301060276448,0.9380469893972355
Stage25 fixed curriculum,ZCH0368,4,NORMAL,NORMAL,0.04873079768785926,0.9512692023121407
Stage25 fixed curriculum,ZCH0369,4,NORMAL,NORMAL,0.07883549428180936,0.9211645057181906
Stage25 fixed curriculum,ZCH0370,1,NORMAL,NORMAL,0.0727552330919169,0.9272447669080831
Stage25 fixed curriculum,ZCH0371,2,NORMAL,NORMAL,0.06165048601226075,0.9383495139877392
Stage25 fixed curriculum,ZCH0372,1,NORMAL,NORMAL,0.2568156141176767,0.7431843858823233
Stage25 fixed curriculum,ZCH0373,0,NORMAL,NORMAL,0.08563372229672372,0.9143662777032763
Stage25 fixed curriculum,ZCH0374,4,NORMAL,NORMAL,0.04587496138552993,0.9541250386144701
Stage25 fixed curriculum,ZCH0375,2,NORMAL,CHD,0.9230927265187212,0.07690727348127877
Stage25 fixed curriculum,ZCH0376,4,NORMAL,NORMAL,0.0345796242611045,0.9654203757388955
Stage25 fixed curriculum,ZCH0377,3,NORMAL,NORMAL,0.09340735331165484,0.9065926466883452
Stage25 fixed curriculum,ZCH0378,3,NORMAL,NORMAL,0.0779956851388397,0.9220043148611603
Stage25 fixed curriculum,ZCH0379,1,NORMAL,NORMAL,0.29147772299815755,0.7085222770018424
Stage25 fixed curriculum,ZCH0380,4,NORMAL,NORMAL,0.05585690926820752,0.9441430907317925
Stage25 fixed curriculum,ZCH0381,3,NORMAL,NORMAL,0.07313851788350645,0.9268614821164936
Stage25 fixed curriculum,ZCH0382,4,NORMAL,NORMAL,0.053764731919195397,0.9462352680808046
Stage25 fixed curriculum,ZCH0383,3,NORMAL,NORMAL,0.14260726792494705,0.857392732075053
Stage25 fixed curriculum,ZCH0384,1,NORMAL,NORMAL,0.155076694947623,0.844923305052377
Stage25 fixed curriculum,ZCH0385,2,NORMAL,NORMAL,0.0399154308639208,0.9600845691360792
Stage25 fixed curriculum,ZCH0386,0,NORMAL,NORMAL,0.056187694152276424,0.9438123058477236
Stage25 fixed curriculum,ZCH0387,4,NORMAL,NORMAL,0.0948631734705706,0.9051368265294294
Stage25 fixed curriculum,ZCH0388,0,NORMAL,NORMAL,0.048606394761764427,0.9513936052382356
Stage25 fixed curriculum,ZCH0389,4,NORMAL,NORMAL,0.0870800111126353,0.9129199888873647
Stage25 fixed curriculum,ZCH0390,3,NORMAL,NORMAL,0.09499029281473126,0.9050097071852687
Stage25 fixed curriculum,ZCH0391,3,NORMAL,NORMAL,0.28658578114293265,0.7134142188570674
Stage25 fixed curriculum,ZCH0392,0,NORMAL,NORMAL,0.023816628928691297,0.9761833710713087
Stage25 fixed curriculum,ZCH0393,2,NORMAL,NORMAL,0.045033610644805044,0.954966389355195
Stage25 fixed curriculum,ZCH0394,4,NORMAL,NORMAL,0.07477406861610403,0.925225931383896
Stage25 fixed curriculum,ZCH0395,0,NORMAL,NORMAL,0.5062935335647099,0.4937064664352902
Stage25 fixed curriculum,ZCH0396,1,NORMAL,NORMAL,0.20801474987462554,0.7919852501253745
Stage25 fixed curriculum,ZCH0397,0,NORMAL,NORMAL,0.11040714902602122,0.8895928509739788
Stage25 fixed curriculum,ZCH0398,1,NORMAL,NORMAL,0.08167855890940723,0.9183214410905928
Stage25 fixed curriculum,ZCH0399,1,NORMAL,NORMAL,0.1012675404964164,0.8987324595035836
Stage25 fixed curriculum,ZCH0400,3,NORMAL,NORMAL,0.06128008131206164,0.9387199186879384
Stage25 fixed curriculum,ZCH0401,4,NORMAL,NORMAL,0.02831076451396497,0.971689235486035
Stage25 fixed curriculum,ZCH0402,3,NORMAL,NORMAL,0.1034680783019909,0.8965319216980091
Stage25 fixed curriculum,ZCH0403,2,NORMAL,NORMAL,0.5384636052616506,0.4615363947383494
Stage25 fixed curriculum,ZCH0404,0,NORMAL,NORMAL,0.0792260939193683,0.9207739060806317
Stage25 fixed curriculum,ZCH0405,1,NORMAL,NORMAL,0.10784973669568876,0.8921502633043112
Stage25 fixed curriculum,ZCH0406,1,NORMAL,NORMAL,0.3695981628963806,0.6304018371036194
Stage25 fixed curriculum,ZCH0407,3,NORMAL,NORMAL,0.04543879718701804,0.954561202812982
Stage25 fixed curriculum,ZCH0408,0,NORMAL,NORMAL,0.06390264939979595,0.936097350600204
Stage25 fixed curriculum,ZCH0409,2,NORMAL,NORMAL,0.14327557883893682,0.8567244211610632
Stage25 fixed curriculum,ZCH0410,1,NORMAL,NORMAL,0.3028748668589374,0.6971251331410626
Stage25 fixed curriculum,ZCH0411,0,NORMAL,CHD,0.7332658138332587,0.26673418616674127
Stage25 fixed curriculum,ZCH0412,2,NORMAL,NORMAL,0.3719253757710641,0.6280746242289359
Stage25 fixed curriculum,ZCH0413,3,NORMAL,NORMAL,0.08451703435358837,0.9154829656464116
Stage25 fixed curriculum,ZCH0414,0,NORMAL,NORMAL,0.10441564209262166,0.8955843579073783
Stage25 fixed curriculum,ZCH0415,1,NORMAL,NORMAL,0.153174324902979,0.846825675097021
Stage25 fixed curriculum,ZCH0416,2,NORMAL,NORMAL,0.151604694880349,0.848395305119651
Stage25 fixed curriculum,ZCH0417,0,NORMAL,NORMAL,0.053436209686461345,0.9465637903135387
Stage25 fixed curriculum,ZCH0418,4,NORMAL,NORMAL,0.5042427310136803,0.4957572689863196
Stage25 fixed curriculum,ZCH0419,4,NORMAL,NORMAL,0.048100879296940846,0.9518991207030592
Stage25 fixed curriculum,ZCH0420,2,NORMAL,NORMAL,0.14488944339429544,0.8551105566057046
Stage25 fixed curriculum,ZCH0421,1,NORMAL,NORMAL,0.26181588316799753,0.7381841168320025
Stage25 fixed curriculum,ZCH0422,0,NORMAL,NORMAL,0.2760546930353791,0.7239453069646209
Stage25 fixed curriculum,ZCH0423,1,NORMAL,NORMAL,0.13879404698044784,0.8612059530195522
Stage25 fixed curriculum,ZCH0424,2,NORMAL,NORMAL,0.09322032844181583,0.9067796715581842
Stage25 fixed curriculum,ZCH0425,0,NORMAL,NORMAL,0.07007908219854131,0.9299209178014587
Stage25 fixed curriculum,ZCH0426,1,NORMAL,NORMAL,0.08868880920010425,0.9113111907998958
Stage25 fixed curriculum,ZCH0427,3,NORMAL,NORMAL,0.04267011437569779,0.9573298856243022
Stage25 fixed curriculum,ZCH0428,3,NORMAL,NORMAL,0.04093740210884489,0.9590625978911551
Stage25 fixed curriculum,ZCH0429,1,NORMAL,NORMAL,0.28239853149735417,0.7176014685026458
Stage25 fixed curriculum,ZCH0430,4,NORMAL,NORMAL,0.05578871888267001,0.94421128111733
Stage25 fixed curriculum,ZCH0431,0,NORMAL,NORMAL,0.27064858275570025,0.7293514172442997
Stage25 fixed curriculum,ZCH0432,1,NORMAL,NORMAL,0.10373668766075517,0.8962633123392448
Stage25 fixed curriculum,ZCH0433,4,NORMAL,NORMAL,0.07549381547488387,0.9245061845251161
Stage25 fixed curriculum,ZCH0434,0,NORMAL,NORMAL,0.10747489759315498,0.892525102406845
Stage25 fixed curriculum,ZCH0435,2,NORMAL,NORMAL,0.08732225045354647,0.9126777495464535
Stage25 fixed curriculum,ZCH0436,2,NORMAL,NORMAL,0.10407615893385302,0.895923841066147
Stage25 fixed curriculum,ZCH0437,3,NORMAL,NORMAL,0.09747315733148598,0.902526842668514
Stage25 fixed curriculum,ZCH0438,4,NORMAL,NORMAL,0.1789802906503809,0.8210197093496191
Stage25 fixed curriculum,ZCH0439,2,NORMAL,NORMAL,0.59567327924288,0.4043267207571199
Stage25 fixed curriculum,ZCH0440,1,NORMAL,NORMAL,0.08843898889162505,0.911561011108375
Stage25 fixed curriculum,ZCH0441,2,NORMAL,NORMAL,0.1482075566703489,0.8517924433296511
Stage25 fixed curriculum,ZCH0442,3,NORMAL,NORMAL,0.17889358549090595,0.821106414509094
Stage25 fixed curriculum,ZCH0443,0,NORMAL,NORMAL,0.3296978273598098,0.6703021726401902
Stage25 fixed curriculum,ZCH0444,0,NORMAL,NORMAL,0.2485495932506815,0.7514504067493185
Stage25 fixed curriculum,ZCH0445,0,NORMAL,NORMAL,0.029835601544855983,0.970164398455144
Stage25 fixed curriculum,ZCH0446,0,NORMAL,NORMAL,0.2998498463821835,0.7001501536178165
Stage25 fixed curriculum,ZCH0447,0,NORMAL,NORMAL,0.11960315684957146,0.8803968431504285
Stage25 fixed curriculum,ZCH0448,2,NORMAL,NORMAL,0.12918742205909317,0.8708125779409068
Stage25 fixed curriculum,ZCH0449,0,NORMAL,NORMAL,0.09062060480385703,0.909379395196143
Stage25 fixed curriculum,ZCH0450,4,NORMAL,NORMAL,0.211283471699808,0.788716528300192
Stage25 fixed curriculum,ZCH0451,0,NORMAL,NORMAL,0.07917237573955349,0.9208276242604465
Stage25 fixed curriculum,ZCH0452,2,NORMAL,NORMAL,0.2237027058562263,0.7762972941437737
Stage25 fixed curriculum,ZCH0453,0,NORMAL,NORMAL,0.03987264076966357,0.9601273592303364
Stage25 fixed curriculum,ZCH0454,0,NORMAL,NORMAL,0.4112337834500627,0.5887662165499373
Stage25 fixed curriculum,ZCH0455,3,NORMAL,NORMAL,0.08479900829450304,0.915200991705497
Stage25 fixed curriculum,ZCH0456,1,NORMAL,NORMAL,0.07728140852514775,0.9227185914748522
Stage25 fixed curriculum,ZCH0457,4,NORMAL,NORMAL,0.29945800550594925,0.7005419944940507
Stage25 fixed curriculum,ZCH0458,4,NORMAL,NORMAL,0.14764790124698624,0.8523520987530138
Stage25 fixed curriculum,ZCH0459,3,NORMAL,NORMAL,0.04698235686937935,0.9530176431306207
Stage25 fixed curriculum,ZCH0460,1,NORMAL,NORMAL,0.08620986111594342,0.9137901388840566
Stage25 fixed curriculum,ZCH0461,4,NORMAL,NORMAL,0.05071445037095468,0.9492855496290453
Stage25 fixed curriculum,ZCH0462,1,NORMAL,NORMAL,0.13733416121107989,0.8626658387889201
Stage25 fixed curriculum,ZCH0463,0,NORMAL,NORMAL,0.04715440961463646,0.9528455903853635
Stage25 fixed curriculum,ZCH0464,2,NORMAL,NORMAL,0.17193903923147658,0.8280609607685234
Stage25 fixed curriculum,ZCH0465,0,NORMAL,NORMAL,0.03481593105496761,0.9651840689450324
Stage25 fixed curriculum,ZCH0466,4,NORMAL,NORMAL,0.059258438677531666,0.9407415613224683
Stage25 fixed curriculum,ZCH0467,1,NORMAL,NORMAL,0.06519027343028583,0.9348097265697142
Stage25 fixed curriculum,ZCH0468,2,NORMAL,NORMAL,0.10381004859019494,0.8961899514098051
Stage25 fixed curriculum,ZCH0469,4,NORMAL,NORMAL,0.5224131216741037,0.47758687832589625
Stage25 fixed curriculum,ZCH0470,0,NORMAL,NORMAL,0.0930489939213921,0.9069510060786079
Stage25 fixed curriculum,ZCH0471,2,NORMAL,NORMAL,0.05175276454635169,0.9482472354536483
Stage25 fixed curriculum,ZCH0472,2,NORMAL,NORMAL,0.10460060164712681,0.8953993983528732
Stage25 fixed curriculum,ZCH0473,2,NORMAL,NORMAL,0.0822654870503402,0.9177345129496598
Stage25 fixed curriculum,ZCH0474,1,NORMAL,NORMAL,0.10699609483426653,0.8930039051657335
Stage25 fixed curriculum,ZCH0475,0,NORMAL,NORMAL,0.04720829007835392,0.9527917099216461
Stage25 fixed curriculum,ZCH0476,3,NORMAL,NORMAL,0.048627953151303194,0.9513720468486968
Stage25 fixed curriculum,ZCH0477,2,NORMAL,NORMAL,0.1679346508593602,0.8320653491406398
Stage25 fixed curriculum,ZCH0478,2,NORMAL,NORMAL,0.07476241597561772,0.9252375840243823
Stage25 fixed curriculum,ZCH0479,1,NORMAL,NORMAL,0.11789302226124454,0.8821069777387555
Stage25 fixed curriculum,ZCH0480,1,NORMAL,NORMAL,0.06990608108860163,0.9300939189113984
Stage25 fixed curriculum,ZCH0481,1,NORMAL,NORMAL,0.0827939401143083,0.9172060598856917
Stage25 fixed curriculum,ZCH0482,1,NORMAL,NORMAL,0.14217000815021208,0.8578299918497879
Stage25 fixed curriculum,ZCH0483,3,NORMAL,NORMAL,0.04679442046676208,0.9532055795332379
Stage25 fixed curriculum,ZCH0484,0,NORMAL,NORMAL,0.03615498200096645,0.9638450179990335
Stage25 fixed curriculum,ZCH0485,2,NORMAL,NORMAL,0.24391943171166908,0.7560805682883309
Stage25 fixed curriculum,ZCH0486,2,NORMAL,NORMAL,0.09084702589780946,0.9091529741021905
Stage25 fixed curriculum,ZCH0487,2,NORMAL,NORMAL,0.07437238945161495,0.925627610548385
Stage25 fixed curriculum,ZCH0488,1,NORMAL,NORMAL,0.09020711846561236,0.9097928815343876
Stage25 fixed curriculum,ZCH0489,4,NORMAL,NORMAL,0.05914853968634659,0.9408514603136534
Stage25 fixed curriculum,ZCH0490,3,NORMAL,NORMAL,0.11201500212380577,0.8879849978761942
Stage25 fixed curriculum,ZCH0491,4,NORMAL,NORMAL,0.08101545010389499,0.918984549896105
Stage25 fixed curriculum,ZCH0492,2,NORMAL,NORMAL,0.08191918076874216,0.9180808192312578
Stage25 fixed curriculum,ZCH0493,3,NORMAL,NORMAL,0.13330594758425796,0.866694052415742
Stage25 fixed curriculum,ZCH0494,1,NORMAL,NORMAL,0.1501558446684601,0.8498441553315399
Stage25 fixed curriculum,ZCH0495,1,NORMAL,NORMAL,0.10343217262878968,0.8965678273712103
Stage25 fixed curriculum,ZCH0496,0,NORMAL,NORMAL,0.05812840304628464,0.9418715969537154
Stage25 fixed curriculum,ZCH0497,0,NORMAL,NORMAL,0.08441593960090565,0.9155840603990943
Stage25 fixed curriculum,ZCH0498,3,NORMAL,NORMAL,0.07519184691222247,0.9248081530877775
Stage25 fixed curriculum,ZCH0499,3,NORMAL,NORMAL,0.34257170665337167,0.6574282933466283
Stage25 fixed curriculum,ZCH0500,3,NORMAL,NORMAL,0.17391722813460364,0.8260827718653964
Stage25 fixed curriculum,ZCH0501,0,NORMAL,NORMAL,0.03756081399281874,0.9624391860071813
Stage25 fixed curriculum,ZCH0502,2,NORMAL,NORMAL,0.06056401254211241,0.9394359874578876
Stage25 fixed curriculum,ZCH0503,0,NORMAL,NORMAL,0.04121794236657139,0.9587820576334286
Stage25 fixed curriculum,ZCH0504,3,NORMAL,NORMAL,0.05494432596042964,0.9450556740395704
Stage25 fixed curriculum,ZCH0505,0,NORMAL,NORMAL,0.4419945167426933,0.5580054832573067
Stage25 fixed curriculum,ZCH0506,3,NORMAL,NORMAL,0.0359275063317116,0.9640724936682884
Stage25 fixed curriculum,ZCH0507,1,NORMAL,NORMAL,0.09729521212706982,0.9027047878729302
Stage25 fixed curriculum,ZCH0508,3,NORMAL,NORMAL,0.07297305272885124,0.9270269472711488
Stage25 fixed curriculum,ZCH0509,1,NORMAL,NORMAL,0.19293089217463666,0.8070691078253633
Stage25 fixed curriculum,ZCH0510,1,NORMAL,NORMAL,0.19078731902294388,0.8092126809770561
Stage25 fixed curriculum,ZCH0511,3,NORMAL,NORMAL,0.17263458934644305,0.827365410653557
Stage25 fixed curriculum,ZCH0512,3,NORMAL,NORMAL,0.2211365078495201,0.7788634921504799
Stage25 fixed curriculum,ZCH0513,2,NORMAL,NORMAL,0.08963030562927066,0.9103696943707293
Stage25 fixed curriculum,ZCH0514,2,NORMAL,NORMAL,0.04218793728165593,0.9578120627183441
Stage25 fixed curriculum,ZCH0515,3,NORMAL,NORMAL,0.0335228825851106,0.9664771174148894
Stage25 fixed curriculum,ZCH0516,2,NORMAL,NORMAL,0.4470897206987956,0.5529102793012044
Stage25 fixed curriculum,ZCH0517,1,NORMAL,NORMAL,0.09503005399690223,0.9049699460030978
Stage25 fixed curriculum,ZCH0518,1,NORMAL,NORMAL,0.20536019705004105,0.794639802949959
Stage25 fixed curriculum,ZCH0519,3,NORMAL,NORMAL,0.060868982044559816,0.9391310179554402
Stage25 fixed curriculum,ZCH0520,3,NORMAL,NORMAL,0.30216677639023093,0.6978332236097691
Stage25 fixed curriculum,ZCH0521,3,NORMAL,NORMAL,0.08004527010285378,0.9199547298971462
Stage25 fixed curriculum,ZCH0522,3,NORMAL,NORMAL,0.25366820361208553,0.7463317963879145
Stage25 fixed curriculum,ZCH0523,0,NORMAL,NORMAL,0.3143034945117521,0.6856965054882479
Stage25 fixed curriculum,ZCH0524,3,NORMAL,NORMAL,0.6123545359678529,0.38764546403214706
Stage25 fixed curriculum,ZCH0525,0,NORMAL,NORMAL,0.2862749235305033,0.7137250764694967
Stage25 fixed curriculum,ZCH0526,1,NORMAL,NORMAL,0.10520989144912174,0.8947901085508783
Stage25 fixed curriculum,ZCH0527,1,NORMAL,CHD,0.7086179271973372,0.29138207280266276
Stage25 fixed curriculum,ZCH0528,3,NORMAL,NORMAL,0.48191113561230625,0.5180888643876937
Stage25 fixed curriculum,ZCH0529,2,NORMAL,CHD,0.9233510729391469,0.07664892706085315
Stage25 fixed curriculum,ZCH0530,2,NORMAL,NORMAL,0.2902622751465832,0.7097377248534168
Stage25 fixed curriculum,ZCH0531,4,NORMAL,NORMAL,0.08366306510889454,0.9163369348911055
Stage25 fixed curriculum,ZCH0532,0,NORMAL,NORMAL,0.18442553524902316,0.8155744647509768
Stage25 fixed curriculum,ZCH0533,4,NORMAL,NORMAL,0.0994123517120371,0.9005876482879629
Stage25 fixed curriculum,ZCH0534,3,CHD,NORMAL,0.2448046349157479,0.7551953650842521
Stage25 fixed curriculum,ZCH0535,2,CHD,CHD,0.9933811163459048,0.006618883654095279
Stage25 fixed curriculum,ZCH0536,4,CHD,CHD,0.9680273678870651,0.0319726321129349
Stage25 fixed curriculum,ZCH0537,2,CHD,CHD,0.9944072405521992,0.005592759447800854
Stage25 fixed curriculum,ZCH0538,4,CHD,CHD,0.9667671578556375,0.03323284214436246
Stage25 fixed curriculum,ZCH0539,1,CHD,NORMAL,0.38541687255342105,0.614583127446579
Stage25 fixed curriculum,ZCH0540,2,CHD,CHD,0.9639995344320538,0.03600046556794621
Stage25 fixed curriculum,ZCH0541,2,CHD,CHD,0.9920725454343623,0.007927454565637688
Stage25 fixed curriculum,ZCH0542,4,CHD,CHD,0.9930804155189101,0.006919584481089887
Stage25 fixed curriculum,ZCH0543,1,CHD,CHD,0.9729382374853892,0.027061762514610843
Stage25 fixed curriculum,ZCH0544,2,CHD,CHD,0.9917773946472793,0.008222605352720729
Stage25 fixed curriculum,ZCH0545,1,CHD,CHD,0.9849191373097261,0.015080862690273861
Stage25 fixed curriculum,ZCH0546,3,CHD,CHD,0.9231374780457335,0.07686252195426646
Stage25 fixed curriculum,ZCH0547,0,CHD,CHD,0.9685240712229082,0.03147592877709183
Stage25 fixed curriculum,ZCH0548,4,CHD,CHD,0.9441336522468083,0.055866347753191666
Stage25 fixed curriculum,ZCH0549,4,CHD,NORMAL,0.4208067381991818,0.5791932618008182
Stage25 fixed curriculum,ZCH0550,4,CHD,CHD,0.8382105790245145,0.1617894209754855
Stage25 fixed curriculum,ZCH0551,0,CHD,CHD,0.9194112614433695,0.08058873855663051
Stage25 fixed curriculum,ZCH0552,2,CHD,CHD,0.9978714108620168,0.002128589137983201
Stage25 fixed curriculum,ZCH0553,1,CHD,CHD,0.9651836858854735,0.03481631411452641
Stage25 fixed curriculum,ZCH0554,0,CHD,CHD,0.9834802286226214,0.01651977137737855
Stage25 fixed curriculum,ZCH0555,2,CHD,CHD,0.981488671098951,0.01851132890104895
Stage25 fixed curriculum,ZCH0556,2,CHD,CHD,0.9696159772504342,0.030384022749565698
Stage25 fixed curriculum,ZCH0557,0,CHD,CHD,0.945044095740111,0.0549559042598891
Stage25 fixed curriculum,ZCH0558,1,CHD,CHD,0.9062225829251381,0.09377741707486187
Stage25 fixed curriculum,ZCH0559,4,CHD,CHD,0.809627187027815,0.19037281297218497
Stage25 fixed curriculum,ZCH0560,2,CHD,NORMAL,0.6968857984689547,0.3031142015310453
Stage25 fixed curriculum,ZCH0561,2,CHD,NORMAL,0.4946164180857494,0.5053835819142506
Stage25 fixed curriculum,ZCH0562,3,CHD,CHD,0.9960259804887983,0.003974019511201688
Stage25 fixed curriculum,ZCH0563,2,CHD,CHD,0.9536028456484013,0.046397154351598746
Stage25 fixed curriculum,ZCH0564,4,CHD,CHD,0.8713595860267211,0.1286404139732789
Stage25 fixed curriculum,ZCH0565,4,CHD,CHD,0.9054568740515988,0.09454312594840118
Stage25 fixed curriculum,ZCH0566,3,CHD,CHD,0.9941338895719591,0.005866110428040886
Stage25 fixed curriculum,ZCH0567,4,CHD,CHD,0.9806382892108443,0.0193617107891557
Stage25 fixed curriculum,ZCH0568,1,CHD,CHD,0.9512795322364904,0.048720467763509585
Stage25 fixed curriculum,ZCH0569,2,CHD,CHD,0.9739704941424436,0.026029505857556416
Stage25 fixed curriculum,ZCH0570,0,CHD,CHD,0.96061421338396,0.039385786616039996
Stage25 fixed curriculum,ZCH0571,1,CHD,CHD,0.9861322814530364,0.013867718546963528
Stage25 fixed curriculum,ZCH0572,1,CHD,CHD,0.9124230115739781,0.0875769884260219
Stage25 fixed curriculum,ZCH0573,0,CHD,CHD,0.9481434407917095,0.05185655920829052
Stage25 fixed curriculum,ZCH0574,4,CHD,NORMAL,0.5012805596622241,0.498719440337776
Stage25 fixed curriculum,ZCH0575,1,CHD,CHD,0.9229441590160435,0.07705584098395649
Stage25 fixed curriculum,ZCH0576,0,CHD,CHD,0.9521642834958933,0.04783571650410664
Stage25 fixed curriculum,ZCH0577,1,CHD,CHD,0.9650561066830667,0.03494389331693329
Stage25 fixed curriculum,ZCH0578,0,CHD,CHD,0.9512021854654297,0.0487978145345703
Stage25 fixed curriculum,ZCH0579,3,CHD,CHD,0.9906114458854537,0.009388554114546317
Stage25 fixed curriculum,ZCH0580,1,CHD,CHD,0.9782395322774919,0.021760467722508087
Stage25 fixed curriculum,ZCH0581,4,CHD,CHD,0.9798159531892903,0.020184046810709746
Stage25 fixed curriculum,ZCH0582,3,CHD,CHD,0.7296994620077006,0.2703005379922993
Stage25 fixed curriculum,ZCH0583,0,CHD,NORMAL,0.3765233205801499,0.6234766794198501
Stage25 fixed curriculum,ZCH0584,3,CHD,NORMAL,0.5309392516576344,0.46906074834236555
Stage25 fixed curriculum,ZCH0585,4,CHD,CHD,0.9927580501294061,0.007241949870593894
Stage25 fixed curriculum,ZCH0586,2,CHD,CHD,0.9720868814645883,0.027913118535411702
Stage25 fixed curriculum,ZCH0587,3,CHD,CHD,0.8776432057997738,0.12235679420022619
Stage25 fixed curriculum,ZCH0588,4,CHD,NORMAL,0.4175143413395612,0.5824856586604388
Stage25 fixed curriculum,ZCH0589,2,CHD,CHD,0.8716252209452656,0.12837477905473435
Stage25 fixed curriculum,ZCH0590,1,CHD,CHD,0.8806842521871767,0.11931574781282332
Stage25 fixed curriculum,ZCH0591,0,CHD,NORMAL,0.5033358148153328,0.4966641851846671
Stage25 fixed curriculum,ZCH0592,0,CHD,CHD,0.9819777163313252,0.018022283668674734
Stage25 fixed curriculum,ZCH0593,0,CHD,NORMAL,0.5177783990203011,0.4822216009796989
Stage25 fixed curriculum,ZCH0594,3,CHD,NORMAL,0.445614451683256,0.554385548316744
Stage25 fixed curriculum,ZCH0595,3,CHD,CHD,0.773321824131016,0.22667817586898403
Stage25 fixed curriculum,ZCH0596,0,CHD,NORMAL,0.14020097802667608,0.8597990219733239
Stage25 fixed curriculum,ZCH0597,4,CHD,NORMAL,0.41689306092459355,0.5831069390754064
Stage25 fixed curriculum,ZCH0598,4,CHD,CHD,0.9614303989720211,0.038569601027978906
Stage25 fixed curriculum,ZCH0599,2,CHD,CHD,0.9992082247063947,0.0007917752936052912
Stage25 fixed curriculum,ZCH0600,1,CHD,CHD,0.9314009230010799,0.06859907699892014
Stage25 fixed curriculum,ZCH0601,3,CHD,CHD,0.9966121561094929,0.0033878438905070515
Stage25 fixed curriculum,ZCH0602,1,CHD,CHD,0.9720237261590553,0.027976273840944678
Stage25 fixed curriculum,ZCH0603,0,CHD,NORMAL,0.05928882539386737,0.9407111746061326
Stage25 fixed curriculum,ZCH0604,3,CHD,NORMAL,0.5042592005803936,0.4957407994196063
Stage25 fixed curriculum,ZCH0605,3,CHD,NORMAL,0.1913526744872791,0.8086473255127209
Stage25 fixed curriculum,ZCH0606,2,CHD,CHD,0.9979997114858399,0.002000288514160135
Stage25 fixed curriculum,ZCH0607,1,CHD,CHD,0.9630574954209151,0.036942504579084844
Stage25 fixed curriculum,ZCH0608,3,CHD,CHD,0.8168590016166895,0.1831409983833105
Stage25 fixed curriculum,ZCH0609,0,CHD,CHD,0.8529189095663046,0.1470810904336955
Stage25 fixed curriculum,ZCH0610,3,CHD,NORMAL,0.06675275824239346,0.9332472417576065
Stage25 fixed curriculum,ZCH0611,4,CHD,CHD,0.9838144728942377,0.016185527105762276
Stage25 fixed curriculum,ZCH0612,3,CHD,CHD,0.9614671161898817,0.038532883810118296
Stage25 fixed curriculum,ZCH0613,2,CHD,CHD,0.9964320341313595,0.0035679658686405364
Stage25 fixed curriculum,ZCH0614,1,CHD,CHD,0.6457792445456167,0.3542207554543832
Stage25 fixed curriculum,ZCH0615,3,CHD,CHD,0.9639049758257715,0.03609502417422846
Stage25 fixed curriculum,ZCH0616,3,CHD,CHD,0.9947749378829064,0.005225062117093627
Stage25 fixed curriculum,ZCH0617,2,CHD,CHD,0.9975251227126222,0.0024748772873777907
Stage25 fixed curriculum,ZCH0618,2,CHD,CHD,0.9951562889043147,0.0048437110956852806
Stage25 fixed curriculum,ZCH0619,1,CHD,CHD,0.9785761189287329,0.021423881071267102
Stage25 fixed curriculum,ZCH0620,2,CHD,CHD,0.7773744062970598,0.22262559370294027
Stage25 fixed curriculum,ZCH0621,3,CHD,NORMAL,0.34497706677884876,0.6550229332211512
Stage25 fixed curriculum,ZCH0622,0,CHD,NORMAL,0.1097626025383025,0.8902373974616975
Stage25 fixed curriculum,ZCH0623,1,CHD,NORMAL,0.28389642285436223,0.7161035771456378
Stage25 fixed curriculum,ZCH0624,3,CHD,NORMAL,0.16245840669576006,0.8375415933042399
Stage25 fixed curriculum,ZCH0625,3,CHD,NORMAL,0.07157542112649162,0.9284245788735084
Stage25 fixed curriculum,ZCH0626,2,CHD,CHD,0.9815067369516288,0.018493263048371227
Stage25 fixed curriculum,ZCH0627,2,CHD,CHD,0.987000393350398,0.012999606649601978
Stage25 fixed curriculum,ZCH0628,0,CHD,CHD,0.9617747658700184,0.038225234129981536
Stage25 fixed curriculum,ZCH0629,1,CHD,NORMAL,0.34051379478238375,0.6594862052176163
Stage25 fixed curriculum,ZCH0630,0,CHD,CHD,0.7589431388353141,0.24105686116468594
Stage25 fixed curriculum,ZCH0631,4,CHD,CHD,0.7831993351904388,0.21680066480956117
Stage25 fixed curriculum,ZCH0632,0,CHD,CHD,0.6586198404428154,0.3413801595571846
Stage25 fixed curriculum,ZCH0633,4,CHD,CHD,0.9948038875474404,0.005196112452559552
Stage25 fixed curriculum,ZCH0634,0,CHD,CHD,0.9676155404727239,0.0323844595272761
Stage25 fixed curriculum,ZCH0635,3,CHD,CHD,0.9811361528858648,0.018863847114135288
Stage25 fixed curriculum,ZCH0636,4,CHD,CHD,0.6213889862180584,0.3786110137819417
Stage25 fixed curriculum,ZCH0637,4,CHD,CHD,0.9838269226641845,0.0161730773358155
Stage25 fixed curriculum,ZCH0638,0,CHD,CHD,0.9301683009353182,0.06983169906468183
Stage25 fixed curriculum,ZCH0639,1,CHD,CHD,0.9906301965084973,0.009369803491502716
Stage25 fixed curriculum,ZCH0640,4,CHD,CHD,0.8263419511080856,0.17365804889191444
Stage25 fixed curriculum,ZCH0641,0,CHD,CHD,0.8907155517607682,0.10928444823923175
Stage25 fixed curriculum,ZCH0642,1,CHD,CHD,0.9737227855756968,0.026277214424303245
Stage25 fixed curriculum,ZCH0643,2,CHD,CHD,0.9867364780395169,0.013263521960483061
Stage25 fixed curriculum,ZCH0644,3,CHD,NORMAL,0.08579819681470302,0.914201803185297
Stage25 fixed curriculum,ZCH0645,2,CHD,NORMAL,0.2248016117310615,0.7751983882689385
Stage25 fixed curriculum,ZCH0646,1,CHD,CHD,0.9412695719648577,0.05873042803514226
Stage25 fixed curriculum,ZCH0647,3,CHD,NORMAL,0.2046665645778235,0.7953334354221765
Stage25 fixed curriculum,ZCH0648,1,CHD,NORMAL,0.2018372409197462,0.7981627590802538
Stage25 fixed curriculum,ZCH0649,0,CHD,NORMAL,0.24404318633752042,0.7559568136624796
Stage25 fixed curriculum,ZCH0650,0,CHD,NORMAL,0.16797747370032434,0.8320225262996757
Stage25 fixed curriculum,ZCH0651,4,CHD,CHD,0.6796365541223979,0.3203634458776022
Stage25 fixed curriculum,ZCH0652,1,CHD,NORMAL,0.5941385317990243,0.4058614682009757
Stage25 fixed curriculum,ZCH0653,1,CHD,CHD,0.9710754287409339,0.028924571259066115
Stage25 fixed curriculum,ZCH0654,4,CHD,CHD,0.9936910192205944,0.006308980779405544
Stage25 fixed curriculum,ZCH0655,4,CHD,NORMAL,0.673390640289729,0.326609359710271
Stage25 fixed curriculum,ZCH0656,2,CHD,CHD,0.9923650258046595,0.007634974195340544
Stage25 fixed curriculum,ZCH0657,0,CHD,CHD,0.9678374352346066,0.03216256476539335
Stage25 fixed curriculum,ZCH0658,3,CHD,CHD,0.6825992430621342,0.31740075693786585
Stage25 fixed curriculum,ZCH0659,3,CHD,NORMAL,0.5193276268735441,0.48067237312645594
Stage25 fixed curriculum,ZCH0660,4,CHD,CHD,0.9930967050468729,0.0069032949531271336
Stage25 fixed curriculum,ZCH0661,0,CHD,CHD,0.9483025672520788,0.0516974327479212
Stage25 fixed curriculum,ZCH0662,2,CHD,CHD,0.9899874444151772,0.010012555584822785
Stage25 fixed curriculum,ZCH0663,2,CHD,CHD,0.8736007320530284,0.12639926794697168
Stage25 fixed curriculum,ZCH0664,2,CHD,CHD,0.9916297678828259,0.008370232117174158
Stage25 fixed curriculum,ZCH0665,2,CHD,CHD,0.9365350270589253,0.06346497294107463
Stage25 fixed curriculum,ZCH0666,4,CHD,CHD,0.9977452073437519,0.0022547926562480744
Stage25 fixed curriculum,ZCH0667,4,CHD,CHD,0.9209572277728704,0.07904277222712959
Stage25 fixed curriculum,ZCH0668,1,CHD,CHD,0.7703054862055208,0.22969451379447922
Stage25 fixed curriculum,ZCH0669,1,CHD,CHD,0.8690139518122127,0.13098604818778728
Stage25 fixed curriculum,ZCH0670,0,CHD,NORMAL,0.548662359178144,0.451337640821856
Stage25 fixed curriculum,ZCH0671,0,CHD,CHD,0.9769622284028229,0.023037771597177088
Stage25 fixed curriculum,ZCH0672,2,CHD,CHD,0.9949226651593874,0.0050773348406126075
Stage25 fixed curriculum,ZCH0673,3,CHD,NORMAL,0.10581587805377712,0.8941841219462229
Stage25 fixed curriculum,ZCH0674,0,CHD,NORMAL,0.4118866529013826,0.5881133470986174
Stage25 fixed curriculum,ZCH0675,1,CHD,CHD,0.9629735954350545,0.0370264045649455
Stage25 fixed curriculum,ZCH0676,1,CHD,CHD,0.8445246242296297,0.15547537577037032
Stage25 fixed curriculum,ZCH0677,1,CHD,CHD,0.976004169698311,0.02399583030168892
Stage25 fixed curriculum,ZCH0678,3,CHD,CHD,0.9808384770234015,0.019161522976598427
Stage25 fixed curriculum,ZCH0679,0,CHD,CHD,0.9540031825926492,0.045996817407350815
Stage25 fixed curriculum,ZCH0680,4,CHD,CHD,0.9889566246000343,0.011043375399965735
Stage25 fixed curriculum,ZCH0681,0,CHD,CHD,0.9153024508774279,0.08469754912257206
Stage25 fixed curriculum,ZCH0682,3,CHD,CHD,0.9543095563117174,0.04569044368828258
Stage25 fixed curriculum,ZCH0683,3,CHD,CHD,0.9609094180385025,0.03909058196149746
Stage25 fixed curriculum,ZCH0684,1,CHD,CHD,0.7533348925866195,0.2466651074133806
Stage25 fixed curriculum,ZCH0685,1,CHD,CHD,0.9185492823084626,0.08145071769153749
Stage25 fixed curriculum,ZCH0686,1,CHD,NORMAL,0.14246872628390705,0.857531273716093
Stage25 fixed curriculum,ZCH0687,2,CHD,CHD,0.8512271834011855,0.1487728165988145
Stage25 fixed curriculum,ZCH0688,2,CHD,CHD,0.9976146616228578,0.002385338377142123
Stage25 fixed curriculum,ZCH0689,2,CHD,CHD,0.8789939932740544,0.12100600672594568
Stage25 fixed curriculum,ZCH0690,4,CHD,CHD,0.9551760153618439,0.04482398463815608
Stage25 fixed curriculum,ZCH0691,2,CHD,CHD,0.9547356663226296,0.04526433367737037
Stage25 fixed curriculum,ZCH0692,3,CHD,CHD,0.8725659785179435,0.12743402148205651
Stage25 fixed curriculum,ZCH0693,0,CHD,CHD,0.8339225759581619,0.16607742404183815
Stage25 fixed curriculum,ZCH0694,3,CHD,CHD,0.872827840996071,0.12717215900392898
Stage25 fixed curriculum,ZCH0695,2,CHD,CHD,0.9976907826221897,0.0023092173778103114
Stage25 fixed curriculum,ZCH0696,1,CHD,CHD,0.9478530908989143,0.05214690910108567
Stage25 fixed curriculum,ZCH0697,4,CHD,CHD,0.9860214417022005,0.01397855829779944
Stage25 fixed curriculum,ZCH0698,4,CHD,NORMAL,0.4743406050320501,0.5256593949679499
Stage25 fixed curriculum,ZCH0699,3,CHD,CHD,0.9654307180192965,0.0345692819807035
Stage25 fixed curriculum,ZCH0700,1,CHD,CHD,0.9508636434150306,0.04913635658496934
Stage25 fixed curriculum,ZCH0701,2,CHD,CHD,0.9844982011133006,0.015501798886699433
Stage25 fixed curriculum,ZCH0702,3,CHD,CHD,0.9791827352942675,0.02081726470573257
Stage25 fixed curriculum,ZCH0703,0,CHD,CHD,0.892702633438784,0.10729736656121605
Stage25 fixed curriculum,ZCH0704,1,CHD,CHD,0.9827418177087309,0.01725818229126906
Stage25 fixed curriculum,ZCH0705,4,CHD,CHD,0.8616917873775433,0.1383082126224567
Stage25 fixed curriculum,ZCH0706,0,CHD,CHD,0.6628332312657429,0.3371667687342571
Stage25 fixed curriculum,ZCH0707,3,CHD,CHD,0.9702538920698514,0.029746107930148702
Stage25 fixed curriculum,ZCH0708,1,CHD,CHD,0.7724511781523433,0.22754882184765673
Stage25 fixed curriculum,ZCH0709,2,CHD,CHD,0.9758394199953694,0.02416058000463059
Stage25 fixed curriculum,ZCH0710,2,CHD,CHD,0.9881522650930594,0.011847734906940566
Stage25 fixed curriculum,ZCH0711,4,CHD,NORMAL,0.3714299905194727,0.6285700094805273
Stage25 fixed curriculum,ZCH0712,2,CHD,CHD,0.9678610722618124,0.03213892773818758
Stage25 fixed curriculum,ZCH0713,4,CHD,CHD,0.9960144482354477,0.00398555176455224
Stage25 fixed curriculum,ZCH0714,2,CHD,CHD,0.9938633756916547,0.006136624308345247
Stage25 fixed curriculum,ZCH0715,2,CHD,NORMAL,0.5068612878868927,0.49313871211310734
Stage25 fixed curriculum,ZCH0716,2,CHD,CHD,0.998482015309812,0.0015179846901880742
Stage25 fixed curriculum,ZCH0717,0,CHD,CHD,0.9369628129400641,0.06303718705993587
Stage25 fixed curriculum,ZCH0718,3,CHD,CHD,0.847719280782218,0.15228071921778202
Stage25 fixed curriculum,ZCH0719,0,CHD,NORMAL,0.4304880919066888,0.5695119080933112
Stage25 fixed curriculum,ZCH0720,1,CHD,CHD,0.7173099552048641,0.2826900447951359
Stage25 fixed curriculum,ZCH0721,4,CHD,CHD,0.8693198856297065,0.13068011437029345
Stage25 fixed curriculum,ZCH0722,1,CHD,NORMAL,0.27287982493530905,0.727120175064691
Stage25 fixed curriculum,ZCH0723,0,CHD,CHD,0.7151534804664192,0.2848465195335808
Stage25 fixed curriculum,ZCH0724,0,CHD,CHD,0.9641853691498021,0.03581463085019783
Stage25 fixed curriculum,ZCH0725,4,CHD,CHD,0.9620519849465653,0.03794801505343467
Stage25 fixed curriculum,ZCH0726,1,CHD,CHD,0.9688154780120302,0.031184521987969834
Stage25 fixed curriculum,ZCH0727,2,CHD,CHD,0.9971444727465731,0.0028555272534268477
Stage25 fixed curriculum,ZCH0728,0,CHD,CHD,0.9757487356492639,0.024251264350736084
Stage25 fixed curriculum,ZCH0729,1,CHD,CHD,0.9137962453882915,0.08620375461170848
Stage25 fixed curriculum,ZCH0730,0,CHD,CHD,0.961718139069342,0.038281860930657975
Stage25 fixed curriculum,ZCH0731,1,CHD,CHD,0.5678137765666202,0.43218622343337976
Stage25 fixed curriculum,ZCH0732,1,CHD,CHD,0.9171527748564021,0.08284722514359782
Stage25 fixed curriculum,ZCH0733,0,CHD,CHD,0.9751740679160763,0.02482593208392365
Stage25 fixed curriculum,ZCH0734,3,CHD,CHD,0.9772245473410046,0.022775452658995356
Stage25 fixed curriculum,ZCH0735,3,CHD,CHD,0.7928676549110665,0.20713234508893352
Stage25 fixed curriculum,ZCH0736,1,CHD,CHD,0.9830837219811888,0.01691627801881118
Stage25 fixed curriculum,ZCH0737,4,CHD,CHD,0.9917767591368553,0.008223240863144755
Stage25 fixed curriculum,ZCH0738,4,CHD,CHD,0.8595439769211254,0.1404560230788746
Stage25 fixed curriculum,ZCH0739,4,CHD,CHD,0.9840616662898671,0.0159383337101329
Stage25 fixed curriculum,ZCH0740,4,CHD,CHD,0.7369337757932286,0.26306622420677134
Stage25 fixed curriculum,ZCH0741,3,CHD,CHD,0.8688260037246344,0.13117399627536563
Stage25 fixed curriculum,ZCH0742,0,CHD,NORMAL,0.22118867745290283,0.7788113225470972
Stage25 fixed curriculum,ZCH0743,3,CHD,CHD,0.6765168013240561,0.3234831986759439
Stage25 fixed curriculum,ZCH0744,0,CHD,CHD,0.9842785735736133,0.015721426426386735
Stage25 fixed curriculum,ZCH0745,2,CHD,CHD,0.9616431235059087,0.03835687649409124
Stage25 fixed curriculum,ZCH0746,3,CHD,CHD,0.8832034862087524,0.11679651379124753
Stage25 fixed curriculum,ZCH0747,3,CHD,CHD,0.885315783950408,0.114684216049592
Stage25 fixed curriculum,ZCH0748,3,CHD,CHD,0.930151499065994,0.06984850093400594
Stage25 fixed curriculum,ZCH0749,4,CHD,CHD,0.6870640765807586,0.31293592341924137
Stage25 fixed curriculum,ZCH0750,1,CHD,CHD,0.9813511734826287,0.01864882651737132
Stage25 fixed curriculum,ZCH0751,3,CHD,CHD,0.9777762638878582,0.022223736112141776
Stage25 fixed curriculum,ZCH0752,0,CHD,CHD,0.9927211069384807,0.0072788930615193415
Stage25 fixed curriculum,ZCH0753,0,CHD,CHD,0.8905027861092499,0.10949721389075007
Stage25 fixed curriculum,ZCH0754,4,CHD,NORMAL,0.06980621781583063,0.9301937821841694
Stage25 fixed curriculum,ZCH0755,0,CHD,CHD,0.9722122151213272,0.02778778487867279
Stage25 fixed curriculum,ZCH0756,3,CHD,CHD,0.962356256027037,0.037643743972962954
Stage25 fixed curriculum,ZCH0757,3,CHD,CHD,0.9677424663847727,0.032257533615227284
Stage25 fixed curriculum,ZCH0758,3,CHD,CHD,0.9634979332266247,0.03650206677337525
Stage25 fixed curriculum,ZCH0759,2,CHD,CHD,0.9748522214495757,0.02514777855042432
Stage25 fixed curriculum,ZCH0760,3,CHD,CHD,0.9668204075507835,0.03317959244921649
Stage25 fixed curriculum,ZCH0761,4,CHD,CHD,0.9793182547917612,0.020681745208238827
Stage25 fixed curriculum,ZCH0762,2,CHD,CHD,0.989598965820494,0.010401034179505995
Stage25 fixed curriculum,ZCH0763,0,CHD,CHD,0.9645819784867744,0.03541802151322557
Stage25 fixed curriculum,ZCH0764,1,CHD,CHD,0.9551667597933313,0.04483324020666867
Stage25 fixed curriculum,ZCH0765,1,CHD,CHD,0.9630532375595372,0.036946762440462785
Stage25 fixed curriculum,ZCH0766,4,CHD,CHD,0.9815225520980165,0.018477447901983517
Stage25 fixed curriculum,ZCH0767,1,CHD,CHD,0.9643262645200059,0.03567373547999411
Stage25 fixed curriculum,ZCH0768,4,CHD,CHD,0.9898886679218658,0.010111332078134142
Stage25 fixed curriculum,ZCH0769,0,CHD,CHD,0.9670195629127621,0.03298043708723783
Stage25 fixed curriculum,ZCH0770,0,CHD,CHD,0.9443702989061976,0.05562970109380234
Stage25 fixed curriculum,ZCH0771,1,CHD,CHD,0.9550113360968677,0.044988663903132255
Stage25 fixed curriculum,ZCH0772,0,CHD,CHD,0.9476546502992655,0.05234534970073442
Stage25 fixed curriculum,ZCH0773,1,CHD,CHD,0.9697241552509241,0.030275844749075843
Stage25 fixed curriculum,ZCH0774,2,CHD,CHD,0.988496674817657,0.011503325182342969
Stage25 fixed curriculum,ZCH0775,4,CHD,CHD,0.9829340905559557,0.01706590944404431
Stage25 fixed curriculum,ZCH0776,1,CHD,CHD,0.9650348038425852,0.0349651961574148
Stage25 fixed curriculum,ZCH0777,2,CHD,CHD,0.9820043097649368,0.017995690235063155
Stage25 fixed curriculum,ZCH0778,1,CHD,CHD,0.9623081022423126,0.037691897757687484
Stage25 fixed curriculum,ZCH0779,2,CHD,CHD,0.9908180426789445,0.009181957321055485
Stage25 fixed curriculum,ZCH0780,4,CHD,CHD,0.9746252530414371,0.025374746958562906
Stage25 fixed curriculum,ZCH0781,3,CHD,CHD,0.9667167721129573,0.03328322788704269
Stage25 fixed curriculum,ZCH0782,3,CHD,CHD,0.9021881518409497,0.09781184815905028
Stage25 fixed curriculum,ZCH0783,2,CHD,CHD,0.9846450992339536,0.015354900766046418
Stage25 fixed curriculum,ZCH0784,4,CHD,CHD,0.9766945728464693,0.023305427153530733
Stage25 fixed curriculum,ZCH0785,0,CHD,CHD,0.9586911838788644,0.0413088161211356
Stage25 fixed curriculum,ZCH0786,3,CHD,CHD,0.9748085477113076,0.025191452288692344
Stage25 fixed curriculum,ZCH0787,4,CHD,CHD,0.9750593869005049,0.024940613099495135
Stage25 fixed curriculum,ZCH0788,0,CHD,CHD,0.9587836533399393,0.041216346660060646
Stage25 fixed curriculum,ZCH0789,3,CHD,CHD,0.9593825102800091,0.04061748971999094
Stage25 fixed curriculum,ZCH0790,2,CHD,CHD,0.9903112672495102,0.009688732750489775
Stage25 fixed curriculum,ZCH0791,4,CHD,CHD,0.9711368474545282,0.028863152545471785
Stage25 fixed curriculum,ZCH0792,4,CHD,CHD,0.9811306702896793,0.018869329710320723
Stage25 fixed curriculum,ZCH0793,3,CHD,CHD,0.9688299387935408,0.031170061206459113
Stage25 fixed curriculum,ZCH0794,0,CHD,CHD,0.9489616431781429,0.05103835682185704
Stage25 fixed curriculum,ZCH0795,2,CHD,CHD,0.9773494991984224,0.022650500801577576
Stage25 fixed curriculum,ZCH0796,3,CHD,CHD,0.9582281845395014,0.041771815460498525
Stage25 fixed curriculum,ZCH0797,3,CHD,CHD,0.9336188046319119,0.06638119536808805
Stage25 fixed curriculum,ZCH0798,2,CHD,CHD,0.9866855685361344,0.013314431463865618
Stage25 fixed curriculum,ZCH0799,2,CHD,CHD,0.9907631694308877,0.009236830569112297
Stage25 fixed curriculum,ZCH0800,0,CHD,CHD,0.9601066302453355,0.03989336975466448
Stage25 fixed curriculum,ZCH0801,3,CHD,CHD,0.9562434094321816,0.043756590567818394
Stage25 fixed curriculum,ZCH0802,2,CHD,CHD,0.9988748087447249,0.0011251912552750674
Stage25 fixed curriculum,ZCH0803,1,CHD,CHD,0.9226344437145572,0.07736555628544285
Stage25 fixed curriculum,ZCH0804,4,CHD,CHD,0.9723167731715384,0.0276832268284616
Stage25 fixed curriculum,ZCH0805,1,CHD,CHD,0.984664207897026,0.015335792102973938
Stage25 fixed curriculum,ZCH0806,1,CHD,CHD,0.9463603519184639,0.053639648081536054
Stage25 fixed curriculum,ZCH0807,4,CHD,CHD,0.9931821868386225,0.006817813161377557
Stage25 fixed curriculum,ZCH0808,3,CHD,CHD,0.9561496653503224,0.04385033464967759
Stage25 fixed curriculum,ZCH0809,0,CHD,CHD,0.9400694470586874,0.0599305529413125
Stage25 fixed curriculum,ZCH0810,3,CHD,CHD,0.9874766194002412,0.012523380599758768
Stage25 fixed curriculum,ZCH0811,4,CHD,CHD,0.9745681259386616,0.025431874061338452
Stage25 fixed curriculum,ZCH0812,0,CHD,CHD,0.676724345731295,0.323275654268705
Stage25 fixed curriculum,ZCH0813,2,CHD,CHD,0.9909818490683232,0.009018150931676806
Stage25 fixed curriculum,ZCH0814,1,CHD,CHD,0.9772539823976318,0.022746017602368176
Stage25 fixed curriculum,ZCH0815,3,CHD,CHD,0.9905682514837806,0.009431748516219375
Stage25 fixed curriculum,ZCH0816,3,CHD,CHD,0.9674847617003928,0.03251523829960728
Stage25 fixed curriculum,ZCH0817,2,CHD,CHD,0.7548799828935661,0.2451200171064339
Stage25 fixed curriculum,ZCH0818,3,CHD,CHD,0.9882688938829659,0.011731106117034061
Stage25 fixed curriculum,ZCH0819,4,CHD,CHD,0.9864776279002985,0.013522372099701512
Stage25 fixed curriculum,ZCH0820,0,CHD,CHD,0.9250936093075629,0.07490639069243707
Stage25 fixed curriculum,ZCH0821,1,CHD,CHD,0.9784153733938306,0.021584626606169485
Stage25 fixed curriculum,ZCH0822,1,CHD,CHD,0.9612834212877516,0.03871657871224843
Stage25 fixed curriculum,ZCH0823,4,CHD,CHD,0.9773100985098194,0.022689901490180547
Stage25 fixed curriculum,ZCH0824,1,CHD,CHD,0.9591162558599752,0.04088374414002478
Stage25 fixed curriculum,ZCH0825,2,CHD,CHD,0.9791041172205008,0.020895882779499192
Stage25 fixed curriculum,ZCH0826,3,CHD,CHD,0.9820748971705445,0.01792510282945549
Stage25 fixed curriculum,ZCH0827,4,CHD,CHD,0.9858518856857126,0.014148114314287452
Stage25 fixed curriculum,ZCH0828,4,CHD,CHD,0.9668893643365115,0.03311063566348845
Stage25 fixed curriculum,ZCH0829,0,CHD,CHD,0.9553612007547362,0.04463879924526377
Stage25 fixed curriculum,ZCH0830,1,CHD,CHD,0.9691446232369936,0.03085537676300646
Stage25 fixed curriculum,ZCH0831,2,CHD,CHD,0.9865075639578115,0.013492436042188544
Stage25 fixed curriculum,ZCH0832,0,CHD,CHD,0.966127540006979,0.033872459993021
Stage25 fixed curriculum,ZCH0833,0,CHD,CHD,0.9534554713030194,0.046544528696980544
Stage25 fixed curriculum,ZCH0834,0,CHD,CHD,0.9344037083532373,0.06559629164676267
Stage25 fixed curriculum,ZCH0835,4,CHD,CHD,0.9723980336849217,0.027601966315078292
Stage25 fixed curriculum,ZCH0836,0,CHD,CHD,0.9396052996376961,0.06039470036230386
Stage25 fixed curriculum,ZCH0837,3,CHD,CHD,0.9727985630620867,0.02720143693791331
Stage25 fixed curriculum,ZCH0838,1,CHD,CHD,0.9733112636225104,0.026688736377489593
Stage25 fixed curriculum,ZCH0839,2,CHD,CHD,0.9833557789335758,0.016644221066424138
Stage25 fixed curriculum,ZCH0840,2,CHD,CHD,0.9790645131461584,0.020935486853841626
Stage25 fixed curriculum,ZCH0841,4,CHD,CHD,0.9727735414471654,0.027226458552834565
Stage25 fixed curriculum,ZCH0842,1,CHD,CHD,0.8479541226286685,0.15204587737133146
Stage25 fixed curriculum,ZCH0843,4,CHD,CHD,0.9841664754160383,0.01583352458396175
Stage25 fixed curriculum,ZCH0844,0,CHD,CHD,0.8811134363432488,0.11888656365675118
Stage25 fixed curriculum,ZCH0845,2,CHD,CHD,0.9887382709654067,0.011261729034593293
Stage25 fixed curriculum,ZCH0846,2,CHD,NORMAL,0.5624732416081435,0.4375267583918565
Stage25 fixed curriculum,ZCH0847,2,CHD,CHD,0.9846639069085644,0.015336093091435557
Stage25 fixed curriculum,ZCH0848,3,CHD,CHD,0.9850838047975025,0.014916195202497495
Stage25 fixed curriculum,ZCH0849,2,CHD,CHD,0.9974294171903602,0.002570582809639812
Stage25 fixed curriculum,ZCH0850,0,CHD,CHD,0.8426926545486179,0.15730734545138214
Stage25 fixed curriculum,ZCH0851,4,CHD,CHD,0.9719044409507915,0.028095559049208414
Stage25 fixed curriculum,ZCH0852,3,CHD,CHD,0.9289500870086087,0.07104991299139135
Stage25 fixed curriculum,ZCH0853,1,CHD,CHD,0.9732354743090973,0.026764525690902752
Stage25 fixed curriculum,ZCH0854,4,CHD,CHD,0.98603446408099,0.013965535919010003
Stage25 fixed curriculum,ZCH0855,0,CHD,CHD,0.9445745062511803,0.05542549374881968
Stage25 fixed curriculum,ZCH0856,2,CHD,CHD,0.985879391459554,0.01412060854044592
Stage25 fixed curriculum,ZCH0857,3,CHD,CHD,0.9728314567430597,0.02716854325694034
Stage25 fixed curriculum,ZCH0858,1,CHD,CHD,0.9679864916194998,0.032013508380500176
Stage25 fixed curriculum,ZCH0859,3,CHD,CHD,0.9723280806860246,0.027671919313975436
Stage25 fixed curriculum,ZCH0860,0,CHD,CHD,0.9324058315468471,0.06759416845315294
Stage25 fixed curriculum,ZCH0861,4,CHD,CHD,0.9878452318701793,0.012154768129820784
Stage25 fixed curriculum,ZCH0862,0,CHD,CHD,0.8650869598740327,0.13491304012596722
Stage25 fixed curriculum,ZCH0863,0,CHD,CHD,0.8863568095710633,0.11364319042893664
Stage25 fixed curriculum,ZCH0864,2,CHD,CHD,0.9882022120640251,0.011797787935974842
Stage25 fixed curriculum,ZCH0865,4,CHD,CHD,0.9707980558103313,0.029201944189668656
Stage25 fixed curriculum,ZCH0866,3,CHD,CHD,0.9722572501249696,0.02774274987503043
Stage25 fixed curriculum,ZCH0867,1,CHD,CHD,0.9160195576523202,0.08398044234767979
Stage25 fixed curriculum,ZCH0868,1,CHD,CHD,0.9742952594631018,0.025704740536898182
Stage25 fixed curriculum,ZCH0869,4,CHD,CHD,0.9794704189951814,0.020529581004818567
Stage25 fixed curriculum,ZCH0870,0,CHD,CHD,0.770116845539123,0.229883154460877
Stage25 fixed curriculum,ZCH0871,0,CHD,CHD,0.9476234775632887,0.05237652243671127
Stage25 fixed curriculum,ZCH0872,2,CHD,CHD,0.9905012450983628,0.009498754901637176
Stage25 fixed curriculum,ZCH0873,1,CHD,CHD,0.9455319258736411,0.05446807412635885
Stage25 fixed curriculum,ZCH0874,1,CHD,CHD,0.9387925435937279,0.06120745640627216
Stage25 fixed curriculum,ZCH0875,2,CHD,CHD,0.994963975904031,0.005036024095969039
Stage25 fixed curriculum,ZCH0876,2,CHD,CHD,0.9978902415302064,0.0021097584697935576
Stage25 fixed curriculum,ZCH0877,1,CHD,CHD,0.9743753958086742,0.02562460419132586
Stage25 fixed curriculum,ZCH0878,1,CHD,NORMAL,0.08623110173809745,0.9137688982619026
Stage25 fixed curriculum,ZCH0879,1,CHD,CHD,0.9002514163643546,0.09974858363564539
Stage25 fixed curriculum,ZCH0880,0,CHD,CHD,0.9443053415191397,0.05569465848086026
Stage25 fixed curriculum,ZCH0881,0,CHD,CHD,0.9236380589564253,0.07636194104357476
Stage25 fixed curriculum,ZCH0882,4,CHD,CHD,0.974481002754609,0.025518997245391
Stage25 fixed curriculum,ZCH0883,2,CHD,CHD,0.984399945289612,0.015600054710387928
Stage25 fixed curriculum,ZCH0884,3,CHD,CHD,0.9636114839835025,0.036388516016497466
Stage25 fixed curriculum,ZCH0885,3,CHD,CHD,0.962248573155797,0.03775142684420291
Stage25 fixed curriculum,ZCH0886,2,CHD,CHD,0.9980311945513518,0.0019688054486481465
Stage25 fixed curriculum,ZCH0887,4,CHD,CHD,0.978995253622802,0.02100474637719791
Stage25 fixed curriculum,ZCH0888,2,CHD,CHD,0.989473619024329,0.010526380975671037
Stage25 fixed curriculum,ZCH0889,4,CHD,CHD,0.9651815206198888,0.034818479380111206
Stage25 fixed curriculum,ZCH0890,0,CHD,CHD,0.9232910327773995,0.07670896722260043
Stage25 fixed curriculum,ZCH0891,1,CHD,CHD,0.9641484122391238,0.03585158776087618
Stage25 fixed curriculum,ZCH0892,0,CHD,CHD,0.9828956717281792,0.01710432827182083
Stage25 fixed curriculum,ZCH0893,0,CHD,CHD,0.9238498241696929,0.0761501758303072
Stage25 fixed curriculum,ZCH0894,1,CHD,CHD,0.9799888376967452,0.02001116230325483
Stage25 fixed curriculum,ZCH0895,1,CHD,CHD,0.9593378719436807,0.04066212805631934
Stage25 fixed curriculum,ZCH0896,0,CHD,CHD,0.9502940342943603,0.0497059657056397
Stage25 fixed curriculum,ZCH0897,4,CHD,CHD,0.9860318526788501,0.013968147321149881
Stage25 fixed curriculum,ZCH0898,4,CHD,CHD,0.9553842974907858,0.044615702509214226
Stage25 fixed curriculum,ZCH0899,1,CHD,CHD,0.9672647685962326,0.032735231403767384
Stage25 fixed curriculum,ZCH0900,3,CHD,CHD,0.9889609665628232,0.011039033437176831
Stage25 fixed curriculum,ZCH0901,3,CHD,CHD,0.9770386904427134,0.02296130955728664
Stage25 fixed curriculum,ZCH0902,0,CHD,CHD,0.9329301049488509,0.06706989505114917
Stage25 fixed curriculum,ZCH0903,4,CHD,CHD,0.989425964265052,0.010574035734948018
Stage25 fixed curriculum,ZCH0904,3,CHD,CHD,0.9662072225417173,0.033792777458282644
Stage25 fixed curriculum,ZCH0905,3,CHD,CHD,0.9353874362420945,0.06461256375790547
Stage25 fixed curriculum,ZCH0906,1,CHD,CHD,0.9776463815829672,0.02235361841703281
Stage25 fixed curriculum,ZCH0907,4,CHD,CHD,0.9690204624515414,0.030979537548458645
Stage25 fixed curriculum,ZCH0908,1,CHD,NORMAL,0.3592943576049621,0.6407056423950379
Stage25 fixed curriculum,ZCH0909,3,CHD,CHD,0.9812453997458311,0.018754600254168818
Stage25 fixed curriculum,ZCH0910,4,CHD,CHD,0.9387235872975024,0.06127641270249763
Stage25 fixed curriculum,ZCH0911,2,CHD,CHD,0.9774414655769192,0.022558534423080808
Stage25 fixed curriculum,ZCH0912,3,CHD,CHD,0.9615567475775106,0.038443252422489374
Stage25 fixed curriculum,ZCH0913,0,CHD,CHD,0.9643384251897116,0.035661574810288456
Stage25 fixed curriculum,ZCH0914,0,CHD,CHD,0.934791583097681,0.06520841690231904
Stage25 fixed curriculum,ZCH0915,1,CHD,CHD,0.917132667307327,0.08286733269267295
Stage25 fixed curriculum,ZCH0916,3,CHD,CHD,0.9653161839531651,0.03468381604683492
Stage25 fixed curriculum,ZCH0917,0,CHD,CHD,0.959817833772459,0.04018216622754101
Stage25 fixed curriculum,ZCH0918,3,CHD,CHD,0.9745777672915806,0.025422232708419416
Stage25 fixed curriculum,ZCH0919,4,CHD,CHD,0.9786980327655521,0.02130196723444794
Stage25 fixed curriculum,ZCH0920,1,CHD,NORMAL,0.6009171611146635,0.39908283888533647
Stage25 fixed curriculum,ZCH0921,0,CHD,CHD,0.8673389783676603,0.13266102163233973
Stage25 fixed curriculum,ZCH0922,3,CHD,CHD,0.9715454213279429,0.028454578672057154
Stage25 fixed curriculum,ZCH0923,2,CHD,CHD,0.9920264439502031,0.007973556049796831
Stage25 fixed curriculum,ZCH0924,4,CHD,CHD,0.9846102508793756,0.015389749120624428
Stage25 fixed curriculum,ZCH0925,1,CHD,CHD,0.956593786152882,0.043406213847118
Stage25 fixed curriculum,ZCH0926,2,CHD,CHD,0.9939449338870728,0.006055066112927162
Stage25 fixed curriculum,ZCH0927,2,CHD,CHD,0.7528811618699794,0.24711883813002056
Stage25 fixed curriculum,ZCH0928,4,CHD,CHD,0.9885624041835992,0.011437595816400782
Stage25 fixed curriculum,ZCH0929,2,CHD,CHD,0.984329174931384,0.01567082506861596
Stage25 fixed curriculum,ZCH0930,4,CHD,CHD,0.9757214554030867,0.02427854459691327
Stage25 fixed curriculum,ZCH0931,1,CHD,CHD,0.9640052814425405,0.03599471855745953
Stage25 fixed curriculum,ZCH0932,3,CHD,CHD,0.9707145057249665,0.029285494275033425
Stage25 fixed curriculum,ZCH0933,3,CHD,NORMAL,0.6949926846702452,0.3050073153297548
Stage25 fixed curriculum,ZCH0934,4,CHD,CHD,0.9774939552146649,0.02250604478533514
Stage25 fixed curriculum,ZCH0935,0,CHD,CHD,0.9520000323022962,0.04799996769770376
Stage25 fixed curriculum,ZCH0936,0,CHD,CHD,0.9516906419733768,0.04830935802662321
Stage25 fixed curriculum,ZCH0937,2,CHD,CHD,0.9898447253815432,0.010155274618456726
Stage25 fixed curriculum,ZCH0938,1,CHD,NORMAL,0.09871921761316882,0.9012807823868312
Stage25 fixed curriculum,ZCH0939,1,CHD,NORMAL,0.2919969855102389,0.7080030144897611
Stage25 fixed curriculum,ZCH0940,2,CHD,CHD,0.9775959072568221,0.022404092743177915
Stage25 fixed curriculum,ZCH0941,2,CHD,CHD,0.7608240487943576,0.23917595120564245
Stage26 multimodal,ZCH0001,2,NORMAL,NORMAL,0.04451296923881809,0.9554870307611819
Stage26 multimodal,ZCH0002,1,NORMAL,NORMAL,0.08637970464284128,0.9136202953571587
Stage26 multimodal,ZCH0003,0,NORMAL,NORMAL,0.08586975196905267,0.9141302480309473
Stage26 multimodal,ZCH0004,4,NORMAL,NORMAL,0.03220494378335714,0.9677950562166429
Stage26 multimodal,ZCH0005,2,NORMAL,NORMAL,0.07519270594825112,0.9248072940517489
Stage26 multimodal,ZCH0006,3,NORMAL,NORMAL,0.1535104857081726,0.8464895142918274
Stage26 multimodal,ZCH0007,1,NORMAL,NORMAL,0.08543147708039,0.91456852291961
Stage26 multimodal,ZCH0008,0,NORMAL,NORMAL,0.07688629741065711,0.9231137025893429
Stage26 multimodal,ZCH0009,1,NORMAL,NORMAL,0.11586766604319976,0.8841323339568002
Stage26 multimodal,ZCH0010,1,NORMAL,NORMAL,0.10678898816202453,0.8932110118379755
Stage26 multimodal,ZCH0011,4,NORMAL,NORMAL,0.06683808260582647,0.9331619173941735
Stage26 multimodal,ZCH0012,2,NORMAL,NORMAL,0.030792353227546698,0.9692076467724533
Stage26 multimodal,ZCH0013,4,NORMAL,NORMAL,0.11900039022058517,0.8809996097794148
Stage26 multimodal,ZCH0014,2,NORMAL,NORMAL,0.07495578841196582,0.9250442115880342
Stage26 multimodal,ZCH0015,1,NORMAL,NORMAL,0.0740981061232866,0.9259018938767134
Stage26 multimodal,ZCH0016,1,NORMAL,NORMAL,0.08781182488650063,0.9121881751134994
Stage26 multimodal,ZCH0017,0,NORMAL,NORMAL,0.12692740047047057,0.8730725995295294
Stage26 multimodal,ZCH0018,0,NORMAL,NORMAL,0.046578635422444115,0.9534213645775559
Stage26 multimodal,ZCH0019,0,NORMAL,NORMAL,0.04545029677256163,0.9545497032274384
Stage26 multimodal,ZCH0020,1,NORMAL,NORMAL,0.05685868025547536,0.9431413197445246
Stage26 multimodal,ZCH0021,3,NORMAL,NORMAL,0.029132905900590367,0.9708670940994096
Stage26 multimodal,ZCH0022,4,NORMAL,NORMAL,0.02762521433037579,0.9723747856696242
Stage26 multimodal,ZCH0023,4,NORMAL,NORMAL,0.04846380092498692,0.9515361990750131
Stage26 multimodal,ZCH0024,4,NORMAL,NORMAL,0.029352032690525,0.970647967309475
Stage26 multimodal,ZCH0025,1,NORMAL,NORMAL,0.28829530549635163,0.7117046945036484
Stage26 multimodal,ZCH0026,0,NORMAL,NORMAL,0.01950230399332642,0.9804976960066736
Stage26 multimodal,ZCH0027,1,NORMAL,NORMAL,0.08595048670881722,0.9140495132911828
Stage26 multimodal,ZCH0028,1,NORMAL,NORMAL,0.1144513887528733,0.8855486112471267
Stage26 multimodal,ZCH0029,0,NORMAL,NORMAL,0.035597530640282815,0.9644024693597172
Stage26 multimodal,ZCH0030,0,NORMAL,NORMAL,0.0505577956805221,0.9494422043194779
Stage26 multimodal,ZCH0031,4,NORMAL,NORMAL,0.07146438237805763,0.9285356176219424
Stage26 multimodal,ZCH0032,4,NORMAL,NORMAL,0.06876872703503878,0.9312312729649612
Stage26 multimodal,ZCH0033,4,NORMAL,NORMAL,0.07931540292917483,0.9206845970708252
Stage26 multimodal,ZCH0034,4,NORMAL,NORMAL,0.05232822433958262,0.9476717756604174
Stage26 multimodal,ZCH0035,4,NORMAL,NORMAL,0.055057352541606375,0.9449426474583936
Stage26 multimodal,ZCH0036,4,NORMAL,NORMAL,0.0718731234715958,0.9281268765284042
Stage26 multimodal,ZCH0037,4,NORMAL,NORMAL,0.06597671336185962,0.9340232866381404
Stage26 multimodal,ZCH0038,0,NORMAL,CHD,0.7438709782032265,0.2561290217967735
Stage26 multimodal,ZCH0039,2,NORMAL,NORMAL,0.3490641396727855,0.6509358603272145
Stage26 multimodal,ZCH0040,3,NORMAL,CHD,0.919957268757134,0.08004273124286594
Stage26 multimodal,ZCH0041,0,NORMAL,NORMAL,0.0699801461271301,0.9300198538728699
Stage26 multimodal,ZCH0042,4,NORMAL,NORMAL,0.10554576733329246,0.8944542326667075
Stage26 multimodal,ZCH0043,0,NORMAL,NORMAL,0.05102793311071707,0.9489720668892829
Stage26 multimodal,ZCH0044,3,NORMAL,NORMAL,0.065908280836527,0.934091719163473
Stage26 multimodal,ZCH0045,1,NORMAL,NORMAL,0.10280376647647382,0.8971962335235262
Stage26 multimodal,ZCH0046,3,NORMAL,NORMAL,0.039469158864305354,0.9605308411356946
Stage26 multimodal,ZCH0047,3,NORMAL,NORMAL,0.12507343176321606,0.8749265682367839
Stage26 multimodal,ZCH0048,1,NORMAL,NORMAL,0.10270590393230572,0.8972940960676943
Stage26 multimodal,ZCH0049,0,NORMAL,NORMAL,0.04525122937748305,0.954748770622517
Stage26 multimodal,ZCH0050,2,NORMAL,NORMAL,0.05344924809557461,0.9465507519044254
Stage26 multimodal,ZCH0051,2,NORMAL,NORMAL,0.0814445520457654,0.9185554479542346
Stage26 multimodal,ZCH0052,2,NORMAL,NORMAL,0.028566170495616272,0.9714338295043837
Stage26 multimodal,ZCH0053,1,NORMAL,NORMAL,0.10625822222454595,0.893741777775454
Stage26 multimodal,ZCH0054,0,NORMAL,NORMAL,0.25434448410804467,0.7456555158919553
Stage26 multimodal,ZCH0055,0,NORMAL,NORMAL,0.019546616948409534,0.9804533830515905
Stage26 multimodal,ZCH0056,4,NORMAL,NORMAL,0.2143790344682981,0.7856209655317019
Stage26 multimodal,ZCH0057,2,NORMAL,NORMAL,0.14920811735787465,0.8507918826421254
Stage26 multimodal,ZCH0058,0,NORMAL,NORMAL,0.030646620941303104,0.9693533790586969
Stage26 multimodal,ZCH0059,0,NORMAL,CHD,0.9414423006491333,0.05855769935086674
Stage26 multimodal,ZCH0060,0,NORMAL,NORMAL,0.05245780652217258,0.9475421934778274
Stage26 multimodal,ZCH0061,2,NORMAL,NORMAL,0.09545441152397283,0.9045455884760272
Stage26 multimodal,ZCH0062,1,NORMAL,NORMAL,0.38169922623618346,0.6183007737638165
Stage26 multimodal,ZCH0063,1,NORMAL,NORMAL,0.15501839619087932,0.8449816038091207
Stage26 multimodal,ZCH0064,3,NORMAL,CHD,0.8741707665162526,0.1258292334837474
Stage26 multimodal,ZCH0065,4,NORMAL,NORMAL,0.16276336515404655,0.8372366348459535
Stage26 multimodal,ZCH0066,1,NORMAL,NORMAL,0.30705113820237695,0.692948861797623
Stage26 multimodal,ZCH0067,1,NORMAL,NORMAL,0.08877762196459338,0.9112223780354066
Stage26 multimodal,ZCH0068,2,NORMAL,NORMAL,0.5792488123229265,0.4207511876770736
Stage26 multimodal,ZCH0069,4,NORMAL,NORMAL,0.027089454347545727,0.9729105456524543
Stage26 multimodal,ZCH0070,1,NORMAL,NORMAL,0.11711768295881864,0.8828823170411814
Stage26 multimodal,ZCH0071,4,NORMAL,NORMAL,0.08043719971798347,0.9195628002820165
Stage26 multimodal,ZCH0072,0,NORMAL,NORMAL,0.04541972238163905,0.954580277618361
Stage26 multimodal,ZCH0073,3,NORMAL,NORMAL,0.04096037835840083,0.9590396216415992
Stage26 multimodal,ZCH0074,3,NORMAL,NORMAL,0.10620889752728824,0.8937911024727118
Stage26 multimodal,ZCH0075,2,NORMAL,NORMAL,0.044594247825148314,0.9554057521748517
Stage26 multimodal,ZCH0076,4,NORMAL,NORMAL,0.1490675600434258,0.8509324399565742
Stage26 multimodal,ZCH0077,4,NORMAL,NORMAL,0.029069013398383192,0.9709309866016168
Stage26 multimodal,ZCH0078,4,NORMAL,NORMAL,0.04648872147518979,0.9535112785248102
Stage26 multimodal,ZCH0079,4,NORMAL,NORMAL,0.03743133739750837,0.9625686626024916
Stage26 multimodal,ZCH0080,3,NORMAL,NORMAL,0.12089635097560292,0.8791036490243971
Stage26 multimodal,ZCH0081,1,NORMAL,NORMAL,0.09163387075516216,0.9083661292448378
Stage26 multimodal,ZCH0082,1,NORMAL,NORMAL,0.1353123026519828,0.8646876973480172
Stage26 multimodal,ZCH0083,1,NORMAL,NORMAL,0.08988194077925349,0.9101180592207465
Stage26 multimodal,ZCH0084,0,NORMAL,NORMAL,0.14810929957579977,0.8518907004242002
Stage26 multimodal,ZCH0085,0,NORMAL,NORMAL,0.04699055260564189,0.9530094473943581
Stage26 multimodal,ZCH0086,4,NORMAL,NORMAL,0.0474706900571763,0.9525293099428237
Stage26 multimodal,ZCH0087,0,NORMAL,NORMAL,0.07919452286765294,0.9208054771323471
Stage26 multimodal,ZCH0088,2,NORMAL,NORMAL,0.12109807275457585,0.8789019272454242
Stage26 multimodal,ZCH0089,3,NORMAL,NORMAL,0.05568105048435934,0.9443189495156407
Stage26 multimodal,ZCH0090,3,NORMAL,NORMAL,0.03440253672636251,0.9655974632736375
Stage26 multimodal,ZCH0091,4,NORMAL,NORMAL,0.059009159312438775,0.9409908406875612
Stage26 multimodal,ZCH0092,1,NORMAL,NORMAL,0.08344328797286227,0.9165567120271377
Stage26 multimodal,ZCH0093,0,NORMAL,NORMAL,0.0408288023607557,0.9591711976392443
Stage26 multimodal,ZCH0094,0,NORMAL,NORMAL,0.07243305196458838,0.9275669480354116
Stage26 multimodal,ZCH0095,4,NORMAL,NORMAL,0.03702105900401864,0.9629789409959814
Stage26 multimodal,ZCH0096,3,NORMAL,NORMAL,0.05732003667885188,0.9426799633211481
Stage26 multimodal,ZCH0097,3,NORMAL,NORMAL,0.04484357141875517,0.9551564285812448
Stage26 multimodal,ZCH0098,2,NORMAL,NORMAL,0.08650226883687773,0.9134977311631223
Stage26 multimodal,ZCH0099,1,NORMAL,NORMAL,0.07412194319960497,0.925878056800395
Stage26 multimodal,ZCH0100,1,NORMAL,NORMAL,0.09878161114480766,0.9012183888551923
Stage26 multimodal,ZCH0101,4,NORMAL,NORMAL,0.0226111978160618,0.9773888021839382
Stage26 multimodal,ZCH0102,4,NORMAL,NORMAL,0.03138304016211624,0.9686169598378838
Stage26 multimodal,ZCH0103,2,NORMAL,NORMAL,0.31623860953755134,0.6837613904624487
Stage26 multimodal,ZCH0104,3,NORMAL,NORMAL,0.0759753999349998,0.9240246000650002
Stage26 multimodal,ZCH0105,0,NORMAL,NORMAL,0.04121966078072059,0.9587803392192794
Stage26 multimodal,ZCH0106,1,NORMAL,CHD,0.6616413402744417,0.3383586597255583
Stage26 multimodal,ZCH0107,1,NORMAL,NORMAL,0.07856877855640709,0.9214312214435929
Stage26 multimodal,ZCH0108,3,NORMAL,NORMAL,0.09598014659028509,0.9040198534097149
Stage26 multimodal,ZCH0109,4,NORMAL,NORMAL,0.14291594328105295,0.857084056718947
Stage26 multimodal,ZCH0110,2,NORMAL,NORMAL,0.09795651601037614,0.9020434839896239
Stage26 multimodal,ZCH0111,4,NORMAL,NORMAL,0.2963691020750471,0.7036308979249529
Stage26 multimodal,ZCH0112,2,NORMAL,NORMAL,0.20959331277327187,0.7904066872267281
Stage26 multimodal,ZCH0113,0,NORMAL,NORMAL,0.03908855223954777,0.9609114477604522
Stage26 multimodal,ZCH0114,2,NORMAL,NORMAL,0.2280193085648038,0.7719806914351962
Stage26 multimodal,ZCH0115,2,NORMAL,NORMAL,0.04146289094331035,0.9585371090566897
Stage26 multimodal,ZCH0116,2,NORMAL,NORMAL,0.07326783986429086,0.9267321601357091
Stage26 multimodal,ZCH0117,3,NORMAL,NORMAL,0.3856590489887636,0.6143409510112364
Stage26 multimodal,ZCH0118,4,NORMAL,NORMAL,0.021163842148648637,0.9788361578513514
Stage26 multimodal,ZCH0119,1,NORMAL,NORMAL,0.3204102416329301,0.6795897583670699
Stage26 multimodal,ZCH0120,1,NORMAL,NORMAL,0.08757291823721147,0.9124270817627885
Stage26 multimodal,ZCH0121,3,NORMAL,NORMAL,0.03918909859364372,0.9608109014063563
Stage26 multimodal,ZCH0122,4,NORMAL,NORMAL,0.3223115538485074,0.6776884461514926
Stage26 multimodal,ZCH0123,3,NORMAL,NORMAL,0.034216972047776406,0.9657830279522236
Stage26 multimodal,ZCH0124,1,NORMAL,NORMAL,0.06180410794921942,0.9381958920507806
Stage26 multimodal,ZCH0125,1,NORMAL,NORMAL,0.21009608910492983,0.7899039108950702
Stage26 multimodal,ZCH0126,2,NORMAL,NORMAL,0.03921344699183382,0.9607865530081662
Stage26 multimodal,ZCH0127,3,NORMAL,NORMAL,0.03810396156374096,0.961896038436259
Stage26 multimodal,ZCH0128,0,NORMAL,NORMAL,0.0767469195907704,0.9232530804092296
Stage26 multimodal,ZCH0129,4,NORMAL,NORMAL,0.039719461436003356,0.9602805385639966
Stage26 multimodal,ZCH0130,1,NORMAL,NORMAL,0.0718057739379907,0.9281942260620093
Stage26 multimodal,ZCH0131,2,NORMAL,NORMAL,0.027261340050297678,0.9727386599497023
Stage26 multimodal,ZCH0132,3,NORMAL,NORMAL,0.4953548311990016,0.5046451688009984
Stage26 multimodal,ZCH0133,2,NORMAL,NORMAL,0.04775011402213436,0.9522498859778656
Stage26 multimodal,ZCH0134,2,NORMAL,NORMAL,0.033054703357617954,0.966945296642382
Stage26 multimodal,ZCH0135,4,NORMAL,NORMAL,0.02676078834912099,0.973239211650879
Stage26 multimodal,ZCH0136,0,NORMAL,NORMAL,0.12430712858326864,0.8756928714167314
Stage26 multimodal,ZCH0137,0,NORMAL,NORMAL,0.04580949911567189,0.9541905008843281
Stage26 multimodal,ZCH0138,1,NORMAL,NORMAL,0.06628122280295579,0.9337187771970442
Stage26 multimodal,ZCH0139,2,NORMAL,NORMAL,0.026017301269582904,0.9739826987304171
Stage26 multimodal,ZCH0140,2,NORMAL,CHD,0.7565813551718836,0.24341864482811643
Stage26 multimodal,ZCH0141,2,NORMAL,NORMAL,0.33463377359807,0.66536622640193
Stage26 multimodal,ZCH0142,1,NORMAL,NORMAL,0.06266650330848289,0.9373334966915171
Stage26 multimodal,ZCH0143,3,NORMAL,NORMAL,0.037923184005740684,0.9620768159942593
Stage26 multimodal,ZCH0144,1,NORMAL,NORMAL,0.10158751649752118,0.8984124835024788
Stage26 multimodal,ZCH0145,3,NORMAL,NORMAL,0.016920185626105422,0.9830798143738946
Stage26 multimodal,ZCH0146,3,NORMAL,NORMAL,0.03291931094219036,0.9670806890578096
Stage26 multimodal,ZCH0147,0,NORMAL,NORMAL,0.03531842733312074,0.9646815726668793
Stage26 multimodal,ZCH0148,3,NORMAL,NORMAL,0.04614721722640569,0.9538527827735943
Stage26 multimodal,ZCH0149,3,NORMAL,NORMAL,0.05150054222178324,0.9484994577782168
Stage26 multimodal,ZCH0150,1,NORMAL,NORMAL,0.09934960170537976,0.9006503982946202
Stage26 multimodal,ZCH0151,4,NORMAL,NORMAL,0.0371830618715947,0.9628169381284053
Stage26 multimodal,ZCH0152,1,NORMAL,NORMAL,0.0670118231061072,0.9329881768938928
Stage26 multimodal,ZCH0153,4,NORMAL,NORMAL,0.08183486458466305,0.918165135415337
Stage26 multimodal,ZCH0154,2,NORMAL,NORMAL,0.08350037739041716,0.9164996226095828
Stage26 multimodal,ZCH0155,2,NORMAL,NORMAL,0.03892524531156649,0.9610747546884335
Stage26 multimodal,ZCH0156,0,NORMAL,NORMAL,0.04212690999777613,0.9578730900022239
Stage26 multimodal,ZCH0157,3,NORMAL,NORMAL,0.06811936708392874,0.9318806329160713
Stage26 multimodal,ZCH0158,1,NORMAL,CHD,0.6816318408038817,0.3183681591961183
Stage26 multimodal,ZCH0159,0,NORMAL,NORMAL,0.0781938098902567,0.9218061901097433
Stage26 multimodal,ZCH0160,0,NORMAL,NORMAL,0.16556550019510285,0.8344344998048971
Stage26 multimodal,ZCH0161,0,NORMAL,NORMAL,0.03700666070004022,0.9629933392999598
Stage26 multimodal,ZCH0162,3,NORMAL,NORMAL,0.06349446686305638,0.9365055331369436
Stage26 multimodal,ZCH0163,1,NORMAL,NORMAL,0.08845913246339077,0.9115408675366092
Stage26 multimodal,ZCH0164,0,NORMAL,NORMAL,0.16311897503835493,0.8368810249616451
Stage26 multimodal,ZCH0165,4,NORMAL,NORMAL,0.03231708177927406,0.9676829182207259
Stage26 multimodal,ZCH0166,1,NORMAL,NORMAL,0.5997099357198077,0.40029006428019237
Stage26 multimodal,ZCH0167,2,NORMAL,NORMAL,0.3243653724941542,0.6756346275058458
Stage26 multimodal,ZCH0168,0,NORMAL,NORMAL,0.04484201574338609,0.9551579842566139
Stage26 multimodal,ZCH0169,0,NORMAL,NORMAL,0.049116852548550805,0.9508831474514492
Stage26 multimodal,ZCH0170,4,NORMAL,NORMAL,0.04578645128061232,0.9542135487193877
Stage26 multimodal,ZCH0171,3,NORMAL,NORMAL,0.026903427131739766,0.9730965728682602
Stage26 multimodal,ZCH0172,1,NORMAL,NORMAL,0.07349757415221647,0.9265024258477835
Stage26 multimodal,ZCH0173,0,NORMAL,NORMAL,0.031097431264443642,0.9689025687355564
Stage26 multimodal,ZCH0174,4,NORMAL,CHD,0.5671731487239986,0.43282685127600135
Stage26 multimodal,ZCH0175,4,NORMAL,CHD,0.5790067585808016,0.4209932414191984
Stage26 multimodal,ZCH0176,1,NORMAL,NORMAL,0.07774381629979732,0.9222561837002027
Stage26 multimodal,ZCH0177,0,NORMAL,NORMAL,0.10078094483631239,0.8992190551636876
Stage26 multimodal,ZCH0178,1,NORMAL,NORMAL,0.09563196322521039,0.9043680367747896
Stage26 multimodal,ZCH0179,1,NORMAL,NORMAL,0.07884564816424522,0.9211543518357548
Stage26 multimodal,ZCH0180,3,NORMAL,NORMAL,0.028636338896712354,0.9713636611032876
Stage26 multimodal,ZCH0181,2,NORMAL,NORMAL,0.036228365843006816,0.9637716341569932
Stage26 multimodal,ZCH0182,4,NORMAL,NORMAL,0.022047325402990037,0.97795267459701
Stage26 multimodal,ZCH0183,3,NORMAL,NORMAL,0.30379886711162807,0.6962011328883719
Stage26 multimodal,ZCH0184,1,NORMAL,NORMAL,0.12449356940325951,0.8755064305967405
Stage26 multimodal,ZCH0185,4,NORMAL,NORMAL,0.10665330687098695,0.893346693129013
Stage26 multimodal,ZCH0186,4,NORMAL,NORMAL,0.030781885143912224,0.9692181148560878
Stage26 multimodal,ZCH0187,1,NORMAL,NORMAL,0.16146825802748122,0.8385317419725188
Stage26 multimodal,ZCH0188,2,NORMAL,NORMAL,0.1076551685066588,0.8923448314933412
Stage26 multimodal,ZCH0189,1,NORMAL,NORMAL,0.1096026743794638,0.8903973256205362
Stage26 multimodal,ZCH0190,1,NORMAL,NORMAL,0.07831456117531899,0.921685438824681
Stage26 multimodal,ZCH0191,0,NORMAL,NORMAL,0.05460571271866199,0.945394287281338
Stage26 multimodal,ZCH0192,4,NORMAL,NORMAL,0.03620149043946619,0.9637985095605338
Stage26 multimodal,ZCH0193,3,NORMAL,NORMAL,0.16012468598092278,0.8398753140190772
Stage26 multimodal,ZCH0194,3,NORMAL,NORMAL,0.03924483694056924,0.9607551630594308
Stage26 multimodal,ZCH0195,2,NORMAL,NORMAL,0.03376017823784472,0.9662398217621553
Stage26 multimodal,ZCH0196,4,NORMAL,NORMAL,0.03319841563644976,0.9668015843635502
Stage26 multimodal,ZCH0197,3,NORMAL,NORMAL,0.11817735103726179,0.8818226489627382
Stage26 multimodal,ZCH0198,3,NORMAL,NORMAL,0.1845079287889435,0.8154920712110565
Stage26 multimodal,ZCH0199,0,NORMAL,NORMAL,0.04757176207053315,0.9524282379294668
Stage26 multimodal,ZCH0200,1,NORMAL,NORMAL,0.06167476816494233,0.9383252318350577
Stage26 multimodal,ZCH0201,0,NORMAL,NORMAL,0.13290987078926408,0.8670901292107359
Stage26 multimodal,ZCH0202,4,NORMAL,NORMAL,0.029463831611697966,0.970536168388302
Stage26 multimodal,ZCH0203,3,NORMAL,NORMAL,0.03675989573730931,0.9632401042626907
Stage26 multimodal,ZCH0204,0,NORMAL,NORMAL,0.037461738380318854,0.9625382616196811
Stage26 multimodal,ZCH0205,1,NORMAL,NORMAL,0.13817597305458895,0.861824026945411
Stage26 multimodal,ZCH0206,2,NORMAL,NORMAL,0.042980052082710274,0.9570199479172897
Stage26 multimodal,ZCH0207,0,NORMAL,NORMAL,0.03585384144977166,0.9641461585502283
Stage26 multimodal,ZCH0208,4,NORMAL,NORMAL,0.01806844180084466,0.9819315581991553
Stage26 multimodal,ZCH0209,3,NORMAL,NORMAL,0.0574021132935193,0.9425978867064807
Stage26 multimodal,ZCH0210,2,NORMAL,NORMAL,0.05381924033875285,0.9461807596612472
Stage26 multimodal,ZCH0211,4,NORMAL,NORMAL,0.02919785872907754,0.9708021412709225
Stage26 multimodal,ZCH0212,1,NORMAL,NORMAL,0.17562638082213022,0.8243736191778698
Stage26 multimodal,ZCH0213,3,NORMAL,NORMAL,0.08480678452600376,0.9151932154739962
Stage26 multimodal,ZCH0214,0,NORMAL,NORMAL,0.06335114658856633,0.9366488534114337
Stage26 multimodal,ZCH0215,0,NORMAL,NORMAL,0.07496765833292285,0.9250323416670772
Stage26 multimodal,ZCH0216,4,NORMAL,NORMAL,0.04976726964387723,0.9502327303561228
Stage26 multimodal,ZCH0217,4,NORMAL,NORMAL,0.04080020287063346,0.9591997971293665
Stage26 multimodal,ZCH0218,2,NORMAL,NORMAL,0.039060920579225944,0.9609390794207741
Stage26 multimodal,ZCH0219,2,NORMAL,NORMAL,0.031063796951962708,0.9689362030480373
Stage26 multimodal,ZCH0220,3,NORMAL,NORMAL,0.05467199658913269,0.9453280034108673
Stage26 multimodal,ZCH0221,4,NORMAL,NORMAL,0.040895185412958224,0.9591048145870418
Stage26 multimodal,ZCH0222,0,NORMAL,NORMAL,0.07489170608366591,0.9251082939163341
Stage26 multimodal,ZCH0223,0,NORMAL,NORMAL,0.14306938473876785,0.8569306152612322
Stage26 multimodal,ZCH0224,3,NORMAL,NORMAL,0.04923235773560897,0.950767642264391
Stage26 multimodal,ZCH0225,0,NORMAL,NORMAL,0.07208058354845459,0.9279194164515454
Stage26 multimodal,ZCH0226,0,NORMAL,NORMAL,0.09626817890480566,0.9037318210951943
Stage26 multimodal,ZCH0227,0,NORMAL,NORMAL,0.08729088486809133,0.9127091151319087
Stage26 multimodal,ZCH0228,0,NORMAL,NORMAL,0.03993744313164893,0.9600625568683511
Stage26 multimodal,ZCH0229,2,NORMAL,NORMAL,0.082057557317058,0.917942442682942
Stage26 multimodal,ZCH0230,0,NORMAL,NORMAL,0.05867341304023466,0.9413265869597653
Stage26 multimodal,ZCH0231,0,NORMAL,NORMAL,0.03931907489096409,0.9606809251090359
Stage26 multimodal,ZCH0232,2,NORMAL,NORMAL,0.046891527242571285,0.9531084727574287
Stage26 multimodal,ZCH0233,3,NORMAL,NORMAL,0.061255551209813186,0.9387444487901868
Stage26 multimodal,ZCH0234,1,NORMAL,NORMAL,0.39537472680836605,0.604625273191634
Stage26 multimodal,ZCH0235,4,NORMAL,NORMAL,0.031909013964219524,0.9680909860357805
Stage26 multimodal,ZCH0236,2,NORMAL,NORMAL,0.049077938755912265,0.9509220612440877
Stage26 multimodal,ZCH0237,2,NORMAL,NORMAL,0.07181043385776664,0.9281895661422334
Stage26 multimodal,ZCH0238,2,NORMAL,NORMAL,0.043304837533721274,0.9566951624662787
Stage26 multimodal,ZCH0239,2,NORMAL,NORMAL,0.17129535491621362,0.8287046450837864
Stage26 multimodal,ZCH0240,4,NORMAL,NORMAL,0.025778339584384136,0.9742216604156159
Stage26 multimodal,ZCH0241,0,NORMAL,NORMAL,0.06819950826357946,0.9318004917364205
Stage26 multimodal,ZCH0242,3,NORMAL,NORMAL,0.033466166796168095,0.9665338332038319
Stage26 multimodal,ZCH0243,3,NORMAL,NORMAL,0.03077614855875699,0.969223851441243
Stage26 multimodal,ZCH0244,2,NORMAL,NORMAL,0.2876335714857795,0.7123664285142205
Stage26 multimodal,ZCH0245,2,NORMAL,NORMAL,0.026055978521356882,0.9739440214786431
Stage26 multimodal,ZCH0246,4,NORMAL,NORMAL,0.031568965268189086,0.9684310347318109
Stage26 multimodal,ZCH0247,0,NORMAL,NORMAL,0.07614521697921162,0.9238547830207884
Stage26 multimodal,ZCH0248,4,NORMAL,NORMAL,0.1490747641379263,0.8509252358620737
Stage26 multimodal,ZCH0249,3,NORMAL,NORMAL,0.04010810277792931,0.9598918972220707
Stage26 multimodal,ZCH0250,4,NORMAL,NORMAL,0.045617676264641305,0.9543823237353587
Stage26 multimodal,ZCH0251,3,NORMAL,NORMAL,0.02462345706215696,0.975376542937843
Stage26 multimodal,ZCH0252,1,NORMAL,NORMAL,0.09642644911362286,0.9035735508863771
Stage26 multimodal,ZCH0253,4,NORMAL,NORMAL,0.029246655763942253,0.9707533442360577
Stage26 multimodal,ZCH0254,4,NORMAL,NORMAL,0.06196338927512224,0.9380366107248778
Stage26 multimodal,ZCH0255,2,NORMAL,NORMAL,0.03408753780017071,0.9659124621998293
Stage26 multimodal,ZCH0256,4,NORMAL,NORMAL,0.03978117925782887,0.9602188207421711
Stage26 multimodal,ZCH0257,3,NORMAL,NORMAL,0.023316071200527033,0.976683928799473
Stage26 multimodal,ZCH0258,2,NORMAL,NORMAL,0.04795833481015099,0.952041665189849
Stage26 multimodal,ZCH0259,2,NORMAL,CHD,0.8262637420165362,0.17373625798346387
Stage26 multimodal,ZCH0260,3,NORMAL,NORMAL,0.08312165650418979,0.9168783434958102
Stage26 multimodal,ZCH0261,1,NORMAL,NORMAL,0.11749064158128131,0.8825093584187187
Stage26 multimodal,ZCH0262,4,NORMAL,NORMAL,0.02511864398213015,0.9748813560178698
Stage26 multimodal,ZCH0263,1,NORMAL,NORMAL,0.08643654692107328,0.9135634530789267
Stage26 multimodal,ZCH0264,0,NORMAL,NORMAL,0.05980418875322202,0.940195811246778
Stage26 multimodal,ZCH0265,0,NORMAL,NORMAL,0.207166288488578,0.792833711511422
Stage26 multimodal,ZCH0266,4,NORMAL,NORMAL,0.125659775483015,0.874340224516985
Stage26 multimodal,ZCH0267,3,NORMAL,NORMAL,0.14765996724687613,0.8523400327531239
Stage26 multimodal,ZCH0268,4,NORMAL,NORMAL,0.03708335649259287,0.9629166435074071
Stage26 multimodal,ZCH0269,0,NORMAL,NORMAL,0.030914703301255342,0.9690852966987447
Stage26 multimodal,ZCH0270,3,NORMAL,NORMAL,0.6556435143651049,0.3443564856348951
Stage26 multimodal,ZCH0271,3,NORMAL,NORMAL,0.08230626227403404,0.917693737725966
Stage26 multimodal,ZCH0272,1,NORMAL,NORMAL,0.15790496955462285,0.8420950304453771
Stage26 multimodal,ZCH0273,3,NORMAL,NORMAL,0.3426316501803738,0.6573683498196262
Stage26 multimodal,ZCH0274,4,NORMAL,NORMAL,0.14213571463242647,0.8578642853675735
Stage26 multimodal,ZCH0275,3,NORMAL,NORMAL,0.04158924696435207,0.9584107530356479
Stage26 multimodal,ZCH0276,3,NORMAL,NORMAL,0.04237420297583894,0.9576257970241611
Stage26 multimodal,ZCH0277,3,NORMAL,NORMAL,0.0484068140245959,0.9515931859754041
Stage26 multimodal,ZCH0278,2,NORMAL,NORMAL,0.05450454431266771,0.9454954556873323
Stage26 multimodal,ZCH0279,4,NORMAL,NORMAL,0.03446120757743387,0.9655387924225661
Stage26 multimodal,ZCH0280,2,NORMAL,NORMAL,0.22186734550713838,0.7781326544928616
Stage26 multimodal,ZCH0281,0,NORMAL,NORMAL,0.04242935550758464,0.9575706444924154
Stage26 multimodal,ZCH0282,1,NORMAL,NORMAL,0.07770652633034003,0.92229347366966
Stage26 multimodal,ZCH0283,0,NORMAL,NORMAL,0.04807962240215258,0.9519203775978474
Stage26 multimodal,ZCH0284,2,NORMAL,NORMAL,0.18208080099754664,0.8179191990024534
Stage26 multimodal,ZCH0285,3,NORMAL,NORMAL,0.07481325349645562,0.9251867465035444
Stage26 multimodal,ZCH0286,3,NORMAL,NORMAL,0.03956645891539068,0.9604335410846093
Stage26 multimodal,ZCH0287,0,NORMAL,NORMAL,0.11864645859931566,0.8813535414006843
Stage26 multimodal,ZCH0288,4,NORMAL,NORMAL,0.06037408557611268,0.9396259144238873
Stage26 multimodal,ZCH0289,2,NORMAL,NORMAL,0.03996144702711135,0.9600385529728886
Stage26 multimodal,ZCH0290,4,NORMAL,NORMAL,0.04655856096456923,0.9534414390354308
Stage26 multimodal,ZCH0291,3,NORMAL,NORMAL,0.1395716994211863,0.8604283005788137
Stage26 multimodal,ZCH0292,4,NORMAL,NORMAL,0.031084306655732363,0.9689156933442676
Stage26 multimodal,ZCH0293,4,NORMAL,NORMAL,0.03386694150005931,0.9661330584999407
Stage26 multimodal,ZCH0294,2,NORMAL,NORMAL,0.030179932181841784,0.9698200678181582
Stage26 multimodal,ZCH0295,1,NORMAL,NORMAL,0.37769861419155737,0.6223013858084426
Stage26 multimodal,ZCH0296,4,NORMAL,NORMAL,0.10379876056616955,0.8962012394338305
Stage26 multimodal,ZCH0297,0,NORMAL,NORMAL,0.03398485985436073,0.9660151401456393
Stage26 multimodal,ZCH0298,4,NORMAL,CHD,0.7475800098187406,0.2524199901812594
Stage26 multimodal,ZCH0299,3,NORMAL,NORMAL,0.282232765610249,0.717767234389751
Stage26 multimodal,ZCH0300,1,NORMAL,NORMAL,0.09763198564832565,0.9023680143516744
Stage26 multimodal,ZCH0301,0,NORMAL,NORMAL,0.09128541338980156,0.9087145866101984
Stage26 multimodal,ZCH0302,2,NORMAL,NORMAL,0.07969143151133562,0.9203085684886644
Stage26 multimodal,ZCH0303,3,NORMAL,NORMAL,0.044802119714756006,0.955197880285244
Stage26 multimodal,ZCH0304,0,NORMAL,NORMAL,0.2112281847846379,0.7887718152153621
Stage26 multimodal,ZCH0305,3,NORMAL,NORMAL,0.23913794627096763,0.7608620537290324
Stage26 multimodal,ZCH0306,1,NORMAL,NORMAL,0.08640119816956993,0.9135988018304301
Stage26 multimodal,ZCH0307,4,NORMAL,NORMAL,0.04946796406144238,0.9505320359385576
Stage26 multimodal,ZCH0308,1,NORMAL,NORMAL,0.07503047252497053,0.9249695274750295
Stage26 multimodal,ZCH0309,2,NORMAL,NORMAL,0.2162031106173723,0.7837968893826277
Stage26 multimodal,ZCH0310,4,NORMAL,NORMAL,0.028566545585002934,0.9714334544149971
Stage26 multimodal,ZCH0311,4,NORMAL,NORMAL,0.056200990108203897,0.9437990098917961
Stage26 multimodal,ZCH0312,1,NORMAL,NORMAL,0.14251941451913797,0.857480585480862
Stage26 multimodal,ZCH0313,3,NORMAL,NORMAL,0.23424265001710154,0.7657573499828985
Stage26 multimodal,ZCH0314,2,NORMAL,NORMAL,0.06762266325432476,0.9323773367456752
Stage26 multimodal,ZCH0315,2,NORMAL,NORMAL,0.03938768553701044,0.9606123144629896
Stage26 multimodal,ZCH0316,3,NORMAL,NORMAL,0.045821945576251966,0.954178054423748
Stage26 multimodal,ZCH0317,4,NORMAL,NORMAL,0.3598606464395454,0.6401393535604546
Stage26 multimodal,ZCH0318,1,NORMAL,NORMAL,0.09734410452498499,0.902655895475015
Stage26 multimodal,ZCH0319,2,NORMAL,NORMAL,0.05086971876911439,0.9491302812308856
Stage26 multimodal,ZCH0320,1,NORMAL,NORMAL,0.08919530783652396,0.910804692163476
Stage26 multimodal,ZCH0321,2,NORMAL,NORMAL,0.03071125217044579,0.9692887478295542
Stage26 multimodal,ZCH0322,0,NORMAL,NORMAL,0.039059891535352276,0.9609401084646477
Stage26 multimodal,ZCH0323,3,NORMAL,NORMAL,0.03221391542918439,0.9677860845708156
Stage26 multimodal,ZCH0324,4,NORMAL,NORMAL,0.23236738030036164,0.7676326196996384
Stage26 multimodal,ZCH0325,2,NORMAL,NORMAL,0.02886115356355501,0.971138846436445
Stage26 multimodal,ZCH0326,3,NORMAL,NORMAL,0.04295801850121128,0.9570419814987887
Stage26 multimodal,ZCH0327,3,NORMAL,NORMAL,0.0848863914797382,0.9151136085202618
Stage26 multimodal,ZCH0328,2,NORMAL,NORMAL,0.04829560176591963,0.9517043982340804
Stage26 multimodal,ZCH0329,2,NORMAL,NORMAL,0.09317274798293862,0.9068272520170614
Stage26 multimodal,ZCH0330,3,NORMAL,NORMAL,0.028494671931100446,0.9715053280688996
Stage26 multimodal,ZCH0331,2,NORMAL,CHD,0.6356373616522264,0.36436263834777355
Stage26 multimodal,ZCH0332,4,NORMAL,NORMAL,0.03415418415598326,0.9658458158440167
Stage26 multimodal,ZCH0333,2,NORMAL,NORMAL,0.09791772350157346,0.9020822764984265
Stage26 multimodal,ZCH0334,1,NORMAL,NORMAL,0.1823171698354915,0.8176828301645085
Stage26 multimodal,ZCH0335,2,NORMAL,CHD,0.7949182791174836,0.2050817208825164
Stage26 multimodal,ZCH0336,2,NORMAL,NORMAL,0.3009020515334392,0.6990979484665608
Stage26 multimodal,ZCH0337,2,NORMAL,NORMAL,0.077645532320477,0.922354467679523
Stage26 multimodal,ZCH0338,1,NORMAL,NORMAL,0.08095811425564359,0.9190418857443564
Stage26 multimodal,ZCH0339,1,NORMAL,NORMAL,0.09206542694133713,0.9079345730586629
Stage26 multimodal,ZCH0340,2,NORMAL,NORMAL,0.15901670762853548,0.8409832923714645
Stage26 multimodal,ZCH0341,0,NORMAL,NORMAL,0.14985966858329036,0.8501403314167096
Stage26 multimodal,ZCH0342,1,NORMAL,NORMAL,0.0640771258232321,0.9359228741767679
Stage26 multimodal,ZCH0343,1,NORMAL,NORMAL,0.11926276955067794,0.8807372304493221
Stage26 multimodal,ZCH0344,2,NORMAL,NORMAL,0.03268457698054272,0.9673154230194573
Stage26 multimodal,ZCH0345,1,NORMAL,NORMAL,0.07426264762965851,0.9257373523703415
Stage26 multimodal,ZCH0346,2,NORMAL,NORMAL,0.05589101337894631,0.9441089866210537
Stage26 multimodal,ZCH0347,3,NORMAL,NORMAL,0.031674357833405664,0.9683256421665943
Stage26 multimodal,ZCH0348,4,NORMAL,NORMAL,0.025515003105667344,0.9744849968943327
Stage26 multimodal,ZCH0349,0,NORMAL,NORMAL,0.09437937895989579,0.9056206210401042
Stage26 multimodal,ZCH0350,2,NORMAL,NORMAL,0.080401936502285,0.919598063497715
Stage26 multimodal,ZCH0351,4,NORMAL,NORMAL,0.023861485454774067,0.9761385145452259
Stage26 multimodal,ZCH0352,2,NORMAL,NORMAL,0.2429823749330371,0.7570176250669629
Stage26 multimodal,ZCH0353,3,NORMAL,NORMAL,0.05523847969744289,0.9447615203025571
Stage26 multimodal,ZCH0354,0,NORMAL,NORMAL,0.10232012175725858,0.8976798782427414
Stage26 multimodal,ZCH0355,4,NORMAL,NORMAL,0.05235332352084021,0.9476466764791598
Stage26 multimodal,ZCH0356,1,NORMAL,NORMAL,0.10568148503997632,0.8943185149600237
Stage26 multimodal,ZCH0357,4,NORMAL,NORMAL,0.06710402539162474,0.9328959746083753
Stage26 multimodal,ZCH0358,0,NORMAL,NORMAL,0.06944420661297412,0.9305557933870259
Stage26 multimodal,ZCH0359,3,NORMAL,NORMAL,0.0795478370677426,0.9204521629322574
Stage26 multimodal,ZCH0360,3,NORMAL,NORMAL,0.05914753426266184,0.9408524657373382
Stage26 multimodal,ZCH0361,4,NORMAL,NORMAL,0.023101157085158475,0.9768988429148415
Stage26 multimodal,ZCH0362,2,NORMAL,NORMAL,0.0968063009389557,0.9031936990610443
Stage26 multimodal,ZCH0363,1,NORMAL,NORMAL,0.1090716292763656,0.8909283707236344
Stage26 multimodal,ZCH0364,3,NORMAL,NORMAL,0.02904030262131896,0.970959697378681
Stage26 multimodal,ZCH0365,0,NORMAL,NORMAL,0.08599509513352654,0.9140049048664735
Stage26 multimodal,ZCH0366,2,NORMAL,NORMAL,0.09086505040631354,0.9091349495936865
Stage26 multimodal,ZCH0367,4,NORMAL,NORMAL,0.03541890374498835,0.9645810962550116
Stage26 multimodal,ZCH0368,4,NORMAL,NORMAL,0.02275781683707112,0.9772421831629289
Stage26 multimodal,ZCH0369,4,NORMAL,NORMAL,0.05477517010345834,0.9452248298965417
Stage26 multimodal,ZCH0370,1,NORMAL,NORMAL,0.06886892447521942,0.9311310755247806
Stage26 multimodal,ZCH0371,2,NORMAL,NORMAL,0.03150513152272005,0.96849486847728
Stage26 multimodal,ZCH0372,1,NORMAL,NORMAL,0.2341952111234602,0.7658047888765398
Stage26 multimodal,ZCH0373,0,NORMAL,NORMAL,0.08484559397223401,0.915154406027766
Stage26 multimodal,ZCH0374,4,NORMAL,NORMAL,0.03521386780902158,0.9647861321909784
Stage26 multimodal,ZCH0375,2,NORMAL,CHD,0.8709252936444574,0.12907470635554263
Stage26 multimodal,ZCH0376,4,NORMAL,NORMAL,0.033467553249465265,0.9665324467505347
Stage26 multimodal,ZCH0377,3,NORMAL,NORMAL,0.08275257492281118,0.9172474250771888
Stage26 multimodal,ZCH0378,3,NORMAL,NORMAL,0.09299054323056355,0.9070094567694365
Stage26 multimodal,ZCH0379,1,NORMAL,NORMAL,0.3247950036745475,0.6752049963254525
Stage26 multimodal,ZCH0380,4,NORMAL,NORMAL,0.0672331208806195,0.9327668791193805
Stage26 multimodal,ZCH0381,3,NORMAL,NORMAL,0.027486960604271582,0.9725130393957284
Stage26 multimodal,ZCH0382,4,NORMAL,NORMAL,0.06474371203527218,0.9352562879647278
Stage26 multimodal,ZCH0383,3,NORMAL,NORMAL,0.07549317698722258,0.9245068230127774
Stage26 multimodal,ZCH0384,1,NORMAL,NORMAL,0.12533518804216126,0.8746648119578387
Stage26 multimodal,ZCH0385,2,NORMAL,NORMAL,0.019223148490713493,0.9807768515092865
Stage26 multimodal,ZCH0386,0,NORMAL,NORMAL,0.05523297044495179,0.9447670295550482
Stage26 multimodal,ZCH0387,4,NORMAL,NORMAL,0.072247619504619,0.927752380495381
Stage26 multimodal,ZCH0388,0,NORMAL,NORMAL,0.04821723723996452,0.9517827627600355
Stage26 multimodal,ZCH0389,4,NORMAL,NORMAL,0.04919398023379462,0.9508060197662054
Stage26 multimodal,ZCH0390,3,NORMAL,NORMAL,0.03760245170129384,0.9623975482987062
Stage26 multimodal,ZCH0391,3,NORMAL,NORMAL,0.2697962613338638,0.7302037386661362
Stage26 multimodal,ZCH0392,0,NORMAL,NORMAL,0.02370368203647022,0.9762963179635298
Stage26 multimodal,ZCH0393,2,NORMAL,NORMAL,0.025220154828133223,0.9747798451718668
Stage26 multimodal,ZCH0394,4,NORMAL,NORMAL,0.05750724691525755,0.9424927530847425
Stage26 multimodal,ZCH0395,0,NORMAL,NORMAL,0.5128717406799503,0.4871282593200497
Stage26 multimodal,ZCH0396,1,NORMAL,NORMAL,0.18014321424297874,0.8198567857570213
Stage26 multimodal,ZCH0397,0,NORMAL,NORMAL,0.10916335492752083,0.8908366450724792
Stage26 multimodal,ZCH0398,1,NORMAL,NORMAL,0.08155844544754076,0.9184415545524592
Stage26 multimodal,ZCH0399,1,NORMAL,NORMAL,0.09662635165618938,0.9033736483438106
Stage26 multimodal,ZCH0400,3,NORMAL,NORMAL,0.027813079472121638,0.9721869205278784
Stage26 multimodal,ZCH0401,4,NORMAL,NORMAL,0.016822019546981704,0.9831779804530183
Stage26 multimodal,ZCH0402,3,NORMAL,NORMAL,0.0597941417038097,0.9402058582961903
Stage26 multimodal,ZCH0403,2,NORMAL,NORMAL,0.41881933989573383,0.5811806601042662
Stage26 multimodal,ZCH0404,0,NORMAL,NORMAL,0.07765337717869858,0.9223466228213014
Stage26 multimodal,ZCH0405,1,NORMAL,NORMAL,0.09898380309165111,0.9010161969083489
Stage26 multimodal,ZCH0406,1,NORMAL,NORMAL,0.3774956794925767,0.6225043205074233
Stage26 multimodal,ZCH0407,3,NORMAL,NORMAL,0.030856379523435562,0.9691436204765644
Stage26 multimodal,ZCH0408,0,NORMAL,NORMAL,0.06296285301665483,0.9370371469833452
Stage26 multimodal,ZCH0409,2,NORMAL,NORMAL,0.10940785766274297,0.890592142337257
Stage26 multimodal,ZCH0410,1,NORMAL,NORMAL,0.3006167936407229,0.6993832063592771
Stage26 multimodal,ZCH0411,0,NORMAL,CHD,0.7320950670441841,0.2679049329558159
Stage26 multimodal,ZCH0412,2,NORMAL,NORMAL,0.27145964624633445,0.7285403537536655
Stage26 multimodal,ZCH0413,3,NORMAL,NORMAL,0.0552712189119523,0.9447287810880477
Stage26 multimodal,ZCH0414,0,NORMAL,NORMAL,0.10194433057263186,0.8980556694273681
Stage26 multimodal,ZCH0415,1,NORMAL,NORMAL,0.12980846313759364,0.8701915368624064
Stage26 multimodal,ZCH0416,2,NORMAL,NORMAL,0.1767650922523355,0.8232349077476645
Stage26 multimodal,ZCH0417,0,NORMAL,NORMAL,0.053123043233468614,0.9468769567665314
Stage26 multimodal,ZCH0418,4,NORMAL,NORMAL,0.49841766642778285,0.5015823335722172
Stage26 multimodal,ZCH0419,4,NORMAL,NORMAL,0.06098830849778536,0.9390116915022146
Stage26 multimodal,ZCH0420,2,NORMAL,NORMAL,0.10844678707555333,0.8915532129244467
Stage26 multimodal,ZCH0421,1,NORMAL,NORMAL,0.22208511017814048,0.7779148898218595
Stage26 multimodal,ZCH0422,0,NORMAL,NORMAL,0.2683797257000521,0.7316202742999479
Stage26 multimodal,ZCH0423,1,NORMAL,NORMAL,0.11969761464919537,0.8803023853508046
Stage26 multimodal,ZCH0424,2,NORMAL,NORMAL,0.06852431588612518,0.9314756841138748
Stage26 multimodal,ZCH0425,0,NORMAL,NORMAL,0.06942800541647864,0.9305719945835214
Stage26 multimodal,ZCH0426,1,NORMAL,NORMAL,0.08448149601020416,0.9155185039897958
Stage26 multimodal,ZCH0427,3,NORMAL,NORMAL,0.026619682426774482,0.9733803175732255
Stage26 multimodal,ZCH0428,3,NORMAL,NORMAL,0.026507679281275065,0.9734923207187249
Stage26 multimodal,ZCH0429,1,NORMAL,NORMAL,0.26199180339192574,0.7380081966080743
Stage26 multimodal,ZCH0430,4,NORMAL,NORMAL,0.0432884361588769,0.9567115638411231
Stage26 multimodal,ZCH0431,0,NORMAL,NORMAL,0.2656205065318714,0.7343794934681286
Stage26 multimodal,ZCH0432,1,NORMAL,NORMAL,0.09302049271273438,0.9069795072872656
Stage26 multimodal,ZCH0433,4,NORMAL,NORMAL,0.09808721478245996,0.90191278521754
Stage26 multimodal,ZCH0434,0,NORMAL,NORMAL,0.10568208421642356,0.8943179157835764
Stage26 multimodal,ZCH0435,2,NORMAL,NORMAL,0.05517369037111908,0.9448263096288809
Stage26 multimodal,ZCH0436,2,NORMAL,NORMAL,0.05276680380368903,0.947233196196311
Stage26 multimodal,ZCH0437,3,NORMAL,NORMAL,0.09027426119866722,0.9097257388013328
Stage26 multimodal,ZCH0438,4,NORMAL,NORMAL,0.12253970547641613,0.8774602945235839
Stage26 multimodal,ZCH0439,2,NORMAL,NORMAL,0.464745023045954,0.535254976954046
Stage26 multimodal,ZCH0440,1,NORMAL,NORMAL,0.07701768893418492,0.9229823110658151
Stage26 multimodal,ZCH0441,2,NORMAL,NORMAL,0.19702676157329302,0.802973238426707
Stage26 multimodal,ZCH0442,3,NORMAL,NORMAL,0.11755114499489183,0.8824488550051082
Stage26 multimodal,ZCH0443,0,NORMAL,NORMAL,0.31970355955447327,0.6802964404455267
Stage26 multimodal,ZCH0444,0,NORMAL,NORMAL,0.2414034066983709,0.7585965933016291
Stage26 multimodal,ZCH0445,0,NORMAL,NORMAL,0.029532272809810856,0.9704677271901891
Stage26 multimodal,ZCH0446,0,NORMAL,NORMAL,0.29290935583367805,0.707090644166322
Stage26 multimodal,ZCH0447,0,NORMAL,NORMAL,0.11686388207129383,0.8831361179287062
Stage26 multimodal,ZCH0448,2,NORMAL,NORMAL,0.0907232076757678,0.9092767923242322
Stage26 multimodal,ZCH0449,0,NORMAL,NORMAL,0.09150976322440263,0.9084902367755974
Stage26 multimodal,ZCH0450,4,NORMAL,NORMAL,0.18256218885739361,0.8174378111426064
Stage26 multimodal,ZCH0451,0,NORMAL,NORMAL,0.07852208422712403,0.921477915772876
Stage26 multimodal,ZCH0452,2,NORMAL,NORMAL,0.1774205758786528,0.8225794241213472
Stage26 multimodal,ZCH0453,0,NORMAL,NORMAL,0.03986992532957623,0.9601300746704238
Stage26 multimodal,ZCH0454,0,NORMAL,NORMAL,0.41788085741875747,0.5821191425812425
Stage26 multimodal,ZCH0455,3,NORMAL,NORMAL,0.08237370625746443,0.9176262937425356
Stage26 multimodal,ZCH0456,1,NORMAL,NORMAL,0.07810926662999229,0.9218907333700077
Stage26 multimodal,ZCH0457,4,NORMAL,NORMAL,0.2320676720835363,0.7679323279164637
Stage26 multimodal,ZCH0458,4,NORMAL,NORMAL,0.19801085054927892,0.8019891494507211
Stage26 multimodal,ZCH0459,3,NORMAL,NORMAL,0.039013711000290496,0.9609862889997095
Stage26 multimodal,ZCH0460,1,NORMAL,NORMAL,0.08710693317249141,0.9128930668275086
Stage26 multimodal,ZCH0461,4,NORMAL,NORMAL,0.047492065623184865,0.9525079343768151
Stage26 multimodal,ZCH0462,1,NORMAL,NORMAL,0.12676128458586977,0.8732387154141302
Stage26 multimodal,ZCH0463,0,NORMAL,NORMAL,0.046660947948305,0.953339052051695
Stage26 multimodal,ZCH0464,2,NORMAL,NORMAL,0.15569363636238287,0.8443063636376171
Stage26 multimodal,ZCH0465,0,NORMAL,NORMAL,0.03462504418495538,0.9653749558150446
Stage26 multimodal,ZCH0466,4,NORMAL,NORMAL,0.03756655386598995,0.96243344613401
Stage26 multimodal,ZCH0467,1,NORMAL,NORMAL,0.06591010154215793,0.9340898984578421
Stage26 multimodal,ZCH0468,2,NORMAL,NORMAL,0.13178418259693536,0.8682158174030646
Stage26 multimodal,ZCH0469,4,NORMAL,CHD,0.8340170752120799,0.1659829247879201
Stage26 multimodal,ZCH0470,0,NORMAL,NORMAL,0.09171322416223182,0.9082867758377682
Stage26 multimodal,ZCH0471,2,NORMAL,NORMAL,0.05695317717728987,0.9430468228227101
Stage26 multimodal,ZCH0472,2,NORMAL,NORMAL,0.10767865686251521,0.8923213431374848
Stage26 multimodal,ZCH0473,2,NORMAL,NORMAL,0.048105147026742734,0.9518948529732573
Stage26 multimodal,ZCH0474,1,NORMAL,NORMAL,0.09503956595250773,0.9049604340474923
Stage26 multimodal,ZCH0475,0,NORMAL,NORMAL,0.046456826856117406,0.9535431731438826
Stage26 multimodal,ZCH0476,3,NORMAL,NORMAL,0.022441849902054445,0.9775581500979456
Stage26 multimodal,ZCH0477,2,NORMAL,NORMAL,0.20737110793579905,0.792628892064201
Stage26 multimodal,ZCH0478,2,NORMAL,NORMAL,0.05324738829386477,0.9467526117061352
Stage26 multimodal,ZCH0479,1,NORMAL,NORMAL,0.11091460525235497,0.889085394747645
Stage26 multimodal,ZCH0480,1,NORMAL,NORMAL,0.07004346132925787,0.9299565386707421
Stage26 multimodal,ZCH0481,1,NORMAL,NORMAL,0.07796264435719114,0.9220373556428089
Stage26 multimodal,ZCH0482,1,NORMAL,NORMAL,0.13503881278263397,0.864961187217366
Stage26 multimodal,ZCH0483,3,NORMAL,NORMAL,0.06109077987949485,0.9389092201205052
Stage26 multimodal,ZCH0484,0,NORMAL,NORMAL,0.0359863748730771,0.9640136251269229
Stage26 multimodal,ZCH0485,2,NORMAL,NORMAL,0.30707903852812857,0.6929209614718714
Stage26 multimodal,ZCH0486,2,NORMAL,NORMAL,0.0897004814623753,0.9102995185376247
Stage26 multimodal,ZCH0487,2,NORMAL,NORMAL,0.06334123130683611,0.9366587686931639
Stage26 multimodal,ZCH0488,1,NORMAL,NORMAL,0.07996187069194183,0.9200381293080582
Stage26 multimodal,ZCH0489,4,NORMAL,NORMAL,0.02970276816435169,0.9702972318356483
Stage26 multimodal,ZCH0490,3,NORMAL,NORMAL,0.05194314332804628,0.9480568566719537
Stage26 multimodal,ZCH0491,4,NORMAL,NORMAL,0.043346795492131385,0.9566532045078686
Stage26 multimodal,ZCH0492,2,NORMAL,NORMAL,0.04377214125795892,0.9562278587420411
Stage26 multimodal,ZCH0493,3,NORMAL,NORMAL,0.09292503674529828,0.9070749632547017
Stage26 multimodal,ZCH0494,1,NORMAL,NORMAL,0.13175789428016993,0.8682421057198301
Stage26 multimodal,ZCH0495,1,NORMAL,NORMAL,0.09769997429903188,0.9023000257009681
Stage26 multimodal,ZCH0496,0,NORMAL,NORMAL,0.0576199061578575,0.9423800938421425
Stage26 multimodal,ZCH0497,0,NORMAL,NORMAL,0.08250401134359042,0.9174959886564096
Stage26 multimodal,ZCH0498,3,NORMAL,NORMAL,0.0475851873451294,0.9524148126548706
Stage26 multimodal,ZCH0499,3,NORMAL,NORMAL,0.26323817051882936,0.7367618294811706
Stage26 multimodal,ZCH0500,3,NORMAL,NORMAL,0.11636045860002919,0.8836395413999708
Stage26 multimodal,ZCH0501,0,NORMAL,NORMAL,0.037214628798768135,0.9627853712012319
Stage26 multimodal,ZCH0502,2,NORMAL,NORMAL,0.0651623302977632,0.9348376697022368
Stage26 multimodal,ZCH0503,0,NORMAL,NORMAL,0.041163918563033475,0.9588360814369665
Stage26 multimodal,ZCH0504,3,NORMAL,NORMAL,0.08086380229977252,0.9191361977002275
Stage26 multimodal,ZCH0505,0,NORMAL,NORMAL,0.42443259162654323,0.5755674083734568
Stage26 multimodal,ZCH0506,3,NORMAL,NORMAL,0.023818236450890873,0.9761817635491091
Stage26 multimodal,ZCH0507,1,NORMAL,NORMAL,0.10544509451097983,0.8945549054890202
Stage26 multimodal,ZCH0508,3,NORMAL,NORMAL,0.09299962545030904,0.907000374549691
Stage26 multimodal,ZCH0509,1,NORMAL,NORMAL,0.15441939025927465,0.8455806097407254
Stage26 multimodal,ZCH0510,1,NORMAL,NORMAL,0.1592677522127912,0.8407322477872088
Stage26 multimodal,ZCH0511,3,NORMAL,NORMAL,0.0992561657174611,0.9007438342825389
Stage26 multimodal,ZCH0512,3,NORMAL,NORMAL,0.2571499220442972,0.7428500779557028
Stage26 multimodal,ZCH0513,2,NORMAL,NORMAL,0.0459266151579103,0.9540733848420897
Stage26 multimodal,ZCH0514,2,NORMAL,NORMAL,0.04714232368670601,0.952857676313294
Stage26 multimodal,ZCH0515,3,NORMAL,NORMAL,0.05022073336583932,0.9497792666341607
Stage26 multimodal,ZCH0516,2,NORMAL,CHD,0.6329368392547802,0.36706316074521983
Stage26 multimodal,ZCH0517,1,NORMAL,NORMAL,0.1031249276571422,0.8968750723428578
Stage26 multimodal,ZCH0518,1,NORMAL,NORMAL,0.22914672963098182,0.7708532703690182
Stage26 multimodal,ZCH0519,3,NORMAL,NORMAL,0.039843999157374244,0.9601560008426258
Stage26 multimodal,ZCH0520,3,NORMAL,NORMAL,0.2708915975847137,0.7291084024152863
Stage26 multimodal,ZCH0521,3,NORMAL,NORMAL,0.06595036879795302,0.934049631202047
Stage26 multimodal,ZCH0522,3,NORMAL,NORMAL,0.2894560697438109,0.7105439302561891
Stage26 multimodal,ZCH0523,0,NORMAL,NORMAL,0.30321965392858496,0.696780346071415
Stage26 multimodal,ZCH0524,3,NORMAL,NORMAL,0.512851603461763,0.4871483965382371
Stage26 multimodal,ZCH0525,0,NORMAL,NORMAL,0.2792669753459621,0.7207330246540379
Stage26 multimodal,ZCH0526,1,NORMAL,NORMAL,0.09078319710143623,0.9092168028985638
Stage26 multimodal,ZCH0527,1,NORMAL,CHD,0.6711713875964516,0.3288286124035485
Stage26 multimodal,ZCH0528,3,NORMAL,NORMAL,0.4565254111239462,0.5434745888760538
Stage26 multimodal,ZCH0529,2,NORMAL,CHD,0.8582133777874487,0.14178662221255137
Stage26 multimodal,ZCH0530,2,NORMAL,NORMAL,0.15622398784605096,0.843776012153949
Stage26 multimodal,ZCH0531,4,NORMAL,NORMAL,0.16309143665800174,0.8369085633419983
Stage26 multimodal,ZCH0532,0,NORMAL,NORMAL,0.1795689577859918,0.8204310422140082
Stage26 multimodal,ZCH0533,4,NORMAL,NORMAL,0.09320137856293076,0.9067986214370692
Stage26 multimodal,ZCH0534,3,CHD,NORMAL,0.19476577553694674,0.8052342244630533
Stage26 multimodal,ZCH0535,2,CHD,CHD,0.9953417005494738,0.0046582994505261835
Stage26 multimodal,ZCH0536,4,CHD,CHD,0.9684491897163309,0.03155081028366912
Stage26 multimodal,ZCH0537,2,CHD,CHD,0.9962264055567871,0.0037735944432129064
Stage26 multimodal,ZCH0538,4,CHD,CHD,0.9560687142375117,0.04393128576248831
Stage26 multimodal,ZCH0539,1,CHD,NORMAL,0.4290301248775379,0.5709698751224621
Stage26 multimodal,ZCH0540,2,CHD,CHD,0.9753770107438311,0.024622989256168896
Stage26 multimodal,ZCH0541,2,CHD,CHD,0.9928935952738323,0.007106404726167781
Stage26 multimodal,ZCH0542,4,CHD,CHD,0.9970689035870548,0.0029310964129452555
Stage26 multimodal,ZCH0543,1,CHD,CHD,0.9744704822172323,0.02552951778276763
Stage26 multimodal,ZCH0544,2,CHD,CHD,0.9941500889628279,0.005849911037172111
Stage26 multimodal,ZCH0545,1,CHD,CHD,0.986083541217763,0.013916458782237004
Stage26 multimodal,ZCH0546,3,CHD,CHD,0.9816457192217453,0.01835428077825477
Stage26 multimodal,ZCH0547,0,CHD,CHD,0.971882793094267,0.028117206905733053
Stage26 multimodal,ZCH0548,4,CHD,CHD,0.8992394623873617,0.10076053761263823
Stage26 multimodal,ZCH0549,4,CHD,NORMAL,0.3468015154930195,0.6531984845069805
Stage26 multimodal,ZCH0550,4,CHD,CHD,0.7015268405138515,0.2984731594861485
Stage26 multimodal,ZCH0551,0,CHD,CHD,0.9151022243458902,0.08489777565410987
Stage26 multimodal,ZCH0552,2,CHD,CHD,0.99940790044476,0.0005920995552400109
Stage26 multimodal,ZCH0553,1,CHD,CHD,0.983594914433701,0.016405085566299084
Stage26 multimodal,ZCH0554,0,CHD,CHD,0.9840897357542343,0.01591026424576567
Stage26 multimodal,ZCH0555,2,CHD,CHD,0.9916790859954293,0.008320914004570669
Stage26 multimodal,ZCH0556,2,CHD,CHD,0.9835166669217309,0.016483333078269092
Stage26 multimodal,ZCH0557,0,CHD,CHD,0.94989586987562,0.050104130124379954
Stage26 multimodal,ZCH0558,1,CHD,CHD,0.9087092285645495,0.09129077143545049
Stage26 multimodal,ZCH0559,4,CHD,CHD,0.8155323241150785,0.18446767588492147
Stage26 multimodal,ZCH0560,2,CHD,NORMAL,0.5814068121263276,0.41859318787367233
Stage26 multimodal,ZCH0561,2,CHD,NORMAL,0.480776607339356,0.519223392660644
Stage26 multimodal,ZCH0562,3,CHD,CHD,0.9988956291645958,0.0011043708354041503
Stage26 multimodal,ZCH0563,2,CHD,CHD,0.9244390042818784,0.0755609957181216
Stage26 multimodal,ZCH0564,4,CHD,CHD,0.9639175981031648,0.036082401896835245
Stage26 multimodal,ZCH0565,4,CHD,CHD,0.9589122093023272,0.04108779069767273
Stage26 multimodal,ZCH0566,3,CHD,CHD,0.9948617730860326,0.005138226913967325
Stage26 multimodal,ZCH0567,4,CHD,CHD,0.9651068748258731,0.03489312517412696
Stage26 multimodal,ZCH0568,1,CHD,CHD,0.9623873086503733,0.037612691349626796
Stage26 multimodal,ZCH0569,2,CHD,CHD,0.9886666145452585,0.011333385454741544
Stage26 multimodal,ZCH0570,0,CHD,CHD,0.963462850729377,0.03653714927062301
Stage26 multimodal,ZCH0571,1,CHD,CHD,0.9941735731297277,0.0058264268702723915
Stage26 multimodal,ZCH0572,1,CHD,CHD,0.9593308038883837,0.04066919611161632
Stage26 multimodal,ZCH0573,0,CHD,CHD,0.9534132645311898,0.0465867354688102
Stage26 multimodal,ZCH0574,4,CHD,NORMAL,0.3517524658603095,0.6482475341396905
Stage26 multimodal,ZCH0575,1,CHD,CHD,0.9158388898856298,0.08416111011437019
Stage26 multimodal,ZCH0576,0,CHD,CHD,0.9519374183259124,0.048062581674087605
Stage26 multimodal,ZCH0577,1,CHD,CHD,0.9872490253489933,0.01275097465100677
Stage26 multimodal,ZCH0578,0,CHD,CHD,0.9555397868075235,0.04446021319247646
Stage26 multimodal,ZCH0579,3,CHD,CHD,0.9975731381577626,0.002426861842237388
Stage26 multimodal,ZCH0580,1,CHD,CHD,0.9751939838523432,0.0248060161476568
Stage26 multimodal,ZCH0581,4,CHD,CHD,0.976819040252028,0.02318095974797192
Stage26 multimodal,ZCH0582,3,CHD,NORMAL,0.6454991792627618,0.3545008207372382
Stage26 multimodal,ZCH0583,0,CHD,NORMAL,0.3714738310266549,0.6285261689733451
Stage26 multimodal,ZCH0584,3,CHD,CHD,0.6310188316331672,0.3689811683668328
Stage26 multimodal,ZCH0585,4,CHD,CHD,0.9950653919659407,0.004934608034059276
Stage26 multimodal,ZCH0586,2,CHD,CHD,0.958893409653602,0.04110659034639794
Stage26 multimodal,ZCH0587,3,CHD,CHD,0.8869696091868483,0.11303039081315168
Stage26 multimodal,ZCH0588,4,CHD,NORMAL,0.4962378733915611,0.5037621266084389
Stage26 multimodal,ZCH0589,2,CHD,CHD,0.8285950337771534,0.17140496622284662
Stage26 multimodal,ZCH0590,1,CHD,CHD,0.9009697226203905,0.09903027737960951
Stage26 multimodal,ZCH0591,0,CHD,NORMAL,0.4972669302022128,0.5027330697977872
Stage26 multimodal,ZCH0592,0,CHD,CHD,0.9819207823557542,0.018079217644245818
Stage26 multimodal,ZCH0593,0,CHD,NORMAL,0.5169250774105665,0.4830749225894335
Stage26 multimodal,ZCH0594,3,CHD,CHD,0.5552987229780021,0.4447012770219979
Stage26 multimodal,ZCH0595,3,CHD,CHD,0.8718802365090541,0.12811976349094584
Stage26 multimodal,ZCH0596,0,CHD,NORMAL,0.13756991752676617,0.8624300824732338
Stage26 multimodal,ZCH0597,4,CHD,CHD,0.7309921664415051,0.26900783355849495
Stage26 multimodal,ZCH0598,4,CHD,CHD,0.9733540012651255,0.026645998734874478
Stage26 multimodal,ZCH0599,2,CHD,CHD,0.9998145892783133,0.00018541072168666838
Stage26 multimodal,ZCH0600,1,CHD,CHD,0.9238265877148515,0.07617341228514846
Stage26 multimodal,ZCH0601,3,CHD,CHD,0.9992540806763337,0.0007459193236662848
Stage26 multimodal,ZCH0602,1,CHD,CHD,0.9839243078541239,0.016075692145876137
Stage26 multimodal,ZCH0603,0,CHD,NORMAL,0.058714026245561546,0.9412859737544385
Stage26 multimodal,ZCH0604,3,CHD,NORMAL,0.45974537220073974,0.5402546277992603
Stage26 multimodal,ZCH0605,3,CHD,NORMAL,0.2045570633592968,0.7954429366407032
Stage26 multimodal,ZCH0606,2,CHD,CHD,0.9995340326350985,0.0004659673649014415
Stage26 multimodal,ZCH0607,1,CHD,CHD,0.9763960840614253,0.02360391593857464
Stage26 multimodal,ZCH0608,3,CHD,CHD,0.6841303972571766,0.31586960274282333
Stage26 multimodal,ZCH0609,0,CHD,CHD,0.8769266866188612,0.12307331338113876
Stage26 multimodal,ZCH0610,3,CHD,NORMAL,0.02593748712352628,0.9740625128764737
Stage26 multimodal,ZCH0611,4,CHD,CHD,0.9737980762652321,0.026201923734767884
Stage26 multimodal,ZCH0612,3,CHD,CHD,0.9674951037367474,0.03250489626325264
Stage26 multimodal,ZCH0613,2,CHD,CHD,0.9982880672263291,0.0017119327736708247
Stage26 multimodal,ZCH0614,1,CHD,NORMAL,0.5835904280207229,0.41640957197927714
Stage26 multimodal,ZCH0615,3,CHD,CHD,0.9480771589103538,0.05192284108964622
Stage26 multimodal,ZCH0616,3,CHD,CHD,0.9959497956917344,0.004050204308265659
Stage26 multimodal,ZCH0617,2,CHD,CHD,0.9966744310210042,0.0033255689789957804
Stage26 multimodal,ZCH0618,2,CHD,CHD,0.9927364385107286,0.0072635614892714575
Stage26 multimodal,ZCH0619,1,CHD,CHD,0.9812018237977066,0.018798176202293394
Stage26 multimodal,ZCH0620,2,CHD,CHD,0.7074001790373488,0.29259982096265125
Stage26 multimodal,ZCH0621,3,CHD,NORMAL,0.33123272403107473,0.6687672759689253
Stage26 multimodal,ZCH0622,0,CHD,NORMAL,0.11347034238539455,0.8865296576146054
Stage26 multimodal,ZCH0623,1,CHD,NORMAL,0.31771857187807795,0.682281428121922
Stage26 multimodal,ZCH0624,3,CHD,NORMAL,0.387758485592421,0.612241514407579
Stage26 multimodal,ZCH0625,3,CHD,NORMAL,0.03034257552747488,0.9696574244725251
Stage26 multimodal,ZCH0626,2,CHD,CHD,0.9944207209711503,0.0055792790288496765
Stage26 multimodal,ZCH0627,2,CHD,CHD,0.9896485451894695,0.010351454810530436
Stage26 multimodal,ZCH0628,0,CHD,CHD,0.9688476253171406,0.031152374682859404
Stage26 multimodal,ZCH0629,1,CHD,NORMAL,0.4559915358146063,0.5440084641853937
Stage26 multimodal,ZCH0630,0,CHD,CHD,0.7801290645441972,0.21987093545580283
Stage26 multimodal,ZCH0631,4,CHD,CHD,0.8380340808567541,0.16196591914324582
Stage26 multimodal,ZCH0632,0,CHD,CHD,0.6843597934086918,0.3156402065913082
Stage26 multimodal,ZCH0633,4,CHD,CHD,0.9979521608082107,0.002047839191789253
Stage26 multimodal,ZCH0634,0,CHD,CHD,0.9685889942464577,0.03141100575354227
Stage26 multimodal,ZCH0635,3,CHD,CHD,0.9874965848496454,0.012503415150354634
Stage26 multimodal,ZCH0636,4,CHD,CHD,0.6925328940490484,0.3074671059509516
Stage26 multimodal,ZCH0637,4,CHD,CHD,0.984915608345923,0.015084391654077042
Stage26 multimodal,ZCH0638,0,CHD,CHD,0.9291983307810019,0.0708016692189981
Stage26 multimodal,ZCH0639,1,CHD,CHD,0.9916174431441799,0.008382556855820109
Stage26 multimodal,ZCH0640,4,CHD,CHD,0.727521005570811,0.272478994429189
Stage26 multimodal,ZCH0641,0,CHD,CHD,0.890570572434272,0.10942942756572807
Stage26 multimodal,ZCH0642,1,CHD,CHD,0.9711640901179209,0.028835909882079052
Stage26 multimodal,ZCH0643,2,CHD,CHD,0.9883018377642987,0.011698162235701304
Stage26 multimodal,ZCH0644,3,CHD,NORMAL,0.059709254440289294,0.9402907455597107
Stage26 multimodal,ZCH0645,2,CHD,NORMAL,0.15843247939758132,0.8415675206024187
Stage26 multimodal,ZCH0646,1,CHD,CHD,0.9354544274689491,0.0645455725310509
Stage26 multimodal,ZCH0647,3,CHD,NORMAL,0.15127072504584638,0.8487292749541536
Stage26 multimodal,ZCH0648,1,CHD,NORMAL,0.16932418656553472,0.8306758134344653
Stage26 multimodal,ZCH0649,0,CHD,NORMAL,0.2487113344445121,0.7512886655554879
Stage26 multimodal,ZCH0650,0,CHD,NORMAL,0.1655943121091763,0.8344056878908237
Stage26 multimodal,ZCH0651,4,CHD,CHD,0.7448544126443393,0.25514558735566073
Stage26 multimodal,ZCH0652,1,CHD,NORMAL,0.5914621664020284,0.4085378335979716
Stage26 multimodal,ZCH0653,1,CHD,CHD,0.9770188770668085,0.022981122933191513
Stage26 multimodal,ZCH0654,4,CHD,CHD,0.9937827775456365,0.006217222454363476
Stage26 multimodal,ZCH0655,4,CHD,NORMAL,0.633978436634018,0.36602156336598207
Stage26 multimodal,ZCH0656,2,CHD,CHD,0.9959576465365912,0.0040423534634087405
Stage26 multimodal,ZCH0657,0,CHD,CHD,0.9686637180835936,0.03133628191640636
Stage26 multimodal,ZCH0658,3,CHD,NORMAL,0.4957066446398294,0.5042933553601706
Stage26 multimodal,ZCH0659,3,CHD,NORMAL,0.37108331481462253,0.6289166851853775
Stage26 multimodal,ZCH0660,4,CHD,CHD,0.9951020466830005,0.004897953316999514
Stage26 multimodal,ZCH0661,0,CHD,CHD,0.9476515451749248,0.052348454825075205
Stage26 multimodal,ZCH0662,2,CHD,CHD,0.9866921223835778,0.013307877616422156
Stage26 multimodal,ZCH0663,2,CHD,CHD,0.8338620333184631,0.1661379666815369
Stage26 multimodal,ZCH0664,2,CHD,CHD,0.9891429452520195,0.010857054747980467
Stage26 multimodal,ZCH0665,2,CHD,CHD,0.9142199301440785,0.0857800698559215
Stage26 multimodal,ZCH0666,4,CHD,CHD,0.9984672344169846,0.0015327655830154148
Stage26 multimodal,ZCH0667,4,CHD,CHD,0.9070291784124545,0.09297082158754556
Stage26 multimodal,ZCH0668,1,CHD,CHD,0.742666887662357,0.25733311233764294
Stage26 multimodal,ZCH0669,1,CHD,CHD,0.8987538921636982,0.10124610783630182
Stage26 multimodal,ZCH0670,0,CHD,NORMAL,0.5579719906374224,0.4420280093625776
Stage26 multimodal,ZCH0671,0,CHD,CHD,0.9776736334607219,0.022326366539278136
Stage26 multimodal,ZCH0672,2,CHD,CHD,0.9965743885723327,0.0034256114276672717
Stage26 multimodal,ZCH0673,3,CHD,NORMAL,0.04771396313607157,0.9522860368639284
Stage26 multimodal,ZCH0674,0,CHD,NORMAL,0.40251835685066417,0.5974816431493358
Stage26 multimodal,ZCH0675,1,CHD,CHD,0.9716963613817541,0.02830363861824595
Stage26 multimodal,ZCH0676,1,CHD,CHD,0.7843771288515715,0.21562287114842843
Stage26 multimodal,ZCH0677,1,CHD,CHD,0.9713228499072319,0.028677150092768
Stage26 multimodal,ZCH0678,3,CHD,CHD,0.9936008415014959,0.006399158498504148
Stage26 multimodal,ZCH0679,0,CHD,CHD,0.9584902508402673,0.0415097491597327
Stage26 multimodal,ZCH0680,4,CHD,CHD,0.9960307260446809,0.003969273955319137
Stage26 multimodal,ZCH0681,0,CHD,CHD,0.9182045861518927,0.08179541384810732
Stage26 multimodal,ZCH0682,3,CHD,CHD,0.9502905427029554,0.04970945729704457
Stage26 multimodal,ZCH0683,3,CHD,CHD,0.9610682451892057,0.038931754810794285
Stage26 multimodal,ZCH0684,1,CHD,CHD,0.7259439770644733,0.2740560229355267
Stage26 multimodal,ZCH0685,1,CHD,CHD,0.9573309929738089,0.04266900702619113
Stage26 multimodal,ZCH0686,1,CHD,NORMAL,0.12346822012569925,0.8765317798743008
Stage26 multimodal,ZCH0687,2,CHD,CHD,0.8363354190229828,0.16366458097701714
Stage26 multimodal,ZCH0688,2,CHD,CHD,0.9993045664850875,0.0006954335149125469
Stage26 multimodal,ZCH0689,2,CHD,CHD,0.9441795084400108,0.05582049155998928
Stage26 multimodal,ZCH0690,4,CHD,CHD,0.9822357476197215,0.0177642523802785
Stage26 multimodal,ZCH0691,2,CHD,CHD,0.9797763354314053,0.020223664568594663
Stage26 multimodal,ZCH0692,3,CHD,CHD,0.964141423568231,0.03585857643176905
Stage26 multimodal,ZCH0693,0,CHD,CHD,0.8560576753892919,0.1439423246107081
Stage26 multimodal,ZCH0694,3,CHD,CHD,0.9701233503836333,0.029876649616366747
Stage26 multimodal,ZCH0695,2,CHD,CHD,0.9994397959435425,0.0005602040564575275
Stage26 multimodal,ZCH0696,1,CHD,CHD,0.9783381119015473,0.021661888098452726
Stage26 multimodal,ZCH0697,4,CHD,CHD,0.9886474029893606,0.011352597010639396
Stage26 multimodal,ZCH0698,4,CHD,NORMAL,0.5569443710427795,0.44305562895722056
Stage26 multimodal,ZCH0699,3,CHD,CHD,0.9914153196881704,0.00858468031182956
Stage26 multimodal,ZCH0700,1,CHD,CHD,0.9782373984089883,0.02176260159101168
Stage26 multimodal,ZCH0701,2,CHD,CHD,0.9950528769639397,0.004947123036060226
Stage26 multimodal,ZCH0702,3,CHD,CHD,0.9867257720084445,0.013274227991555572
Stage26 multimodal,ZCH0703,0,CHD,CHD,0.8961343329917678,0.10386566700823217
Stage26 multimodal,ZCH0704,1,CHD,CHD,0.9858165507644114,0.014183449235588574
Stage26 multimodal,ZCH0705,4,CHD,CHD,0.776390709272062,0.22360929072793798
Stage26 multimodal,ZCH0706,0,CHD,CHD,0.6708486214654457,0.3291513785345543
Stage26 multimodal,ZCH0707,3,CHD,CHD,0.9553074909445926,0.044692509055407406
Stage26 multimodal,ZCH0708,1,CHD,CHD,0.7358752874325198,0.26412471256748016
Stage26 multimodal,ZCH0709,2,CHD,CHD,0.994160309595573,0.00583969040442704
Stage26 multimodal,ZCH0710,2,CHD,CHD,0.9913322207667808,0.008667779233219182
Stage26 multimodal,ZCH0711,4,CHD,NORMAL,0.5713900309757511,0.42860996902424886
Stage26 multimodal,ZCH0712,2,CHD,CHD,0.9927556226288565,0.007244377371143522
Stage26 multimodal,ZCH0713,4,CHD,CHD,0.9991543441718939,0.0008456558281061868
Stage26 multimodal,ZCH0714,2,CHD,CHD,0.9923007861813485,0.007699213818651496
Stage26 multimodal,ZCH0715,2,CHD,CHD,0.6933868845299672,0.3066131154700328
Stage26 multimodal,ZCH0716,2,CHD,CHD,0.9996314330036171,0.0003685669963829031
Stage26 multimodal,ZCH0717,0,CHD,CHD,0.9427247635018219,0.057275236498178075
Stage26 multimodal,ZCH0718,3,CHD,CHD,0.9552903118981665,0.044709688101833484
Stage26 multimodal,ZCH0719,0,CHD,NORMAL,0.42667679730650576,0.5733232026934942
Stage26 multimodal,ZCH0720,1,CHD,CHD,0.832146701221262,0.16785329877873795
Stage26 multimodal,ZCH0721,4,CHD,CHD,0.8538006462238542,0.1461993537761458
Stage26 multimodal,ZCH0722,1,CHD,NORMAL,0.3654472374088822,0.6345527625911178
Stage26 multimodal,ZCH0723,0,CHD,CHD,0.7557115663082966,0.24428843369170342
Stage26 multimodal,ZCH0724,0,CHD,CHD,0.9694089309246554,0.030591069075344642
Stage26 multimodal,ZCH0725,4,CHD,CHD,0.9907569567006239,0.009243043299376062
Stage26 multimodal,ZCH0726,1,CHD,CHD,0.9874113962006317,0.012588603799368337
Stage26 multimodal,ZCH0727,2,CHD,CHD,0.9980750840137576,0.0019249159862424117
Stage26 multimodal,ZCH0728,0,CHD,CHD,0.9777395601594083,0.022260439840591686
Stage26 multimodal,ZCH0729,1,CHD,CHD,0.962981641122475,0.037018358877525075
Stage26 multimodal,ZCH0730,0,CHD,CHD,0.967998795575785,0.032001204424214974
Stage26 multimodal,ZCH0731,1,CHD,CHD,0.7838197884949801,0.21618021150501987
Stage26 multimodal,ZCH0732,1,CHD,CHD,0.9704796078544515,0.029520392145548437
Stage26 multimodal,ZCH0733,0,CHD,CHD,0.973620956464419,0.026379043535580956
Stage26 multimodal,ZCH0734,3,CHD,CHD,0.9809569927606083,0.019043007239391632
Stage26 multimodal,ZCH0735,3,CHD,CHD,0.7905324559219757,0.20946754407802423
Stage26 multimodal,ZCH0736,1,CHD,CHD,0.9932318348709284,0.006768165129071686
Stage26 multimodal,ZCH0737,4,CHD,CHD,0.9879167127056918,0.01208328729430815
Stage26 multimodal,ZCH0738,4,CHD,CHD,0.9524609079440787,0.04753909205592138
Stage26 multimodal,ZCH0739,4,CHD,CHD,0.9933532623407059,0.0066467376592941095
Stage26 multimodal,ZCH0740,4,CHD,CHD,0.9136188045047222,0.08638119549527776
Stage26 multimodal,ZCH0741,3,CHD,CHD,0.8183751017307253,0.18162489826927475
Stage26 multimodal,ZCH0742,0,CHD,NORMAL,0.21581731116948544,0.7841826888305146
Stage26 multimodal,ZCH0743,3,CHD,CHD,0.7304090995317554,0.2695909004682447
Stage26 multimodal,ZCH0744,0,CHD,CHD,0.9866732834024778,0.013326716597522104
Stage26 multimodal,ZCH0745,2,CHD,CHD,0.9803068677299045,0.019693132270095455
Stage26 multimodal,ZCH0746,3,CHD,CHD,0.94058549017247,0.05941450982752999
Stage26 multimodal,ZCH0747,3,CHD,CHD,0.9111559829856902,0.08884401701430973
Stage26 multimodal,ZCH0748,3,CHD,CHD,0.9801587592752753,0.01984124072472473
Stage26 multimodal,ZCH0749,4,CHD,CHD,0.9121803593296656,0.08781964067033446
Stage26 multimodal,ZCH0750,1,CHD,CHD,0.988365945457925,0.011634054542075016
Stage26 multimodal,ZCH0751,3,CHD,CHD,0.9879698857338061,0.012030114266193942
Stage26 multimodal,ZCH0752,0,CHD,CHD,0.9933027411527604,0.006697258847239557
Stage26 multimodal,ZCH0753,0,CHD,CHD,0.9018620178881048,0.09813798211189513
Stage26 multimodal,ZCH0754,4,CHD,NORMAL,0.04609026686817275,0.9539097331318273
Stage26 multimodal,ZCH0755,0,CHD,CHD,0.9713608081316558,0.028639191868344172
Stage26 multimodal,ZCH0756,3,CHD,CHD,0.9518328039733203,0.04816719602667976
Stage26 multimodal,ZCH0757,3,CHD,CHD,0.9474551898502133,0.05254481014978677
Stage26 multimodal,ZCH0758,3,CHD,CHD,0.9681496694672498,0.031850330532750194
Stage26 multimodal,ZCH0759,2,CHD,CHD,0.9682037996142073,0.03179620038579263
Stage26 multimodal,ZCH0760,3,CHD,CHD,0.9723401616688916,0.027659838331108393
Stage26 multimodal,ZCH0761,4,CHD,CHD,0.9793954804062215,0.02060451959377854
Stage26 multimodal,ZCH0762,2,CHD,CHD,0.9916109473380771,0.008389052661922872
Stage26 multimodal,ZCH0763,0,CHD,CHD,0.9652567999208982,0.03474320007910186
Stage26 multimodal,ZCH0764,1,CHD,CHD,0.9603004179000934,0.039699582099906594
Stage26 multimodal,ZCH0765,1,CHD,CHD,0.9688722534863446,0.0311277465136554
Stage26 multimodal,ZCH0766,4,CHD,CHD,0.9861960271894674,0.013803972810532639
Stage26 multimodal,ZCH0767,1,CHD,CHD,0.9691032087271992,0.03089679127280079
Stage26 multimodal,ZCH0768,4,CHD,CHD,0.9954278759912195,0.004572124008780468
Stage26 multimodal,ZCH0769,0,CHD,CHD,0.9676558215001895,0.03234417849981054
Stage26 multimodal,ZCH0770,0,CHD,CHD,0.945574040494478,0.05442595950552199
Stage26 multimodal,ZCH0771,1,CHD,CHD,0.9652732699117307,0.03472673008826936
Stage26 multimodal,ZCH0772,0,CHD,CHD,0.9488522132661517,0.051147786733848385
Stage26 multimodal,ZCH0773,1,CHD,CHD,0.9737267641337041,0.026273235866295944
Stage26 multimodal,ZCH0774,2,CHD,CHD,0.9757332762403216,0.024266723759678376
Stage26 multimodal,ZCH0775,4,CHD,CHD,0.98100178982295,0.018998210177049942
Stage26 multimodal,ZCH0776,1,CHD,CHD,0.9695832090122625,0.030416790987737547
Stage26 multimodal,ZCH0777,2,CHD,CHD,0.9759069726696298,0.024093027330370224
Stage26 multimodal,ZCH0778,1,CHD,CHD,0.9663296924477803,0.033670307552219676
Stage26 multimodal,ZCH0779,2,CHD,CHD,0.9874645409913472,0.012535459008652787
Stage26 multimodal,ZCH0780,4,CHD,CHD,0.9830592959485162,0.016940704051483794
Stage26 multimodal,ZCH0781,3,CHD,CHD,0.9796548026181222,0.02034519738187784
Stage26 multimodal,ZCH0782,3,CHD,CHD,0.8654867333638452,0.13451326663615482
Stage26 multimodal,ZCH0783,2,CHD,CHD,0.9813043777863696,0.01869562221363038
Stage26 multimodal,ZCH0784,4,CHD,CHD,0.9800602086404022,0.019939791359597725
Stage26 multimodal,ZCH0785,0,CHD,CHD,0.9587656193642825,0.0412343806357175
Stage26 multimodal,ZCH0786,3,CHD,CHD,0.9792266953714616,0.02077330462853846
Stage26 multimodal,ZCH0787,4,CHD,CHD,0.9706884773006508,0.02931152269934922
Stage26 multimodal,ZCH0788,0,CHD,CHD,0.9596143576073048,0.040385642392695174
Stage26 multimodal,ZCH0789,3,CHD,CHD,0.9664696563846585,0.03353034361534147
Stage26 multimodal,ZCH0790,2,CHD,CHD,0.9763635060862552,0.023636493913744814
Stage26 multimodal,ZCH0791,4,CHD,CHD,0.9815668936258949,0.018433106374105064
Stage26 multimodal,ZCH0792,4,CHD,CHD,0.9813068600082641,0.018693139991735892
Stage26 multimodal,ZCH0793,3,CHD,CHD,0.974000819867921,0.025999180132079074
Stage26 multimodal,ZCH0794,0,CHD,CHD,0.9504206027017958,0.0495793972982041
Stage26 multimodal,ZCH0795,2,CHD,CHD,0.9822218371291159,0.01777816287088408
Stage26 multimodal,ZCH0796,3,CHD,CHD,0.9558545636499884,0.044145436350011544
Stage26 multimodal,ZCH0797,3,CHD,CHD,0.9224359218069842,0.07756407819301582
Stage26 multimodal,ZCH0798,2,CHD,CHD,0.9953941280174697,0.0046058719825302135
Stage26 multimodal,ZCH0799,2,CHD,CHD,0.9953628353349897,0.00463716466501032
Stage26 multimodal,ZCH0800,0,CHD,CHD,0.9607975223251727,0.0392024776748273
Stage26 multimodal,ZCH0801,3,CHD,CHD,0.9639690715149654,0.036030928485034655
Stage26 multimodal,ZCH0802,2,CHD,CHD,0.9989714795377627,0.001028520462237332
Stage26 multimodal,ZCH0803,1,CHD,CHD,0.9069381869083409,0.09306181309165903
Stage26 multimodal,ZCH0804,4,CHD,CHD,0.9815058524062319,0.018494147593768107
Stage26 multimodal,ZCH0805,1,CHD,CHD,0.9813504592562935,0.018649540743706505
Stage26 multimodal,ZCH0806,1,CHD,CHD,0.9541379934107161,0.04586200658928381
Stage26 multimodal,ZCH0807,4,CHD,CHD,0.9900087591224995,0.009991240877500435
Stage26 multimodal,ZCH0808,3,CHD,CHD,0.9388106820635902,0.06118931793640977
Stage26 multimodal,ZCH0809,0,CHD,CHD,0.9379700899182917,0.06202991008170834
Stage26 multimodal,ZCH0810,3,CHD,CHD,0.9772479081718529,0.02275209182814706
Stage26 multimodal,ZCH0811,4,CHD,CHD,0.9790531988572923,0.020946801142707753
Stage26 multimodal,ZCH0812,0,CHD,CHD,0.7145101405166294,0.2854898594833706
Stage26 multimodal,ZCH0813,2,CHD,CHD,0.9936800366747853,0.0063199633252147055
Stage26 multimodal,ZCH0814,1,CHD,CHD,0.9820206344360299,0.01797936556397006
Stage26 multimodal,ZCH0815,3,CHD,CHD,0.9888520469477413,0.01114795305225866
Stage26 multimodal,ZCH0816,3,CHD,CHD,0.964209320344497,0.035790679655502956
Stage26 multimodal,ZCH0817,2,CHD,CHD,0.783451192118923,0.21654880788107697
Stage26 multimodal,ZCH0818,3,CHD,CHD,0.9947338919060837,0.0052661080939162535
Stage26 multimodal,ZCH0819,4,CHD,CHD,0.9963093377293653,0.0036906622706347376
Stage26 multimodal,ZCH0820,0,CHD,CHD,0.9288070482416726,0.07119295175832736
Stage26 multimodal,ZCH0821,1,CHD,CHD,0.9814643590010333,0.01853564099896669
Stage26 multimodal,ZCH0822,1,CHD,CHD,0.9590158715236148,0.04098412847638524
Stage26 multimodal,ZCH0823,4,CHD,CHD,0.9814980148275424,0.018501985172457637
Stage26 multimodal,ZCH0824,1,CHD,CHD,0.9648843583134876,0.03511564168651238
Stage26 multimodal,ZCH0825,2,CHD,CHD,0.9925630089415468,0.007436991058453156
Stage26 multimodal,ZCH0826,3,CHD,CHD,0.9764053460255482,0.023594653974451787
Stage26 multimodal,ZCH0827,4,CHD,CHD,0.9896608665920182,0.010339133407981753
Stage26 multimodal,ZCH0828,4,CHD,CHD,0.9849920369476152,0.015007963052384865
Stage26 multimodal,ZCH0829,0,CHD,CHD,0.9575015337896913,0.04249846621030874
Stage26 multimodal,ZCH0830,1,CHD,CHD,0.9839488413017203,0.016051158698279635
Stage26 multimodal,ZCH0831,2,CHD,CHD,0.9792217564154951,0.0207782435845049
Stage26 multimodal,ZCH0832,0,CHD,CHD,0.9654047564271626,0.034595243572837386
Stage26 multimodal,ZCH0833,0,CHD,CHD,0.9539491871103664,0.04605081288963359
Stage26 multimodal,ZCH0834,0,CHD,CHD,0.9345463405286568,0.06545365947134314
Stage26 multimodal,ZCH0835,4,CHD,CHD,0.9692063432680373,0.030793656731962632
Stage26 multimodal,ZCH0836,0,CHD,CHD,0.9436149812889392,0.0563850187110608
Stage26 multimodal,ZCH0837,3,CHD,CHD,0.9740723999999921,0.02592760000000795
Stage26 multimodal,ZCH0838,1,CHD,CHD,0.9748500626889719,0.02514993731102815
Stage26 multimodal,ZCH0839,2,CHD,CHD,0.9867876731805786,0.013212326819421449
Stage26 multimodal,ZCH0840,2,CHD,CHD,0.9865494785639456,0.01345052143605436
Stage26 multimodal,ZCH0841,4,CHD,CHD,0.9859856566632621,0.01401434333673794
Stage26 multimodal,ZCH0842,1,CHD,CHD,0.7906960911634884,0.2093039088365116
Stage26 multimodal,ZCH0843,4,CHD,CHD,0.9891994745058234,0.01080052549417663
Stage26 multimodal,ZCH0844,0,CHD,CHD,0.8842148581671981,0.1157851418328019
Stage26 multimodal,ZCH0845,2,CHD,CHD,0.9775265852594075,0.0224734147405925
Stage26 multimodal,ZCH0846,2,CHD,NORMAL,0.6056592900567032,0.39434070994329684
Stage26 multimodal,ZCH0847,2,CHD,CHD,0.9921601991442881,0.007839800855711879
Stage26 multimodal,ZCH0848,3,CHD,CHD,0.9934664935154613,0.006533506484538633
Stage26 multimodal,ZCH0849,2,CHD,CHD,0.9960018030890366,0.0039981969109634035
Stage26 multimodal,ZCH0850,0,CHD,CHD,0.8429801757521744,0.15701982424782557
Stage26 multimodal,ZCH0851,4,CHD,CHD,0.9706538125171297,0.029346187482870344
Stage26 multimodal,ZCH0852,3,CHD,CHD,0.9348602066417195,0.0651397933582804
Stage26 multimodal,ZCH0853,1,CHD,CHD,0.9747580259885132,0.025241974011486805
Stage26 multimodal,ZCH0854,4,CHD,CHD,0.9890704478655481,0.010929552134451957
Stage26 multimodal,ZCH0855,0,CHD,CHD,0.9451526867056476,0.05484731329435241
Stage26 multimodal,ZCH0856,2,CHD,CHD,0.989039578760975,0.010960421239025018
Stage26 multimodal,ZCH0857,3,CHD,CHD,0.960425957401512,0.039574042598487964
Stage26 multimodal,ZCH0858,1,CHD,CHD,0.9687354118461923,0.031264588153807685
Stage26 multimodal,ZCH0859,3,CHD,CHD,0.9566220828843343,0.043377917115665736
Stage26 multimodal,ZCH0860,0,CHD,CHD,0.9327008026333434,0.06729919736665659
Stage26 multimodal,ZCH0861,4,CHD,CHD,0.9849136393317486,0.015086360668251466
Stage26 multimodal,ZCH0862,0,CHD,CHD,0.865903673471863,0.13409632652813694
Stage26 multimodal,ZCH0863,0,CHD,CHD,0.8891738396753093,0.11082616032469078
Stage26 multimodal,ZCH0864,2,CHD,CHD,0.9906095973621918,0.009390402637808208
Stage26 multimodal,ZCH0865,4,CHD,CHD,0.9625218672725322,0.03747813272746786
Stage26 multimodal,ZCH0866,3,CHD,CHD,0.9637697245038053,0.03623027549619476
Stage26 multimodal,ZCH0867,1,CHD,CHD,0.8766176856702299,0.12338231432977012
Stage26 multimodal,ZCH0868,1,CHD,CHD,0.9715430695775675,0.028456930422432497
Stage26 multimodal,ZCH0869,4,CHD,CHD,0.9643792644390001,0.03562073556099985
Stage26 multimodal,ZCH0870,0,CHD,CHD,0.7895351689445265,0.21046483105547348
Stage26 multimodal,ZCH0871,0,CHD,CHD,0.9480032247066237,0.05199677529337628
Stage26 multimodal,ZCH0872,2,CHD,CHD,0.9940842177524097,0.005915782247590273
Stage26 multimodal,ZCH0873,1,CHD,CHD,0.9263502855529797,0.07364971444702023
Stage26 multimodal,ZCH0874,1,CHD,CHD,0.9195094037789386,0.08049059622106133
Stage26 multimodal,ZCH0875,2,CHD,CHD,0.9916251919450488,0.008374808054951187
Stage26 multimodal,ZCH0876,2,CHD,CHD,0.9968836927499319,0.0031163072500680535
Stage26 multimodal,ZCH0877,1,CHD,CHD,0.9728627051074223,0.027137294892577705
Stage26 multimodal,ZCH0878,1,CHD,NORMAL,0.0874672008669588,0.9125327991330412
Stage26 multimodal,ZCH0879,1,CHD,CHD,0.8715886718230835,0.1284113281769165
Stage26 multimodal,ZCH0880,0,CHD,CHD,0.9460242618858083,0.053975738114191645
Stage26 multimodal,ZCH0881,0,CHD,CHD,0.9228768534926199,0.07712314650738006
Stage26 multimodal,ZCH0882,4,CHD,CHD,0.9880906471443693,0.011909352855630675
Stage26 multimodal,ZCH0883,2,CHD,CHD,0.9904452202914202,0.009554779708579788
Stage26 multimodal,ZCH0884,3,CHD,CHD,0.9722622829761711,0.027737717023828906
Stage26 multimodal,ZCH0885,3,CHD,CHD,0.9815056515035472,0.018494348496452852
Stage26 multimodal,ZCH0886,2,CHD,CHD,0.9990833492137987,0.0009166507862012552
Stage26 multimodal,ZCH0887,4,CHD,CHD,0.9841043337355914,0.015895666264408605
Stage26 multimodal,ZCH0888,2,CHD,CHD,0.9963232819357721,0.0036767180642279136
Stage26 multimodal,ZCH0889,4,CHD,CHD,0.9769754082517339,0.02302459174826613
Stage26 multimodal,ZCH0890,0,CHD,CHD,0.9274143843986826,0.0725856156013174
Stage26 multimodal,ZCH0891,1,CHD,CHD,0.9650194689452747,0.03498053105472534
Stage26 multimodal,ZCH0892,0,CHD,CHD,0.9834374278551294,0.016562572144870506
Stage26 multimodal,ZCH0893,0,CHD,CHD,0.9243634008458573,0.07563659915414271
Stage26 multimodal,ZCH0894,1,CHD,CHD,0.9831704578292861,0.01682954217071383
Stage26 multimodal,ZCH0895,1,CHD,CHD,0.964068682004431,0.035931317995569076
Stage26 multimodal,ZCH0896,0,CHD,CHD,0.9537865374345609,0.04621346256543907
Stage26 multimodal,ZCH0897,4,CHD,CHD,0.9889078491721398,0.011092150827860239
Stage26 multimodal,ZCH0898,4,CHD,CHD,0.9810122410525303,0.01898775894746976
Stage26 multimodal,ZCH0899,1,CHD,CHD,0.9757508135063451,0.024249186493654974
Stage26 multimodal,ZCH0900,3,CHD,CHD,0.9944407213667165,0.005559278633283582
Stage26 multimodal,ZCH0901,3,CHD,CHD,0.9755295600036008,0.02447043999639924
Stage26 multimodal,ZCH0902,0,CHD,CHD,0.9366189924326949,0.06338100756730511
Stage26 multimodal,ZCH0903,4,CHD,CHD,0.9952516333271895,0.004748366672810581
Stage26 multimodal,ZCH0904,3,CHD,CHD,0.9764517786957674,0.023548221304232612
Stage26 multimodal,ZCH0905,3,CHD,CHD,0.9023222325564448,0.09767776744355514
Stage26 multimodal,ZCH0906,1,CHD,CHD,0.9833653503056072,0.016634649694392784
Stage26 multimodal,ZCH0907,4,CHD,CHD,0.9545706963820485,0.045429303617951514
Stage26 multimodal,ZCH0908,1,CHD,NORMAL,0.36036593283428753,0.6396340671657125
Stage26 multimodal,ZCH0909,3,CHD,CHD,0.9902562474988701,0.009743752501129892
Stage26 multimodal,ZCH0910,4,CHD,CHD,0.9708096155252051,0.029190384474794946
Stage26 multimodal,ZCH0911,2,CHD,CHD,0.9898651151985919,0.010134884801408076
Stage26 multimodal,ZCH0912,3,CHD,CHD,0.9815770367609613,0.018422963239038644
Stage26 multimodal,ZCH0913,0,CHD,CHD,0.9686870627465687,0.03131293725343137
Stage26 multimodal,ZCH0914,0,CHD,CHD,0.9352771887573337,0.0647228112426663
Stage26 multimodal,ZCH0915,1,CHD,CHD,0.906748674357412,0.093251325642588
Stage26 multimodal,ZCH0916,3,CHD,CHD,0.9854409119191778,0.014559088080822161
Stage26 multimodal,ZCH0917,0,CHD,CHD,0.9632139291841798,0.03678607081582019
Stage26 multimodal,ZCH0918,3,CHD,CHD,0.9771456021570462,0.022854397842953827
Stage26 multimodal,ZCH0919,4,CHD,CHD,0.9923433276719602,0.00765667232803984
Stage26 multimodal,ZCH0920,1,CHD,CHD,0.791230342808833,0.20876965719116702
Stage26 multimodal,ZCH0921,0,CHD,CHD,0.8658569211177034,0.13414307888229657
Stage26 multimodal,ZCH0922,3,CHD,CHD,0.9880563739877145,0.011943626012285527
Stage26 multimodal,ZCH0923,2,CHD,CHD,0.9972541859057287,0.0027458140942713044
Stage26 multimodal,ZCH0924,4,CHD,CHD,0.9921331449884379,0.007866855011562129
Stage26 multimodal,ZCH0925,1,CHD,CHD,0.9709267400590147,0.02907325994098535
Stage26 multimodal,ZCH0926,2,CHD,CHD,0.9952018109074878,0.004798189092512143
Stage26 multimodal,ZCH0927,2,CHD,NORMAL,0.6802903012851641,0.3197096987148359
Stage26 multimodal,ZCH0928,4,CHD,CHD,0.9947438002941095,0.005256199705890501
Stage26 multimodal,ZCH0929,2,CHD,CHD,0.983657092111393,0.016342907888607042
Stage26 multimodal,ZCH0930,4,CHD,CHD,0.9799107161336779,0.02008928386632214
Stage26 multimodal,ZCH0931,1,CHD,CHD,0.9595513700727127,0.04044862992728731
Stage26 multimodal,ZCH0932,3,CHD,CHD,0.9526887135336816,0.04731128646631847
Stage26 multimodal,ZCH0933,3,CHD,NORMAL,0.620074317518448,0.37992568248155206
Stage26 multimodal,ZCH0934,4,CHD,CHD,0.9721083725928985,0.027891627407101473
Stage26 multimodal,ZCH0935,0,CHD,CHD,0.9516571933578286,0.048342806642171374
Stage26 multimodal,ZCH0936,0,CHD,CHD,0.9509778053379971,0.04902219466200281
Stage26 multimodal,ZCH0937,2,CHD,CHD,0.9921647683315942,0.00783523166840588
Stage26 multimodal,ZCH0938,1,CHD,NORMAL,0.08894854311145584,0.9110514568885442
Stage26 multimodal,ZCH0939,1,CHD,NORMAL,0.32026649541040564,0.6797335045895944
Stage26 multimodal,ZCH0940,2,CHD,CHD,0.9824791328608261,0.017520867139173855
Stage26 multimodal,ZCH0941,2,CHD,CHD,0.6919179510618504,0.3080820489381496
