fold,file_id,true_label,acoustic_pred_label,multimodal_pred_label,sex01,age_days,locked_branch,effective_prior_weight,acoustic_prob_ASD,acoustic_prob_NORMAL,acoustic_prob_PDA,acoustic_prob_PFO,acoustic_prob_VSD,multimodal_prob_ASD,multimodal_prob_NORMAL,multimodal_prob_PDA,multimodal_prob_PFO,multimodal_prob_VSD
0,NORMAL/ZCH0136.wav,NORMAL,NORMAL,NORMAL,0.0,4530.0,accuracy,0.034068149468731955,0.059660955686565514,0.8710311294255462,0.027129491084750126,0.025129830345300374,0.017048593457837904,0.05806964841504926,0.8756928714167314,0.02662978898773555,0.02333993696650822,0.01626775421397556
0,NORMAL/ZCH0341.wav,NORMAL,NORMAL,NORMAL,0.0,1825.0,accuracy,0.03823341524527133,0.05993792360561056,0.845862082585095,0.02396739991537915,0.06003468312585052,0.010197910768064871,0.05880858708328436,0.8501403314167096,0.023699948917286832,0.05732779305683328,0.010023339525885666
0,VSD/ZCH0862.wav,VSD,VSD,VSD,0.0,515.0,accuracy,0.0895238697081231,0.20160721018763894,0.13491304012596722,0.21430546319690946,0.050601550032969546,0.39857273645651486,0.20032247731893035,0.13409632652813694,0.21316082596417413,0.04870601650217673,0.40371435368658176
0,NORMAL/ZCH0017.wav,NORMAL,NORMAL,NORMAL,1.0,1760.0,accuracy,0.03489937911106092,0.03445835411039813,0.8699341236270096,0.02959776947409776,0.045609812183782496,0.020399940604712084,0.0338453061249093,0.8730725995295294,0.029278264904626882,0.04372695106124765,0.020076878379686684
0,VSD/ZCH0769.wav,VSD,VSD,VSD,0.0,365.0,accuracy,0.040069479312941615,0.04386994637887132,0.03298043708723783,0.03980155356707974,0.038194867776840453,0.8451531951899707,0.0437913421938829,0.03234417849981054,0.039542189003084975,0.0378739334115584,0.8464483568916632
0,NORMAL/ZCH0431.wav,NORMAL,NORMAL,NORMAL,1.0,1125.0,accuracy,0.05785592833317787,0.10957314754059604,0.7293514172442997,0.06135541828149576,0.026315376692899482,0.07340464024070888,0.10728349005726767,0.7343794934681286,0.060754652788584995,0.024992769373733,0.07258959431228573
0,NORMAL/ZCH0301.wav,NORMAL,NORMAL,NORMAL,1.0,2125.0,accuracy,0.027105658403140043,0.020516553226588657,0.9066150343178141,0.025403550600070334,0.032396367758076985,0.01506849409744996,0.020210454240160727,0.9087145866101984,0.02518856826329644,0.031133430089099676,0.014752960797244802
0,NORMAL/ZCH0105.wav,NORMAL,NORMAL,NORMAL,0.0,790.0,accuracy,0.014087790386244666,0.013865702093684254,0.9585750663178334,0.014669651914380076,0.007242101427897183,0.005647478246205096,0.013791932458541682,0.9587803392192794,0.014630298481518499,0.007160939766773478,0.005636490073886844
0,NORMAL/ZCH0523.wav,NORMAL,NORMAL,NORMAL,1.0,2795.0,accuracy,0.06121631689647001,0.1413922267717289,0.6856965054882479,0.10635478768652348,0.05467066141547641,0.0118858186380233,0.13730192097494137,0.696780346071415,0.10483775454540602,0.04976995875814525,0.011310019650092403
0,VSD/ZCH0917.wav,VSD,VSD,VSD,0.0,15.0,accuracy,0.05201748794987606,0.058408210836443625,0.04018216622754101,0.12064530315523875,0.020199053075507366,0.7605652667052692,0.06007539430659546,0.03678607081582019,0.12035086885731211,0.021751062629484463,0.7610366033907877
0,VSD/ZCH0794.wav,VSD,VSD,VSD,1.0,251.0,accuracy,0.052894935792662176,0.0742604609528668,0.05103835682185704,0.0823880025885298,0.026548478708337788,0.7657647009284086,0.07405926626802917,0.0495793972982041,0.08162785890796423,0.026325378144909872,0.7684080993808926
0,VSD/ZCH0809.wav,VSD,VSD,VSD,1.0,2250.0,accuracy,0.04003957321435534,0.031331265636667716,0.0599305529413125,0.02447436037367728,0.041566412934147076,0.8426974081141955,0.0315828024348681,0.06202991008170834,0.024910975507364052,0.040352220262162,0.8411240917138975
0,PFO/ZCH0753.wav,PFO,PFO,PFO,0.0,112.0,accuracy,0.08101854578218581,0.20437634155053647,0.10949721389075007,0.026579836012126726,0.49875619912931585,0.1607904094172709,0.20316040697663904,0.09813798211189513,0.025845966159278713,0.5117564059671312,0.16109923878505591
0,NORMAL/ZCH0287.wav,NORMAL,NORMAL,NORMAL,1.0,2735.0,accuracy,0.03259700048792796,0.05596119444315395,0.87800482452683,0.022942083798591344,0.029378611934937852,0.01371328529648688,0.05484827488827016,0.8813535414006843,0.022665821496286636,0.027832330966680436,0.013300031248078485
0,ASD/ZCH0628.wav,ASD,PFO,PFO,1.0,14.0,accuracy,0.08357801020407037,0.2590646677805425,0.038225234129981536,0.11977888047680452,0.45895033832991416,0.12398087928275729,0.2545984637365345,0.031152374682859404,0.11206734073068,0.48560209647951774,0.11657972437040841
0,NORMAL/ZCH0447.wav,NORMAL,NORMAL,NORMAL,1.0,3555.0,accuracy,0.029839808414588234,0.07596577417724423,0.8803968431504285,0.030227593760833917,0.008654055933947694,0.004755732977545498,0.07431525706767822,0.8831361179287062,0.029789671829299633,0.00816786188296974,0.004591091291346375
0,NORMAL/ZCH0354.wav,NORMAL,NORMAL,NORMAL,0.0,820.0,accuracy,0.028297627964601568,0.04773293174076964,0.8967293090557376,0.03404230501715089,0.011316906355864433,0.010178547830477348,0.04724207564235393,0.8976798782427414,0.03387263323123457,0.011064617930058635,0.01014079495361136
0,NORMAL/ZCH0164.wav,NORMAL,NORMAL,NORMAL,1.0,730.0,accuracy,0.03998752924342369,0.07719018739354906,0.8359170019502093,0.03427781577383212,0.04269625204847178,0.00991874283393752,0.07704099133577473,0.8368810249616451,0.034236328337058745,0.041876830909332204,0.009964824456189266
0,NORMAL/ZCH0497.wav,NORMAL,NORMAL,NORMAL,1.0,4381.0,accuracy,0.02336648355437495,0.05394795292589753,0.9155840603990943,0.011950035824411495,0.00524415253773402,0.013273798312862649,0.05289309363401638,0.9174959886564096,0.01178442529723093,0.004981997365554141,0.012844495046788963
0,ASD/ZCH0649.wav,ASD,NORMAL,NORMAL,0.0,244.0,accuracy,0.04977248066356502,0.15778708175172804,0.7559568136624796,0.018785703981201104,0.020747971966473985,0.04672242863811753,0.16077020409692372,0.7512886655554879,0.019022784602360558,0.02103064919537582,0.047887696549852164
0,NORMAL/ZCH0470.wav,NORMAL,NORMAL,NORMAL,1.0,1215.0,accuracy,0.026966812665383377,0.028359212345657157,0.9069510060786079,0.025887461847168364,0.027135965991329013,0.01166635373723751,0.02801675155863143,0.9082867758377682,0.025710683572876807,0.026412117700240035,0.011573671330483698
0,VSD/ZCH0881.wav,VSD,VSD,VSD,0.0,970.0,accuracy,0.04115286864969023,0.01821343210692405,0.07636194104357476,0.05501356150112631,0.020226373238031628,0.8301846921103432,0.01806159972186733,0.07712314650738006,0.054987739785563296,0.019665674675933748,0.8301618393092556
0,ASD/ZCH0576.wav,ASD,VSD,VSD,0.0,545.0,accuracy,0.08777965960570312,0.07547897357308639,0.04783571650410664,0.24482833896285194,0.30680897550170994,0.32504799545824514,0.07573884948159079,0.048062581674087605,0.2459433674863823,0.29810120340551366,0.33215399795242573
0,VSD/ZCH0812.wav,VSD,PFO,PFO,0.0,31.0,accuracy,0.06075001188237624,0.06519739881637379,0.323275654268705,0.02315525170772888,0.5819490760029139,0.006422619204278491,0.06588762714320041,0.2854898594833706,0.02258196535502208,0.619759205494755,0.006281342523651938
0,ASD/ZCH0593.wav,ASD,NORMAL,NORMAL,0.0,395.0,accuracy,0.0794068068062013,0.2505482279844782,0.4822216009796989,0.054393969959253934,0.17982231243574176,0.03301388864082711,0.2518865145919214,0.4830749225894335,0.05471500950860651,0.17647963506637282,0.03384391824366589
0,NORMAL/ZCH0159.wav,NORMAL,NORMAL,NORMAL,1.0,970.0,accuracy,0.023793667304213388,0.02436150310822884,0.921040640156697,0.025243676610019722,0.015905767761174246,0.013448412363880334,0.024125272940803577,0.9218061901097433,0.025113363688685136,0.015572765168774575,0.01338240809199341
0,VSD/ZCH0935.wav,VSD,VSD,VSD,1.0,731.0,accuracy,0.045744201722809116,0.024334181984079148,0.04799996769770376,0.07459152778096667,0.043170651638904364,0.809903670898346,0.024090221686365966,0.048342806642171374,0.07447631920691643,0.04196109568851435,0.8111295567760318
0,NORMAL/ZCH0392.wav,NORMAL,NORMAL,NORMAL,0.0,1000.0,accuracy,0.008967879920748495,0.005160151210887392,0.9761833710713087,0.006776252723536706,0.008474652774717652,0.003405572219549557,0.00513985642279863,0.9762963179635298,0.006761270524701839,0.008404388202384904,0.0033981668865847377
0,PDA/ZCH0657.wav,PDA,PDA,PDA,0.0,365.0,accuracy,0.0651340921308911,0.024674331747371124,0.03216256476539335,0.47821465784401246,0.04051356319608618,0.42443488244713695,0.0247416457730118,0.03133628191640636,0.4758353651011726,0.04018766310450043,0.4278990441049089
0,NORMAL/ZCH0215.wav,NORMAL,NORMAL,NORMAL,0.0,1580.0,accuracy,0.022849439276969478,0.026928801127710768,0.9240434470945645,0.025834138221361984,0.013770238953972601,0.009423374602389976,0.026600825142136533,0.9250323416670772,0.025637219123925713,0.013402235229832377,0.009327378837028132
0,NORMAL/ZCH0055.wav,NORMAL,NORMAL,NORMAL,0.0,425.0,accuracy,0.007589170831617062,0.0046507533903453685,0.980450724764353,0.00725640925953938,0.005162849310839506,0.0024792632749226595,0.004651898880663239,0.9804533830515905,0.007258650574791938,0.005151717809056735,0.0024843496838977555
0,VSD/ZCH0863.wav,VSD,VSD,VSD,1.0,332.0,accuracy,0.05398381479598064,0.07296776010913622,0.11364319042893664,0.013548647300901566,0.05251573450301299,0.7473246676580126,0.07293465720448543,0.11082616032469078,0.013455133534642845,0.0520685696439824,0.7507154792921986
0,VSD/ZCH0844.wav,VSD,VSD,VSD,0.0,215.0,accuracy,0.04833031585462759,0.01542253991451653,0.11888656365675118,0.05019749534743265,0.034801169528733564,0.7806922315525661,0.015400089962503326,0.1157851418328019,0.04982017826157161,0.03460290887373658,0.7843916810693866
0,NORMAL/ZCH0018.wav,NORMAL,NORMAL,NORMAL,1.0,1790.0,accuracy,0.0156835550547883,0.015139620213256358,0.95288155803195,0.012543249133520026,0.014045980689877289,0.005389591931396386,0.0150008863534165,0.9534213645775559,0.01246807013708483,0.01376513127102392,0.005344547660918805
0,NORMAL/ZCH0230.wav,NORMAL,NORMAL,NORMAL,0.0,1095.0,accuracy,0.018644459981934106,0.02661397556946039,0.9408326660022471,0.014893022215366137,0.008839524771877603,0.008820811441048775,0.02639247636183216,0.9413265869597653,0.01482269921866548,0.008681783695541215,0.008776453764195747
0,NORMAL/ZCH0227.wav,NORMAL,NORMAL,NORMAL,0.0,1275.0,accuracy,0.025393353760769045,0.03260704567078084,0.9117590944635899,0.03266840519210421,0.007360403022034832,0.015605051651490226,0.03221381141134044,0.9127091151319087,0.03243659220005869,0.007167360773918162,0.015473120482774196
0,NORMAL/ZCH0445.wav,NORMAL,NORMAL,NORMAL,0.0,3250.0,accuracy,0.01076272357172324,0.007489763466335017,0.970164398455144,0.012285554205536123,0.005784447833737825,0.004275836039247096,0.007427690762020532,0.9704677271901891,0.012216089477674675,0.005666306734700397,0.00422218583541519
0,PFO/ZCH0728.wav,PFO,PFO,PFO,0.0,98.0,accuracy,0.05522214680293685,0.11775934837748193,0.024251264350736084,0.05117668780437111,0.7437184060650447,0.06309429340236633,0.1160641339605192,0.022260439840591686,0.049685187325692666,0.7494494019453206,0.06254083692787592
0,NORMAL/ZCH0281.wav,NORMAL,NORMAL,NORMAL,1.0,1275.0,accuracy,0.014320475472931995,0.01960109684134346,0.9572543013753527,0.010859597771904417,0.006888858382942975,0.005396145628456526,0.019462435481079704,0.9575706444924154,0.010813294993890311,0.00678463427785337,0.005368990754761232
0,PFO/ZCH0717.wav,PFO,PFO,PFO,1.0,100.0,accuracy,0.06553677193169119,0.21755031651446718,0.06303718705993587,0.03280928362116136,0.6368744848107964,0.049728727993639234,0.2150613208973895,0.057275236498178075,0.031859061068064846,0.6463142173044435,0.0494901642319241
0,NORMAL/ZCH0373.wav,NORMAL,NORMAL,NORMAL,0.0,880.0,accuracy,0.02537111681449417,0.029428896706851622,0.9143662777032763,0.01833381192579455,0.014995595579703576,0.02287541808437405,0.02914213860317291,0.915154406027766,0.01824293684974292,0.014680467944191568,0.022780050575126675
0,NORMAL/ZCH0417.wav,NORMAL,NORMAL,NORMAL,1.0,760.0,accuracy,0.017153766644874533,0.024559078952146374,0.9465637903135387,0.01333703072903936,0.0077991183636874715,0.00774098164158818,0.024405574450483428,0.9468769567665314,0.013296303961680567,0.007695912470164019,0.007725252351140662
0,NORMAL/ZCH0168.wav,NORMAL,NORMAL,NORMAL,0.0,2825.0,accuracy,0.01512069512241414,0.015192102442151561,0.9546051858208042,0.01714728293985263,0.006275825756187175,0.00677960304100448,0.01503047332599159,0.9551579842566139,0.017027810386135798,0.006110269817188861,0.0066734622140699335
0,PFO/ZCH0706.wav,PFO,PFO,PFO,1.0,184.0,accuracy,0.07383751675307992,0.20738758435656468,0.3371667687342571,0.021561809892727563,0.42308663626078147,0.010797200755669189,0.21061444546518687,0.3291513785345543,0.021691558407061336,0.42746481772719475,0.011077799866002776
0,NORMAL/ZCH0484.wav,NORMAL,NORMAL,NORMAL,1.0,731.0,accuracy,0.012653814099069849,0.011454919572609367,0.9638450179990335,0.011386917186103481,0.008827632419153013,0.004485512823100647,0.011402563910776781,0.9640136251269229,0.011361650341820422,0.008742813111502146,0.004479347508977712
0,VSD/ZCH0913.wav,VSD,VSD,VSD,0.0,67.0,accuracy,0.0751798883368532,0.15924980583243445,0.035661574810288456,0.202216332321661,0.049105728469469485,0.5537665585661466,0.16479631561612262,0.03131293725343137,0.2002946017409091,0.054082807523056615,0.5495133378664804
0,VSD/ZCH0936.wav,VSD,VSD,VSD,1.0,1030.0,accuracy,0.04920016566030541,0.028771957784283264,0.04830935802662321,0.07926616320755614,0.053380505273745826,0.7902720157077916,0.028543047766177,0.04902219466200281,0.07938652366304515,0.051673817676476476,0.7913744162322986
0,NORMAL/ZCH0465.wav,NORMAL,NORMAL,NORMAL,1.0,970.0,accuracy,0.012272486714678165,0.007394382023626186,0.9651840689450324,0.013139048493633055,0.008966821994281938,0.005315678543426547,0.007355613858368612,0.9653749558150446,0.013100996803969577,0.008867450979404858,0.005300982543212359
0,NORMAL/ZCH0265.wav,NORMAL,NORMAL,NORMAL,1.0,395.0,accuracy,0.045788154560293386,0.030255751799297313,0.7919782236380888,0.05101170829635112,0.11763580028287396,0.00911851598338885,0.030350659905845897,0.792833711511422,0.05118817922470426,0.1163768770072813,0.0092505723507466
0,NORMAL/ZCH0156.wav,NORMAL,NORMAL,NORMAL,0.0,4985.0,accuracy,0.014373470047592802,0.018186009579836876,0.9571107316042662,0.011452734064851202,0.00935808977122911,0.0038924349798167028,0.017941568938767527,0.9578730900022239,0.011339081842955009,0.009041583454828299,0.0038046757612252564
0,VSD/ZCH0834.wav,VSD,VSD,VSD,1.0,695.0,accuracy,0.064262202000173,0.07223067772603728,0.06559629164676267,0.10743582923605154,0.06173764688694639,0.6929995545042023,0.07176800254829546,0.06545365947134314,0.10686537980301283,0.05969411127807966,0.6962188468992689
0,VSD/ZCH0890.wav,VSD,VSD,VSD,0.0,146.0,accuracy,0.044987559687418056,0.02790466603044017,0.07670896722260043,0.05012246747165642,0.031670395822477666,0.8135935034528252,0.027938017551496015,0.0725856156013174,0.049577741378279985,0.032237226701779344,0.8176613987671273
0,ASD/ZCH0596.wav,ASD,NORMAL,NORMAL,1.0,1460.0,accuracy,0.03565433092816038,0.07435268842972995,0.8597990219733239,0.02414391038261258,0.02436729180888829,0.017337087405445324,0.07310901189020874,0.8624300824732338,0.023909918385283793,0.023437186279631105,0.017113800971642657
0,VSD/ZCH0871.wav,VSD,VSD,VSD,0.0,545.0,accuracy,0.060358866826655755,0.055805527341071456,0.05237652243671127,0.15204870547640748,0.03688320023655741,0.7028860445092524,0.05535163597820523,0.05199677529337628,0.1509268533235596,0.03578139098279307,0.7059433444220659
0,PFO/ZCH0744.wav,PFO,PFO,PFO,0.0,54.0,accuracy,0.06340678190142342,0.3071378359893893,0.015721426426386735,0.07347702213894798,0.5811548864436348,0.022508829001641202,0.2992637065028947,0.013326716597522104,0.06899234607087668,0.5972394509777333,0.02117777985097321
0,NORMAL/ZCH0463.wav,NORMAL,NORMAL,NORMAL,1.0,1395.0,accuracy,0.015618557207977805,0.009542685510390041,0.9528455903853635,0.013707618424353028,0.018398652889132908,0.005505452790760567,0.009466684055808153,0.953339052051695,0.013640797371336527,0.01808150374344099,0.005471962777719404
0,NORMAL/ZCH0008.wav,NORMAL,NORMAL,NORMAL,0.0,2705.0,accuracy,0.022794445889469432,0.03250772120781276,0.9217589254440113,0.028533406591997656,0.013449720080750615,0.0037502266754276844,0.03201916504599065,0.9231137025893429,0.02826162279711917,0.012938310278318125,0.003667199289229043
0,NORMAL/ZCH0422.wav,NORMAL,NORMAL,NORMAL,0.0,1945.0,accuracy,0.058955705153602336,0.08775385032308813,0.7239453069646209,0.10067924169830457,0.031098592986231032,0.05652300802775542,0.08555464609517525,0.7316202742999479,0.09955242880732547,0.02880092748451954,0.05447172331303188
0,NORMAL/ZCH0322.wav,NORMAL,NORMAL,NORMAL,0.0,4985.0,accuracy,0.01369337104723448,0.0128706559897884,0.9602776435784812,0.012800276361688016,0.0066833640984649565,0.007368059971577381,0.012704917226109948,0.9609401084646477,0.012678359940313421,0.006467396989696642,0.007209217379232198
0,PFO/ZCH0693.wav,PFO,ASD,ASD,0.0,62.0,accuracy,0.07236797182829628,0.5726931785377826,0.16607742404183815,0.045936540220700685,0.19132773297235614,0.023965124227322606,0.5815847101206023,0.1439423246107081,0.04472295046777704,0.20637194721353627,0.02337806758737635
0,NORMAL/ZCH0226.wav,NORMAL,NORMAL,NORMAL,0.0,1335.0,accuracy,0.02743618290988519,0.03617014990044325,0.9020462240562778,0.018789475499341683,0.03633052068728706,0.006663629856650318,0.03571250745756339,0.9037318210951943,0.01865292679908537,0.03529949975881097,0.00660324488934591
0,NORMAL/ZCH0169.wav,NORMAL,NORMAL,NORMAL,1.0,1155.0,accuracy,0.01601593176074665,0.02116860830885387,0.9505063762109452,0.01621423762045391,0.008194077191574112,0.003916700668172886,0.021011127570601477,0.9508831474514492,0.016144069674365005,0.008063729470597924,0.0038979258329862538
0,NORMAL/ZCH0443.wav,NORMAL,NORMAL,NORMAL,1.0,2125.0,accuracy,0.06483062478321551,0.15077257101313574,0.6703021726401902,0.09372602200560771,0.036935445109551615,0.04826378923151487,0.14680231051764306,0.6802964404455267,0.0926951747464039,0.033897196647051014,0.04630887764337536
0,NORMAL/ZCH0297.wav,NORMAL,NORMAL,NORMAL,1.0,1125.0,accuracy,0.012174366625755498,0.00945326804062706,0.9658202148198037,0.008249195165883481,0.006510050446199235,0.009967271527486499,0.009399654725509006,0.9660151401456393,0.008221899118689781,0.006431786538263416,0.009931519471898579
0,PDA/ZCH0670.wav,PDA,NORMAL,NORMAL,1.0,236.0,accuracy,0.0811687773983434,0.22557513420118352,0.451337640821856,0.0380307390866937,0.23700865377977715,0.04804783211048961,0.23016784876057444,0.4420280093625776,0.03841402431857714,0.23987946557652048,0.04951065198175038
0,PDA/ZCH0681.wav,PDA,PDA,PDA,0.0,208.0,accuracy,0.07918766451352126,0.2145039759863268,0.08469754912257206,0.48855427920808037,0.01579843497945882,0.19644576070356193,0.21587585875017934,0.08179541384810732,0.4867826033097085,0.015794058746523173,0.19975206534548176
0,NORMAL/ZCH0060.wav,NORMAL,NORMAL,NORMAL,1.0,211.0,accuracy,0.016777326555330957,0.017723911439667686,0.9479315423734552,0.020864859035296432,0.008111102061024984,0.005368585090555736,0.017871594080557753,0.9475421934778274,0.02099421230042482,0.008166928472803073,0.005425071668386895
0,PFO/ZCH0724.wav,PFO,ASD,ASD,0.0,66.0,accuracy,0.06486225403846908,0.4900989406890497,0.03581463085019783,0.027137134864834128,0.41410551565003695,0.03284377794588139,0.48238750357965815,0.030591069075344642,0.025719813894054585,0.43012266219281914,0.031178951258123602
0,NORMAL/ZCH0365.wav,NORMAL,NORMAL,NORMAL,1.0,2555.0,accuracy,0.023899224082964438,0.05779087997329259,0.9124171573612538,0.011104410987065612,0.01244163725567526,0.006245914422712751,0.05692150444403277,0.9140049048664735,0.011001256185662741,0.011963545214993411,0.006108789288837573
0,PDA/ZCH0661.wav,PDA,PDA,PDA,0.0,910.0,accuracy,0.05090920110004159,0.020310759760614097,0.0516974327479212,0.7612066049015729,0.03138182963984942,0.1354033729500424,0.020123004072914907,0.052348454825075205,0.7615293375329054,0.03037080986843414,0.13562839370067037
0,VSD/ZCH0855.wav,VSD,VSD,VSD,1.0,425.0,accuracy,0.06774691975768478,0.02818256932053222,0.05542549374881968,0.21141618803952028,0.0824926625115101,0.6224830863796178,0.027949279729880473,0.05484731329435241,0.20978324008684276,0.08007238697673964,0.6273477799121847
0,PFO/ZCH0752.wav,PFO,PFO,PFO,1.0,136.0,accuracy,0.05841549022238933,0.45407436145007707,0.0072788930615193415,0.038999953222112645,0.4831065543640104,0.01654023790228054,0.4497380869308091,0.006697258847239557,0.03802271589162352,0.489075186281861,0.016466752048466968
0,PDA/ZCH0674.wav,PDA,NORMAL,NORMAL,0.0,1365.0,accuracy,0.07218675436902507,0.22198613184703903,0.5881133470986174,0.06361672425175917,0.040094805586719046,0.08618899121586548,0.21692103574335206,0.5974816431493358,0.06306317830357291,0.037537354907122185,0.08499678789661702
0,VSD/ZCH0770.wav,VSD,VSD,VSD,0.0,365.0,accuracy,0.04657725484593766,0.03177868423159741,0.05562970109380234,0.05422233788652055,0.04982633615044342,0.8085429406376363,0.031736883199999656,0.05442595950552199,0.05385319645653839,0.049377930194327735,0.8106060306436123
0,NORMAL/ZCH0444.wav,NORMAL,NORMAL,NORMAL,0.0,2035.0,accuracy,0.05510926180486049,0.09033370104976951,0.7514504067493185,0.07871396687101917,0.0321793113359186,0.04732261399397426,0.08810599571363166,0.7585965933016291,0.07779642012029382,0.029880041304626993,0.04562094955981856
0,NORMAL/ZCH0304.wav,NORMAL,NORMAL,NORMAL,0.0,1490.0,accuracy,0.045486121617117646,0.02238890683894699,0.7813432031793056,0.016141793328059727,0.15150711491009033,0.028618981743597293,0.02202832423174383,0.7887718152153621,0.016027210421751092,0.14488087303732733,0.028291777093815685
0,NORMAL/ZCH0030.wav,NORMAL,NORMAL,NORMAL,0.0,880.0,accuracy,0.016437762798942598,0.01262611977462967,0.949140086822932,0.023839108962523066,0.008629299275633953,0.005765385164281238,0.012543261982770474,0.9494422043194779,0.023756783887767034,0.008509328245806322,0.005748421564178288
0,NORMAL/ZCH0269.wav,NORMAL,NORMAL,NORMAL,1.0,1580.0,accuracy,0.011151522418898486,0.011211330339925026,0.9688723096932227,0.009899479872032917,0.006131515460637534,0.0038853646341819067,0.011141112931003616,0.9690852966987447,0.00985960074025186,0.006049160633085321,0.0038648289969145143
0,NORMAL/ZCH0084.wav,NORMAL,NORMAL,NORMAL,1.0,1640.0,accuracy,0.03825875962595929,0.05016268935900928,0.8485781542409656,0.05380796833016817,0.03745407350116976,0.009997114568687205,0.049225385023368595,0.8518907004242002,0.05321242560844566,0.03583197637746523,0.009839512566520343
0,NORMAL/ZCH0358.wav,NORMAL,NORMAL,NORMAL,0.0,2555.0,accuracy,0.02139178630068306,0.03318822249607458,0.9293593834181215,0.016214482792177833,0.012014881762028851,0.009223029531597317,0.03273215398056281,0.9305557933870259,0.016075258803010396,0.011597654599171814,0.009039139230229016
0,NORMAL/ZCH0408.wav,NORMAL,NORMAL,NORMAL,1.0,2490.0,accuracy,0.019895146334130892,0.024388147827209557,0.936097350600204,0.02096694794533538,0.0087342942820934,0.009813259345157657,0.024076292003803717,0.9370371469833452,0.02079930676082455,0.008454150634384235,0.009633103617642339
0,VSD/ZCH0860.wav,VSD,VSD,VSD,1.0,635.0,accuracy,0.045838782174554955,0.026257363866130777,0.06759416845315294,0.06501762395398035,0.03226249906941743,0.8088683446573186,0.02608725901546818,0.06729919736665659,0.06464214854758543,0.03146846386540213,0.8105029312048877
0,PFO/ZCH0703.wav,PFO,ASD,ASD,0.0,359.0,accuracy,0.09395614395140048,0.3307482848247837,0.10729736656121605,0.14275934651962466,0.28290795231134697,0.13628704978302858,0.33381248945365616,0.10386566700823217,0.14248439367129567,0.2811895465700146,0.13864790329680138
0,ASD/ZCH0573.wav,ASD,PFO,PFO,0.0,97.0,accuracy,0.07719242969048451,0.3176953941234915,0.05185655920829052,0.12495273501591918,0.473271577555073,0.032223734097225815,0.31527766146394914,0.0465867354688102,0.12141500727415655,0.4844857108239456,0.032234884969138455
0,ASD/ZCH0634.wav,ASD,ASD,ASD,0.0,189.0,accuracy,0.06257981776312532,0.5635000009804664,0.0323844595272761,0.039294921775327236,0.3447083293280886,0.02011228838884172,0.5650623866866605,0.03141100575354227,0.039090625945229274,0.3440947207398776,0.020341260874690334
0,PFO/ZCH0723.wav,PFO,PFO,PFO,0.0,58.0,accuracy,0.0766432965291095,0.10526546327215684,0.2848465195335808,0.04943289630363639,0.5116795942535167,0.048775526637109407,0.1068007552769448,0.24428843369170342,0.04796129620280184,0.5535187126507606,0.04743080217778947
0,NORMAL/ZCH0264.wav,NORMAL,NORMAL,NORMAL,0.0,365.0,accuracy,0.018771350188728306,0.023877400435954856,0.9406154446610222,0.017647729400451125,0.007721991408623025,0.01013743409394884,0.02406532722489479,0.940195811246778,0.017747136771433927,0.0077585784183546395,0.010233146338538742
0,VSD/ZCH0763.wav,VSD,VSD,VSD,0.0,315.0,accuracy,0.036710779163555245,0.03975953024874234,0.03541802151322557,0.030633515239518377,0.031858184796764104,0.8623307482017496,0.039672970148493206,0.03474320007910186,0.03043168945219698,0.03162400808673229,0.8635281322334757
0,PFO/ZCH0733.wav,PFO,PFO,PFO,1.0,1425.0,accuracy,0.07493673495349552,0.2769095100327393,0.02482593208392365,0.0322055176727654,0.49690484441825145,0.16915419579232022,0.282321287087773,0.026379043535580956,0.0333294914263918,0.4840063475414296,0.1739638304088248
0,NORMAL/ZCH0199.wav,NORMAL,NORMAL,NORMAL,0.0,2645.0,accuracy,0.015951548948304948,0.013973094001489352,0.9518171418031464,0.018371156152050587,0.007640081227373306,0.008198526815940506,0.013822367206397226,0.9524282379294668,0.018243908987117818,0.007435219704696563,0.008070266172321636
0,NORMAL/ZCH0505.wav,NORMAL,NORMAL,NORMAL,0.0,4165.0,accuracy,0.06983704991877915,0.275004393090895,0.5580054832573067,0.058902721425483764,0.011274598639057503,0.09681280358725705,0.26617785882434297,0.5755674083734568,0.05800735407669999,0.00995738641618054,0.09028999230931976
0,NORMAL/ZCH0451.wav,NORMAL,NORMAL,NORMAL,0.0,910.0,accuracy,0.022714751281687685,0.045087407762616744,0.9208276242604465,0.017279223353157982,0.006272330753088921,0.010533413870689788,0.044682483323831165,0.921477915772876,0.017198398202043774,0.006151273681715601,0.010489929019533476
0,NORMAL/ZCH0532.wav,NORMAL,NORMAL,NORMAL,0.0,2035.0,accuracy,0.04395630659369066,0.07982650227277496,0.8155744647509768,0.028160060432307423,0.018515525291275113,0.057923447252665516,0.07812629304700013,0.8204310422140082,0.02785298460894751,0.017424325678204986,0.05616535445183925
0,ASD/ZCH0591.wav,ASD,NORMAL,NORMAL,1.0,760.0,accuracy,0.061658086926955354,0.42357810045546795,0.4966641851846671,0.03522064878568319,0.033907472654916546,0.010629592919265272,0.4187009424131155,0.5027330697977872,0.0352193546965232,0.03267822364468807,0.010668409447885935
0,ASD/ZCH0622.wav,ASD,NORMAL,NORMAL,0.0,156.0,accuracy,0.029420347560978458,0.061389312187277265,0.8902373974616975,0.018628658432122566,0.01804740159223335,0.01169723032666933,0.06342032561536676,0.8865296576146054,0.019093398521040784,0.018843684577165246,0.012112933671821851
0,NORMAL/ZCH0414.wav,NORMAL,NORMAL,NORMAL,1.0,2095.0,accuracy,0.02944237225329897,0.017708947539400874,0.8955843579073783,0.0328130402851594,0.036175096819958424,0.017718557448102905,0.017428934529734427,0.8980556694273681,0.03252397838411353,0.03466625980397737,0.017325157854806556
0,NORMAL/ZCH0191.wav,NORMAL,NORMAL,NORMAL,0.0,820.0,accuracy,0.017769642701771594,0.013809211605212264,0.944952583520046,0.014551692280819397,0.019933704427633956,0.006752808166288221,0.013717151178506191,0.945394287281338,0.014503234153619045,0.01964959189875864,0.006735735487778165
0,ASD/ZCH0551.wav,ASD,ASD,ASD,1.0,2095.0,accuracy,0.07953440843340533,0.5629461250966635,0.08058873855663051,0.1464403062478313,0.09472103709308283,0.1153037930057918,0.5638418955502165,0.08489777565410987,0.14950953943151518,0.08827811540974635,0.113472673954412
0,NORMAL/ZCH0059.wav,NORMAL,PFO,PFO,1.0,635.0,accuracy,0.033266776441087755,0.025571291273334927,0.05779900748143391,0.03396630820554231,0.8733111105012978,0.009352282538391137,0.02586700777429749,0.05855769935086674,0.034376760051596,0.871679431468317,0.009519101354922658
0,PDA/ZCH0671.wav,PDA,ASD,ASD,0.0,359.0,accuracy,0.08456574637345973,0.3695091212704351,0.023037771597177088,0.156781141140968,0.3350734960780865,0.11559846991333339,0.37180358950888603,0.022326366539278136,0.15617947443630248,0.33253874573459996,0.11715182378093336
0,NORMAL/ZCH0072.wav,NORMAL,NORMAL,NORMAL,0.0,1670.0,accuracy,0.015279243266463141,0.013246976008271481,0.9541764596124587,0.018167410199526064,0.006778472886800645,0.00763068129294319,0.013131520017753136,0.954580277618361,0.018064859121409742,0.006650789140755572,0.0075725541017205985
0,NORMAL/ZCH0214.wav,NORMAL,NORMAL,NORMAL,0.0,760.0,accuracy,0.0196163201583433,0.03198803915900677,0.9362015270330455,0.013413770136645358,0.010591138970032074,0.007805524701270409,0.03176265821393881,0.9366488534114337,0.013368268003949222,0.010432056107220039,0.007788164263458326
0,NORMAL/ZCH0094.wav,NORMAL,NORMAL,NORMAL,1.0,970.0,accuracy,0.022269098730234416,0.020749978505645954,0.9267156089141011,0.01336390873152055,0.028548543224890574,0.01062196062384183,0.020564494549450252,0.9275669480354116,0.013301201758757802,0.027992707394523763,0.010574648261856402
0,VSD/ZCH0902.wav,VSD,VSD,VSD,0.0,177.0,accuracy,0.04663628506301019,0.03513755536073767,0.06706989505114917,0.05256856070483054,0.037906989765576035,0.8073169991177066,0.03517357148448895,0.06338100756730511,0.05197032086078727,0.03856660757904911,0.8109084925083695
0,ASD/ZCH0547.wav,ASD,ASD,ASD,0.0,31.0,accuracy,0.05008952200648632,0.7585515905567108,0.03147592877709183,0.042642289003482894,0.1507794589145115,0.01655073274820303,0.7572847142634627,0.028117206905733053,0.04133961135625615,0.15717588916503283,0.016082578309515122
0,NORMAL/ZCH0449.wav,NORMAL,NORMAL,NORMAL,1.0,336.0,accuracy,0.025233717445448747,0.05173044537735214,0.909379395196143,0.019498199546529697,0.00849590230324925,0.010896057576725963,0.05227622956117427,0.9084902367755974,0.01964448709911552,0.008552682251238392,0.011036364312874504
0,NORMAL/ZCH0453.wav,NORMAL,NORMAL,NORMAL,0.0,455.0,accuracy,0.013764576499527385,0.011545512813694822,0.9601273592303364,0.013195133909298884,0.008226938831252499,0.006905055215417177,0.011548693393124851,0.9601300746704238,0.01320047821663269,0.008191917303978153,0.006928836415840507
0,VSD/ZCH0892.wav,VSD,VSD,VSD,0.0,305.0,accuracy,0.06305821895601513,0.16591147173594933,0.01710432827182083,0.08385927671518514,0.06173588773524656,0.6713890355417981,0.1654838394872046,0.016562572144870506,0.08300643954295936,0.06104872483527851,0.673898423989687
0,VSD/ZCH0914.wav,VSD,VSD,VSD,0.0,485.0,accuracy,0.041993311143622085,0.031406632260028,0.06520841690231904,0.027980085735168844,0.04336403184317983,0.8320408332593043,0.03118312217183233,0.0647228112426663,0.027793238583874464,0.04244030880986732,0.8338605191917595
0,NORMAL/ZCH0404.wav,NORMAL,NORMAL,NORMAL,1.0,3220.0,accuracy,0.02362692056977731,0.026649458854801363,0.9207739060806317,0.027320063326591287,0.008899387105884848,0.016357184632090616,0.026196104058028833,0.9223466228213014,0.027012049636110803,0.008515854696354103,0.015929368788204903
0,NORMAL/ZCH0434.wav,NORMAL,NORMAL,NORMAL,1.0,1670.0,accuracy,0.029714584516607256,0.04894411732805708,0.892525102406845,0.025124581025355835,0.015013433812555724,0.01839276542718618,0.04817493101577437,0.8943179157835764,0.024878938627248152,0.014485481319963918,0.018142733253436856
0,ASD/ZCH0603.wav,ASD,NORMAL,NORMAL,1.0,1095.0,accuracy,0.019014516565260292,0.01242530191208272,0.9407111746061326,0.017145564450383236,0.018275410406811153,0.011442548624590376,0.012320777634538259,0.9412859737544385,0.017064291845950326,0.017944228648380488,0.011384728116692498
0,NORMAL/ZCH0093.wav,NORMAL,NORMAL,NORMAL,1.0,3525.0,accuracy,0.014158425996129969,0.012773387640145368,0.9585732392443913,0.013840177543099559,0.008855620986639823,0.005957574585724022,0.012630852126256017,0.9591711976392443,0.013733689374536874,0.00860977067994462,0.005854490180018236
0,NORMAL/ZCH0058.wav,NORMAL,NORMAL,NORMAL,1.0,455.0,accuracy,0.011086090817504737,0.00823587784642339,0.9693537675829489,0.010728248547583637,0.006005198314946657,0.005676907708097462,0.008237683067783884,0.9693533790586969,0.010731719292157446,0.005984584529067195,0.005692634052294624
0,ASD/ZCH0592.wav,ASD,ASD,ASD,0.0,605.0,accuracy,0.08438703395222881,0.4132866591768587,0.018022283668674734,0.24932769957737577,0.11687423701004034,0.20248912056705054,0.41333040812368327,0.018079217644245818,0.24966008627556224,0.11309726459322263,0.20583302336328607
0,VSD/ZCH0772.wav,VSD,VSD,VSD,0.0,190.0,accuracy,0.03762782426691353,0.03306916722564551,0.05234534970073442,0.025105802740491387,0.03320847419032892,0.8562712061427997,0.032965151217034236,0.051147786733848385,0.02490707582418892,0.03301281744528678,0.8579671687796416
0,NORMAL/ZCH0087.wav,NORMAL,NORMAL,NORMAL,0.0,2250.0,accuracy,0.02232562028742435,0.050574950053415384,0.9195630146882294,0.015825755046643696,0.012018537556806668,0.0020177426549048364,0.04990231136505764,0.9208054771323471,0.015699839942601542,0.011612385693573564,0.001979985866420258
0,VSD/ZCH0836.wav,VSD,VSD,VSD,0.0,91.0,accuracy,0.0436875242013176,0.025088473958722154,0.06039470036230386,0.05280730103086029,0.03859268909132388,0.8231168355567898,0.02574705182231529,0.0563850187110608,0.052836804486293076,0.04103113963566605,0.8239999853446649
0,ASD/ZCH0570.wav,ASD,ASD,ASD,1.0,101.0,accuracy,0.05955342790603792,0.7239103663979471,0.039385786616039996,0.08027862501998817,0.09561276209164825,0.06081245987437645,0.7250176078206221,0.03653714927062301,0.07910581878546188,0.09806361544621257,0.06127580867708046
0,NORMAL/ZCH0019.wav,NORMAL,NORMAL,NORMAL,1.0,970.0,accuracy,0.015329661478737017,0.01617627536784596,0.9542447351089078,0.01364927096407805,0.009453411153912914,0.006476307405255186,0.016071572162490038,0.9545497032274384,0.01360089875414844,0.00932340760050989,0.006454418255413408
0,ASD/ZCH0578.wav,ASD,PFO,PFO,0.0,118.0,accuracy,0.0634603108712458,0.17250005052791334,0.0487978145345703,0.05620509499893103,0.6753741157692056,0.04712292416937969,0.17039986205022822,0.04446021319247646,0.05457249907697594,0.6837368571873103,0.04683056849300907
0,ASD/ZCH0630.wav,ASD,PFO,PFO,0.0,113.0,accuracy,0.0790736326719771,0.16208205884015922,0.24105686116468594,0.07486883603247693,0.4966636285733297,0.025328615389348243,0.16355098924839762,0.21987093545580283,0.07394071559643045,0.5168825305777989,0.025754829121570216
0,VSD/ZCH0893.wav,VSD,VSD,VSD,1.0,545.0,accuracy,0.062411610099532375,0.03338330742235302,0.0761501758303072,0.12670549067268558,0.06711923569261087,0.6966417903820434,0.033127662609317814,0.07563659915414271,0.12583418907250848,0.06509632774910164,0.7003052214149293
0,NORMAL/ZCH0395.wav,NORMAL,NORMAL,NORMAL,1.0,291.0,accuracy,0.07021753542137069,0.07255413813317738,0.4937064664352902,0.05009065612073966,0.3652656102686009,0.018383129042191797,0.07402264309160322,0.4871282593200497,0.05066905195381852,0.3692870670104933,0.01889297862403527
0,NORMAL/ZCH0349.wav,NORMAL,NORMAL,NORMAL,1.0,485.0,accuracy,0.025752391136661185,0.058640733043611,0.9056083064936199,0.011448968848984777,0.01207532356000626,0.012226668053778098,0.058653497945899115,0.9056206210401042,0.011454564332838322,0.011971839693964339,0.012299476987194006
0,ASD/ZCH0650.wav,ASD,NORMAL,NORMAL,1.0,880.0,accuracy,0.04072131463124737,0.08698346974905494,0.8320225262996757,0.03604724504348209,0.025512666594870174,0.0194340923129172,0.08575369964682689,0.8344056878908237,0.03581376798591916,0.024694087883253103,0.019332756593177083
0,ASD/ZCH0583.wav,ASD,NORMAL,NORMAL,0.0,790.0,accuracy,0.06693441724375906,0.16896698439032326,0.6234766794198501,0.15347803307444563,0.022958464980088803,0.031119838135292326,0.16590359022107626,0.6285261689733451,0.15260355558358182,0.021915372566821474,0.031051312655175405
0,VSD/ZCH0880.wav,VSD,VSD,VSD,0.0,203.0,accuracy,0.05390031271431865,0.042600057564897195,0.05569465848086026,0.07409468752464711,0.06300113960002435,0.764609456829571,0.04246724566852713,0.053975738114191645,0.07336103853127976,0.06253087705777916,0.7676651006282222
0,NORMAL/ZCH0173.wav,NORMAL,NORMAL,NORMAL,1.0,605.0,accuracy,0.011092987404738876,0.007872026500339394,0.9688521746681115,0.010128934166126074,0.0107258950629753,0.0024209696024478362,0.007869282066981332,0.9689025687355564,0.010127035392316661,0.0106758056008948,0.002425308204250928
0,ASD/ZCH0632.wav,ASD,PFO,PFO,0.0,135.0,accuracy,0.07979479668072696,0.14732694279406547,0.3413801595571846,0.08915585268596304,0.40983485791859287,0.012302187044194094,0.15065119486793627,0.3156402065913082,0.08922279129974639,0.4318169704608045,0.012668836780204676
0,NORMAL/ZCH0425.wav,NORMAL,NORMAL,NORMAL,0.0,1125.0,accuracy,0.021565243025970546,0.025994838373560814,0.9299209178014587,0.017178109576816692,0.009628200251763341,0.017277933996400437,0.025743076084586935,0.9305719945835214,0.017083400405485828,0.009427343393689459,0.01717418553271641
0,ASD/ZCH0609.wav,ASD,PFO,PFO,1.0,29.0,accuracy,0.07784639036308542,0.31860991411592227,0.1470810904336955,0.04083590722391295,0.4580564806534072,0.035416607573062114,0.31693868770461314,0.12307331338113876,0.03880948536955155,0.48739351464122654,0.03378499890347011
0,PFO/ZCH0730.wav,PFO,PFO,PFO,1.0,36.0,accuracy,0.07161596416499344,0.37150351947075894,0.038281860930657975,0.06371202877901383,0.4844231832670491,0.04207940755252005,0.3639157217251468,0.032001204424214974,0.05984802036915795,0.5045853636430867,0.03964968983839357
0,NORMAL/ZCH0247.wav,NORMAL,NORMAL,NORMAL,0.0,635.0,accuracy,0.022211261154241706,0.04303749733728902,0.9237217986225634,0.01386842294793391,0.01154630254867813,0.0078259785435354,0.042999373511932934,0.9238547830207884,0.013860890397395477,0.011433566988542141,0.007851386081341019
0,NORMAL/ZCH0026.wav,NORMAL,NORMAL,NORMAL,1.0,1365.0,accuracy,0.007647428389413112,0.005060849825936334,0.9804080273264466,0.006200514135917337,0.005178006576067449,0.003152602135632101,0.005040505516833467,0.9804976960066736,0.006184978782165469,0.0051338448334811715,0.003142974860846355
0,PFO/ZCH0719.wav,PFO,NORMAL,NORMAL,0.0,485.0,accuracy,0.061099335288931064,0.05798027965824618,0.5695119080933112,0.016795777259032005,0.3409857508636575,0.014726284125753067,0.058396561384455654,0.5733232026934942,0.016927244534163256,0.33631833187583304,0.015034659512053824
0,NORMAL/ZCH0085.wav,NORMAL,NORMAL,NORMAL,0.0,2555.0,accuracy,0.015891184108754248,0.012444077434323998,0.9523825319387637,0.01693797488616749,0.009645703872306979,0.008589711868437934,0.012313152508989103,0.9530094473943581,0.016824806984095417,0.009392953823144378,0.008459639289412846
0,VSD/ZCH0850.wav,VSD,VSD,VSD,0.0,605.0,accuracy,0.09130445105621941,0.23786387910682016,0.15730734545138214,0.14995099491320701,0.06929208780924495,0.38558569271934573,0.2366473368756897,0.15701982424782557,0.14938216580713182,0.06652285333735232,0.3904278197320006
0,NORMAL/ZCH0161.wav,NORMAL,NORMAL,NORMAL,1.0,268.0,accuracy,0.012914148124361246,0.008026374333811648,0.9631952399310142,0.012528185947216348,0.008934593316208956,0.007315606471748908,0.008075432836544612,0.9629933392999598,0.012584747182108958,0.008975584398620756,0.007370896282765863
0,NORMAL/ZCH0043.wav,NORMAL,NORMAL,NORMAL,0.0,575.0,accuracy,0.016665159777166455,0.011705558023019928,0.9488473376195699,0.012588786390055534,0.020986741058860253,0.0058715769084944245,0.011702106473669477,0.9489720668892829,0.012587925107913728,0.02084846241106662,0.005889439118067265
0,PDA/ZCH0679.wav,PDA,VSD,VSD,1.0,78.0,accuracy,0.061604642345337315,0.0694770107098891,0.045996817407350815,0.11729850921086252,0.05976210330501605,0.7074655593668816,0.07169351322928476,0.0415097491597327,0.11678187334656667,0.06486235231629163,0.7051525119481242
0,NORMAL/ZCH0003.wav,NORMAL,NORMAL,NORMAL,1.0,2190.0,accuracy,0.02549593349874899,0.03318862628677245,0.9125733100823028,0.027351039354936803,0.015955792943442352,0.010931231332545619,0.03269838145092787,0.9141302480309473,0.027113457955283058,0.015352953214787884,0.010704959348053858
0,VSD/ZCH0785.wav,VSD,VSD,VSD,1.0,730.0,accuracy,0.043175987203956,0.039455519963998376,0.0413088161211356,0.04131696377530619,0.049262020517052536,0.8286566796225073,0.039253355979883595,0.0412343806357175,0.04113739202935596,0.048095170728063574,0.8302797006269793
0,NORMAL/ZCH0223.wav,NORMAL,NORMAL,NORMAL,0.0,1335.0,accuracy,0.034824084014113736,0.0957397480240535,0.8545998549904108,0.013591486059822735,0.012580346940560021,0.023488563985152932,0.09423819704025665,0.8569306152612322,0.013471006148260472,0.012133232250681275,0.023226949299569435
0,NORMAL/ZCH0228.wav,NORMAL,NORMAL,NORMAL,1.0,1520.0,accuracy,0.013793011924380644,0.012296484909588002,0.9597372988618851,0.014483626565382976,0.00810324480944743,0.0053793448536964125,0.012204138143197785,0.9600625568683511,0.01441470510287943,0.007972373320553713,0.005346226565018104
0,NORMAL/ZCH0454.wav,NORMAL,NORMAL,NORMAL,1.0,358.0,accuracy,0.0682031173040868,0.2571969355832763,0.5887662165499373,0.048706739981624544,0.0845559408155852,0.020774167069576688,0.262121746124466,0.5821191425812425,0.04923908992667366,0.0852250909458607,0.021294930421757122
0,NORMAL/ZCH0397.wav,NORMAL,NORMAL,NORMAL,1.0,820.0,accuracy,0.03031258177675481,0.050368840691325314,0.8895928509739788,0.02378471833328453,0.022464596571577455,0.013788993429833921,0.04982726665319188,0.8908366450724792,0.023663958632868444,0.021934312508136954,0.013737817133323515
0,VSD/ZCH0870.wav,VSD,PFO,PFO,0.0,131.0,accuracy,0.07317028162870436,0.06507603936405906,0.229883154460877,0.03456530978155261,0.5732674812413234,0.09720801515218794,0.06535602737037816,0.21046483105547348,0.034033672800234206,0.5918746772860869,0.09827079148782719
0,VSD/ZCH0833.wav,VSD,VSD,VSD,1.0,395.0,accuracy,0.048223823392645755,0.03922807694589226,0.046544528696980544,0.05239425657682514,0.062304612614933266,0.7995285251653688,0.03889595302594025,0.04605081288963359,0.05196825486823358,0.060879864215616926,0.8022051150005757
0,NORMAL/ZCH0204.wav,NORMAL,NORMAL,NORMAL,1.0,1640.0,accuracy,0.013212879210420558,0.010505115491155768,0.9622240342246849,0.011462940921618685,0.007971609668232689,0.007836299694307887,0.010426276404998266,0.9625382616196811,0.011407335473690555,0.00784265072528532,0.007785475776344694
0,NORMAL/ZCH0049.wav,NORMAL,NORMAL,NORMAL,1.0,455.0,accuracy,0.015247400113511368,0.009626539674969839,0.9547119340625753,0.012318210487482774,0.015940720021661657,0.007402595753310336,0.009629818716464077,0.954748770622517,0.012324174098277766,0.015866130916219183,0.007431105646521959
0,NORMAL/ZCH0038.wav,NORMAL,ASD,ASD,0.0,455.0,accuracy,0.09007353783330631,0.3423517555956373,0.2570827332710764,0.21158898826590536,0.03463480011742756,0.15434172274995342,0.3416907371965968,0.2561290217967735,0.21135947867874078,0.0335557270672131,0.1572650352606757
0,NORMAL/ZCH0147.wav,NORMAL,NORMAL,NORMAL,1.0,2705.0,accuracy,0.012553098814495988,0.011359501090780275,0.9642867386866171,0.011375945758269168,0.007617757011929495,0.005360057452403977,0.011260664782041572,0.9646815726668793,0.01131162494856943,0.007453874560527252,0.005292263041982559
0,ASD/ZCH0638.wav,ASD,ASD,ASD,0.0,760.0,accuracy,0.040645271412380723,0.8255809635473189,0.06983169906468183,0.07600203585318292,0.004581169235492269,0.024004132299324233,0.8240584282041548,0.0708016692189981,0.07644138534214132,0.0044969549139660305,0.024201562320739802
0,VSD/ZCH0800.wav,VSD,VSD,VSD,1.0,351.0,accuracy,0.035160372539934454,0.03157599715927087,0.03989336975466448,0.01937323040487727,0.040395789251810865,0.8687616134293765,0.031521516158670194,0.0392024776748273,0.019259036548929305,0.040101013086117736,0.8699159565314555
0,VSD/ZCH0921.wav,VSD,VSD,VSD,0.0,760.0,accuracy,0.06565834053054535,0.10576389399636207,0.13266102163233973,0.06263471980204618,0.031128157817220718,0.6678122067520313,0.10427727669093938,0.13414307888229657,0.06251817079104656,0.02987336251803394,0.6691881111176836
0,NORMAL/ZCH0177.wav,NORMAL,NORMAL,NORMAL,1.0,1945.0,accuracy,0.028791108793829127,0.039076004564228134,0.8969618320841182,0.021199349169497603,0.033258340492557194,0.009504473689598968,0.038493035261893765,0.8992190551636876,0.02102763013101232,0.03195042471604448,0.009309854727361882
0,VSD/ZCH0755.wav,VSD,VSD,VSD,1.0,910.0,accuracy,0.08563105467155856,0.30234131272640213,0.02778778487867279,0.1685871394565003,0.11554858032648303,0.3857351826119418,0.30038511453924016,0.028639191868344172,0.17025475304379376,0.11035907665737425,0.39036186389124766
0,NORMAL/ZCH0201.wav,NORMAL,NORMAL,NORMAL,0.0,258.0,accuracy,0.030488298327176575,0.012914195342330653,0.8684939175753819,0.011001704161402849,0.10178685317553121,0.005803329745353318,0.013088701653040321,0.8670901292107359,0.011108437543413757,0.10281045740962237,0.00590227418318767
0,NORMAL/ZCH0283.wav,NORMAL,NORMAL,NORMAL,1.0,940.0,accuracy,0.01597663810739852,0.019193063649727185,0.9516018534884109,0.013704501269043528,0.008504995533148424,0.00699558605967002,0.019066084800089526,0.9519203775978474,0.013655525826591394,0.008385479300292412,0.006972532475179315
0,VSD/ZCH0829.wav,VSD,VSD,VSD,1.0,19.0,accuracy,0.02940627725708887,0.018178357149045785,0.04463879924526377,0.017973581190444652,0.024219431860081776,0.894989830555164,0.01848153189892923,0.04249846621030874,0.01796036843125108,0.025266489239918737,0.8957931442195922
0,PFO/ZCH0742.wav,PFO,NORMAL,NORMAL,0.0,1855.0,accuracy,0.044504595747825434,0.162659941178051,0.7788113225470972,0.011409345889183912,0.029424751293032354,0.017694639092635665,0.1595126461112237,0.7841826888305146,0.011308123528993895,0.027783820286682706,0.017212721242585213
0,NORMAL/ZCH0525.wav,NORMAL,NORMAL,NORMAL,0.0,940.0,accuracy,0.05871145783142306,0.10448988256488242,0.7137250764694967,0.026316740294139426,0.12031448769985087,0.03515381297163061,0.10284657829970494,0.7207330246540379,0.02619556612195699,0.11519696301328151,0.03502786791101873
0,NORMAL/ZCH0222.wav,NORMAL,NORMAL,NORMAL,0.0,1855.0,accuracy,0.022648809413237225,0.03504331403403399,0.924052554280374,0.018192434514691432,0.008979133771879812,0.013732563399020547,0.03461494411249731,0.9251082939163341,0.01806749938953743,0.008700191299969616,0.013509071281661593
0,NORMAL/ZCH0411.wav,NORMAL,ASD,ASD,0.0,730.0,accuracy,0.08009008644827656,0.48755415625686205,0.26673418616674127,0.1264295266300146,0.03388563059102408,0.08539650035535805,0.48667545680992574,0.2679049329558159,0.12638471354703226,0.03266321556280319,0.08637168112442285
0,NORMAL/ZCH0496.wav,NORMAL,NORMAL,NORMAL,1.0,1060.0,accuracy,0.018315767565726178,0.02445485608878323,0.9418715969537154,0.016268340492034402,0.012742001797047259,0.004663204668419837,0.024259360093003633,0.9423800938421425,0.016195662588444258,0.012523278493087708,0.004641604983321772
0,NORMAL/ZCH0029.wav,NORMAL,NORMAL,NORMAL,0.0,1335.0,accuracy,0.012376913547860266,0.00923002619726764,0.9640979789299996,0.009510048054496525,0.014912421894002903,0.0022495249242333983,0.009172329763573796,0.9644024693597172,0.009473819525747421,0.014712254374281069,0.002239126976680427
0,NORMAL/ZCH0388.wav,NORMAL,NORMAL,NORMAL,1.0,1155.0,accuracy,0.01624812009819798,0.013172591191118174,0.9513936052382356,0.013663448505310264,0.011019577656468098,0.010750777408867944,0.013073270532977604,0.9517827627600355,0.01360355774661648,0.01084183724262433,0.010698571717746177
0,NORMAL/ZCH0386.wav,NORMAL,NORMAL,NORMAL,0.0,4015.0,accuracy,0.01717098455362101,0.03503757273788777,0.9438123058477236,0.008944348088819934,0.006757208378584385,0.005448564946984357,0.03453868478513751,0.9447670295550482,0.008854572092725813,0.006515604087243691,0.005324109479844736
0,NORMAL/ZCH0225.wav,NORMAL,NORMAL,NORMAL,1.0,1490.0,accuracy,0.021809823522195956,0.0231055913047333,0.9271145156416167,0.03215806487900169,0.009811299172236913,0.007810529002411205,0.022842438849984877,0.9279194164515454,0.031931026915504424,0.009567983905743776,0.007739133877221541
0,NORMAL/ZCH0207.wav,NORMAL,NORMAL,NORMAL,0.0,1030.0,accuracy,0.01265317843234692,0.005353187372527749,0.9639089054536164,0.010038727526867006,0.01280373444857228,0.00789544519841659,0.00532342487380875,0.9641461585502283,0.01000734759518574,0.012652553615089896,0.007870515365687236
0,NORMAL/ZCH0241.wav,NORMAL,NORMAL,NORMAL,1.0,790.0,accuracy,0.021275333625071186,0.024930898392870535,0.931241073954553,0.017323605023431745,0.01652182546110445,0.00998259716804021,0.024737714183258822,0.9318004917364205,0.017258252587008496,0.016247502973731363,0.009956038519580754
0,ASD/ZCH0554.wav,ASD,ASD,ASD,1.0,202.0,accuracy,0.07977163154268439,0.40756865694129324,0.01651977137737855,0.21299239111154392,0.30869325571804246,0.054225924851741866,0.4092957471241059,0.01591026424576567,0.21174323873690964,0.30801745474316256,0.05503329515005637
0,NORMAL/ZCH0113.wav,NORMAL,NORMAL,NORMAL,1.0,455.0,accuracy,0.013411562728570395,0.006839949838339979,0.9608700492663207,0.011070931439842798,0.016043289037255742,0.005175780418240775,0.006842061708322247,0.9609114477604522,0.011075747030983756,0.015977386048585545,0.005193357451656177
0,VSD/ZCH0896.wav,VSD,VSD,VSD,0.0,154.0,accuracy,0.05844761929261766,0.02203142236065472,0.0497059657056397,0.12419928536253991,0.08578615056821917,0.7182771760029465,0.022035288887218868,0.04621346256543907,0.12228400976359108,0.08763861895296936,0.7218286198307816
0,NORMAL/ZCH0501.wav,NORMAL,NORMAL,NORMAL,0.0,1885.0,accuracy,0.013105949029703143,0.010062731826249402,0.9624391860071813,0.012939055314599072,0.00818992333231135,0.00636910351965902,0.009987659056470949,0.9627853712012319,0.012882824093886679,0.008037989589827028,0.006306156058583546
0,ASD/ZCH0557.wav,ASD,PFO,PFO,1.0,93.0,accuracy,0.061822532618768,0.1093619165095226,0.0549559042598891,0.08358860939881176,0.7065655058912255,0.045528063940551186,0.10800028670599811,0.050104130124379954,0.08116419594201696,0.7154770290191476,0.04525435820845745
0,NORMAL/ZCH0137.wav,NORMAL,NORMAL,NORMAL,1.0,4865.0,accuracy,0.01554502437519303,0.01733344935023464,0.9533356876890602,0.014145344467443597,0.007865330085745295,0.007320188407516352,0.017085419979608822,0.9541905008843281,0.013996727470107977,0.007582083508211323,0.007145268157743903
0,ASD/ZCH0641.wav,ASD,ASD,ASD,1.0,575.0,accuracy,0.05983237817011475,0.7198134575482356,0.10928444823923175,0.063891478148625,0.03779839068255634,0.06921222538135136,0.7196659290036053,0.10942942756572807,0.06393034748665795,0.03694337420304289,0.07003092174096585
0,NORMAL/ZCH0475.wav,NORMAL,NORMAL,NORMAL,0.0,3345.0,accuracy,0.015662575164102473,0.010129395557367905,0.9527917099216461,0.018603140827610453,0.012511136160444332,0.005964617532931213,0.010008907725780085,0.9535431731438826,0.018453007390741075,0.012139329646807239,0.005855582092789124
0,VSD/ZCH0788.wav,VSD,VSD,VSD,0.0,339.0,accuracy,0.040758910504550244,0.03328746321237468,0.041216346660060646,0.046613551206649416,0.037479960855634306,0.841402678065281,0.03322477789715187,0.040385642392695174,0.046299578268853135,0.03717619834809781,0.8429138030932021
0,NORMAL/ZCH0503.wav,NORMAL,NORMAL,NORMAL,1.0,665.0,accuracy,0.014196226797882216,0.012195876926610182,0.9587820576334286,0.01137246374411758,0.008453397794769234,0.00919620390107441,0.012186806703987255,0.9588360814369665,0.011366637786056804,0.008397738217308654,0.009212735855680696
0,VSD/ZCH0832.wav,VSD,VSD,VSD,0.0,1395.0,accuracy,0.047815202537086515,0.03341113017509198,0.033872459993021,0.08672870434537125,0.049234477563440265,0.7967532279230756,0.033246115404337154,0.034595243572837386,0.08712584547888903,0.04760277163117489,0.7974300239127616
0,NORMAL/ZCH0231.wav,NORMAL,NORMAL,NORMAL,0.0,1550.0,accuracy,0.01372139447031432,0.01205217998520363,0.9603417605355602,0.011683197522981597,0.009280976349448284,0.006641885606806371,0.01196133638022238,0.9606809251090359,0.011627170529638789,0.00913028537136877,0.006600282609734225
0,NORMAL/ZCH0446.wav,NORMAL,NORMAL,NORMAL,0.0,970.0,accuracy,0.05987268947132814,0.14229460299560825,0.7001501536178165,0.03962707778706983,0.09605017370378512,0.021877991895720223,0.13993155426093482,0.707090644166322,0.03941957923769379,0.09178079160335063,0.021777430731698893
0,NORMAL/ZCH0041.wav,NORMAL,NORMAL,NORMAL,1.0,2370.0,accuracy,0.021582913433807395,0.028129600081449123,0.92871863374346,0.01693002380765584,0.020538945554387105,0.005682796813047934,0.027759188016574808,0.9300198538728699,0.01679482623269865,0.01985021391718872,0.0055759179606677586
0,VSD/ZCH0820.wav,VSD,VSD,VSD,1.0,99.0,accuracy,0.03980161957650905,0.03202211856608411,0.07490639069243707,0.03576203116666437,0.01743096933164137,0.8398784902431731,0.03203529996983231,0.07119295175832736,0.03539018886319758,0.017718581132795005,0.8436629782758478
0,NORMAL/ZCH0160.wav,NORMAL,NORMAL,NORMAL,0.0,143.0,accuracy,0.039977499854805,0.050254874963699,0.8416973563984353,0.03486061111110983,0.05616638696670302,0.017020770560052797,0.05238817424594842,0.8344344998048971,0.035950774763290616,0.05942255986987317,0.017803991315990676
0,NORMAL/ZCH0054.wav,NORMAL,NORMAL,NORMAL,1.0,1000.0,accuracy,0.0575640819320174,0.07888767766914208,0.7398837610447521,0.05714742992048289,0.08004106562710586,0.04404006573851708,0.07745969610253332,0.7456555158919553,0.05673858850164354,0.07641093209340716,0.0437352674104607
0,NORMAL/ZCH0128.wav,NORMAL,NORMAL,NORMAL,1.0,1275.0,accuracy,0.0227123901537912,0.021168957289260732,0.9223647491225627,0.035332860647113926,0.017457584709024587,0.0036758482320380765,0.020941123859402014,0.9232530804092296,0.03510962120434492,0.0170480210546068,0.0036481534724166534
1,VSD/ZCH0776.wav,VSD,VSD,VSD,0.0,226.0,accuracy,0.19419940266106595,0.03730350568424891,0.0349651961574148,0.040091830199737194,0.03592886259628617,0.8517106053623129,0.03671498922508088,0.030416790987737547,0.03917674016273195,0.03512694686248177,0.8585645327619679
1,NORMAL/ZCH0007.wav,NORMAL,NORMAL,NORMAL,1.0,1550.0,accuracy,0.13304331764110594,0.03976023378982254,0.9074423585450455,0.022781344305636178,0.017144836723430822,0.012871226636064945,0.03703769376510799,0.91456852291961,0.021623377896640567,0.01475708509880071,0.012013320319840703
1,NORMAL/ZCH0009.wav,NORMAL,NORMAL,NORMAL,0.0,1395.0,accuracy,0.16920661142381913,0.04726137130479871,0.8727095808916597,0.03848318090684601,0.030486797771050334,0.011059069125645199,0.04362038776752355,0.8841323339568002,0.03637108055808851,0.025595741285614985,0.010280456431972675
1,NORMAL/ZCH0481.wav,NORMAL,NORMAL,NORMAL,1.0,1245.0,accuracy,0.1234975741965292,0.02269892077506522,0.9172060598856917,0.028196125826538083,0.013773228505187102,0.01812566500751788,0.021430970325817325,0.9220373556428089,0.02708238985908648,0.012187742680648907,0.01726154149163848
1,NORMAL/ZCH0106.wav,NORMAL,PFO,PFO,1.0,98.0,accuracy,0.2703709259105051,0.007516237138072314,0.45452480865199363,0.028382286057913396,0.5040508159314772,0.005525852220543412,0.008454435954787334,0.3383586597255583,0.029326942112588388,0.6175797796486059,0.00628018255846017
1,ASD/ZCH0580.wav,ASD,ASD,ASD,0.0,820.0,accuracy,0.34676336946956815,0.6226758445980791,0.021760467722508087,0.06546951084365833,0.13535460863933982,0.1547395681964147,0.624922891552552,0.0248060161476568,0.06883336818254315,0.11762606882458744,0.1638116552926606
1,NORMAL/ZCH0406.wav,NORMAL,NORMAL,NORMAL,1.0,395.0,accuracy,0.28053377066625373,0.29820041385188667,0.6304018371036194,0.04590823223484461,0.016828419783147506,0.008661097026501766,0.3046129638876835,0.6225043205074233,0.04733838951825515,0.016026633222404982,0.009517692864233132
1,VSD/ZCH0925.wav,VSD,VSD,VSD,0.0,93.0,accuracy,0.2662815644932227,0.06063141834139604,0.043406213847118,0.07123123774754915,0.05570520437218216,0.7690259256917547,0.061060179992168194,0.02907325994098535,0.06597542338531069,0.061079259578553265,0.7828118771029826
1,VSD/ZCH0771.wav,VSD,VSD,VSD,1.0,161.0,accuracy,0.18200964195249134,0.02268606812955899,0.044988663903132255,0.038882872279430894,0.030662010982511402,0.8627803847053666,0.02288716407666361,0.03472673008826936,0.03707591320203594,0.032551592821972064,0.872758599811059
1,NORMAL/ZCH0282.wav,NORMAL,NORMAL,NORMAL,1.0,2520.0,accuracy,0.12883527068985232,0.029814807050285216,0.912170926318567,0.02734056829984049,0.01789783523374197,0.01277586309756542,0.027003557896722936,0.92229347366966,0.02521090066139585,0.014437968123576195,0.011054099648645063
1,NORMAL/ZCH0107.wav,NORMAL,NORMAL,NORMAL,0.0,1395.0,accuracy,0.12424172852928674,0.014632462428699807,0.9160028219666252,0.03345311828816173,0.015707681237816854,0.02020391607869632,0.013745868144713864,0.9214312214435929,0.03197832719051148,0.013764761255016288,0.019079821966165405
1,NORMAL/ZCH0252.wav,NORMAL,NORMAL,NORMAL,1.0,3130.0,accuracy,0.15173840728594165,0.056889260422094225,0.887572480867763,0.025216027949639893,0.01740474394743639,0.01291748681306663,0.050029322275704904,0.9035735508863771,0.022642898845184875,0.013140786128679577,0.010613441864053656
1,PDA/ZCH0684.wav,PDA,ASD,ASD,0.0,1275.0,accuracy,0.2766977975361848,0.6727488319439602,0.2466651074133806,0.04852136520418012,0.012901961587003543,0.019162733851475537,0.6478703557095974,0.2740560229355267,0.048563869368962,0.01072431824487767,0.018785433741036306
1,NORMAL/ZCH0179.wav,NORMAL,NORMAL,NORMAL,1.0,485.0,accuracy,0.11847377064539812,0.016262408444838602,0.9217654967203043,0.02629303632596328,0.018723904582942656,0.016955153925951233,0.01639371324605316,0.9211543518357548,0.026619491344886746,0.0182531430207148,0.01757930055259056
1,NORMAL/ZCH0027.wav,NORMAL,NORMAL,NORMAL,1.0,760.0,accuracy,0.13003695415643257,0.025394048557070982,0.9102349593042746,0.03420041404849325,0.020894693271936833,0.009275884818224403,0.024383818203953134,0.9140495132911828,0.033413119992128565,0.019051465401953908,0.009102083110781504
1,NORMAL/ZCH0334.wav,NORMAL,NORMAL,NORMAL,1.0,515.0,accuracy,0.22147349342495648,0.051600339011731874,0.8170141897223827,0.039834127436882624,0.07194699811172572,0.019604345717277042,0.052318525870080866,0.8176828301645085,0.040721790649029206,0.068361501988131,0.020915351328250547
1,PDA/ZCH0675.wav,PDA,VSD,VSD,1.0,111.0,accuracy,0.18019509312797702,0.02023196483690036,0.0370264045649455,0.044925807341520255,0.03345975656550666,0.8643560666911273,0.02031786992227775,0.02830363861824595,0.042641958182144474,0.03552125648156555,0.8732152767957663
1,NORMAL/ZCH0480.wav,NORMAL,NORMAL,NORMAL,0.0,605.0,accuracy,0.10731166365384445,0.025431391193794263,0.9300939189113984,0.02218053114701457,0.010192606478321906,0.012101552269470977,0.02547397788960985,0.9299565386707421,0.022311645186644136,0.009861774720680769,0.012396063532323169
1,VSD/ZCH0878.wav,VSD,NORMAL,NORMAL,0.0,425.0,accuracy,0.12762882852381302,0.025934268330299128,0.9137688982619026,0.027213125551878298,0.015396172717890188,0.017687535138029845,0.026246803920697958,0.9125327991330412,0.027662557862963313,0.01507093270423437,0.018486906379063223
1,VSD/ZCH0806.wav,VSD,VSD,VSD,0.0,273.0,accuracy,0.23997917321054502,0.014710816923138635,0.053639648081536054,0.13133189902446296,0.02422925326118521,0.7760883827096772,0.01453817968318698,0.04586200658928381,0.1287093884286568,0.023626553690782426,0.7872638716080901
1,NORMAL/ZCH0379.wav,NORMAL,NORMAL,NORMAL,0.0,221.0,accuracy,0.2438916114663098,0.24368211788410976,0.7085222770018424,0.02057567953267246,0.013341576330027055,0.013878349251348227,0.27140672904562946,0.6752049963254525,0.022709382558949304,0.014744063673796878,0.01593482839617187
1,PFO/ZCH0732.wav,PFO,PFO,PFO,1.0,51.0,accuracy,0.4376883417432397,0.2899525672635921,0.08284722514359782,0.04866369981493042,0.36705825504243694,0.2114782527354428,0.2722909459367792,0.029520392145548437,0.03894097996081293,0.48739478757734567,0.17185289437951382
1,NORMAL/ZCH0020.wav,NORMAL,NORMAL,NORMAL,1.0,1185.0,accuracy,0.09441925252220203,0.01562411138081817,0.9406275901167932,0.022342837804615528,0.008014356680074351,0.013391104017698828,0.01495751228251968,0.9431413197445246,0.021671319121114103,0.007311428501017568,0.012918420350824113
1,PFO/ZCH0729.wav,PFO,ASD,ASD,0.0,46.0,accuracy,0.36577064096079237,0.5354039826386381,0.08620375461170848,0.08289027141070725,0.27853944700031674,0.016962544338629523,0.5178966226764858,0.037018358877525075,0.07013087091275574,0.36040117931217164,0.01455296822106174
1,ASD/ZCH0558.wav,ASD,ASD,ASD,1.0,455.0,accuracy,0.3157426679348988,0.7029227499767864,0.09377741707486187,0.06348225312947695,0.06450048611538367,0.07531709370349114,0.7037214825695515,0.09129077143545049,0.06426886447608655,0.059257205089223455,0.08146167642968799
1,NORMAL/ZCH0429.wav,NORMAL,NORMAL,NORMAL,0.0,820.0,accuracy,0.2827653161505349,0.16437194556441762,0.7176014685026458,0.05850533616988107,0.03010161679848017,0.029419632964575195,0.1523672937915185,0.7380081966080743,0.05632844973557326,0.02481196426743075,0.028484095597403232
1,VSD/ZCH0842.wav,VSD,VSD,VSD,1.0,2400.0,accuracy,0.3777470754931369,0.06979579533454706,0.15204587737133146,0.20217926475828182,0.02496145145307742,0.5510176110827623,0.07019787975162128,0.2093039088365116,0.21434098174443653,0.01802750571662576,0.4881297239508048
1,NORMAL/ZCH0423.wav,NORMAL,NORMAL,NORMAL,0.0,2615.0,accuracy,0.17326411693916965,0.08176201399895316,0.8612059530195522,0.02369069003024063,0.012892133739511227,0.020449209211742765,0.07184939060132883,0.8803023853508046,0.021326248540407163,0.00966682876518555,0.01685514674227389
1,NORMAL/ZCH0405.wav,NORMAL,NORMAL,NORMAL,0.0,1520.0,accuracy,0.150639787371932,0.032202294882185345,0.8921502633043112,0.039497309339967035,0.020301690175506697,0.015848442298029702,0.029782790611294793,0.9010161969083489,0.0373132983588029,0.017185875927431687,0.01470183819412174
1,NORMAL/ZCH0070.wav,NORMAL,NORMAL,NORMAL,1.0,350.0,accuracy,0.15198073225325448,0.024291519863321245,0.8911405999913677,0.043154026100122006,0.021206064886777565,0.02020778915841146,0.026187696515997214,0.8828823170411814,0.046298304953831936,0.02255737900265029,0.022074302486339143
1,VSD/ZCH0938.wav,VSD,NORMAL,NORMAL,0.0,2065.0,accuracy,0.13729639910336466,0.047308995725799656,0.9012807823868312,0.028163669183141532,0.010203107571401762,0.013043445132825949,0.04307555476091728,0.9110514568885442,0.026139402878284063,0.00830865662949524,0.011424928842759283
1,VSD/ZCH0838.wav,VSD,VSD,VSD,1.0,395.0,accuracy,0.17682473966906143,0.024964785980637217,0.026688736377489593,0.03832059180602175,0.04178595411423249,0.868239931721619,0.024033221225664085,0.02514993731102815,0.03710989931040004,0.038488139455474225,0.8752188026974335
1,NORMAL/ZCH0184.wav,NORMAL,NORMAL,NORMAL,1.0,1790.0,accuracy,0.17219004003636978,0.08275103998969811,0.8602169749740808,0.017053142004724003,0.031703157024441854,0.008275686007055272,0.0752876546872193,0.8755064305967405,0.015898856483815723,0.025812359759135647,0.007494698473088786
1,ASD/ZCH0619.wav,ASD,ASD,ASD,0.0,286.0,accuracy,0.22566176855902245,0.8099347356604122,0.021423881071267102,0.05978637440779666,0.07947933520492743,0.029375673655596617,0.8128154436597227,0.018798176202293394,0.059536313930192555,0.07866355981807693,0.030186506389714426
1,VSD/ZCH0767.wav,VSD,VSD,VSD,1.0,271.0,accuracy,0.21395705726656167,0.03899611505725367,0.03567373547999411,0.05583546282090496,0.03945688761298095,0.8300377990288663,0.0384408832050995,0.03089679127280079,0.05463045432337196,0.0384409634998185,0.8375909076989093
1,NORMAL/ZCH0120.wav,NORMAL,NORMAL,NORMAL,0.0,1125.0,accuracy,0.13461484462047843,0.02373777255629694,0.9070540820945008,0.035648680549369274,0.016504617023530097,0.01705484777630293,0.022409644750445764,0.9124270817627885,0.03428525397284082,0.014575366367288461,0.01630265314663636
1,NORMAL/ZCH0163.wav,NORMAL,NORMAL,NORMAL,1.0,121.0,accuracy,0.11489131739452065,0.01835304193862113,0.9243800043147834,0.025812050348110016,0.020121018849200104,0.011333884549285323,0.02151480963865981,0.9115408675366092,0.02919206387870756,0.024421132799364833,0.013331126146658634
1,NORMAL/ZCH0178.wav,NORMAL,NORMAL,NORMAL,1.0,820.0,accuracy,0.1407982952565092,0.029575737298810217,0.9001098737442295,0.041339662740145534,0.013703236029219835,0.01527149018759485,0.028217698387678847,0.9043680367747896,0.04019324159584775,0.012331563959192457,0.014889459282491205
1,NORMAL/ZCH0083.wav,NORMAL,NORMAL,NORMAL,1.0,1215.0,accuracy,0.13691774852668337,0.04265223151951864,0.9039184015838236,0.02061799661345856,0.01567385695487805,0.017137513328321096,0.04010824064295323,0.9101180592207465,0.019760366337531303,0.013730485482611169,0.01628284831615781
1,ASD/ZCH0553.wav,ASD,ASD,ASD,0.0,80.0,accuracy,0.32991645858305807,0.633861283784657,0.03481631411452641,0.05699666656580999,0.21896346378761306,0.055362271747393714,0.6135144164179049,0.016405085566299084,0.048936314338554644,0.27330243897376794,0.04784174470347344
1,NORMAL/ZCH0212.wav,NORMAL,NORMAL,NORMAL,0.0,2220.0,accuracy,0.21367016273414366,0.1464459274347262,0.7962478345893749,0.026000721048361916,0.015188297759371222,0.016117219168165792,0.12795193236915237,0.8243736191778698,0.023404805481137603,0.011082802237785737,0.013186840734054501
1,NORMAL/ZCH0495.wav,NORMAL,NORMAL,NORMAL,0.0,910.0,accuracy,0.14318848568823653,0.04629720618253837,0.8965678273712103,0.027175557637041187,0.02165275554431626,0.008306653264893936,0.04399848219903889,0.9023000257009681,0.02633207142060326,0.019320872180946278,0.008048548498443485
1,NORMAL/ZCH0363.wav,NORMAL,NORMAL,NORMAL,1.0,2645.0,accuracy,0.1633649205442275,0.07130045974083542,0.8737028270369469,0.02043122941960078,0.015592763857082206,0.01897271994553483,0.06298956611322379,0.8909283707236344,0.01846432805162211,0.011850695613528375,0.01576703949799133
1,NORMAL/ZCH0300.wav,NORMAL,NORMAL,NORMAL,1.0,910.0,accuracy,0.14273376947815658,0.04823318236196389,0.8964969579368851,0.024193691030575844,0.023423827489603304,0.007652341180971885,0.04585375507540158,0.9023680143516744,0.023449199334438616,0.02091242565129561,0.007416605587189964
1,NORMAL/ZCH0396.wav,NORMAL,NORMAL,NORMAL,0.0,1305.0,accuracy,0.23741114261660076,0.05362779446980775,0.7919852501253745,0.0317894249171841,0.10190433254072616,0.020693197946907622,0.04900489840310047,0.8198567857570213,0.030027785956440147,0.08193548434227782,0.019175045541160368
1,VSD/ZCH0830.wav,VSD,VSD,VSD,0.0,26.0,accuracy,0.32456909839820786,0.11848883292149119,0.03085537676300646,0.10387508221807595,0.0695990172397522,0.6771816908576742,0.12780650263967555,0.016051158698279635,0.099426292341575,0.097723900496192,0.6589921458242778
1,NORMAL/ZCH0312.wav,NORMAL,NORMAL,NORMAL,0.0,1030.0,accuracy,0.1979320118719058,0.05651759332680598,0.8451365961720949,0.041503948380732195,0.03577572607332388,0.021066136047043015,0.052548788733013475,0.857480585480862,0.03965012419827182,0.0302980978205789,0.02002240376727369
1,NORMAL/ZCH0474.wav,NORMAL,NORMAL,NORMAL,0.0,1975.0,accuracy,0.15013561740571846,0.03875231065952629,0.8930039051657335,0.030548342930022468,0.018179774594041246,0.01951566665067639,0.03513383202634546,0.9049604340474923,0.02828181196209335,0.014626725783218162,0.016997196180850844
1,NORMAL/ZCH0482.wav,NORMAL,NORMAL,NORMAL,1.0,731.0,accuracy,0.18377337063967694,0.05686423955884847,0.8578299918497879,0.04479927219090847,0.02180139949819232,0.01870509690226283,0.053934879391530584,0.864961187217366,0.043539264118288776,0.019249957947507453,0.01831471132530721
1,ASD/ZCH0572.wav,ASD,PFO,PFO,1.0,79.0,accuracy,0.2961272940078298,0.19364372943259117,0.0875769884260219,0.01519538800097457,0.6776533604614637,0.025930533678948486,0.17164379342201247,0.04066919611161632,0.012095074385538054,0.7548286266354747,0.020763309445358345
1,NORMAL/ZCH0067.wav,NORMAL,NORMAL,NORMAL,1.0,203.0,accuracy,0.12276429669160266,0.028175216763408353,0.9175075385602037,0.020839509245474497,0.022449466793484123,0.011028268637429211,0.030315766723364466,0.9112223780354066,0.022317962560184052,0.02408609616590596,0.012057796515138865
1,VSD/ZCH0814.wav,VSD,VSD,VSD,1.0,96.0,accuracy,0.15323328940496403,0.02288148845578481,0.022746017602368176,0.029104085697623787,0.03407678259442069,0.8911916256498025,0.02286026468958933,0.01797936556397006,0.02771074956233701,0.03574252297703771,0.895707097207066
1,ASD/ZCH0568.wav,ASD,PFO,PFO,0.0,97.0,accuracy,0.14869664255031861,0.023363059024934196,0.048720467763509585,0.024181976925959633,0.8921068766188168,0.011627619666779882,0.022636326689397378,0.037612691349626796,0.02236087746048597,0.9060592697569139,0.01133083474357594
1,NORMAL/ZCH0200.wav,NORMAL,NORMAL,NORMAL,0.0,970.0,accuracy,0.10057791697659527,0.01793833852252748,0.9356197449849585,0.02392003437323866,0.014554856971206658,0.007967025148068766,0.017244331663287236,0.9383252318350577,0.02331191524169912,0.013364345391915325,0.007754175868040766
1,NORMAL/ZCH0142.wav,NORMAL,NORMAL,NORMAL,1.0,2310.0,accuracy,0.1069327958431548,0.02037022573241943,0.9308959469364178,0.02376964329779618,0.013502947391111266,0.011461236642255387,0.018803663633786452,0.9373334966915171,0.02227144079254849,0.01136938492665837,0.010222013955489384
1,NORMAL/ZCH0432.wav,NORMAL,NORMAL,NORMAL,1.0,2370.0,accuracy,0.13645034512545054,0.06550927224130107,0.8962633123392448,0.021555016848720333,0.007975022361364305,0.008697376209369539,0.05923545786738863,0.9069795072872656,0.01986514701156466,0.006403033014548116,0.007516854819233011
1,NORMAL/ZCH0025.wav,NORMAL,NORMAL,NORMAL,0.0,1000.0,accuracy,0.3224202123139152,0.08191462819965298,0.6697265904342005,0.029297384339578354,0.15933817009900764,0.059723226927560547,0.07575163712329942,0.7117046945036484,0.02831339901663052,0.12687597391375566,0.057354295442666105
1,VSD/ZCH0873.wav,VSD,ASD,ASD,0.0,1550.0,accuracy,0.45542337844202924,0.3019422041086313,0.05446807412635885,0.25605177008414765,0.27916915672662096,0.10836879495424136,0.31179892644141904,0.07364971444702023,0.2819513755280895,0.2199429709736703,0.11265701260980088
1,NORMAL/ZCH0263.wav,NORMAL,NORMAL,NORMAL,1.0,289.0,accuracy,0.11807004338223208,0.0349852725299424,0.918810559588848,0.027241392509941433,0.013244231436247738,0.0057185439350204295,0.03730916039155592,0.9135634530789267,0.02893388805781375,0.014019721947450983,0.006173776524252686
1,PFO/ZCH0704.wav,PFO,ASD,ASD,1.0,209.0,accuracy,0.3039781238966541,0.6882043883908343,0.01725818229126906,0.04267110496423635,0.15147078447385673,0.10039553987980365,0.6887373185439851,0.014183449235588574,0.04221564020415472,0.15038538822117936,0.10447820379509216
1,VSD/ZCH0765.wav,VSD,VSD,VSD,0.0,237.0,accuracy,0.2461248903625681,0.029565180333601473,0.036946762440462785,0.07239720925941914,0.07193424251705191,0.7891566054494648,0.029072002244839787,0.0311277465136554,0.07055314750507698,0.07004999461502526,0.7991971091214026
1,NORMAL/ZCH0421.wav,NORMAL,NORMAL,NORMAL,1.0,1700.0,accuracy,0.2823541171393054,0.10988032395513893,0.7381841168320025,0.050106870029461154,0.07422776257295768,0.027600926610439808,0.09693542441433887,0.7779148898218595,0.046007384345856106,0.054871204561558556,0.024271096856387012
1,VSD/ZCH0895.wav,VSD,VSD,VSD,1.0,285.0,accuracy,0.18751997307928786,0.019166213117030637,0.04066212805631934,0.04414610348058434,0.03935365678481343,0.8566718985612523,0.018938173378119386,0.035931317995569076,0.043340789461352065,0.03844302424873611,0.8633466949162234
1,NORMAL/ZCH0399.wav,NORMAL,NORMAL,NORMAL,1.0,820.0,accuracy,0.14490224955460787,0.026453505152250256,0.8987324595035836,0.031504391964101965,0.01824265505879047,0.025066988321273864,0.02521167954260072,0.9033736483438106,0.03061461251190407,0.016371011881984573,0.024429047719700055
1,VSD/ZCH0773.wav,VSD,VSD,VSD,1.0,231.0,accuracy,0.19852350295210483,0.03210331356719612,0.030275844749075843,0.05345964570787806,0.03817769796491183,0.8459834980109382,0.03158432782701164,0.026273235866295944,0.05221288939669642,0.03728785251819617,0.8526416943917999
1,VSD/ZCH0874.wav,VSD,VSD,VSD,0.0,1760.0,accuracy,0.4452255641320149,0.3058402800902441,0.06120745640627216,0.22761916988477354,0.07687917031102522,0.3284539233076851,0.301919918942129,0.08049059622106133,0.23934659602654412,0.05710968226043711,0.3211332065498285
1,NORMAL/ZCH0467.wav,NORMAL,NORMAL,NORMAL,0.0,425.0,accuracy,0.10104683674495948,0.012848259879603162,0.9348097265697142,0.029275617752469243,0.011954230777014942,0.011112165021198606,0.012974603613147923,0.9340898984578421,0.02966669875952575,0.011757396315406638,0.011511402854077564
1,VSD/ZCH0821.wav,VSD,VSD,VSD,1.0,188.0,accuracy,0.1996080740191631,0.049065700726021844,0.021584626606169485,0.045087262693995725,0.04012873169214233,0.8441336782816706,0.04810437655381939,0.01853564099896669,0.04386164133332871,0.03921852482951505,0.8502798162843701
1,VSD/ZCH0879.wav,VSD,VSD,VSD,0.0,1975.0,accuracy,0.28458927848581395,0.030158217772434652,0.09974858363564539,0.06810610080925215,0.06294233245992295,0.739044765322745,0.03143805840452744,0.1284113281769165,0.07387027750040108,0.052320530581216204,0.7139598053369388
1,NORMAL/ZCH0415.wav,NORMAL,NORMAL,NORMAL,0.0,2825.0,accuracy,0.18437224504072128,0.09483725286597015,0.846825675097021,0.02259634218936018,0.019769215773623693,0.015971514074025125,0.08238262114982656,0.8701915368624064,0.02013671311977895,0.014406035281625831,0.012883093586362302
1,ASD/ZCH0543.wav,ASD,VSD,VSD,1.0,545.0,accuracy,0.3154061633546527,0.19510019492636804,0.027061762514610843,0.08091362070179428,0.03665867790581088,0.6602657439514159,0.18664917037735562,0.02552951778276763,0.0783392234713993,0.03187026608527989,0.6776118222831976
1,ASD/ZCH0648.wav,ASD,NORMAL,NORMAL,1.0,1945.0,accuracy,0.2396353840972261,0.08137039146814373,0.7981627590802538,0.041091787197432186,0.03925609495520809,0.04011896729896203,0.07101280533250597,0.8306758134344653,0.037079385422376786,0.028353606878293715,0.032878388932358296
1,NORMAL/ZCH0320.wav,NORMAL,NORMAL,NORMAL,0.0,2430.0,accuracy,0.1432323003415988,0.03557538292693944,0.8988723758597973,0.032074746502493694,0.013280475718665526,0.02019701899210412,0.03197590816575507,0.910804692163476,0.029410842568666832,0.010519783999021367,0.017288773103080725
1,NORMAL/ZCH0509.wav,NORMAL,NORMAL,NORMAL,1.0,3315.0,accuracy,0.23135517998031424,0.06323735099522809,0.8070691078253633,0.06250608341323541,0.0218814333673933,0.045306024398779794,0.052625520433461775,0.8455806097407254,0.05368860341071456,0.01432844260131198,0.03377682381378637
1,NORMAL/ZCH0342.wav,NORMAL,NORMAL,NORMAL,0.0,3800.0,accuracy,0.1126670147060494,0.01809934470889465,0.9259117709237881,0.02619936161020308,0.020237894216061942,0.009551628541052348,0.01621362320328718,0.9359228741767679,0.023827411995923562,0.01599001841708037,0.008046072206941144
1,NORMAL/ZCH0010.wav,NORMAL,NORMAL,NORMAL,1.0,1275.0,accuracy,0.15937288187006213,0.03753063347757451,0.8847501923680193,0.03259117357168008,0.017351253222841537,0.02777674735988461,0.03489416909434597,0.8932110118379755,0.03098217094482916,0.014821097533645406,0.026091550589204093
1,NORMAL/ZCH0527.wav,NORMAL,ASD,ASD,0.0,1155.0,accuracy,0.36363757337989616,0.5163614273770653,0.29138207280266276,0.1323191283190281,0.04505233318055803,0.014885038320685946,0.4892329138014224,0.3288286124035485,0.13183398523278542,0.03554877971062611,0.01455570885161766
1,NORMAL/ZCH0053.wav,NORMAL,NORMAL,NORMAL,0.0,365.0,accuracy,0.14047861472086154,0.02345924120751693,0.9006932247079025,0.04286261074087135,0.013755409528963912,0.01922951381474515,0.025137780325842025,0.893741777775454,0.045728249682194064,0.01454617550045015,0.020846016716059852
1,NORMAL/ZCH0488.wav,NORMAL,NORMAL,NORMAL,0.0,2125.0,accuracy,0.1312839155785097,0.016428154792918613,0.9097928815343876,0.03306119321423656,0.026999752149349784,0.013718018309107339,0.015007462625963246,0.9200381293080582,0.030760517640278956,0.02213345793803538,0.012060432487664348
1,ASD/ZCH0623.wav,ASD,NORMAL,NORMAL,1.0,336.0,accuracy,0.2941989696832576,0.13472215784779343,0.7161035771456378,0.05762731460902032,0.06571394164062018,0.025833008756928226,0.1515312398686595,0.682281428121922,0.06420402233989402,0.07214203042527859,0.029841279244245993
1,NORMAL/ZCH0510.wav,NORMAL,NORMAL,NORMAL,0.0,2825.0,accuracy,0.21907127559527664,0.10442542414074454,0.8092126809770561,0.04412966849126437,0.013646399329734531,0.028585827061200393,0.08885976188569329,0.8407322477872088,0.0387089352422349,0.009424435152322096,0.022274619932540936
1,VSD/ZCH0778.wav,VSD,VSD,VSD,1.0,365.0,accuracy,0.19027617807186328,0.026800365959794542,0.037691897757687484,0.032341709728204264,0.048479745377273877,0.8546862811770399,0.026567429480156186,0.033670307552219676,0.03187049241567243,0.047206038611658646,0.8606857319402932
1,NORMAL/ZCH0338.wav,NORMAL,NORMAL,NORMAL,1.0,3375.0,accuracy,0.1361360850841986,0.03329760786760511,0.9058292491664955,0.026296394804308884,0.013945599119255973,0.020631149042334537,0.0294623170883745,0.9190418857443564,0.02370375867111313,0.010701654813474628,0.017090383682681363
1,NORMAL/ZCH0124.wav,NORMAL,NORMAL,NORMAL,1.0,1275.0,accuracy,0.10250394135838982,0.015432589705447248,0.9347454403366289,0.02280482684512647,0.013990870482274152,0.01302627263052338,0.014690448795737046,0.9381958920507806,0.022020457388213253,0.012611335853941474,0.012481865911327694
1,NORMAL/ZCH0189.wav,NORMAL,NORMAL,NORMAL,1.0,365.0,accuracy,0.14388968017455053,0.02748066004428732,0.8974007041898575,0.03295291799454216,0.03359922427628264,0.008566493495030466,0.02949937903652587,0.8903973256205362,0.03521488535838946,0.035582624444144374,0.009305785540403958
1,VSD/ZCH0906.wav,VSD,VSD,VSD,1.0,183.0,accuracy,0.4163645746158216,0.25927232578109094,0.02235361841703281,0.11185258215818562,0.16705279518095323,0.4394686784627374,0.2547709610708267,0.016634649694392784,0.10813095641448717,0.16324740956539754,0.4572160232548958
1,NORMAL/ZCH0138.wav,NORMAL,NORMAL,NORMAL,0.0,1215.0,accuracy,0.10728754215454918,0.010690790591134832,0.9298569472145952,0.028899117728696723,0.0191050517040423,0.01144809276153094,0.01017549190991225,0.9337187771970442,0.027919011115487766,0.01720178159968596,0.010984938177869743
1,NORMAL/ZCH0119.wav,NORMAL,NORMAL,NORMAL,0.0,395.0,accuracy,0.25641299177672333,0.257247752821573,0.6855920935353371,0.025715006942111165,0.026070713504291736,0.005374433196687058,0.26301626922744853,0.6795897583670699,0.02651852683591747,0.025001159252287943,0.005874286317275936
1,NORMAL/ZCH0339.wav,NORMAL,NORMAL,NORMAL,1.0,1825.0,accuracy,0.13610754236018202,0.05424411281757524,0.8999451059784562,0.02703076394176112,0.008369682287790284,0.010410334974417092,0.05002744597373891,0.9079345730586629,0.025415969237778144,0.007063515499399153,0.009558496230420823
1,NORMAL/ZCH0166.wav,NORMAL,NORMAL,NORMAL,1.0,359.0,accuracy,0.4274758124620969,0.20006814271614975,0.4545609793584854,0.12423662971881322,0.18221725267538227,0.038916995531169334,0.22293205294789814,0.40029006428019237,0.1365845052546454,0.19523819871931578,0.04495517879794813
1,NORMAL/ZCH0158.wav,NORMAL,PFO,PFO,0.0,192.0,accuracy,0.35955145200248956,0.1193801861782283,0.37096836675676825,0.035478464762076,0.46006794711108917,0.014105035191838405,0.1299272269476683,0.3183681591961183,0.03807899799223094,0.4975158624720088,0.016109753391973732
1,PFO/ZCH0736.wav,PFO,ASD,PFO,1.0,47.0,accuracy,0.36839807593907775,0.44549724008562375,0.01691627801881118,0.06254262174386432,0.3857006298522049,0.08934323029949598,0.4036629262549025,0.006768165129071686,0.04952118379919884,0.4683211270700101,0.07172659774681689
1,VSD/ZCH0824.wav,VSD,VSD,VSD,0.0,233.0,accuracy,0.21612736985420383,0.030067593037579558,0.04088374414002478,0.04587769704922369,0.055949798189305476,0.8272211675838665,0.029597426216883438,0.03511564168651238,0.04480377439115631,0.05462874852302636,0.8358544091824216
1,ASD/ZCH0614.wav,ASD,PDA,NORMAL,1.0,1640.0,accuracy,0.42675884700625955,0.06727047639994944,0.3542207554543832,0.3810499883160697,0.10453284561968819,0.09292593420990941,0.06083133778254361,0.41640957197927714,0.3660120012886846,0.07275326527221619,0.08399382367727852
1,NORMAL/ZCH0092.wav,NORMAL,NORMAL,NORMAL,1.0,820.0,accuracy,0.12458209270915677,0.03537985115967739,0.9132019724817565,0.032222673027185775,0.009763129316315117,0.00943237401506534,0.03392126548303388,0.9165567120271377,0.031414725838654255,0.00888870440423281,0.009218592246941333
1,NORMAL/ZCH0517.wav,NORMAL,NORMAL,NORMAL,0.0,203.0,accuracy,0.13700769695203543,0.03526075966604865,0.9049699460030978,0.025992501406734883,0.016320804861463756,0.017455988062654824,0.038213079160253564,0.8968750723428578,0.028021939794205083,0.017631004809007592,0.019258903893676
1,ASD/ZCH0642.wav,ASD,ASD,ASD,0.0,2190.0,accuracy,0.11925988254177022,0.9206104767623253,0.026277214424303245,0.019392945935735907,0.011073752510463017,0.022645610367172365,0.9196357044073632,0.028835909882079052,0.01969754087581825,0.01001075888385454,0.021820085950885113
1,PFO/ZCH0722.wav,PFO,NORMAL,NORMAL,1.0,136.0,accuracy,0.26398786652645057,0.0354772551807674,0.727120175064691,0.057185840441316076,0.17397253151602393,0.006244197797201718,0.04590488214880275,0.6345527625911178,0.06815411475918241,0.24325815416805516,0.008130086332841815
1,NORMAL/ZCH0518.wav,NORMAL,NORMAL,NORMAL,0.0,220.0,accuracy,0.2205806958333805,0.13366656365033647,0.794639802949959,0.03563607329773883,0.027517619145447487,0.008539940956518294,0.14932613510338455,0.7708532703690182,0.03948476102823919,0.030528563520102362,0.00980726997925575
1,NORMAL/ZCH0150.wav,NORMAL,NORMAL,NORMAL,1.0,2460.0,accuracy,0.15711905971379478,0.04855949778888759,0.8854927574092473,0.025978553725960675,0.018934461518404614,0.02103472955749989,0.043265582721265315,0.9006503982946202,0.023658769784994912,0.01467388143847862,0.017751367760640985
1,VSD/ZCH0853.wav,VSD,VSD,VSD,0.0,395.0,accuracy,0.1738318488006411,0.02595347811286369,0.026764525690902752,0.03561607568409893,0.040199404089050726,0.8714665164230839,0.024996406730346702,0.025241974011486805,0.03450308715655739,0.037071388406210604,0.8781871436953985
1,NORMAL/ZCH0384.wav,NORMAL,NORMAL,NORMAL,1.0,4195.0,accuracy,0.19280902011613082,0.035551538823765425,0.844923305052377,0.07816731419913887,0.021463410132490597,0.019894431792228048,0.02959640868319006,0.8746648119578387,0.06674926747587838,0.014242814918678421,0.014746696964414488
1,NORMAL/ZCH0016.wav,NORMAL,NORMAL,NORMAL,1.0,1095.0,accuracy,0.13383897300448083,0.02516309508749144,0.9073601750866502,0.03197892911164296,0.01026240041224298,0.025235400301972157,0.02377974486234935,0.9121881751134994,0.030783046654785866,0.009084742797003822,0.02416429057236172
1,VSD/ZCH0764.wav,VSD,VSD,VSD,1.0,243.0,accuracy,0.17423452897996805,0.021229854390107477,0.04483324020666867,0.030376056113844772,0.033144576599710804,0.8704162726896683,0.020957266159263452,0.039699582099906594,0.02979747548643423,0.03247891261794686,0.8770667636364489
1,ASD/ZCH0539.wav,ASD,NORMAL,NORMAL,0.0,185.0,accuracy,0.276599759308664,0.01040586882343454,0.614583127446579,0.04114841262118975,0.32352312979544984,0.010339461313346957,0.011623238207406206,0.5709698751224621,0.04546790904203366,0.3599456120709551,0.01199336555714289
1,ASD/ZCH0600.wav,ASD,ASD,ASD,1.0,970.0,accuracy,0.24468152538322038,0.7803805780395897,0.06859907699892014,0.034630329974637074,0.10203144167038529,0.014358573316467888,0.7817241661672915,0.07617341228514846,0.035866045039918755,0.09141340799157587,0.014822968516065594
1,NORMAL/ZCH0176.wav,NORMAL,NORMAL,NORMAL,1.0,1095.0,accuracy,0.122751551520896,0.02656687028703858,0.9178928556678908,0.024480450431210592,0.014358578142428125,0.016701245471431977,0.025221077915805447,0.9222561837002027,0.023636550491846847,0.01283826185626865,0.0160479260358764
1,NORMAL/ZCH0261.wav,NORMAL,NORMAL,NORMAL,1.0,455.0,accuracy,0.1593654041267903,0.04706911504636808,0.8837481949233074,0.025136970305558535,0.026055615652362196,0.017990104072403958,0.04767236246454566,0.8825093584187187,0.025603190623108524,0.025269572338097616,0.018945516155529342
1,ASD/ZCH0577.wav,ASD,PFO,PFO,0.0,68.0,accuracy,0.4108841767416023,0.319440638125454,0.03494389331693329,0.1245694989208411,0.42981379636793193,0.0912321732688397,0.2872090572030085,0.01275097465100677,0.09643367501394293,0.5322270134602465,0.07137927967179536
1,ASD/ZCH0575.wav,ASD,ASD,ASD,1.0,790.0,accuracy,0.25469114169670265,0.7744803271813718,0.07705584098395649,0.056484544250095206,0.0759337314895547,0.01604555609502189,0.7725761088635967,0.08416111011437019,0.05829600650492355,0.06829374093514369,0.01667303358196596
1,VSD/ZCH0803.wav,VSD,VSD,VSD,1.0,1095.0,accuracy,0.45883500486426737,0.29458182613402595,0.07736555628544285,0.21368051688305803,0.09581511225431152,0.3185569884431615,0.28664293534121144,0.09306181309165903,0.22148377492841517,0.07452073391370376,0.32429074272501063
1,NORMAL/ZCH0494.wav,NORMAL,NORMAL,NORMAL,1.0,1790.0,accuracy,0.19561950073786982,0.03479341842526615,0.8498441553315399,0.04449723711896819,0.04016088472562121,0.03070430439860459,0.031294715143639476,0.8682421057198301,0.04114925310079885,0.031841256416513364,0.0274726696192182
1,NORMAL/ZCH0479.wav,NORMAL,NORMAL,NORMAL,1.0,910.0,accuracy,0.16204872205756818,0.03929778802663433,0.8821069777387555,0.035080036648159785,0.024387998210881053,0.019127199375569493,0.037121684171381154,0.889085394747645,0.03387293149664163,0.021451683350359733,0.018468306233972522
1,PFO/ZCH0726.wav,PFO,PFO,PFO,1.0,48.0,accuracy,0.35627332212161733,0.3706895266760866,0.031184521987969834,0.09680858062743108,0.4765729202381871,0.02474445047032542,0.32974940073659625,0.012588603799368337,0.07559098612008108,0.5624938824479209,0.019577126896033525
1,NORMAL/ZCH0082.wav,NORMAL,NORMAL,NORMAL,1.0,1335.0,accuracy,0.1922594616668911,0.049675673916166944,0.8474520304005834,0.015840476295933312,0.0629819373873899,0.024049881999926487,0.045741130647571605,0.8646876973480172,0.014983165383324603,0.0522150876064305,0.022372919014656246
1,PFO/ZCH0731.wav,PFO,PFO,PFO,1.0,3.0,accuracy,0.34681054387425736,0.06626043054539205,0.43218622343337976,0.05002598349542356,0.4367450345181627,0.014782328007642008,0.07333992918900038,0.21618021150501987,0.04868082342867118,0.6470504839785285,0.014748551898780153
1,NORMAL/ZCH0125.wav,NORMAL,NORMAL,NORMAL,0.0,1855.0,accuracy,0.2736489201778564,0.11728874382625906,0.7454265579023917,0.0422670317689325,0.07155529333929574,0.02346237316312096,0.10222237071465362,0.7899039108950702,0.03826827881162481,0.050495378758546365,0.01911006082010502
1,NORMAL/ZCH0370.wav,NORMAL,NORMAL,NORMAL,1.0,1275.0,accuracy,0.11113027580689269,0.02415859113149892,0.9272447669080831,0.02324435820500607,0.010293909348355862,0.0150583744070562,0.022905944028832885,0.9311310755247806,0.02238306209961324,0.009199923669251354,0.014379994677521863
1,NORMAL/ZCH0306.wav,NORMAL,NORMAL,NORMAL,0.0,2920.0,accuracy,0.14005430444986955,0.02711144634426633,0.9010952292992551,0.04087156485693148,0.012843621111782501,0.018078138387764613,0.024136814649215958,0.9135988018304301,0.03709862780065633,0.009982788050779274,0.015182967668918489
1,NORMAL/ZCH0272.wav,NORMAL,NORMAL,NORMAL,1.0,187.0,accuracy,0.1761253354386943,0.08440853316222698,0.8570369610982741,0.02743924943327717,0.021290388663852074,0.00982486764236979,0.09323532835091644,0.8420950304453771,0.030101201634198094,0.023453456049119702,0.011114983520388675
1,PFO/ZCH0750.wav,PFO,PFO,PFO,1.0,125.0,accuracy,0.28101371091314103,0.2381722849356414,0.01864882651737132,0.02737267796015923,0.6770345677371841,0.038771642849643975,0.22658433722163884,0.011634054542075016,0.023854091008227874,0.7007538005468764,0.03717371668118187
1,NORMAL/ZCH0426.wav,NORMAL,NORMAL,NORMAL,0.0,820.0,accuracy,0.13032293329340716,0.02297151442875427,0.9113111907998958,0.02862916674771689,0.023687718150853524,0.013400409872779644,0.021998733118736406,0.9155185039897958,0.0279001644670507,0.021489651303880752,0.013092947120536158
1,ASD/ZCH0590.wav,ASD,ASD,ASD,0.0,351.0,accuracy,0.3958226278148179,0.4964803496261523,0.11931574781282332,0.11265346228037217,0.2509864570253749,0.02056398325527742,0.513354663836001,0.09903027737960951,0.11502705590038824,0.2505847345088244,0.02200326837517674
1,VSD/ZCH0858.wav,VSD,VSD,VSD,0.0,695.0,accuracy,0.17942321533836753,0.02516087876789954,0.032013508380500176,0.04032985379631747,0.036435996129715265,0.8660597629255676,0.024477445029278636,0.031264588153807685,0.03952581899694334,0.033282082618547246,0.8714500652014231
1,NORMAL/ZCH0144.wav,NORMAL,NORMAL,NORMAL,0.0,1000.0,accuracy,0.15109484141591642,0.036561932649585474,0.892233141854678,0.03280629382433895,0.01702483089939174,0.02137380077200569,0.034493299875101774,0.8984124835024788,0.03159576139711738,0.014974117589443092,0.020524337635858973
1,NORMAL/ZCH0372.wav,NORMAL,NORMAL,NORMAL,1.0,1060.0,accuracy,0.2774073905918774,0.11322037747626744,0.7431843858823233,0.07194202347269979,0.0270564400805738,0.0445967730881357,0.10294906515223755,0.7658047888765398,0.0679557175290291,0.02153823711603964,0.04175219132615399
1,NORMAL/ZCH0460.wav,NORMAL,NORMAL,NORMAL,1.0,485.0,accuracy,0.12690563573279506,0.022078991959424626,0.9137901388840566,0.03314435510432021,0.014078871661020809,0.01690764239117775,0.02226395183595061,0.9128930668275086,0.033576233026810884,0.013696323597209188,0.017570424712520627
1,NORMAL/ZCH0410.wav,NORMAL,NORMAL,NORMAL,1.0,695.0,accuracy,0.25662924508361473,0.2427477461002376,0.6971251331410626,0.023033871760584475,0.02688664863961054,0.010206600358504708,0.24219097636329304,0.6993832063592771,0.02322558248908436,0.024513524893769633,0.010686709894575876
1,NORMAL/ZCH0507.wav,NORMAL,NORMAL,NORMAL,1.0,214.0,accuracy,0.1396161045561592,0.02672215803819488,0.9027047878729302,0.03147157418793451,0.026456083260233368,0.012645396640706866,0.02897366229179426,0.8945549054890202,0.03394459090424969,0.028570764336931117,0.013956076978004795
1,ASD/ZCH0646.wav,ASD,ASD,ASD,0.0,2155.0,accuracy,0.12768338896223883,0.9059773967709246,0.05873042803514226,0.016698879133618116,0.0077191566131791485,0.010874139447135911,0.9012237540016275,0.0645455725310509,0.016909913128025592,0.006905986810387077,0.01041477352890906
1,ASD/ZCH0629.wav,ASD,NORMAL,NORMAL,0.0,180.0,accuracy,0.3359986885072407,0.0830367451507891,0.6594862052176163,0.11983100138700038,0.10685999697981594,0.030786051264778458,0.11171319822239717,0.5440084641853937,0.14532220021326336,0.15742444926077528,0.04153168811817032
1,ASD/ZCH0602.wav,ASD,ASD,ASD,1.0,182.0,accuracy,0.397358499750381,0.5059044311544035,0.027976273840944678,0.17914110011352485,0.07807745428149443,0.20890074060963254,0.5180937371925133,0.016075692145876137,0.1622749858728629,0.08898388553703618,0.2145716992517115
1,NORMAL/ZCH0100.wav,NORMAL,NORMAL,NORMAL,0.0,2005.0,accuracy,0.15727599914900978,0.034071352078905055,0.8869005544902717,0.03069203057364963,0.0314016113008837,0.016934451556289705,0.030778070364932002,0.9012183888551923,0.028340273698724466,0.02500705802972691,0.014656209051424314
1,VSD/ZCH0894.wav,VSD,VSD,VSD,0.0,271.0,accuracy,0.257425782023331,0.06553877658203515,0.02001116230325483,0.0699698902206553,0.07065579244504433,0.7738243784490104,0.06440579084891668,0.01682954217071383,0.06814448490406894,0.06846009898773889,0.7821600830885617
1,PFO/ZCH0686.wav,PFO,NORMAL,NORMAL,1.0,2095.0,accuracy,0.18227601726500223,0.07071326630022828,0.857531273716093,0.025657310956847194,0.021004613795680357,0.02509353523115119,0.06284011730954966,0.8765317798743008,0.02338801447832837,0.01607735809377711,0.021162730244044168
1,ASD/ZCH0545.wav,ASD,VSD,VSD,0.0,425.0,accuracy,0.29568366393357165,0.1957597801281411,0.015080862690273861,0.07735384290710043,0.03159691065515169,0.6802086036193329,0.18631195150392285,0.013916458782237004,0.07437510000822402,0.027837279917399073,0.6975592097882171
1,VSD/ZCH0931.wav,VSD,VSD,VSD,0.0,1425.0,accuracy,0.22306746127144078,0.023518392649451852,0.03599471855745953,0.07537068599872149,0.0496057501581893,0.8155104526361778,0.023331014824315374,0.04044862992728731,0.07714852420799893,0.043369291589750454,0.815702539450648
1,VSD/ZCH0915.wav,VSD,VSD,VSD,1.0,880.0,accuracy,0.4130830276799624,0.3114550008619399,0.08286733269267295,0.15654639244866306,0.030002670292724718,0.4191286037039994,0.29840056807675525,0.093251325642588,0.15858838713994336,0.024047681087142135,0.42571203805357116
1,PDA/ZCH0668.wav,PDA,PDA,PDA,1.0,1125.0,accuracy,0.4005125225840332,0.05599070121872694,0.22969451379447922,0.4519034911432126,0.023844904873500557,0.23856638897008076,0.05193180791071415,0.25733311233764294,0.4429658219726506,0.018133746300566633,0.22963551147842562
1,VSD/ZCH0868.wav,VSD,VSD,VSD,1.0,1520.0,accuracy,0.1807007758692683,0.03208674174565787,0.025704740536898182,0.044921836191146425,0.032748270314328726,0.8645384112119687,0.031963785418964136,0.028456930422432497,0.0459036338013945,0.029336691626521774,0.8643389587306871
1,NORMAL/ZCH0205.wav,NORMAL,NORMAL,NORMAL,1.0,880.0,accuracy,0.17669164004988358,0.09095331291978702,0.8523687765804804,0.02545198711079332,0.02673275361394516,0.004493169774994163,0.08584690159148871,0.861824026945411,0.02460307179365194,0.02337781256385356,0.0043481871055948635
1,VSD/ZCH0891.wav,VSD,VSD,VSD,1.0,695.0,accuracy,0.19436531224510414,0.02754540544727043,0.03585158776087618,0.040954180886249594,0.044783158570181475,0.8508656673354223,0.02676382450367868,0.03498053105472534,0.04011241895122324,0.04064197066140487,0.8575012548289679
1,NORMAL/ZCH0063.wav,NORMAL,NORMAL,NORMAL,1.0,246.0,accuracy,0.17997014532795,0.04822951814647904,0.858763056175571,0.021314939251155067,0.06031884812605295,0.011373638300741996,0.05307388190728331,0.8449816038091207,0.023304144064181197,0.06585813656649112,0.012782233652923601
1,NORMAL/ZCH0308.wav,NORMAL,NORMAL,NORMAL,0.0,1215.0,accuracy,0.1190200407022859,0.02492463058706927,0.9204147723537766,0.02813649936018439,0.015458913612984179,0.01106518408598569,0.023603435401472517,0.9249695274750295,0.027089059228365055,0.013764719940183245,0.010573257954949837
1,VSD/ZCH0822.wav,VSD,VSD,VSD,1.0,880.0,accuracy,0.21836209302566353,0.02909672287593376,0.03871657871224843,0.07803912404912766,0.033203211046029094,0.8209443633166611,0.02828979902257133,0.04098412847638524,0.07814538631927573,0.029376692927110353,0.8232039932546574
1,ASD/ZCH0607.wav,ASD,ASD,ASD,0.0,25.0,accuracy,0.19908636512398278,0.833716064058811,0.036942504579084844,0.022312645598004426,0.09204459744571569,0.014984188318384018,0.8334178095307012,0.02360391593857464,0.02072813321704186,0.1081860703595523,0.014064070954130002
1,NORMAL/ZCH0356.wav,NORMAL,NORMAL,NORMAL,1.0,3250.0,accuracy,0.16964979574045289,0.04357551349347131,0.8738177123158715,0.04108961297420647,0.02342683831684517,0.018090322899605646,0.037736390049056705,0.8943185149600237,0.03642034898630428,0.01704869699817355,0.0144760490064417
1,PFO/ZCH0685.wav,PFO,PFO,PFO,0.0,85.0,accuracy,0.24363333951408786,0.0641820791076547,0.08145071769153749,0.04805227954499723,0.7888314318047569,0.017483491851053704,0.05714262369411381,0.04266900702619113,0.03916192320509023,0.8467180872777479,0.014308358796856983
1,NORMAL/ZCH0345.wav,NORMAL,NORMAL,NORMAL,0.0,2520.0,accuracy,0.12114150142158873,0.034139355224051225,0.9171037555305708,0.026865942556222253,0.013748750188857219,0.008142196500298562,0.0310724469539855,0.9257373523703415,0.024868451761408693,0.011222839902109536,0.007098909012154839
1,NORMAL/ZCH0440.wav,NORMAL,NORMAL,NORMAL,1.0,3495.0,accuracy,0.12639858249070582,0.043736354443130745,0.911561011108375,0.02182740374262144,0.01285057829362166,0.010024652412251214,0.03890510795923968,0.9229823110658151,0.01975261795964731,0.009990630658292468,0.008369332357005321
1,NORMAL/ZCH0234.wav,NORMAL,NORMAL,NORMAL,0.0,970.0,accuracy,0.36239185388013484,0.24083589577612732,0.5592622532133831,0.05895130073361759,0.12204435956196519,0.018906190714906682,0.22352781073511974,0.604625273191634,0.057484317602333385,0.09601487748172745,0.018347720989185447
1,NORMAL/ZCH0081.wav,NORMAL,NORMAL,NORMAL,1.0,2585.0,accuracy,0.1482485869516533,0.035631230524159375,0.8948543691256474,0.031612800931816926,0.015747868924579644,0.02215373049379664,0.031807592272262465,0.9083661292448378,0.02880853612176618,0.012283030920229794,0.018734711440903756
1,PDA/ZCH0677.wav,PDA,VSD,VSD,0.0,2125.0,accuracy,0.17453866404880447,0.0218547177161074,0.02399583030168892,0.05683518709060298,0.029146504135059065,0.8681677607565417,0.022816866283634375,0.028677150092768,0.06080037131605099,0.026349562346769047,0.8613560499607776
1,ASD/ZCH0652.wav,ASD,NORMAL,NORMAL,1.0,635.0,accuracy,0.42978613544586813,0.2995665250306121,0.4058614682009757,0.14351081095774426,0.10580879229793023,0.04525240351273785,0.3020349645010407,0.4085378335979716,0.14720239864681764,0.09247056372429066,0.04975423952987945
1,NORMAL/ZCH0343.wav,NORMAL,NORMAL,NORMAL,0.0,1365.0,accuracy,0.17066871160140526,0.055509938192160255,0.8682482678235998,0.030163293650003226,0.039550465059598854,0.0065280352746379215,0.05133042101691824,0.8807372304493221,0.028566661058226594,0.0332797467707176,0.006085940704815572
1,NORMAL/ZCH0062.wav,NORMAL,NORMAL,NORMAL,0.0,208.0,accuracy,0.31943244158125683,0.061510593012998396,0.6659614156274929,0.03806325364558294,0.1844934639461402,0.04997127376778551,0.07025892393085564,0.6183007737638165,0.042953618579703916,0.20900887526510156,0.05947780846052231
1,NORMAL/ZCH0130.wav,NORMAL,NORMAL,NORMAL,1.0,485.0,accuracy,0.10797281196484121,0.03288731338729842,0.9287620393960708,0.01592057665494492,0.010719225086133682,0.011710845475552178,0.03312899226065014,0.9281942260620093,0.01610051332848611,0.01047325649442834,0.01210301185442615
1,NORMAL/ZCH0456.wav,NORMAL,NORMAL,NORMAL,0.0,425.0,accuracy,0.11342320741086699,0.04090971856880047,0.9227185914748522,0.014039773093816352,0.012477404922076472,0.009854511940454468,0.04136018756851706,0.9218907333700077,0.014249998670030765,0.012246622811380121,0.010252457580064251
1,NORMAL/ZCH0048.wav,NORMAL,NORMAL,NORMAL,1.0,1000.0,accuracy,0.15396794097521835,0.029388813969798144,0.8907132283763827,0.030723531927926193,0.021622250876218947,0.027552174849674066,0.027704426586921793,0.8972940960676943,0.029578407836686683,0.018977625904312054,0.026445443604385308
1,VSD/ZCH0899.wav,VSD,VSD,VSD,0.0,94.0,accuracy,0.19686267558224554,0.0242588132088331,0.032735231403767384,0.04497232961336713,0.0508731027722345,0.8471605230017979,0.024289094426669912,0.024249186493654974,0.04232731106796194,0.054235520117433336,0.8548988878942798
1,NORMAL/ZCH0318.wav,NORMAL,NORMAL,NORMAL,0.0,1425.0,accuracy,0.14623321569369022,0.041758245184773723,0.8941936453165547,0.03253921174046791,0.0236579955462791,0.007850902211924546,0.03884558891679737,0.902655895475015,0.030897369765172954,0.020258315461499567,0.0073428303815150624
1,ASD/ZCH0639.wav,ASD,PFO,PFO,1.0,318.0,accuracy,0.2167004646720635,0.17123769303569092,0.009369803491502716,0.013615010169948209,0.778523891675283,0.02725360162757512,0.17352456738284627,0.008382556855820109,0.013698498574290043,0.776198130277053,0.02819624690999061
1,PDA/ZCH0676.wav,PDA,ASD,ASD,0.0,1945.0,accuracy,0.48118038554511394,0.2872788373721479,0.15547537577037032,0.24523674717372376,0.09659556110337547,0.2154134785803826,0.27976139592143606,0.21562287114842843,0.25538757830477676,0.06433516759296286,0.1848929870323959
1,VSD/ZCH0877.wav,VSD,VSD,VSD,1.0,1030.0,accuracy,0.1680624893530488,0.02811201123272718,0.02562460419132586,0.036775303774733856,0.032115863116258046,0.877372217684955,0.027644271399664636,0.027137294892577705,0.03700568787144132,0.029174292182938925,0.8790384536533774
1,NORMAL/ZCH0045.wav,NORMAL,NORMAL,NORMAL,0.0,485.0,accuracy,0.1437265990517714,0.020055627486885493,0.8986141989071371,0.039248241802068484,0.015648316317740295,0.026433615486168623,0.02023656279444383,0.8971962335235262,0.039809351049547206,0.015160560775747078,0.027597291856735578
1,VSD/ZCH0908.wav,VSD,NORMAL,NORMAL,0.0,635.0,accuracy,0.32776950215226847,0.18136012028905288,0.6407056423950379,0.11921288953601984,0.02539928018636144,0.03332206759352812,0.18128251031698756,0.6396340671657125,0.12073450389100286,0.022766146834385027,0.03558277179191214
1,NORMAL/ZCH0187.wav,NORMAL,NORMAL,NORMAL,0.0,425.0,accuracy,0.19756417685379388,0.06241088723024173,0.8395286079045651,0.03462610347238441,0.05515590244061458,0.00827849895219418,0.06363668297608738,0.8385317419725188,0.0355475519446286,0.053411202819208956,0.008872820287556355
1,NORMAL/ZCH0172.wav,NORMAL,NORMAL,NORMAL,1.0,1425.0,accuracy,0.1176035919757444,0.020062545035571703,0.9217453247505217,0.029675512751784528,0.01141734710087122,0.017099270361250914,0.018883345996074313,0.9265024258477835,0.02839623645165931,0.010053726620215551,0.016164265084267253
1,VSD/ZCH0867.wav,VSD,VSD,VSD,1.0,2095.0,accuracy,0.43309482851948033,0.13999425716072508,0.08398044234767979,0.1659439889842741,0.12639707456390958,0.48368423694341145,0.14749100367120524,0.12338231432977012,0.1857217894353901,0.09339836078229857,0.45000653178133604
1,PDA/ZCH0653.wav,PDA,PDA,PDA,0.0,268.0,accuracy,0.37702046273662315,0.12169421427930134,0.028924571259066115,0.4726043690243559,0.04252224991721307,0.3342545955200636,0.1215467688259981,0.022981122933191513,0.46583015787887944,0.041621653358046656,0.3480202970038842
1,NORMAL/ZCH0028.wav,NORMAL,NORMAL,NORMAL,1.0,1155.0,accuracy,0.16785409728736786,0.02395955127327464,0.8766982951252015,0.04400197299267854,0.02420006252123684,0.03114011808760848,0.022324666003983043,0.8855486112471267,0.04196247068512961,0.020722722779788184,0.029441529283972378
1,NORMAL/ZCH0295.wav,NORMAL,NORMAL,NORMAL,0.0,148.0,accuracy,0.29553181361010566,0.09832209633037851,0.7208080013489946,0.0607980550692413,0.09426817326807972,0.025803673983305978,0.13152385807691627,0.6223013858084426,0.07419341199127501,0.13726690332600844,0.03471444079735765
1,PFO/ZCH0696.wav,PFO,PFO,PFO,1.0,88.0,accuracy,0.3400567414769975,0.1595505730096315,0.05214690910108567,0.04839156897243631,0.6476636575558377,0.09224729136100893,0.13880502655056212,0.021661888098452726,0.03721490233707751,0.7309982230602305,0.0713199599536771
1,NORMAL/ZCH0015.wav,NORMAL,NORMAL,NORMAL,0.0,1245.0,accuracy,0.11774048316596433,0.028896216963725987,0.9212336926437448,0.024131250620273777,0.016264409443350523,0.009474430328905,0.027356545397079737,0.9259018938767134,0.023222726527457743,0.01447510385442191,0.009043730344327273
1,VSD/ZCH0920.wav,VSD,NORMAL,PDA,0.0,55.0,accuracy,0.40618335685557583,0.08689686735386,0.39908283888533647,0.33142129801303916,0.167515175018275,0.01508382072948948,0.11151815347275144,0.20876965719116702,0.3666758703094481,0.296123380268083,0.01691293875855047
1,NORMAL/ZCH0398.wav,NORMAL,NORMAL,NORMAL,0.0,515.0,accuracy,0.12079086759529571,0.019026937939887387,0.9183214410905928,0.02456372111797382,0.030018660797251694,0.00806923905429433,0.019164871814498396,0.9184415545524592,0.02485292361709752,0.029184076400944694,0.008356573615000015
1,NORMAL/ZCH0526.wav,NORMAL,NORMAL,NORMAL,1.0,2490.0,accuracy,0.147187088903079,0.02799622038299684,0.8947901085508783,0.0333216804403797,0.03381470892966136,0.010077281696083872,0.025107514761385903,0.9092168028985638,0.03050254562819115,0.026589653819892884,0.008583482891966098
1,PDA/ZCH0669.wav,PDA,VSD,VSD,1.0,285.0,accuracy,0.46844267388603256,0.29364108494996805,0.13098604818778728,0.1737904680318592,0.08810096380599346,0.31348143502439213,0.3000367883942519,0.10124610783630182,0.17474132896410305,0.08748316900885525,0.336492605796488
1,NORMAL/ZCH0462.wav,NORMAL,NORMAL,NORMAL,0.0,910.0,accuracy,0.17925719513711155,0.02576199855272801,0.8626658387889201,0.04083537236311805,0.055120201041336234,0.01561658925389763,0.02427261670921879,0.8732387154141302,0.03942022557836485,0.04799369996257278,0.015074742335713381
1,NORMAL/ZCH0099.wav,NORMAL,NORMAL,NORMAL,1.0,1550.0,accuracy,0.11917191786139308,0.027634552040956353,0.9201199173405612,0.024624126678577413,0.018557541728005326,0.009063862211899826,0.02591347122899732,0.925878056800395,0.023481916055514317,0.016212310878809675,0.008514245036283712
1,PFO/ZCH0700.wav,PFO,PFO,PFO,1.0,27.0,accuracy,0.3011199510084606,0.25826397614465196,0.04913635658496934,0.018144054123704966,0.6409666287240087,0.033488984422665166,0.22490585238371527,0.02176260159101168,0.014143223020665898,0.7126856119773034,0.026502711027303748
1,VSD/ZCH0939.wav,VSD,NORMAL,NORMAL,0.0,303.0,accuracy,0.22903841317194135,0.2590610347718077,0.7080030144897611,0.019681370598618575,0.00910107884238573,0.004153501297426989,0.28433355197692417,0.6797335045895944,0.021435741760056474,0.009832910480353372,0.004664291193071707
1,NORMAL/ZCH0152.wav,NORMAL,NORMAL,NORMAL,0.0,730.0,accuracy,0.10515359213041983,0.017009467583028313,0.9325388056876405,0.023485739413008785,0.015041385780055701,0.01192460153626671,0.016953756614934524,0.9329881768938928,0.023512224451074974,0.014432743679063224,0.012113098361034393
1,NORMAL/ZCH0066.wav,NORMAL,NORMAL,NORMAL,0.0,365.0,accuracy,0.29055151656473654,0.11885693039153229,0.7244922149191715,0.034446383130868924,0.0842638732398528,0.03794059831857451,0.13326840066386153,0.692948861797623,0.038273840697577166,0.09193415568775341,0.043574741153184986
1,ASD/ZCH0571.wav,ASD,PFO,PFO,0.0,56.0,accuracy,0.33847250746982127,0.4008446462189237,0.013867718546963528,0.058025611775673336,0.4791400336262826,0.04812198983215689,0.3556071891357773,0.0058264268702723915,0.04549141535984947,0.5549325135506558,0.038142455083445104
1,PFO/ZCH0708.wav,PFO,ASD,ASD,0.0,760.0,accuracy,0.43896715490941135,0.3232010423501674,0.22754882184765673,0.1493007666082567,0.28271975870026284,0.017229610493656292,0.3225236947214637,0.26412471256748016,0.15795101373367557,0.23690154893492216,0.018499030042458398
1,NORMAL/ZCH0002.wav,NORMAL,NORMAL,NORMAL,1.0,3375.0,accuracy,0.14268290922836027,0.034376736634169694,0.8991726508215401,0.03481179377365582,0.017725086977543547,0.013913731793090866,0.030261743433220224,0.9136202953571587,0.03124717731260255,0.013440135931944966,0.011430647965073676
1,NORMAL/ZCH0190.wav,NORMAL,NORMAL,NORMAL,1.0,1490.0,accuracy,0.12512205993497497,0.021027793901276636,0.9154723757583092,0.03020982171336479,0.021389145965455145,0.011900862661594269,0.019697779977755545,0.921685438824681,0.028801794423496018,0.018631524857924995,0.01118346191614249
1,VSD/ZCH0805.wav,VSD,VSD,VSD,0.0,1825.0,accuracy,0.26873793298127385,0.10248829705882594,0.015335792102973938,0.03570586464643646,0.0999924759639466,0.7464775702278171,0.10439182187973478,0.018649540743706505,0.037783537584444526,0.08547844674220482,0.7536966530499093
1,PFO/ZCH0720.wav,PFO,ASD,PFO,1.0,116.0,accuracy,0.4114031091464865,0.32347353755536595,0.2826900447951359,0.05796457488950909,0.3177628834214677,0.018108959338521385,0.357439351103856,0.16785329877873795,0.056318731456656994,0.39812013005987446,0.02026848860087464
2,NORMAL/ZCH0350.wav,NORMAL,NORMAL,NORMAL,0.0,395.0,accuracy,0.5,0.020621764494659984,0.9264676742902401,0.025731331478766988,0.02156852457132834,0.0056107051650046355,0.023477591699842867,0.919598063497715,0.029750397873091743,0.01976979489286424,0.007404152036486106
2,ASD/ZCH0552.wav,ASD,ASD,ASD,0.0,40.0,accuracy,0.5,0.7132228860053079,0.002128589137983201,0.06612335275770304,0.06924502946453573,0.14928014263447026,0.7246455115495707,0.0005920995552400109,0.0537748427373011,0.09977366081414504,0.12121388534374311
2,NORMAL/ZCH0131.wav,NORMAL,NORMAL,NORMAL,1.0,1580.0,accuracy,0.5,0.00472798562226808,0.9575535217318923,0.020172689548422787,0.01093490686126354,0.006610896236153265,0.003129303235350933,0.9727386599497023,0.014192420565573604,0.0056939942849275026,0.004245621964445757
2,ASD/ZCH0544.wav,ASD,ASD,ASD,0.0,337.0,accuracy,0.5,0.49151521288163613,0.008222605352720729,0.38882622779519616,0.04465459972997957,0.06678135424046752,0.49102998472939113,0.005849911037172111,0.3904248720682392,0.039251267924775,0.0734439642404226
2,ASD/ZCH0561.wav,ASD,NORMAL,NORMAL,1.0,485.0,accuracy,0.5,0.35404487656470995,0.5053835819142506,0.01519699274055495,0.10605734779410793,0.01931720098637658,0.35073761059778263,0.519223392660644,0.015187331432933378,0.0938694288825949,0.02098223642604525
2,NORMAL/ZCH0337.wav,NORMAL,NORMAL,NORMAL,0.0,425.0,accuracy,0.5,0.013675314492469183,0.9260245102050617,0.0129425623877194,0.03663486657198758,0.010722746342762143,0.015484798500834885,0.922354467679523,0.014900878756111973,0.03323604080309077,0.014023814260439417
2,NORMAL/ZCH0258.wav,NORMAL,NORMAL,NORMAL,0.0,545.0,accuracy,0.5,0.018559621714476535,0.9540779913801899,0.009091610210802695,0.014102385551675704,0.0041683911428549636,0.020372961545370508,0.952041665189849,0.010191732707197386,0.012179618809274003,0.0052140217483091006
2,NORMAL/ZCH0012.wav,NORMAL,NORMAL,NORMAL,0.0,2065.0,accuracy,0.5,0.007466342534050787,0.9573058646123681,0.015939184614722417,0.008940472660823099,0.010348135578035583,0.005853153549487003,0.9692076467724533,0.013403367537356459,0.004470110668001673,0.007065721472701638
2,ASD/ZCH0613.wav,ASD,PDA,PDA,0.0,174.0,accuracy,0.5,0.22063330990548216,0.0035679658686405364,0.5070159637429561,0.24655611322608006,0.02222664725684119,0.2328251151664619,0.0017119327736708247,0.463524832857233,0.27771092457966295,0.024227194622971265
2,PFO/ZCH0701.wav,PFO,ASD,ASD,1.0,66.0,accuracy,0.5,0.5711599341785923,0.015501798886699433,0.045265177746373904,0.14089631009724643,0.2271767790910878,0.5627912296450112,0.004947123036060226,0.03626609426053525,0.22340219478908652,0.17259335826930688
2,VSD/ZCH0888.wav,VSD,VSD,VSD,0.0,86.0,accuracy,0.5,0.028155651079514947,0.010526380975671037,0.022912696214463013,0.022230934165043997,0.916174337565307,0.03493175187302164,0.0036767180642279136,0.02284406653803313,0.03855807410524375,0.8999893894194736
2,ASD/ZCH0617.wav,ASD,ASD,ASD,0.0,1275.0,accuracy,0.5,0.5237477321641975,0.0024748772873777907,0.17506021954491952,0.2809674554232451,0.017749715580260127,0.5544844265868367,0.0033255689789957804,0.20369350527441737,0.21856270670191422,0.019933792457835827
2,NORMAL/ZCH0478.wav,NORMAL,NORMAL,NORMAL,0.0,2095.0,accuracy,0.5,0.017203156548927522,0.9252375840243823,0.022226527768054862,0.018473185977179032,0.0168595456814561,0.013579449632892558,0.9467526117061352,0.018827125427069536,0.00927670514890834,0.011564108084994319
2,NORMAL/ZCH0436.wav,NORMAL,NORMAL,NORMAL,1.0,4620.0,accuracy,0.5,0.05247139814792718,0.895923841066147,0.025660674853914718,0.007363972636305321,0.018580113295705823,0.029055274976203204,0.947233196196311,0.014531771741788787,0.0023284545710811,0.006851302514616009
2,ASD/ZCH0589.wav,ASD,ASD,ASD,0.0,1520.0,accuracy,0.5,0.38995257257849664,0.12837477905473435,0.16777667724936116,0.25809603066326897,0.05579994045413876,0.3948730177103015,0.17140496622284662,0.18755075577954705,0.18747308052733513,0.0586981797599698
2,PFO/ZCH0709.wav,PFO,PFO,PFO,0.0,68.0,accuracy,0.5,0.36185784927439274,0.02416058000463059,0.04304463560093574,0.48500791847858815,0.08592901664145278,0.3138436280266382,0.00583969040442704,0.029957851213094643,0.5911478453929848,0.0592109849628553
2,NORMAL/ZCH0464.wav,NORMAL,NORMAL,NORMAL,1.0,575.0,accuracy,0.5,0.04621091864793776,0.8280609607685234,0.021083788952064246,0.09223293901868797,0.01241139261278655,0.04439956758000792,0.8443063636376171,0.020427742752139336,0.07794845507379759,0.012917870956438052
2,NORMAL/ZCH0229.wav,NORMAL,NORMAL,NORMAL,1.0,1095.0,accuracy,0.5,0.04508585300538872,0.8811632251904282,0.02110391906602945,0.048747620795711294,0.0038993819424423546,0.03301743103347572,0.917942442682942,0.016442078379660354,0.029690507783883414,0.0029075401200383613
2,NORMAL/ZCH0502.wav,NORMAL,NORMAL,NORMAL,0.0,665.0,accuracy,0.5,0.0076982535644293795,0.9394359874578876,0.023174806215580383,0.010131805895905363,0.019559146866197304,0.008182937943006296,0.9348376697022368,0.025253378851763767,0.008334020765624868,0.02339199273736819
2,NORMAL/ZCH0140.wav,NORMAL,ASD,ASD,0.0,425.0,accuracy,0.5,0.3741326954733125,0.25884731098549973,0.12260379793305723,0.20743639603969505,0.036979799568435355,0.39997118736682385,0.24341864482811643,0.13326937046424844,0.17767831889344907,0.04566247844736224
2,VSD/ZCH0937.wav,VSD,VSD,VSD,0.0,425.0,accuracy,0.5,0.01457167256819634,0.010155274618456726,0.016925083515695397,0.021254594664411715,0.9370933746332398,0.012780929394303591,0.00783523166840588,0.015094100256455592,0.014936618631887508,0.9493531200489475
2,NORMAL/ZCH0362.wav,NORMAL,NORMAL,NORMAL,0.0,3465.0,accuracy,0.5,0.028275086790820088,0.8210112713492772,0.02559589004782678,0.10443631779171628,0.0206814340203597,0.020704926267145738,0.9031936990610443,0.020407243671503584,0.04380838459769674,0.011885746402609745
2,NORMAL/ZCH0403.wav,NORMAL,NORMAL,NORMAL,1.0,1425.0,accuracy,0.5,0.308019449264942,0.4615363947383494,0.01841185749599482,0.20228670458712458,0.00974559391358918,0.25850716554673503,0.5811806601042662,0.016429086444506386,0.13582835549115846,0.008054732413333963
2,VSD/ZCH0813.wav,VSD,ASD,ASD,0.0,265.0,accuracy,0.5,0.4762114034293857,0.009018150931676806,0.19464685376320037,0.1899065797427708,0.1302170121329664,0.48031848005879446,0.0063199633252147055,0.19666194313222893,0.17076372587857186,0.14593588760518988
2,PDA/ZCH0662.wav,PDA,PDA,PDA,1.0,1060.0,accuracy,0.5,0.015543660854411013,0.010012555584822785,0.9229446920627,0.0031975513820258574,0.048301540116040396,0.01461271199311401,0.013307877616422156,0.923162025551211,0.0025111258894309936,0.04640625894982198
2,NORMAL/ZCH0075.wav,NORMAL,NORMAL,NORMAL,1.0,4195.0,accuracy,0.5,0.020373511845511123,0.9010483862353302,0.02018423208331387,0.036785723667495523,0.02160814616834921,0.011721201242176281,0.9554057521748517,0.011877214302803269,0.012455272054447433,0.008540560225721366
2,NORMAL/ZCH0255.wav,NORMAL,NORMAL,NORMAL,1.0,1825.0,accuracy,0.5,0.018986434962508333,0.9467114532111232,0.02454178144852933,0.007163006904723788,0.002597323473115457,0.01220559765233509,0.9659124621998293,0.01676524198424281,0.0035327670790048765,0.0015839310845879948
2,NORMAL/ZCH0309.wav,NORMAL,NORMAL,NORMAL,0.0,970.0,accuracy,0.5,0.14157277594424386,0.7522379678618577,0.056764139606687525,0.023683649559522978,0.025741467027687943,0.12262737597826626,0.7837968893826277,0.05369024993323662,0.015574603028010883,0.0243108816778587
2,NORMAL/ZCH0167.wav,NORMAL,NORMAL,NORMAL,0.0,181.0,accuracy,0.5,0.10512504313414045,0.820252515183657,0.02442828190922003,0.044080997112317465,0.0061131626606650774,0.18987783048464582,0.6756346275058458,0.03824141615164305,0.08485283841979345,0.011393287438071942
2,NORMAL/ZCH0333.wav,NORMAL,NORMAL,NORMAL,1.0,2490.0,accuracy,0.5,0.022317146073591868,0.8342543128773632,0.06288840756389084,0.07403714686293844,0.006502986622215721,0.015429425963408317,0.9020822764984265,0.04450386002062995,0.03445638366178507,0.0035280538557500634
2,ASD/ZCH0599.wav,ASD,PFO,PFO,1.0,60.0,accuracy,0.5,0.1914280507989565,0.0007917752936052912,0.08170034705422345,0.6655814275305492,0.060498399322665625,0.13889644268122853,0.00018541072168666838,0.04819976138662462,0.7788218186663097,0.03389656654415036
2,VSD/ZCH0923.wav,VSD,VSD,VSD,0.0,91.0,accuracy,0.5,0.0281877141715198,0.007973556049796831,0.1471137313523181,0.0412662206586615,0.7754587777677038,0.034385817925092696,0.0027458140942713044,0.14427171549566595,0.07027714744800953,0.7483195050369607
2,VSD/ZCH0911.wav,VSD,VSD,VSD,0.0,181.0,accuracy,0.5,0.015356338563459193,0.022558534423080808,0.029056862619097092,0.04375851764466334,0.8892697467496995,0.015128621546937246,0.010134884801408076,0.024810377363669818,0.045943192775119865,0.903982923512865
2,NORMAL/ZCH0155.wav,NORMAL,NORMAL,NORMAL,0.0,2795.0,accuracy,0.5,0.015538771801204486,0.9434203887577827,0.022555735619284305,0.0067622254987039455,0.011722878323024705,0.011269902371675428,0.9610747546884335,0.01769895046307725,0.00295083453975024,0.007005557937063644
2,PFO/ZCH0727.wav,PFO,ASD,ASD,0.0,191.0,accuracy,0.5,0.7435753086149972,0.0028555272534268477,0.061862848353445,0.09503440387465129,0.09667191190347958,0.7422665499222639,0.0019249159862424117,0.06161554288774697,0.08585224607652434,0.10834074512722237
2,ASD/ZCH0618.wav,ASD,ASD,ASD,1.0,1275.0,accuracy,0.5,0.5595990939743999,0.0048437110956852806,0.1956662035159152,0.19947762934360372,0.04041336207039593,0.5724664536868066,0.0072635614892714575,0.212873655306163,0.16607426557379343,0.041322063943965696
2,NORMAL/ZCH0139.wav,NORMAL,NORMAL,NORMAL,0.0,4225.0,accuracy,0.5,0.012860309762302093,0.9530656809397061,0.01398253941388036,0.010783745580640816,0.009307724303470707,0.008167731450635861,0.9739826987304171,0.009727381819588458,0.0037238239237845808,0.004398364075573995
2,VSD/ZCH0774.wav,VSD,VSD,VSD,0.0,4195.0,accuracy,0.5,0.019908423690704447,0.011503325182342969,0.026527478138104122,0.04491204312786394,0.8971487298609846,0.02616794676856546,0.024266723759678376,0.038185072949673896,0.032161428293186606,0.8792188282288957
2,NORMAL/ZCH0314.wav,NORMAL,NORMAL,NORMAL,1.0,2065.0,accuracy,0.5,0.046971090349837645,0.8969296593177956,0.028056567134575525,0.014913806225021977,0.013128876972769356,0.03280787447144313,0.9323773367456752,0.020065281718945675,0.007288206868694777,0.007461300195241164
2,NORMAL/ZCH0280.wav,NORMAL,NORMAL,NORMAL,0.0,236.0,accuracy,0.5,0.07418361574419619,0.8345182257451159,0.036469877316687827,0.037730328186032364,0.01709795300796773,0.10062741427957325,0.7781326544928616,0.04948139543018104,0.045886612237369256,0.025871923560014862
2,VSD/ZCH0929.wav,VSD,VSD,VSD,0.0,760.0,accuracy,0.5,0.009900370557399233,0.01567082506861596,0.01878018676475783,0.01867647857082133,0.9369721390384056,0.00895665320554978,0.016342907888607042,0.018454080905884934,0.013153218633272575,0.9430931393666857
2,ASD/ZCH0643.wav,ASD,ASD,ASD,0.0,455.0,accuracy,0.5,0.7515531694921631,0.013263521960483061,0.1742037410425321,0.013761980612320077,0.04721758689250166,0.7470901720356318,0.011698162235701304,0.1762766907600935,0.010909170353990008,0.05402580461458354
2,NORMAL/ZCH0110.wav,NORMAL,NORMAL,NORMAL,0.0,1885.0,accuracy,0.5,0.04152091661035201,0.874718413138181,0.04864369397750044,0.020027308702103022,0.015089667571863615,0.03392942062606829,0.9020434839896239,0.04253266108181461,0.010600416003432686,0.010894018299060561
2,NORMAL/ZCH0529.wav,NORMAL,PFO,PFO,0.0,3130.0,accuracy,0.5,0.1368460265790545,0.07664892706085315,0.10140994241730675,0.5671281125846025,0.11796699135818325,0.17409966542864236,0.14178662221255137,0.14004739326599083,0.4234043480255807,0.1206619710672347
2,NORMAL/ZCH0424.wav,NORMAL,NORMAL,NORMAL,1.0,970.0,accuracy,0.5,0.03905212492633362,0.9067796715581842,0.022311450208370078,0.015458056502800754,0.016398696804311493,0.02884181975982505,0.9314756841138748,0.01753574756521786,0.009648497058051198,0.012498251503031165
2,NORMAL/ZCH0516.wav,NORMAL,NORMAL,PFO,1.0,148.0,accuracy,0.5,0.06638377622020981,0.5529102793012044,0.0714730691208059,0.2692683990780137,0.03996447627976627,0.08434186104092557,0.36706316074521983,0.07912335426517636,0.41858218602749386,0.0508894379211844
2,NORMAL/ZCH0195.wav,NORMAL,NORMAL,NORMAL,0.0,3250.0,accuracy,0.5,0.014560691003793749,0.9461347508566634,0.0149724611526395,0.00735281741355492,0.016979279573348494,0.010105970617125527,0.9662398217621553,0.011292824779524563,0.0029687087966372427,0.009392674044557469
2,PDA/ZCH0665.wav,PDA,ASD,ASD,0.0,2035.0,accuracy,0.5,0.42013863574262766,0.06346497294107463,0.19400748061938167,0.1685099095030965,0.15387900119381956,0.44136602119037316,0.0857800698559215,0.218532487467165,0.11319082346761497,0.14113059801892527
2,NORMAL/ZCH0346.wav,NORMAL,NORMAL,NORMAL,1.0,575.0,accuracy,0.5,0.00960889008481983,0.9419977174329108,0.01785447281876209,0.00744176275354189,0.02309715690996545,0.009074900927708948,0.9441089866210537,0.017004085497268326,0.006182040035695849,0.02362998691827329
2,NORMAL/ZCH0336.wav,NORMAL,NORMAL,NORMAL,1.0,1030.0,accuracy,0.5,0.1757588506679648,0.6251181610168903,0.15077955058649622,0.03960879524616667,0.008734642482481925,0.13977637298438989,0.6990979484665608,0.12758922901182787,0.02641457437726636,0.007121875159955152
2,VSD/ZCH0790.wav,VSD,VSD,VSD,1.0,3800.0,accuracy,0.5,0.009030025608784844,0.009688732750489775,0.03682640072260742,0.023301382853663875,0.921153458064454,0.012371836392973236,0.023636493913744814,0.05161219924502769,0.019341636325331715,0.8930378341229226
2,NORMAL/ZCH0239.wav,NORMAL,NORMAL,NORMAL,0.0,910.0,accuracy,0.5,0.09575811308227611,0.788470626102244,0.019717923175177773,0.0867150755390176,0.009338262101284467,0.08464305051831372,0.8287046450837864,0.019004953109431684,0.05859643176741389,0.009050919521054251
2,NORMAL/ZCH0112.wav,NORMAL,NORMAL,NORMAL,0.0,485.0,accuracy,0.5,0.04932750955953339,0.7912819548480309,0.037590274073736905,0.11215541852447332,0.009644842994225508,0.05507353274111159,0.7904066872267281,0.04276966033164442,0.09939766722659711,0.012352452473918845
2,VSD/ZCH0759.wav,VSD,VSD,VSD,1.0,760.0,accuracy,0.5,0.016742238329974454,0.02514777855042432,0.015477930038608128,0.042308695048486084,0.9003233580325071,0.01586648294922927,0.03179620038579263,0.015619123994323806,0.03489169195418066,0.9018265007164736
2,NORMAL/ZCH0133.wav,NORMAL,NORMAL,NORMAL,0.0,635.0,accuracy,0.5,0.0051831607067649495,0.9519165227965699,0.01726411725239167,0.021120983123581013,0.004515216120692476,0.0055778404399469345,0.9522498859778656,0.01902850595822066,0.017659707453429273,0.005484060170537525
2,NORMAL/ZCH0278.wav,NORMAL,NORMAL,NORMAL,1.0,790.0,accuracy,0.5,0.011955767546067338,0.9263990888906383,0.024050031487020156,0.02922169102331845,0.008373421052955892,0.009088571166842124,0.9454954556873323,0.01946568713241242,0.01924619471849531,0.0067040912949179795
2,VSD/ZCH0783.wav,VSD,VSD,VSD,0.0,1335.0,accuracy,0.5,0.008706974480505957,0.015354900766046418,0.01232582343599867,0.019227643214290838,0.9443846581031581,0.00827196029835347,0.01869562221363038,0.012884672405460108,0.013341188482229276,0.9468065566003269
2,NORMAL/ZCH0319.wav,NORMAL,NORMAL,NORMAL,0.0,2065.0,accuracy,0.5,0.024718726971291235,0.9297965536694652,0.01511571003876915,0.01297374991213866,0.017395259408335847,0.019537990432646583,0.9491302812308856,0.012815872053696858,0.006540261341984479,0.01197559494078643
2,NORMAL/ZCH0416.wav,NORMAL,NORMAL,NORMAL,1.0,365.0,accuracy,0.5,0.10321647007291808,0.848395305119651,0.026969579845383864,0.01436327709739441,0.007055367864652699,0.12014716162189987,0.8232349077476645,0.03143827563889458,0.016539245063149112,0.008640409928392025
2,NORMAL/ZCH0420.wav,NORMAL,NORMAL,NORMAL,0.0,2065.0,accuracy,0.5,0.0749435885474882,0.8551105566057046,0.018140211895508577,0.022269573180899466,0.029536069770399184,0.060502787061237864,0.8915532129244467,0.015709019201682148,0.011466439347732718,0.020768541464900647
2,ASD/ZCH0560.wav,ASD,NORMAL,NORMAL,1.0,1730.0,accuracy,0.5,0.16948754218578402,0.3031142015310453,0.26395258725352755,0.2321250235816955,0.03132064544794749,0.14935613514697818,0.41859318787367233,0.24719953796768487,0.15844112257059323,0.02641001644107147
2,NORMAL/ZCH0206.wav,NORMAL,NORMAL,NORMAL,1.0,365.0,accuracy,0.5,0.00937526689336673,0.9642343617772549,0.012912054111089432,0.006165990014863803,0.0073123272034250645,0.011162488334471964,0.9570199479172897,0.015395462461223275,0.007262360869748135,0.009159740417266873
2,PFO/ZCH0716.wav,PFO,ASD,ASD,0.0,30.0,accuracy,0.5,0.6232546906622878,0.0015179846901880742,0.05255425027157105,0.31383303186471234,0.00884004251124079,0.5567291235861536,0.0003685669963829031,0.037537608827974946,0.39903882840734445,0.006325872182144156
2,PFO/ZCH0691.wav,PFO,PFO,PFO,1.0,98.0,accuracy,0.5,0.1875534152709732,0.04526433367737037,0.03105409773357627,0.6928801594298917,0.0432479938881885,0.16421570298735663,0.020223664568594663,0.02369437090575071,0.7535119088613974,0.038354352676900516
2,NORMAL/ZCH0366.wav,NORMAL,NORMAL,NORMAL,0.0,2005.0,accuracy,0.5,0.03656196728773292,0.8755116679379789,0.03592544596318375,0.03595923796559041,0.0160416808455139,0.029621109096635404,0.9091349495936865,0.03119525677568902,0.018675465451529087,0.011373219082460041
2,NORMAL/ZCH0238.wav,NORMAL,NORMAL,NORMAL,1.0,1490.0,accuracy,0.5,0.028755540790412037,0.9341904571209187,0.017234164995608557,0.013082815335262465,0.00673702175779821,0.019437907289877484,0.9566951624662787,0.012384995090426756,0.007025167904850614,0.004456767248566429
2,VSD/ZCH0847.wav,VSD,VSD,VSD,1.0,106.0,accuracy,0.5,0.24012981602722083,0.015336093091435557,0.12458797348692333,0.08282503915491796,0.5371210782395024,0.23959183208295026,0.007839800855711879,0.10832641497178663,0.10238253546708234,0.541859416622469
2,NORMAL/ZCH0294.wav,NORMAL,NORMAL,NORMAL,1.0,2005.0,accuracy,0.5,0.009139768357992127,0.9516157791679406,0.018060956501617924,0.010621915051593616,0.010561580920855797,0.006305329675169071,0.9698200678181582,0.012758553623236378,0.00515630914514553,0.00595973973829088
2,NORMAL/ZCH0471.wav,NORMAL,NORMAL,NORMAL,0.0,515.0,accuracy,0.5,0.006953311106528216,0.9482472354536483,0.027327176317017476,0.008938770787073957,0.008533506335732107,0.0076670197484213845,0.9430468228227101,0.030739857787014734,0.0077887725816484085,0.01075752706020524
2,NORMAL/ZCH0061.wav,NORMAL,NORMAL,NORMAL,0.0,365.0,accuracy,0.5,0.012165426695452852,0.9297662830206503,0.038322560168438505,0.008547957288434325,0.011197772827024013,0.016471559530213318,0.9045455884760272,0.0522156127546189,0.010134331745505069,0.016632907493635572
2,PFO/ZCH0689.wav,PFO,ASD,ASD,0.0,109.0,accuracy,0.5,0.4755113601213489,0.12100600672594568,0.043564811940221417,0.35448340904636033,0.005434412166123742,0.4971584251877004,0.05582049155998928,0.03929398936480878,0.40179676689835125,0.0059303269891502015
2,VSD/ZCH0886.wav,VSD,ASD,ASD,0.0,169.0,accuracy,0.5,0.5233645927024287,0.0019688054486481465,0.2617695539850116,0.09850263615225593,0.11439441171165546,0.5370699864354215,0.0009166507862012552,0.23265248162473132,0.10801354970992169,0.1213473314437241
2,VSD/ZCH0875.wav,VSD,PFO,PFO,1.0,1155.0,accuracy,0.5,0.17460600499241508,0.005036024095969039,0.017622901684744553,0.7975980877253758,0.005136981501495617,0.2020319548495529,0.008374808054951187,0.021690681792975626,0.7618884425430612,0.006014112759459046
2,NORMAL/ZCH0114.wav,NORMAL,NORMAL,NORMAL,0.0,485.0,accuracy,0.5,0.04740287590619438,0.770433073184853,0.03269415523713549,0.13750675392304046,0.011963141748776713,0.05308974177553432,0.7719806914351962,0.037314927770402725,0.12224529067600982,0.015369348342857019
2,PDA/ZCH0672.wav,PDA,ASD,ASD,0.0,221.0,accuracy,0.5,0.5300315594665244,0.0050773348406126075,0.15066830673916135,0.1022546112114941,0.21196818774220774,0.5232344162097864,0.0034256114276672717,0.14865126390980982,0.09077801531676048,0.23391069313597615
2,NORMAL/ZCH0014.wav,NORMAL,NORMAL,NORMAL,1.0,2400.0,accuracy,0.5,0.04380808698465651,0.8773374490821834,0.02152408421452749,0.009823635896663912,0.04750674382196879,0.02983334143606353,0.9250442115880342,0.015004302852693123,0.00453918146999121,0.025578962653217904
2,NORMAL/ZCH0352.wav,NORMAL,NORMAL,NORMAL,1.0,1305.0,accuracy,0.5,0.052479774860013165,0.6762146952068011,0.019455433362581202,0.024001267621139306,0.2278488289494652,0.03988798665092019,0.7570176250669629,0.015725355947295093,0.014794770755229655,0.17257426157959216
2,NORMAL/ZCH0514.wav,NORMAL,NORMAL,NORMAL,0.0,485.0,accuracy,0.5,0.007933612385154349,0.9578120627183441,0.016232967543054096,0.007789713713188078,0.010231643640259377,0.008821716867006947,0.952857676313294,0.01839444208346975,0.006875524264920534,0.013050640471308666
2,NORMAL/ZCH0409.wav,NORMAL,NORMAL,NORMAL,0.0,1305.0,accuracy,0.5,0.018526410394769384,0.8567244211610632,0.05678378812103727,0.057278867415790254,0.01068651290733998,0.015099659245702517,0.890592142337257,0.05089460052817263,0.03419828557587315,0.009215312312994673
2,NORMAL/ZCH0232.wav,NORMAL,NORMAL,NORMAL,0.0,3525.0,accuracy,0.5,0.027853815061054138,0.9233989923208172,0.017363811326989012,0.012582620119191592,0.018800761171948066,0.019028666499408924,0.9531084727574287,0.012922217253860308,0.00490331212622467,0.010037331363077473
2,PFO/ZCH0688.wav,PFO,ASD,ASD,1.0,27.0,accuracy,0.5,0.5913058910490352,0.002385338377142123,0.0432507483230222,0.20194532288503475,0.16111269936576575,0.5460480849206235,0.0006954335149125469,0.03246237244053111,0.30484224836606394,0.11595186075786888
2,VSD/ZCH0831.wav,VSD,VSD,VSD,0.0,2310.0,accuracy,0.5,0.02452850594729651,0.013492436042188544,0.0457288868070403,0.04691933993244221,0.8693308312710325,0.028391462162364874,0.0207782435845049,0.05695440685958635,0.03394205491309359,0.8599338324804503
2,NORMAL/ZCH0103.wav,NORMAL,NORMAL,NORMAL,1.0,2430.0,accuracy,0.5,0.05344668442257516,0.5415464436844525,0.17206664155614929,0.21600124723460545,0.016938983102217604,0.043437922136558615,0.6837613904624487,0.14314596379437555,0.11879740279786427,0.010857320808752855
2,NORMAL/ZCH0329.wav,NORMAL,NORMAL,NORMAL,1.0,365.0,accuracy,0.5,0.015402708360276528,0.92266636909838,0.013069435907497672,0.013860495998236466,0.035000990635609394,0.018160004693526306,0.9068272520170614,0.01543105897260734,0.016165727956735723,0.04341595636006923
2,NORMAL/ZCH0472.wav,NORMAL,NORMAL,NORMAL,0.0,515.0,accuracy,0.5,0.03502590807086493,0.8953993983528732,0.023311275089294644,0.04034855285379191,0.005914865633175379,0.038700549888651466,0.8923213431374848,0.026276404334110784,0.03522994757153144,0.007471755068221506
2,VSD/ZCH0817.wav,VSD,VSD,VSD,0.0,455.0,accuracy,0.5,0.2529877640993856,0.2451200171064339,0.029193989785085375,0.11302329612068919,0.35967493288840585,0.2519016830044157,0.21654880788107697,0.029590281930224113,0.08974225750232967,0.4122169696819536
2,NORMAL/ZCH0452.wav,NORMAL,NORMAL,NORMAL,0.0,1885.0,accuracy,0.5,0.10863969015898937,0.7762972941437737,0.051310614462367066,0.03632731730087605,0.027425083933993923,0.09121969046973816,0.8225794241213472,0.04609924236618969,0.019757145981587856,0.02034449706113721
2,NORMAL/ZCH0335.wav,NORMAL,NORMAL,PFO,1.0,74.0,accuracy,0.5,0.048648422134312475,0.5327030769292749,0.04979095654209051,0.3578393110895449,0.01101823330477728,0.05756403940839327,0.2050817208825164,0.047906030627629236,0.6794155922641214,0.010032616817339789
2,NORMAL/ZCH0244.wav,NORMAL,NORMAL,NORMAL,0.0,760.0,accuracy,0.5,0.12498835187762808,0.6863883738052496,0.07012600356174595,0.04043979007065288,0.07805748068472354,0.11252782012060945,0.7123664285142205,0.06857529083967065,0.028342750451288166,0.07818771007421131
2,VSD/ZCH0845.wav,VSD,VSD,VSD,1.0,2825.0,accuracy,0.5,0.09479252721487251,0.011261729034593293,0.09194970020071215,0.06378205755040454,0.7382139859994176,0.11667141198332882,0.0224734147405925,0.1158157107813371,0.05135386598877239,0.6936855965059692
2,NORMAL/ZCH0051.wav,NORMAL,NORMAL,NORMAL,0.0,850.0,accuracy,0.5,0.022536974494253677,0.9082846411722136,0.030383985301490342,0.011380258319389002,0.027414140712653398,0.01940024103646145,0.9185554479542346,0.02847696253929982,0.00754236293834084,0.02602498553166329
2,PDA/ZCH0656.wav,PDA,VSD,VSD,1.0,142.0,accuracy,0.5,0.040619104287528913,0.007634974195340544,0.1695468913859674,0.03170140830486885,0.7504976218262943,0.0412680581363746,0.0040423534634087405,0.15009425489971057,0.039474605867252516,0.7651207276332537
2,VSD/ZCH0840.wav,VSD,VSD,VSD,0.0,280.0,accuracy,0.5,0.03777268013376549,0.020935486853841626,0.016997943180142482,0.03245730896919666,0.8918365808630537,0.034740935076718986,0.01345052143605436,0.015671977533142388,0.02653803183722406,0.9095985341168601
2,VSD/ZCH0779.wav,VSD,VSD,VSD,1.0,1000.0,accuracy,0.5,0.013521613928615828,0.009181957321055485,0.022475342743439878,0.042548550882989575,0.9122725351238993,0.013198921931914452,0.012535459008652787,0.023345463192275887,0.0349634470052045,0.9159567088619524
2,NORMAL/ZCH0328.wav,NORMAL,NORMAL,NORMAL,1.0,1915.0,accuracy,0.5,0.028044194695438514,0.9225736911802593,0.014448822967909527,0.02846445752976089,0.0064688336266317415,0.019807536847775954,0.9517043982340804,0.010450751690762662,0.014270241165308074,0.0037670720620728328
2,VSD/ZCH0825.wav,VSD,PDA,ASD,1.0,60.0,accuracy,0.5,0.37418937339003044,0.020895882779499192,0.42058590497205933,0.049442181644957506,0.1348866572134534,0.41264884446619476,0.007436991058453156,0.3771198033395543,0.08793022377512029,0.11486413736067745
2,ASD/ZCH0537.wav,ASD,ASD,ASD,0.0,198.0,accuracy,0.5,0.7548603629244659,0.005592759447800854,0.06118450815217348,0.07367292450805793,0.10468944496750165,0.7520740411918841,0.0037735944432129064,0.06084635332713266,0.06632653267716627,0.11697947836060404
2,NORMAL/ZCH0188.wav,NORMAL,NORMAL,NORMAL,1.0,1425.0,accuracy,0.5,0.03899480474534956,0.8465759228645178,0.06877586772927119,0.020762940330109288,0.024890464330752204,0.02739446321837046,0.8923448314933412,0.051370463889654445,0.011670072610868408,0.017220168787765548
2,NORMAL/ZCH0492.wav,NORMAL,NORMAL,NORMAL,0.0,4925.0,accuracy,0.5,0.012682006494970878,0.9180808192312578,0.03157784088862823,0.013088188327222182,0.024571145057920914,0.007746433338825801,0.9562278587420411,0.021228314410961343,0.004152662033799726,0.010644731474372069
2,NORMAL/ZCH0115.wav,NORMAL,NORMAL,NORMAL,0.0,1760.0,accuracy,0.5,0.010777286405516963,0.9397317150775961,0.01896225391472229,0.02342770800597229,0.007101036596192389,0.00805720933214365,0.9585371090566897,0.015709830363381992,0.012288820618168897,0.005407030629615766
2,NORMAL/ZCH0088.wav,NORMAL,NORMAL,NORMAL,0.0,1855.0,accuracy,0.5,0.046123014725082116,0.8324685142982683,0.04242860344925322,0.0731314613404424,0.005848406186954057,0.03874034570022721,0.8789019272454242,0.038115648390929444,0.03989172063776012,0.004350358025659106
2,NORMAL/ZCH0375.wav,NORMAL,PFO,PFO,1.0,1945.0,accuracy,0.5,0.08847152647446355,0.07690727348127877,0.2274762557863943,0.5224287817550446,0.08471616250281887,0.1012749796803013,0.12907470635554263,0.2666544302885898,0.42325232577162336,0.07974355790394297
2,NORMAL/ZCH0412.wav,NORMAL,NORMAL,NORMAL,0.0,4165.0,accuracy,0.5,0.1411741891672408,0.6280746242289359,0.1851463782052246,0.01660766423475537,0.02899714416384333,0.10229869176869862,0.7285403537536655,0.14689238088555112,0.006569542917631451,0.0156990306744532
2,VSD/ZCH0941.wav,VSD,VSD,VSD,1.0,1095.0,accuracy,0.5,0.30280580197853885,0.23917595120564245,0.07398595064909097,0.045112629702396365,0.3389196664643314,0.2741933882143668,0.3080820489381496,0.07127425019164693,0.03397442709689609,0.3124758855589406
2,VSD/ZCH0856.wav,VSD,VSD,VSD,0.0,425.0,accuracy,0.5,0.024659989145242495,0.01412060854044592,0.03140369649304081,0.027424779761568208,0.9023909260597026,0.021760034275269898,0.010960421239025018,0.028175448864642776,0.019389038642594256,0.9197150569784681
2,PFO/ZCH0745.wav,PFO,ASD,ASD,1.0,93.0,accuracy,0.5,0.8711976671604342,0.03835687649409124,0.02562741068909405,0.054612935576252325,0.010205110080128144,0.8788047260980845,0.019693132270095455,0.022527775273714523,0.06853576241495332,0.010438603943152318
2,NORMAL/ZCH0141.wav,NORMAL,NORMAL,NORMAL,1.0,91.0,accuracy,0.5,0.061456335621583834,0.8637608947985065,0.037033450938343725,0.026710114494436797,0.011039204147129104,0.14417310571157615,0.66536622640193,0.07064411863729321,0.09996737841689028,0.019849170832310376
2,PFO/ZCH0715.wav,PFO,NORMAL,PFO,1.0,107.0,accuracy,0.5,0.1803996368322188,0.49313871211310734,0.028550430980189105,0.2865230120982452,0.011388207976239665,0.21881510134245744,0.3066131154700328,0.030177686133758697,0.43043072404587285,0.013963373007878237
2,NORMAL/ZCH0068.wav,NORMAL,PFO,NORMAL,1.0,2825.0,accuracy,0.5,0.11331249371752901,0.24684438175144882,0.04298703340651156,0.5672336951240518,0.02962239600045895,0.11912591785450126,0.4207511876770736,0.04624797746841085,0.39009892192778295,0.023775995072231406
2,PFO/ZCH0687.wav,PFO,PFO,PFO,1.0,455.0,accuracy,0.5,0.13589585552293212,0.1487728165988145,0.018719574040145577,0.6893918784510686,0.007219875387039209,0.14533205959746615,0.16366458097701714,0.02019801898815815,0.6623039741029223,0.008501366334436215
2,NORMAL/ZCH0325.wav,NORMAL,NORMAL,NORMAL,1.0,4710.0,accuracy,0.5,0.01980506421814352,0.933094844102874,0.012302276125150276,0.022033250311644714,0.012764565242187534,0.010717316999921742,0.971138846436445,0.006808227233568297,0.00676575757973225,0.004569851750332626
2,PFO/ZCH0695.wav,PFO,PFO,PFO,1.0,74.0,accuracy,0.5,0.3948314003597896,0.0023092173778103114,0.012911641255995615,0.5761091583381572,0.01383858266824722,0.29439733313584854,0.0005602040564575275,0.00782818090572663,0.6892740432083364,0.007940238693631023
2,NORMAL/ZCH0245.wav,NORMAL,NORMAL,NORMAL,1.0,1670.0,accuracy,0.5,0.007665773396864011,0.9581074020222782,0.015802632422888166,0.01284435982448307,0.005579832333486573,0.005013454293815154,0.9739440214786431,0.01098448107337051,0.006546818028895627,0.0035112251252756195
2,VSD/ZCH0883.wav,VSD,VSD,VSD,0.0,194.0,accuracy,0.5,0.015987887698616185,0.015600054710387928,0.0259764732531985,0.028210113960797322,0.9142254703770001,0.014483035287936416,0.009554779708579788,0.02348274569062427,0.02311156933369501,0.9293678699791645
2,PFO/ZCH0714.wav,PFO,ASD,ASD,0.0,1460.0,accuracy,0.5,0.4762840856713515,0.006136624308345247,0.40759868844595887,0.02199348646537913,0.08798711510896529,0.4572910869559924,0.007699213818651496,0.4315724730144425,0.015234357340667498,0.08820286887024614
2,VSD/ZCH0777.wav,VSD,VSD,VSD,1.0,940.0,accuracy,0.5,0.011793661818580967,0.017995690235063155,0.029391000378289463,0.048197436022468454,0.892622211545598,0.01141625945399926,0.024093027330370224,0.030278986751802926,0.0395874315389071,0.8946242949249205
2,NORMAL/ZCH0181.wav,NORMAL,NORMAL,NORMAL,1.0,1460.0,accuracy,0.5,0.0074263528394295595,0.9458655441770085,0.02436516689154141,0.008844277424179436,0.013498658667840866,0.00501690092187745,0.9637716341569932,0.017499547699149243,0.004761826053236026,0.008950091168744161
2,VSD/ZCH0876.wav,VSD,PFO,PFO,1.0,790.0,accuracy,0.5,0.21887584846511976,0.0021097584697935576,0.054233534484470616,0.7165666253146664,0.008214233265949654,0.24080316830519558,0.0031163072500680535,0.06352844174500534,0.6830339835204492,0.009518099179281715
2,NORMAL/ZCH0321.wav,NORMAL,NORMAL,NORMAL,1.0,1790.0,accuracy,0.5,0.010043350727819915,0.9507133534491391,0.018267028172310358,0.0100696136099224,0.010906654040808244,0.0064816682647437915,0.9692887478295542,0.012527994364647098,0.005003170804454273,0.006698418736600634
2,VSD/ZCH0795.wav,VSD,VSD,VSD,1.0,263.0,accuracy,0.5,0.36432666567149485,0.022650500801577576,0.14047502230893816,0.02660511861806289,0.4459426925999266,0.3547078541580872,0.01777816287088408,0.1370324415086637,0.026194302751149572,0.4642872387112156
2,VSD/ZCH0802.wav,VSD,ASD,ASD,0.0,575.0,accuracy,0.5,0.9321205090660368,0.0011251912552750674,0.03352500970253838,0.008657807129188537,0.024571482846961208,0.9301543625347045,0.001028520462237332,0.03419869478659072,0.006768447156526206,0.02784997505994123
2,NORMAL/ZCH0302.wav,NORMAL,NORMAL,NORMAL,1.0,1185.0,accuracy,0.5,0.052586684665068086,0.8849900022078709,0.019561105627762115,0.03187271127285034,0.010989496226448597,0.03785798133683051,0.9203085684886644,0.014979018013714651,0.018874175855775714,0.007980256305014841
2,NORMAL/ZCH0057.wav,NORMAL,NORMAL,NORMAL,0.0,257.0,accuracy,0.5,0.07252063702030119,0.8905122062214881,0.017111088335964808,0.016149671050418264,0.00370639737182769,0.10000926871219633,0.8507918826421254,0.023627915239865602,0.019885520230831,0.0056854131749818045
2,VSD/ZCH0798.wav,VSD,VSD,VSD,0.0,65.0,accuracy,0.5,0.006612188380778306,0.013314431463865618,0.01461670659886613,0.023917152103242457,0.9415395214532475,0.00822238756187237,0.0046058719825302135,0.014581738678477625,0.04183402350642528,0.9307559782706946
2,VSD/ZCH0799.wav,VSD,VSD,VSD,1.0,94.0,accuracy,0.5,0.0074890975335718014,0.009236830569112297,0.0116114138163,0.030363028822421624,0.9412996292585942,0.007383086541928456,0.00463716466501032,0.009975422360739698,0.03722699424665769,0.9407773321856638
2,NORMAL/ZCH0098.wav,NORMAL,NORMAL,NORMAL,0.0,2645.0,accuracy,0.5,0.07557685994434787,0.8818866598057982,0.026797390812877332,0.009906197976618137,0.005832891460358434,0.056645585229646106,0.9134977311631223,0.021695199846841866,0.004518879746096089,0.003642604014293598
2,VSD/ZCH0926.wav,VSD,VSD,VSD,1.0,353.0,accuracy,0.5,0.05092059880961719,0.006055066112927162,0.012597064839386506,0.018641215173613158,0.9117860550644561,0.04858437870933629,0.004798189092512143,0.012037000656367645,0.017637584993025982,0.916942846548758
2,NORMAL/ZCH0486.wav,NORMAL,NORMAL,NORMAL,1.0,395.0,accuracy,0.5,0.018270599481273336,0.9091529741021905,0.028059458321390486,0.026912762693084916,0.017604205402060796,0.01809030190810113,0.9102995185376247,0.028038262382459777,0.02421308703874667,0.019358830133067707
2,NORMAL/ZCH0236.wav,NORMAL,NORMAL,NORMAL,1.0,1125.0,accuracy,0.5,0.01967169970133657,0.9287920311723754,0.01898484217883937,0.023410543711665524,0.009140883235783215,0.01408512954012542,0.9509220612440877,0.014460665389708378,0.013889114581924052,0.006643029244154411
2,VSD/ZCH0762.wav,VSD,VSD,VSD,0.0,515.0,accuracy,0.5,0.04103316384267426,0.010401034179505995,0.04690700123249729,0.030749989194921112,0.8709088115504013,0.03669396574644531,0.008389052661922872,0.04279268043446137,0.02173005952630009,0.8903942416308704
2,NORMAL/ZCH0435.wav,NORMAL,NORMAL,NORMAL,0.0,3435.0,accuracy,0.5,0.036571609933833994,0.9126777495464535,0.0171981377292755,0.008669924420044061,0.02488257837039277,0.025273091714135283,0.9448263096288809,0.01293679971850725,0.0034394568726546786,0.013524342065821796
2,ASD/ZCH0556.wav,ASD,ASD,ASD,1.0,180.0,accuracy,0.5,0.5825497264620303,0.030384022749565698,0.08527174836693711,0.013290892710742037,0.28850360971072486,0.5966240026659966,0.016483333078269092,0.0760844241333503,0.016509636548055612,0.2942986035743286
2,PDA/ZCH0664.wav,PDA,PDA,PDA,1.0,850.0,accuracy,0.5,0.06331265916646607,0.008370232117174158,0.5065411041524202,0.03888308015421771,0.382892924409722,0.06042464670904611,0.010857054747980467,0.5146320509575315,0.03187819729324682,0.3822080502921951
2,ASD/ZCH0627.wav,ASD,ASD,ASD,1.0,228.0,accuracy,0.5,0.8683147206334332,0.012999606649601978,0.02766264848788848,0.08383166872567076,0.007191355503405691,0.8686608609387151,0.010351454810530436,0.027732483401773506,0.08551535165981866,0.007739849189162343
2,NORMAL/ZCH0344.wav,NORMAL,NORMAL,NORMAL,1.0,5260.0,accuracy,0.5,0.016391685837049825,0.9182553440321799,0.013891640399573524,0.011422744001613059,0.04003858572958352,0.008598992817252583,0.9673154230194573,0.007451831829034885,0.0032750294563280743,0.013358722877927198
2,ASD/ZCH0645.wav,ASD,NORMAL,NORMAL,0.0,1395.0,accuracy,0.5,0.04721880181385661,0.7751983882689385,0.024883531646958404,0.1424545211026115,0.010244757167635052,0.03962200631061512,0.8415675206024187,0.022999976541892234,0.08678527412539028,0.009025222419683721
2,PDA/ZCH0663.wav,PDA,PDA,PDA,0.0,2775.0,accuracy,0.5,0.28260246607714945,0.12639926794697168,0.49165332442833554,0.03235602354530745,0.06698891800223589,0.2650193098102276,0.1661379666815369,0.49872025701492934,0.018283910969949174,0.051838555523357
2,NORMAL/ZCH0050.wav,NORMAL,NORMAL,NORMAL,1.0,276.0,accuracy,0.5,0.0069146776334115595,0.9567893922757019,0.01710628563007229,0.013187790602405073,0.006001853858409136,0.008446864090979157,0.9465507519044254,0.020936048523186902,0.016243008209680207,0.00782332727172847
2,NORMAL/ZCH0439.wav,NORMAL,NORMAL,NORMAL,1.0,2735.0,accuracy,0.5,0.3481095658306386,0.4043267207571199,0.11838619955784409,0.04335779454204657,0.08581971931235091,0.286926747940498,0.535254976954046,0.09986310190485016,0.023555104888163172,0.05440006831244267
2,NORMAL/ZCH0001.wav,NORMAL,NORMAL,NORMAL,1.0,2310.0,accuracy,0.5,0.01221532390710189,0.9254874873450829,0.02201056132813682,0.006860410028893934,0.03342621739078452,0.008229778040770887,0.9554870307611819,0.015180537052293282,0.003161492553530633,0.01794116159222342
2,NORMAL/ZCH0210.wav,NORMAL,NORMAL,NORMAL,1.0,4075.0,accuracy,0.5,0.050343749749318295,0.8933869124422243,0.018959305291301687,0.029158079089482973,0.00815195342767271,0.029229133344276365,0.9461807596612472,0.011259103463775708,0.010050310989314264,0.0032806925413866165
2,ASD/ZCH0540.wav,ASD,ASD,ASD,0.0,193.0,accuracy,0.5,0.9433650619951528,0.03600046556794621,0.006874721369211688,0.00857140837328702,0.00518834269440226,0.9546947536223082,0.024622989256168896,0.006942488574291781,0.007846683248082392,0.005893085299148852
2,NORMAL/ZCH0530.wav,NORMAL,NORMAL,NORMAL,0.0,4710.0,accuracy,0.5,0.1070861612336641,0.7097377248534168,0.02329592173491877,0.1426751944907557,0.017204997687244664,0.07596901555124601,0.843776012153949,0.018163513109726716,0.05330740284045694,0.008784056344621146
2,NORMAL/ZCH0371.wav,NORMAL,NORMAL,NORMAL,0.0,4560.0,accuracy,0.5,0.01156042315323462,0.9383495139877392,0.014965813228746808,0.015386579813946815,0.01973766981633251,0.007208413369686954,0.96849486847728,0.010245841592814605,0.005102430832093434,0.008948445728125105
2,NORMAL/ZCH0477.wav,NORMAL,NORMAL,NORMAL,1.0,195.0,accuracy,0.5,0.05096833168383131,0.8320653491406398,0.026938480288721638,0.07989461829823462,0.010133220588572692,0.06178114550160558,0.792628892064201,0.03272811082197151,0.09956840004111675,0.013293451571105312
2,ASD/ZCH0569.wav,ASD,PFO,PFO,0.0,159.0,accuracy,0.5,0.1477052559739554,0.026029505857556416,0.03186574279281931,0.7843929928760915,0.010006502499577305,0.14236786560476372,0.011333385454741544,0.026584968276577397,0.8097284495091168,0.009985331154800608
2,NORMAL/ZCH0039.wav,NORMAL,NORMAL,NORMAL,1.0,695.0,accuracy,0.5,0.12029471266557198,0.6331900160472798,0.07103351418762877,0.04196684042131465,0.13351491667820478,0.11331564426336221,0.6509358603272145,0.06744544374688624,0.0341113893927739,0.13419166226976326
2,NORMAL/ZCH0487.wav,NORMAL,NORMAL,NORMAL,0.0,910.0,accuracy,0.5,0.012680278314108022,0.925627610548385,0.02600965846549773,0.01728394797927669,0.018398504692732503,0.01079133962641265,0.9366587686931639,0.02413632414477067,0.011244764441963418,0.017168803093689365
2,NORMAL/ZCH0154.wav,NORMAL,NORMAL,NORMAL,1.0,665.0,accuracy,0.5,0.057923577591709706,0.9100568097444304,0.02337088121968828,0.00424872906990333,0.004400002374268114,0.05381315335226046,0.9164996226095828,0.021887671028775642,0.0034218548579349937,0.004377698151446022
2,NORMAL/ZCH0126.wav,NORMAL,NORMAL,NORMAL,0.0,605.0,accuracy,0.5,0.009055539049986145,0.961610127800728,0.011742103376441892,0.01354703696454102,0.004045192808302997,0.009804134776193874,0.9607865530081662,0.013008297778079618,0.011442448323763278,0.004958566113797029
2,NORMAL/ZCH0289.wav,NORMAL,NORMAL,NORMAL,1.0,5230.0,accuracy,0.5,0.019859100715715852,0.9057607861905117,0.026250840440546125,0.020539155622729517,0.027590117030496717,0.010506343379558875,0.9600385529728886,0.014201150335105363,0.005950734380906649,0.00930321893154039
2,NORMAL/ZCH0219.wav,NORMAL,NORMAL,NORMAL,1.0,2460.0,accuracy,0.5,0.008780568704031749,0.943880911129097,0.014503579077893292,0.02046794729334006,0.012366993795637892,0.005782522208974153,0.9689362030480373,0.009776756932231042,0.009097494787819557,0.006407023022938013
2,ASD/ZCH0606.wav,ASD,ASD,PFO,0.0,30.0,accuracy,0.5,0.5301803972192383,0.002000288514160135,0.006751533280623867,0.41994382450247403,0.0411239564835037,0.4543764969093447,0.0004659673649014415,0.004626738774967516,0.5122966443475895,0.028234152603196783
2,ASD/ZCH0541.wav,ASD,ASD,ASD,0.0,485.0,accuracy,0.5,0.9712483479554057,0.007927454565637688,0.007596248248820605,0.009092215730488911,0.00413573349964691,0.9731524298855158,0.007106404726167781,0.007756330215982793,0.0072314018407319495,0.004753433331601842
2,NORMAL/ZCH0052.wav,NORMAL,NORMAL,NORMAL,1.0,1550.0,accuracy,0.5,0.005241652575725945,0.9554662585030974,0.017635821734039655,0.011548395848363025,0.010107871338773975,0.003487130020650434,0.9714338295043837,0.01247197097718843,0.00606371926372297,0.0065433502340544
2,NORMAL/ZCH0116.wav,NORMAL,NORMAL,NORMAL,1.0,2765.0,accuracy,0.5,0.030501905966318087,0.866725171951244,0.028659228659135005,0.0572807106944737,0.016832982728829268,0.0202419357406691,0.9267321601357091,0.019463948814774923,0.0249918739901737,0.008570081318673154
2,NORMAL/ZCH0005.wav,NORMAL,NORMAL,NORMAL,1.0,2190.0,accuracy,0.5,0.06806053388308594,0.8831629911097112,0.018316486562372135,0.024988668026257578,0.0054713204185731475,0.04716851036928178,0.9248072940517489,0.012996131130165055,0.011976085173076127,0.003051979275728119
2,ASD/ZCH0586.wav,ASD,PFO,PFO,0.0,1335.0,accuracy,0.5,0.19162433452447142,0.027913118535411702,0.18155662355728025,0.5814099681572062,0.017495955225630515,0.2201922427956665,0.04110659034639794,0.22955128163437763,0.48793404784564604,0.021215837377912012
2,PFO/ZCH0710.wav,PFO,PFO,PFO,0.0,240.0,accuracy,0.5,0.21458288424898828,0.011847734906940566,0.19198967809820955,0.55793585686156,0.023643845884301525,0.22803526454929654,0.008667779233219182,0.204115057685206,0.53116875366254,0.02801314486973839
2,VSD/ZCH0849.wav,VSD,PFO,ASD,1.0,1215.0,accuracy,0.5,0.36566673236943137,0.002570582809639812,0.007505639025291608,0.38602324038436725,0.23823380541127007,0.3917847687044104,0.0039981969109634035,0.008553270991788547,0.33898598823005727,0.2566777751627803
2,ASD/ZCH0620.wav,ASD,ASD,ASD,0.0,3040.0,accuracy,0.5,0.5775800761308958,0.22262559370294027,0.15299598512662102,0.026929856978348436,0.019868488061194553,0.5268599669887237,0.29259982096265125,0.15136233238636426,0.01451106724610847,0.014666812416152121
2,NORMAL/ZCH0237.wav,NORMAL,NORMAL,NORMAL,0.0,910.0,accuracy,0.5,0.0531797599854245,0.9150412335185869,0.016105122105199203,0.011297329573750492,0.004376554817038886,0.045367397121860324,0.9281895661422334,0.01498136610303952,0.0073677371755262915,0.00409393345734042
2,NORMAL/ZCH0385.wav,NORMAL,NORMAL,NORMAL,1.0,3315.0,accuracy,0.5,0.007473014908705693,0.9600845691360792,0.008510873607437294,0.01626876926387236,0.007662773083905528,0.004483971031375514,0.9807768515092865,0.005224761024258893,0.006137743657327649,0.0033766727777512205
2,VSD/ZCH0927.wav,VSD,PFO,NORMAL,0.0,1580.0,accuracy,0.5,0.21572474671029288,0.24711883813002056,0.215524510364317,0.27117591121662876,0.05045599357874089,0.20981127251891574,0.3197096987148359,0.2316333909200498,0.1881215146456386,0.05072412320055991
2,VSD/ZCH0940.wav,VSD,VSD,VSD,1.0,319.0,accuracy,0.5,0.02633798253542621,0.022404092743177915,0.01982491075317707,0.01593387775423425,0.9154991362139846,0.025069461935329114,0.017520867139173855,0.01890138616140448,0.01514757752812654,0.923360707235966
2,NORMAL/ZCH0340.wav,NORMAL,NORMAL,NORMAL,0.0,1670.0,accuracy,0.5,0.073639876429056,0.771195251090526,0.0281763578451813,0.12122701917280776,0.005761495462429017,0.059597549430293294,0.8409832923714645,0.025235038050648168,0.06940003311693498,0.004784087030659042
2,NORMAL/ZCH0315.wav,NORMAL,NORMAL,NORMAL,0.0,2735.0,accuracy,0.5,0.008253160946953842,0.9362047779938905,0.01716719544343482,0.022409991363747123,0.01596487425197375,0.006067878751986756,0.9606123144629896,0.013646759757680782,0.009958565135678587,0.009714481891664186
2,VSD/ZCH0839.wav,VSD,VSD,VSD,0.0,485.0,accuracy,0.5,0.019592610305502897,0.016644221066424138,0.03706500665042205,0.02324091444508479,0.9034572475325662,0.017383712665533926,0.013212326819421449,0.033513584395317875,0.01636837747698681,0.91952199864274
2,NORMAL/ZCH0259.wav,NORMAL,PDA,PDA,0.0,395.0,accuracy,0.5,0.14769451261559238,0.19480564350891946,0.596671261892703,0.04637429590705545,0.014454286075729768,0.15108217712363436,0.17373625798346387,0.6198502652841836,0.038192686385581466,0.01713861322313667
2,NORMAL/ZCH0513.wav,NORMAL,NORMAL,NORMAL,0.0,3435.0,accuracy,0.5,0.008926358072031767,0.9103696943707293,0.011422967695006368,0.04802503685332288,0.02125594300890961,0.006244793359647758,0.9540733848420897,0.008698690005899219,0.01928731338568624,0.011695818406677083
2,VSD/ZCH0864.wav,VSD,VSD,VSD,1.0,365.0,accuracy,0.5,0.007546497148989216,0.011797787935974842,0.020212538154969144,0.012311655683887483,0.9481315210761794,0.00720556487830037,0.009390402637808208,0.019326957737817164,0.011628848485281944,0.9524482262607923
2,NORMAL/ZCH0331.wav,NORMAL,ASD,ASD,0.0,2460.0,accuracy,0.5,0.5381225681506607,0.29176217448318814,0.05499793820659206,0.024707327286346552,0.09040999187321247,0.49640942500752844,0.36436263834777355,0.05468873308127015,0.014074311579752783,0.07046489198367507
2,VSD/ZCH0872.wav,VSD,VSD,VSD,0.0,229.0,accuracy,0.5,0.02423314451304766,0.009498754901637176,0.024189375173697278,0.02773169757332731,0.9143470278382906,0.022014304595272597,0.005915782247590273,0.02197143400575489,0.022618773391960136,0.9274797057594221
2,VSD/ZCH0846.wav,VSD,NORMAL,NORMAL,0.0,425.0,accuracy,0.5,0.09906892947175394,0.4375267583918565,0.05907266868370989,0.0990224064417553,0.3053092370109244,0.10150731190236346,0.39434070994329684,0.061541747807073624,0.08129049477103714,0.36131973557622893
2,NORMAL/ZCH0441.wav,NORMAL,NORMAL,NORMAL,0.0,295.0,accuracy,0.5,0.08260578308540711,0.8517924433296511,0.02549199829400315,0.026358956073466663,0.013750819217471972,0.11089540807232506,0.802973238426707,0.03433072099736883,0.03137001697752317,0.02043061552607585
2,NORMAL/ZCH0284.wav,NORMAL,NORMAL,NORMAL,1.0,260.0,accuracy,0.5,0.08828577952292962,0.848740064129922,0.025907482244809286,0.030088339029330773,0.0069783350730084105,0.10564739184691549,0.8179191990024534,0.031063069023985028,0.0364358884180533,0.008934451708592707
2,NORMAL/ZCH0473.wav,NORMAL,NORMAL,NORMAL,1.0,2975.0,accuracy,0.5,0.03416010747676623,0.9177345129496598,0.025705570261062287,0.009228436216473925,0.013171373096037825,0.021519503848925824,0.9518948529732573,0.016570395952565604,0.0037562039753804067,0.006259043249870866
2,PFO/ZCH0712.wav,PFO,PFO,PFO,1.0,38.0,accuracy,0.5,0.20656451143527915,0.03213892773818758,0.0283185983733074,0.7090294361153016,0.02394852633792432,0.1463117234025844,0.007244377371143522,0.016305959799536706,0.8169614073076459,0.01317653211908952
2,NORMAL/ZCH0134.wav,NORMAL,NORMAL,NORMAL,0.0,2555.0,accuracy,0.5,0.013792071356553416,0.94908884023371,0.012800178330035918,0.01597513694464395,0.008343773135056841,0.010268997287788247,0.966945296642382,0.010284347903797331,0.0072900908640495974,0.005211267301982807
2,ASD/ZCH0563.wav,ASD,ASD,ASD,0.0,4105.0,accuracy,0.5,0.8068104335636448,0.046397154351598746,0.011642712879602175,0.08421232732056247,0.05093737188459182,0.8251200626663836,0.0755609957181216,0.013030947829063114,0.047204438400709925,0.039083555385721946
2,NORMAL/ZCH0468.wav,NORMAL,NORMAL,NORMAL,1.0,185.0,accuracy,0.5,0.018827840285209844,0.8961899514098051,0.02719228384292765,0.04245975153435034,0.015330172927707195,0.023303534385627635,0.8682158174030646,0.03373491555395045,0.05417205522900301,0.02057367742835433
2,NORMAL/ZCH0448.wav,NORMAL,NORMAL,NORMAL,1.0,1000.0,accuracy,0.5,0.04322145994282183,0.8708125779409068,0.02098703816700388,0.058211931374775795,0.006766992574491812,0.0322682789694246,0.9092767923242322,0.016673000611459425,0.036585409451698706,0.005196518643185051
2,NORMAL/ZCH0485.wav,NORMAL,NORMAL,NORMAL,0.0,201.0,accuracy,0.5,0.0192332512866531,0.7560805682883309,0.03314363621538971,0.18281962578252633,0.00872291842709977,0.025995914251329112,0.6929209614718714,0.04472241884141809,0.22314354437688183,0.013217161058499653
2,ASD/ZCH0555.wav,ASD,ASD,ASD,0.0,127.0,accuracy,0.5,0.9274633400994966,0.01851132890104895,0.014133517998207822,0.022274384608977536,0.017617428392269114,0.9365647295474923,0.008320914004570669,0.01232790964289284,0.024274087650557576,0.01851235915448661
2,ASD/ZCH0626.wav,ASD,ASD,ASD,0.0,60.0,accuracy,0.5,0.5520712614569989,0.018493263048371227,0.05906331556363982,0.032659984656581625,0.33771217527440844,0.600527167786203,0.0055792790288496765,0.05152010400818407,0.05004871258920484,0.2923247365875584
2,NORMAL/ZCH0393.wav,NORMAL,NORMAL,NORMAL,0.0,3250.0,accuracy,0.5,0.006375899242716732,0.954966389355195,0.011924967336688035,0.019909316539469046,0.006823427525931315,0.004423071982181733,0.9747798451718668,0.008989863741527231,0.008034459864594114,0.003772759239830008
2,NORMAL/ZCH0218.wav,NORMAL,NORMAL,NORMAL,0.0,1425.0,accuracy,0.5,0.018591057158589244,0.9491702325553731,0.015332458133007165,0.009417085446532952,0.007489166706497484,0.01448059968143512,0.9609390794207741,0.013161979439187855,0.005309752388747743,0.006108589069855242
2,ASD/ZCH0535.wav,ASD,PFO,PFO,0.0,186.0,accuracy,0.5,0.414153253067147,0.006618883654095279,0.08026336054474872,0.4676703693616958,0.03129413337231322,0.4325267702090958,0.0046582994505261835,0.08361207760763226,0.44248382054841,0.03671903218433579
3,NORMAL/ZCH0080.wav,NORMAL,NORMAL,NORMAL,1.0,1185.0,accuracy,0.5,0.026586358150628875,0.8204074877223313,0.030144463211726022,0.08739443358443327,0.035467257330880554,0.01905323644449176,0.8791036490243971,0.023448352009544322,0.051760901520632556,0.02663386100093432
3,NORMAL/ZCH0285.wav,NORMAL,NORMAL,NORMAL,0.0,4015.0,accuracy,0.5,0.06641197491578106,0.8663745111967922,0.02228746279980994,0.03464697494270744,0.010279076144909327,0.04273134678746344,0.9251867465035444,0.014853869821823094,0.012036025692183492,0.005192011194985562
3,PDA/ZCH0659.wav,PDA,NORMAL,NORMAL,1.0,2400.0,accuracy,0.5,0.2912260608798013,0.48067237312645594,0.16198658504235877,0.03318720363851542,0.03292777731286857,0.20958465198168352,0.6289166851853775,0.1224071480484629,0.01741346961692673,0.021678045167549363
3,NORMAL/ZCH0276.wav,NORMAL,NORMAL,NORMAL,1.0,1730.0,accuracy,0.5,0.034496152573623144,0.9289919521072889,0.008881036961213264,0.017542225938341625,0.0100886324195331,0.02151436264995752,0.9576257970241611,0.005928486916484835,0.008558475160532895,0.006372878248863714
3,VSD/ZCH0797.wav,VSD,VSD,VSD,0.0,1155.0,accuracy,0.5,0.019642178258070016,0.06638119536808805,0.02863557768662168,0.04376198731895159,0.8415790613682688,0.01968895347272751,0.07756407819301582,0.030848320596971648,0.03036563944623656,0.8415330082910485
3,VSD/ZCH0818.wav,VSD,VSD,VSD,0.0,113.0,accuracy,0.5,0.11962220081616676,0.011731106117034061,0.1196489478267129,0.10048848276352951,0.6485092624765567,0.1258685853108888,0.0052661080939162535,0.10769401563906084,0.11050197120798431,0.6506693197481498
3,VSD/ZCH0918.wav,VSD,VSD,VSD,0.0,695.0,accuracy,0.5,0.017981854917037094,0.025422232708419416,0.1285677346566334,0.03640987598633842,0.7916183017315717,0.017349603447125425,0.022854397842953827,0.12455541046054502,0.025743393642830306,0.8094971946065455
3,NORMAL/ZCH0157.wav,NORMAL,NORMAL,NORMAL,0.0,365.0,accuracy,0.5,0.01362464906765829,0.9508255803821182,0.016989484450465622,0.013640235923862527,0.0049200501758952875,0.019632396040280994,0.9318806329160713,0.02459576488263242,0.016263766301333655,0.0076274398596817145
3,NORMAL/ZCH0090.wav,NORMAL,NORMAL,NORMAL,1.0,1125.0,accuracy,0.5,0.01882495445182375,0.950858130140048,0.017245282754216835,0.00591111574827545,0.007160516905635994,0.012946139515088115,0.9655974632736375,0.012894091942163123,0.0033820252726745282,0.005180279996436666
3,NORMAL/ZCH0047.wav,NORMAL,NORMAL,NORMAL,1.0,365.0,accuracy,0.5,0.05135243610494522,0.893618714948479,0.019163372852474516,0.03013949541949572,0.005725980674605654,0.05974163550838369,0.8749265682367839,0.023124594388989384,0.03474133191933969,0.007465869946503162
3,NORMAL/ZCH0132.wav,NORMAL,NORMAL,NORMAL,0.0,485.0,accuracy,0.5,0.1431426163333298,0.5246776051648042,0.0672389516289537,0.13066440722646497,0.13427641964644738,0.15596425411007997,0.5046451688009984,0.07363180965942963,0.10767081731842591,0.15808795011106616
3,NORMAL/ZCH0104.wav,NORMAL,NORMAL,NORMAL,1.0,95.0,accuracy,0.5,0.011759021628516794,0.9598888980338713,0.015803595716686353,0.008158436621171135,0.004390047999754446,0.02205561778581585,0.9240246000650002,0.026525585263626,0.019244703220648002,0.008149493664909968
3,PFO/ZCH0746.wav,PFO,PFO,PFO,1.0,181.0,accuracy,0.5,0.18152500810270275,0.11679651379124753,0.035211651666580884,0.5196510422194713,0.14681578421999752,0.1714932188836713,0.05941450982752999,0.0296363152525864,0.6035558426526356,0.1359001133835768
3,VSD/ZCH0810.wav,VSD,PDA,PDA,1.0,2430.0,accuracy,0.5,0.41332027473827215,0.012523380599758768,0.4213331578383297,0.06976212180366072,0.08306106501997877,0.41130693239565635,0.02275209182814706,0.4399624935126105,0.05049174949132455,0.0754867327722615
3,VSD/ZCH0815.wav,VSD,ASD,ASD,0.0,1095.0,accuracy,0.5,0.5106278474585659,0.009431748516219375,0.26054377601081435,0.15108870262745738,0.06830792538694291,0.5235051543782495,0.01114795305225866,0.28721723744317323,0.10795320632994156,0.07017644879637706
3,NORMAL/ZCH0524.wav,NORMAL,NORMAL,NORMAL,1.0,1275.0,accuracy,0.5,0.32077598923749123,0.38764546403214706,0.17190537412657939,0.04588229803305794,0.07379087457072421,0.26476888370338075,0.4871483965382371,0.15363596346626707,0.03099532434543851,0.06345143194667653
3,NORMAL/ZCH0353.wav,NORMAL,NORMAL,NORMAL,1.0,880.0,accuracy,0.5,0.028569532717097775,0.9263295517127884,0.02234109655351516,0.00797954656368591,0.014780272452912852,0.020854274464861586,0.9447615203025571,0.017856468936699933,0.004988397773661656,0.011539338522219778
3,NORMAL/ZCH0064.wav,NORMAL,PFO,PFO,1.0,193.0,accuracy,0.5,0.11827332675665311,0.16042891697079725,0.1457607652887614,0.4861295693522639,0.08940742163152439,0.11864571114439923,0.1258292334837474,0.1528246168690413,0.5005154101051106,0.10218502839770158
3,ASD/ZCH0647.wav,ASD,NORMAL,NORMAL,0.0,2190.0,accuracy,0.5,0.10719465205998602,0.7953334354221765,0.015006952757043423,0.011777163090328183,0.07068779667046586,0.08440294808138131,0.8487292749541536,0.012518957751533503,0.005742605028510068,0.04860621418442124
3,NORMAL/ZCH0455.wav,NORMAL,NORMAL,NORMAL,1.0,366.0,accuracy,0.5,0.0446902922697533,0.915200991705497,0.021665212973527182,0.007451360829555784,0.010992142221666796,0.04251503952734401,0.9176262937425356,0.021391172410078603,0.006552454870344141,0.011915039449697634
3,PFO/ZCH0751.wav,PFO,ASD,ASD,1.0,182.0,accuracy,0.5,0.4225992508367754,0.022223736112141776,0.12072113856322554,0.11012658500485224,0.32432928948300505,0.42462998173323885,0.012030114266193942,0.10806157860925247,0.136008378485717,0.31926994690559773
3,VSD/ZCH0884.wav,VSD,VSD,VSD,1.0,350.0,accuracy,0.5,0.016275058829716034,0.036388516016497466,0.06934489581367634,0.04855038006602408,0.8294411492740861,0.014825444313687488,0.027737717023828906,0.06556207809463242,0.0439412925489413,0.8479334680189099
3,ASD/ZCH0584.wav,ASD,NORMAL,ASD,0.0,250.0,accuracy,0.5,0.3686693025809081,0.46906074834236555,0.0796821184874752,0.059723503372042686,0.022864327217208387,0.44379669929176574,0.3689811683668328,0.0963683984856262,0.06085323834596498,0.03000049550981027
3,PDA/ZCH0678.wav,PDA,ASD,ASD,0.0,38.0,accuracy,0.5,0.3891907638737703,0.019161522976598427,0.2267852005933312,0.04374806867466244,0.3211144438816376,0.4316651202264553,0.006399158498504148,0.19845468255332752,0.07016758649611828,0.2933134522255948
3,VSD/ZCH0922.wav,VSD,VSD,VSD,1.0,45.0,accuracy,0.5,0.022271481073379666,0.028454578672057154,0.03603876660137252,0.03728545148540931,0.8759497221677813,0.025561477891668776,0.011943626012285527,0.03426021184307548,0.07387953876983304,0.8543551454831372
3,NORMAL/ZCH0323.wav,NORMAL,NORMAL,NORMAL,1.0,2765.0,accuracy,0.5,0.03344907711857032,0.9390058348446666,0.016208856966258896,0.004388259250383738,0.006947971820120476,0.01805802811310013,0.9677860845708156,0.009115782816272273,0.0016778045444527736,0.003362299955359358
3,VSD/ZCH0933.wav,VSD,NORMAL,NORMAL,0.0,2095.0,accuracy,0.5,0.26956425180196075,0.3050073153297548,0.1705844533918054,0.03187275314964328,0.22297122632683583,0.2508699142780274,0.37992568248155206,0.16837707462411938,0.018519500394871664,0.1823078282214295
3,ASD/ZCH0644.wav,ASD,NORMAL,NORMAL,0.0,2220.0,accuracy,0.5,0.02422994426226509,0.914201803185297,0.01978771427014769,0.010317027765120449,0.031463510517169856,0.018316654775664416,0.9402907455597107,0.015842803473655284,0.004817559677685622,0.02073223651328384
3,NORMAL/ZCH0209.wav,NORMAL,NORMAL,NORMAL,0.0,1700.0,accuracy,0.5,0.020440841449858086,0.9223113522441334,0.024834342629296253,0.02144053222621623,0.010972931450495958,0.01639559294168597,0.9425978867064807,0.021296165827247276,0.011261131319898674,0.008449223204687458
3,VSD/ZCH0932.wav,VSD,VSD,VSD,1.0,1826.0,accuracy,0.5,0.05298041717281568,0.029285494275033425,0.31515125937981714,0.026846422474895666,0.5757364066974382,0.05097654162492999,0.04731128646631847,0.3238121620619346,0.0200283507179254,0.5578716591288916
3,PDA/ZCH0682.wav,PDA,PDA,PDA,1.0,545.0,accuracy,0.5,0.12342868865346172,0.04569044368828258,0.7280107132601554,0.047775797033239295,0.055094357364860985,0.11985935084327116,0.04970945729704457,0.7287500878637063,0.04161972400559319,0.0600613799903848
3,NORMAL/ZCH0213.wav,NORMAL,NORMAL,NORMAL,0.0,3800.0,accuracy,0.5,0.0894746061655842,0.8593542408846406,0.01394335017490601,0.01678949872505687,0.020438304049812266,0.05864284578468167,0.9151932154739962,0.00949242868204348,0.006029563420895151,0.010641946638383458
3,ASD/ZCH0604.wav,ASD,NORMAL,NORMAL,0.0,940.0,accuracy,0.5,0.19960821579176333,0.4957407994196063,0.07501886080418758,0.13572577074826722,0.09390635323617542,0.19444814558241322,0.5402546277992603,0.07867606084162111,0.09384325702689844,0.09277790874980711
3,NORMAL/ZCH0117.wav,NORMAL,NORMAL,NORMAL,0.0,850.0,accuracy,0.5,0.10547361133763633,0.5637497663963287,0.0325541789111542,0.18634736495166665,0.1118750784032142,0.10467853920692789,0.6143409510112364,0.03480557184795681,0.13274642409774182,0.11342851383613699
3,NORMAL/ZCH0400.wav,NORMAL,NORMAL,NORMAL,1.0,3220.0,accuracy,0.5,0.01960169191995787,0.9387199186879384,0.01324937045519114,0.020472485913826124,0.007956533023086543,0.010051173075380608,0.9721869205278784,0.007010228493120511,0.007183948992391347,0.0035677289112292076
3,NORMAL/ZCH0046.wav,NORMAL,NORMAL,NORMAL,1.0,515.0,accuracy,0.5,0.013480120960504497,0.9569463120761891,0.01779349943906077,0.006511560228511144,0.005268507295734484,0.012191908176666632,0.9605308411356946,0.016607127503623906,0.0053080430705649195,0.005362080113449958
3,ASD/ZCH0635.wav,ASD,ASD,VSD,0.0,281.0,accuracy,0.5,0.3682859467517762,0.018863847114135288,0.10935741523620567,0.16396560516604433,0.33952718573183854,0.36930297528810296,0.012503415150354634,0.11017623221920327,0.13827384568254283,0.36974353165979645
3,NORMAL/ZCH0528.wav,NORMAL,NORMAL,NORMAL,1.0,635.0,accuracy,0.5,0.19235328610656444,0.5180888643876937,0.034317759909099195,0.0491260761971086,0.20611401339953406,0.17531815858535518,0.5434745888760538,0.03214183633912793,0.03963152008725778,0.2094338961122054
3,NORMAL/ZCH0267.wav,NORMAL,NORMAL,NORMAL,1.0,940.0,accuracy,0.5,0.08893284761322431,0.8019744911566042,0.040924391530581146,0.043545619685668745,0.024622650013921575,0.06669006692898634,0.8523400327531239,0.033542861084516803,0.027760124231058166,0.019666915002314937
3,NORMAL/ZCH0089.wav,NORMAL,NORMAL,NORMAL,0.0,425.0,accuracy,0.5,0.021521344801313666,0.9504628185470976,0.0170075725248617,0.00608965315254302,0.0049186109741840844,0.024648704963336637,0.9443189495156407,0.019580665662261052,0.005327997675695476,0.006123682183066324
3,NORMAL/ZCH0277.wav,NORMAL,NORMAL,NORMAL,0.0,1730.0,accuracy,0.5,0.02002640289535185,0.9333144239414856,0.01770065523453783,0.01942741463773669,0.00953110329088808,0.015954475287993014,0.9515931859754041,0.01507138744866476,0.010106214343481966,0.007274736944456252
3,VSD/ZCH0901.wav,VSD,VSD,VSD,0.0,820.0,accuracy,0.5,0.027211743726500356,0.02296130955728664,0.0732252958809217,0.01720824254160174,0.8593934082936896,0.0265823550335999,0.02447043999639924,0.07707524347398259,0.012112479442538715,0.8597594820534796
3,NORMAL/ZCH0313.wav,NORMAL,NORMAL,NORMAL,1.0,2855.0,accuracy,0.5,0.2856087266102658,0.6199133562196959,0.02618803717462801,0.03997392928460891,0.028315950710801292,0.18268766255300956,0.7657573499828985,0.017416660363068926,0.017983077093547583,0.016155250007475537
3,NORMAL/ZCH0183.wav,NORMAL,NORMAL,NORMAL,0.0,880.0,accuracy,0.5,0.23470044514707022,0.6615932645318471,0.024306547880844485,0.07494756037937095,0.0044521820608672165,0.2235104283291549,0.6962011328883719,0.024931253175681414,0.05103632090744545,0.004320864699346153
3,VSD/ZCH0816.wav,VSD,VSD,VSD,0.0,910.0,accuracy,0.5,0.025449376562513497,0.03251523829960728,0.05470637154511755,0.04096856430567007,0.8463604492870916,0.025194055377597238,0.035790679655502956,0.05831790805217667,0.028892597736172584,0.8518047591785506
3,NORMAL/ZCH0511.wav,NORMAL,NORMAL,NORMAL,1.0,2430.0,accuracy,0.5,0.10176466377316623,0.827365410653557,0.01136142839567473,0.008534353196067209,0.05097414398153487,0.06068488134329428,0.9007438342825389,0.0071093048474782355,0.003701481090218233,0.02776049843647038
3,NORMAL/ZCH0413.wav,NORMAL,NORMAL,NORMAL,0.0,2555.0,accuracy,0.5,0.030804098048909233,0.9154829656464116,0.02028594001844254,0.0188310797390058,0.014595916547230834,0.022407054926485582,0.9447287810880477,0.0155674438588801,0.008231231749726904,0.009065488376859719
3,VSD/ZCH0859.wav,VSD,VSD,VSD,1.0,1610.0,accuracy,0.5,0.05445986563171347,0.027671919313975436,0.05488442955146834,0.02402654899827805,0.8389572365045648,0.052713415969002475,0.043377917115665736,0.05702878098899974,0.018400511514023655,0.8284793744123083
3,PFO/ZCH0707.wav,PFO,PFO,PFO,0.0,1520.0,accuracy,0.5,0.2513547043751039,0.029746107930148702,0.12520732211134558,0.5702649747118138,0.023426890871587978,0.30464940719816647,0.044692509055407406,0.16253949248201674,0.46052483855913795,0.027593752705271583
3,NORMAL/ZCH0391.wav,NORMAL,NORMAL,NORMAL,1.0,515.0,accuracy,0.5,0.1091375806269086,0.7134142188570674,0.04561076363610316,0.053687192039949726,0.07815024483997121,0.10065393694469973,0.7302037386661362,0.043408926409300976,0.04462709493209513,0.08110630304776804
3,NORMAL/ZCH0123.wav,NORMAL,NORMAL,NORMAL,1.0,2675.0,accuracy,0.5,0.018030090784987622,0.9324250180702985,0.019262187975471027,0.016425485044901857,0.01385721812434103,0.009897439378278685,0.9657830279522236,0.01103630665637094,0.0064306733571429485,0.006852552655983909
3,NORMAL/ZCH0006.wav,NORMAL,NORMAL,NORMAL,1.0,194.0,accuracy,0.5,0.05523776826244037,0.8784977560843505,0.02656995610358274,0.03185320485349864,0.007841314696127805,0.06804088232997547,0.8464895142918274,0.03420512059288886,0.04026112132845056,0.011003361456857657
3,NORMAL/ZCH0040.wav,NORMAL,PFO,PFO,0.0,2125.0,accuracy,0.5,0.18589059994243745,0.05067756596510759,0.2691453564765808,0.4799833481455314,0.014303129470342927,0.21849043200328744,0.08004273124286594,0.3354073998206868,0.35131765997875386,0.014741776954406004
3,ASD/ZCH0579.wav,ASD,PFO,PFO,0.0,91.0,accuracy,0.5,0.2958900063543357,0.009388554114546317,0.05509602054621403,0.5613339091678634,0.07829150981704046,0.24587597380357465,0.002426861842237388,0.03614120025834012,0.6624899019406075,0.05306606215524039
3,NORMAL/ZCH0149.wav,NORMAL,NORMAL,NORMAL,1.0,910.0,accuracy,0.5,0.02120409525840978,0.9269620151238185,0.014960179932641229,0.028472392242886002,0.008401317442244554,0.01541728831842074,0.9484994577782168,0.011899586573057267,0.017663833004073152,0.0065198343262321806
3,NORMAL/ZCH0073.wav,NORMAL,NORMAL,NORMAL,0.0,1425.0,accuracy,0.5,0.02183612149261966,0.948953202506946,0.015074258392546828,0.007661392591183819,0.006475025016703552,0.018074667797789806,0.9590396216415992,0.013376741818878537,0.004265799633175115,0.00524316910855744
3,ASD/ZCH0624.wav,ASD,NORMAL,NORMAL,1.0,90.0,accuracy,0.5,0.05148864963415702,0.8375415933042399,0.029914557510611072,0.0648522279402532,0.01620297161073878,0.09973486127258296,0.612241514407579,0.04787291518089653,0.21365337056496442,0.02649733857397713
3,NORMAL/ZCH0203.wav,NORMAL,NORMAL,NORMAL,1.0,665.0,accuracy,0.5,0.015839855292461295,0.957784862532429,0.013682689122435617,0.006820952481726643,0.0058716405709474066,0.013723535932271208,0.9632401042626907,0.012169486526427515,0.005208323550761726,0.005658549727848926
3,PFO/ZCH0735.wav,PFO,PDA,PDA,1.0,395.0,accuracy,0.5,0.24705629140092167,0.20713234508893352,0.30510685144217264,0.019040955062684814,0.22166355700528742,0.23452049580193277,0.20946754407802423,0.3002429198700189,0.016620713731226172,0.23914832651879794
3,NORMAL/ZCH0260.wav,NORMAL,NORMAL,NORMAL,0.0,635.0,accuracy,0.5,0.0451345775228897,0.9195866420125755,0.014274406535390083,0.01621296643538083,0.004791407493763953,0.04900288075080859,0.9168783434958102,0.015566306488933278,0.013009727524946967,0.005542741739500947
3,ASD/ZCH0625.wav,ASD,NORMAL,NORMAL,1.0,3830.0,accuracy,0.5,0.01921925184728597,0.9284245788735084,0.0200162112958229,0.021441908723454427,0.010898049259928247,0.009271668193255556,0.9696574244725251,0.00984152027957474,0.006778258073530325,0.004451128981114313
3,NORMAL/ZCH0512.wav,NORMAL,NORMAL,NORMAL,1.0,341.0,accuracy,0.5,0.043615664143524795,0.7788634921504799,0.041438241888594275,0.11453592168148437,0.021546680135916697,0.04988540125867147,0.7428500779557028,0.0492093001787595,0.1303761412148435,0.027679079392022844
3,NORMAL/ZCH0242.wav,NORMAL,NORMAL,NORMAL,0.0,1095.0,accuracy,0.5,0.016856401310112356,0.9611871628847763,0.010307879884821788,0.004075350767956857,0.007573205152332771,0.01470237544793005,0.9665338332038319,0.009667302920078688,0.002477277903477925,0.006619210524681486
3,NORMAL/ZCH0097.wav,NORMAL,NORMAL,NORMAL,1.0,1790.0,accuracy,0.5,0.034663151602384666,0.9267131325554584,0.020024183126656988,0.009555641259868594,0.00904389145563143,0.021403159550267,0.9551564285812448,0.013214724186952534,0.004589941960837093,0.005635745720698597
3,NORMAL/ZCH0326.wav,NORMAL,NORMAL,NORMAL,0.0,3890.0,accuracy,0.5,0.036426770921832996,0.9259568144399162,0.018531174084507607,0.010565200586101551,0.008520039967641552,0.022964505755464167,0.9570419814987887,0.012120670865632828,0.0036269960138235933,0.004245845866290721
3,NORMAL/ZCH0299.wav,NORMAL,NORMAL,NORMAL,0.0,2250.0,accuracy,0.5,0.24391252500652386,0.638663025161413,0.031341756474809294,0.03538566433849199,0.05069702901876187,0.20069668996683804,0.717767234389751,0.02730379326868715,0.017939615134868206,0.036292667239855726
3,VSD/ZCH0912.wav,VSD,VSD,VSD,0.0,181.0,accuracy,0.5,0.023057781781644617,0.038443252422489374,0.13182894328114003,0.05149358674429816,0.7551764357704278,0.025094369648809827,0.018422963239038644,0.12277300540053128,0.05754712305079611,0.7761625386608241
3,NORMAL/ZCH0378.wav,NORMAL,NORMAL,NORMAL,1.0,365.0,accuracy,0.5,0.03633600929843614,0.9220043148611603,0.022627722536195643,0.01218112886184806,0.006850824442359923,0.04247298630257879,0.9070094567694365,0.02743484631302077,0.014107742928949129,0.00897496768601496
3,NORMAL/ZCH0197.wav,NORMAL,NORMAL,NORMAL,1.0,1095.0,accuracy,0.5,0.03990266889418272,0.8209441814347972,0.016341944134658976,0.1172546835698473,0.005556521966513901,0.029212521077354513,0.8818226489627382,0.013018152384503242,0.07165888920158035,0.00428778837382374
3,PFO/ZCH0699.wav,PFO,PFO,PFO,1.0,2.0,accuracy,0.5,0.31130229837152634,0.0345692819807035,0.040863206672253044,0.5794026851666729,0.033862527808844134,0.220943557551093,0.00858468031182956,0.024082537154671495,0.725759925027079,0.020629299955327075
3,NORMAL/ZCH0074.wav,NORMAL,NORMAL,NORMAL,0.0,194.0,accuracy,0.5,0.032528415325815484,0.9278807977737664,0.019559705032827317,0.015372136868372332,0.004658944999218343,0.0490282074852701,0.8937911024727118,0.0296150734480824,0.019857655483283367,0.007707961110652334
3,NORMAL/ZCH0291.wav,NORMAL,NORMAL,NORMAL,0.0,1915.0,accuracy,0.5,0.0763284899773519,0.7989672803427823,0.026085629651471924,0.08817736982311777,0.010441230205276236,0.0629391246002532,0.8604283005788137,0.022858971878552185,0.04612154372737639,0.007652059215004542
3,PFO/ZCH0702.wav,PFO,VSD,VSD,0.0,259.0,accuracy,0.5,0.17729688185521605,0.02081726470573257,0.10231313723927901,0.11133547464583404,0.5882372415539383,0.1724209124169324,0.013274227991555572,0.09996605611208205,0.09147180734370479,0.6228669961357252
3,NORMAL/ZCH0506.wav,NORMAL,NORMAL,NORMAL,1.0,1275.0,accuracy,0.5,0.008881244408921839,0.9640724936682884,0.013000700598627785,0.007954891334730825,0.006090669989431171,0.005906542599700858,0.9761817635491091,0.009361913377371743,0.004329918306246381,0.004219862167571728
3,ASD/ZCH0582.wav,ASD,VSD,NORMAL,1.0,1275.0,accuracy,0.5,0.18700530559297518,0.2703005379922993,0.12092804466767919,0.03570703714152126,0.38605907460552513,0.16108784946171573,0.3545008207372382,0.11279094337208866,0.02517378988654024,0.34644659654241716
3,NORMAL/ZCH0305.wav,NORMAL,NORMAL,NORMAL,0.0,1610.0,accuracy,0.5,0.16501694222247876,0.7000082555831111,0.03599377980464031,0.0739211857790589,0.025059836610710946,0.1426883649332471,0.7608620537290324,0.03330506513519318,0.04221580111037804,0.020928715092149348
3,NORMAL/ZCH0146.wav,NORMAL,NORMAL,NORMAL,0.0,2950.0,accuracy,0.5,0.01940544793784838,0.9457324581962121,0.013438502049191992,0.014184855878187233,0.007238735938560422,0.013359334024524995,0.9670806890578096,0.009713614266480718,0.005690340005435309,0.0041560226457492
3,NORMAL/ZCH0347.wav,NORMAL,NORMAL,NORMAL,1.0,1335.0,accuracy,0.5,0.024143569374788124,0.9516014385683322,0.011014385335889668,0.008211147186624872,0.0050294595343651355,0.01594909763322666,0.9683256421665943,0.007865793315268068,0.004411448008021947,0.0034480188768890086
3,NORMAL/ZCH0520.wav,NORMAL,NORMAL,NORMAL,0.0,1125.0,accuracy,0.5,0.22866589425124018,0.6978332236097691,0.01551779654496528,0.008983645160110916,0.04899944043391446,0.2060822378718444,0.7291084024152863,0.015033949749750544,0.005623451062734229,0.04415195890038456
3,NORMAL/ZCH0316.wav,NORMAL,NORMAL,NORMAL,0.0,1215.0,accuracy,0.5,0.02381405739851908,0.9449086773829951,0.016509495892943565,0.008994473231126779,0.00577329609441548,0.02040907531759133,0.954178054423748,0.015198075184065117,0.005300898090490696,0.004913896984104835
3,NORMAL/ZCH0162.wav,NORMAL,NORMAL,NORMAL,1.0,425.0,accuracy,0.5,0.01781066960901448,0.9318838536784195,0.01990745592010125,0.02215508259587315,0.008242938196591621,0.016622081513799816,0.9365055331369436,0.019237350238926986,0.018914057750908958,0.008720977359420541
3,NORMAL/ZCH0521.wav,NORMAL,NORMAL,NORMAL,0.0,880.0,accuracy,0.5,0.018100555149248857,0.9199547298971462,0.020883519450833807,0.03507209204475265,0.005989103458018315,0.016631660785889277,0.934049631202047,0.020667329494556012,0.023043231199887028,0.005608147317620689
3,PDA/ZCH0658.wav,PDA,ASD,NORMAL,0.0,4680.0,accuracy,0.5,0.34117110393606226,0.31740075693786585,0.05796055778783428,0.26649983623389084,0.0169677451043469,0.3068224074604456,0.5042933553601706,0.053517827221121125,0.12381303461144264,0.011553375346820082
3,PFO/ZCH0718.wav,PFO,PFO,PFO,1.0,89.0,accuracy,0.5,0.2060787230713569,0.15228071921778202,0.045075358360394766,0.5602164384359742,0.036348760914492066,0.1604300636491482,0.044709688101833484,0.028992626980837093,0.7419745557498136,0.02389306551836759
3,NORMAL/ZCH0303.wav,NORMAL,NORMAL,NORMAL,0.0,1520.0,accuracy,0.5,0.025451787957496783,0.9433143816930486,0.014553788388951704,0.007864269444523559,0.008815772515979401,0.02079045159054895,0.955197880285244,0.012733199255002544,0.004280229465093081,0.006998239404111547
3,NORMAL/ZCH0498.wav,NORMAL,NORMAL,NORMAL,1.0,1580.0,accuracy,0.5,0.022097466571553,0.9248081530877775,0.022355932673130234,0.013520392796081592,0.01721805487145768,0.014125348890932518,0.9524148126548706,0.015352313165623148,0.0068580209084169895,0.011249504380156605
3,NORMAL/ZCH0364.wav,NORMAL,NORMAL,NORMAL,0.0,1855.0,accuracy,0.5,0.010845149592716187,0.959234747048187,0.013396822000985246,0.010530980699709582,0.005992300658401985,0.008476635945461268,0.970959697378681,0.011135073789227899,0.00524957280624315,0.004179020080386518
3,NORMAL/ZCH0270.wav,NORMAL,NORMAL,NORMAL,1.0,238.0,accuracy,0.5,0.23051918729009224,0.40156134153871453,0.056060636807793704,0.2714907712025455,0.040368063160854034,0.2475173297976595,0.3443564856348951,0.06278033352103722,0.29618873818293884,0.04915711286346941
3,VSD/ZCH0904.wav,VSD,VSD,VSD,1.0,185.0,accuracy,0.5,0.027073429784672053,0.033792777458282644,0.0323305642435798,0.032523468191371696,0.8742797603220939,0.024225155335678313,0.023548221304232612,0.030247721396804376,0.029925219622828524,0.8920536823404562
3,ASD/ZCH0534.wav,ASD,NORMAL,NORMAL,1.0,850.0,accuracy,0.5,0.13535929243457004,0.7551953650842521,0.08821713490186082,0.006774888944917151,0.014453318634399961,0.10405594244542296,0.8052342244630533,0.07432380191524232,0.0044772840550823334,0.011908747121199173
3,NORMAL/ZCH0381.wav,NORMAL,NORMAL,NORMAL,1.0,4680.0,accuracy,0.5,0.02513238522619111,0.9268614821164936,0.013824177416478484,0.02482895652771428,0.009352998713122621,0.011152503027712705,0.9725130393957284,0.0061496260794681925,0.00682169635692135,0.003363135140169296
3,NORMAL/ZCH0402.wav,NORMAL,NORMAL,NORMAL,1.0,2155.0,accuracy,0.5,0.04354857902554748,0.8965319216980091,0.026304072932279328,0.013161892338460822,0.020453534005703062,0.026016189408236075,0.9402058582961903,0.01659123536743272,0.00585149086039701,0.011335226067743958
3,ASD/ZCH0612.wav,ASD,ASD,ASD,1.0,365.0,accuracy,0.5,0.848967529044754,0.038532883810118296,0.07463880378605123,0.02755986172337025,0.010300921635706235,0.850951991824597,0.03250489626325264,0.07760054424891843,0.02737067096399326,0.011571896699238778
3,NORMAL/ZCH0390.wav,NORMAL,NORMAL,NORMAL,1.0,5320.0,accuracy,0.5,0.05627472098211135,0.9050097071852687,0.01945717896592594,0.009199909082315879,0.01005848378437816,0.02380108408032286,0.9623975482987062,0.008150343638293306,0.002313375504765245,0.0033376484779124925
3,PDA/ZCH0673.wav,PDA,NORMAL,NORMAL,1.0,3950.0,accuracy,0.5,0.04774610530293903,0.8941841219462229,0.028006891102518375,0.016986298380855212,0.0130765832674645,0.023183908823413722,0.9522860368639284,0.013827403402750618,0.005360442344779051,0.005342208565128257
3,ASD/ZCH0587.wav,ASD,ASD,ASD,0.0,605.0,accuracy,0.5,0.6377926166705254,0.12235679420022619,0.11876033231278052,0.034665322980940744,0.08642493383552716,0.6463962882121995,0.11303039081315168,0.12091215017064844,0.02608053647795786,0.0935806343260425
3,VSD/ZCH0789.wav,VSD,VSD,VSD,0.0,425.0,accuracy,0.5,0.025280594113565598,0.04061748971999094,0.12098168373960874,0.047006814469830405,0.7661134179570043,0.024057657034449727,0.03353034361534147,0.1157300383796317,0.034172255350377975,0.7925097056201992
3,VSD/ZCH0848.wav,VSD,PFO,PFO,0.0,166.0,accuracy,0.5,0.43441927253416857,0.014916195202497495,0.022891236182672123,0.4598223597801251,0.06795093630053682,0.4349703023432439,0.006533506484538633,0.019612192594191998,0.4745012550633913,0.0643827435146341
3,NORMAL/ZCH0330.wav,NORMAL,NORMAL,NORMAL,0.0,2615.0,accuracy,0.5,0.011241880867088015,0.956020369277261,0.015328844795133236,0.008490093921884524,0.008918811138633303,0.007994896394307732,0.9715053280688996,0.011492606474580034,0.0036109575525664155,0.00539621150964614
3,NORMAL/ZCH0360.wav,NORMAL,NORMAL,NORMAL,0.0,1640.0,accuracy,0.5,0.026797302225020726,0.9183315440096562,0.018871167943006695,0.028767713984424247,0.007232271837892184,0.021741652310575097,0.9408524657373382,0.016379095651744745,0.015370951237603193,0.005655835062738686
3,NORMAL/ZCH0249.wav,NORMAL,NORMAL,NORMAL,0.0,1095.0,accuracy,0.5,0.017683879263023162,0.9544902030116954,0.019323785665936136,0.003283369386988334,0.005218762672356784,0.015425595518681189,0.9598918972220707,0.018124663043787157,0.0019960491473735927,0.0045617950680873565
3,VSD/ZCH0781.wav,VSD,VSD,VSD,0.0,236.0,accuracy,0.5,0.018715297656888952,0.03328322788704269,0.04842937268328913,0.032457466908574525,0.8671146348642047,0.0176008435343583,0.02034519738187784,0.04575741375793987,0.02591499330141583,0.8903815520244082
3,ASD/ZCH0610.wav,ASD,NORMAL,NORMAL,1.0,4680.0,accuracy,0.5,0.030012102966969215,0.9332472417576065,0.012311240234923002,0.01773090857156534,0.0066985064689357955,0.013247825096720393,0.9740625128764737,0.005447794702753385,0.004845899721296923,0.002395967602755672
3,VSD/ZCH0900.wav,VSD,VSD,VSD,1.0,97.0,accuracy,0.5,0.2472303926133504,0.011039033437176831,0.0939597467301515,0.1588209740638945,0.48894985315542683,0.24228858406044218,0.005559278633283582,0.08239226390374957,0.1956314049009905,0.4741284685015342
3,ASD/ZCH0566.wav,ASD,ASD,ASD,0.0,455.0,accuracy,0.5,0.5970094857331137,0.005866110428040886,0.16931379921575132,0.061898614349025265,0.16591199027406883,0.5974989009353086,0.005138226913967325,0.17032394559606034,0.04708386207346897,0.17995506448119478
3,VSD/ZCH0756.wav,VSD,VSD,VSD,1.0,820.0,accuracy,0.5,0.041049574526223556,0.037643743972962954,0.044485310608597325,0.03566970206445166,0.8411516688277645,0.03815269239164031,0.04816719602667976,0.04535563193786603,0.02861002537886273,0.8397144542649513
3,ASD/ZCH0601.wav,ASD,PFO,PFO,1.0,41.0,accuracy,0.5,0.02189574821944935,0.0033878438905070515,0.05524068145702979,0.9161671030382155,0.0033086233947983924,0.01322361219062562,0.0007459193236662848,0.02763977331655245,0.9566914724317372,0.0016992227374183237
3,NORMAL/ZCH0127.wav,NORMAL,NORMAL,NORMAL,0.0,850.0,accuracy,0.5,0.015475223060837248,0.9584575206521273,0.01604260061035299,0.004309775913000749,0.005714879763681789,0.014144347929423613,0.961896038436259,0.015796067287754678,0.002827394705558046,0.005336151641004504
3,VSD/ZCH0885.wav,VSD,VSD,VSD,0.0,175.0,accuracy,0.5,0.054297472527791706,0.03775142684420291,0.42214979594058955,0.06292722549830203,0.42287407918911385,0.060566282408215356,0.018494348496452852,0.40294048798229026,0.07218215500040526,0.4458167261126363
3,NORMAL/ZCH0251.wav,NORMAL,NORMAL,NORMAL,0.0,3800.0,accuracy,0.5,0.01766085165501898,0.9555927666501887,0.01131223420764993,0.010034522125364247,0.0053996253617782245,0.01109393891653637,0.975376542937843,0.007381038700721102,0.003453851957353186,0.0026946274875461543
3,NORMAL/ZCH0271.wav,NORMAL,NORMAL,NORMAL,0.0,330.0,accuracy,0.5,0.01274802293836167,0.9413235096703807,0.019171009917933107,0.016762288752998258,0.009995168720326351,0.018483805311925113,0.917693737725966,0.027927893102229744,0.020243124829388087,0.015651439030491203
3,VSD/ZCH0760.wav,VSD,VSD,VSD,0.0,455.0,accuracy,0.5,0.028501428875908827,0.03317959244921649,0.06706501593115294,0.05968578556989015,0.8115681771738317,0.027148013543140646,0.027659838331108393,0.0642088558196406,0.04320933781565341,0.8377739544904569
3,VSD/ZCH0909.wav,VSD,VSD,VSD,1.0,93.0,accuracy,0.5,0.09996978311523619,0.018754600254168818,0.2591670099948262,0.10885120363507442,0.5132574030006944,0.10132531511871845,0.009743752501129892,0.23509186907805557,0.13883438047364935,0.5150046828284467
3,NORMAL/ZCH0275.wav,NORMAL,NORMAL,NORMAL,1.0,455.0,accuracy,0.5,0.015635301787832834,0.9554617644303763,0.01774897879561619,0.00676619737397434,0.004387757612200386,0.014414373655659191,0.9584107530356479,0.0169233792342447,0.005677230327300849,0.004574263747147312
3,NORMAL/ZCH0383.wav,NORMAL,NORMAL,NORMAL,1.0,2555.0,accuracy,0.5,0.05078624557473585,0.857392732075053,0.025007918210470048,0.04030562412898741,0.02650748001075366,0.029488862655101155,0.9245068230127774,0.015195350160052527,0.016850745574630236,0.013958218597438529
3,NORMAL/ZCH0194.wav,NORMAL,NORMAL,NORMAL,0.0,2520.0,accuracy,0.5,0.02255641540867269,0.9423546050709702,0.02008424122863523,0.008750922868139405,0.006253815423582476,0.01627896204046262,0.9607551630594308,0.015298127341686897,0.00380578444215549,0.0038619631162641536
3,NORMAL/ZCH0273.wav,NORMAL,NORMAL,NORMAL,1.0,330.0,accuracy,0.5,0.13284086691059888,0.7040987092724367,0.05812014538561239,0.05106875820430903,0.053871520227043015,0.14937263736371048,0.6573683498196262,0.06788603824198551,0.05726950099772525,0.06810347357695272
3,NORMAL/ZCH0428.wav,NORMAL,NORMAL,NORMAL,0.0,2921.0,accuracy,0.5,0.016830114337553003,0.9590625978911551,0.012412062356744948,0.0038724555980233152,0.007822769816523703,0.011538733874436881,0.9734923207187249,0.008937967898891178,0.0015504826515576875,0.004480494856389268
3,NORMAL/ZCH0522.wav,NORMAL,NORMAL,NORMAL,1.0,365.0,accuracy,0.5,0.1374440701380403,0.7463317963879145,0.027024147696471917,0.07366753925800829,0.01553244651956509,0.15548256791955042,0.7105439302561891,0.03170982318917723,0.08257076166954226,0.019692916965541065
3,ASD/ZCH0615.wav,ASD,ASD,ASD,1.0,1095.0,accuracy,0.5,0.7676543954413411,0.03609502417422846,0.11056017507165665,0.05137536954011654,0.03431503577265722,0.7526209896500512,0.05192284108964622,0.11794725500410279,0.042047320226002376,0.03546159403019759
3,NORMAL/ZCH0145.wav,NORMAL,NORMAL,NORMAL,1.0,3770.0,accuracy,0.5,0.012952415555744985,0.9618662780103713,0.014375401574914634,0.006233891141735455,0.004572013717233675,0.006155002280627225,0.9830798143738946,0.006970672903464935,0.0019492796438603426,0.001845230798152777
3,ASD/ZCH0546.wav,ASD,PFO,PFO,0.0,40.0,accuracy,0.5,0.08107495779759254,0.07686252195426646,0.02664914440921771,0.7497864802632523,0.06562689557567096,0.06420736851739017,0.01835428077825477,0.01665154389388447,0.8580021734029994,0.04278463340747102
3,NORMAL/ZCH0490.wav,NORMAL,NORMAL,NORMAL,1.0,3830.0,accuracy,0.5,0.03162505311549288,0.8879849978761942,0.04492452900015548,0.011022413695220515,0.0244430063129369,0.015595874222475357,0.9480568566719537,0.022579842304855588,0.0035619549406199578,0.010205471860095405
3,NORMAL/ZCH0021.wav,NORMAL,NORMAL,NORMAL,1.0,1730.0,accuracy,0.5,0.023512554653422238,0.9521837354626667,0.012932258526575762,0.007143515194132309,0.004227936163202831,0.01450483459068718,0.9708670940994096,0.008539052895994534,0.0034472978199749046,0.0026417205939338203
3,NORMAL/ZCH0437.wav,NORMAL,NORMAL,NORMAL,1.0,545.0,accuracy,0.5,0.04161825036100079,0.902526842668514,0.017822249039425246,0.010405147888540554,0.027627510042519503,0.03744349103628198,0.9097257388013328,0.016528752108392268,0.008398006775706688,0.027904011278286338
3,NORMAL/ZCH0500.wav,NORMAL,NORMAL,NORMAL,1.0,1580.0,accuracy,0.5,0.0930027485390606,0.8260827718653964,0.02822602318947922,0.008413228761944884,0.04427522764411899,0.06174894852756603,0.8836395413999708,0.02013296817332149,0.004432505457020657,0.030046036442121078
3,VSD/ZCH0796.wav,VSD,VSD,VSD,1.0,665.0,accuracy,0.5,0.027478936445854904,0.041771815460498525,0.04902105562925615,0.03759867396953952,0.844129518494851,0.025017886029541893,0.044145436350011544,0.0458162278341053,0.03016902925057698,0.8548514205357644
3,NORMAL/ZCH0427.wav,NORMAL,NORMAL,NORMAL,0.0,2400.0,accuracy,0.5,0.009609274170689495,0.9573298856243022,0.012652434552958922,0.016293311463914432,0.004115094188134995,0.007018959202253744,0.9733803175732255,0.009767772515121027,0.007242022854019549,0.002590927855380188
3,PFO/ZCH0743.wav,PFO,PFO,PFO,1.0,213.0,accuracy,0.5,0.21166316165041166,0.3234831986759439,0.04056806695572233,0.38619680486830155,0.038088767849620536,0.22344590613380827,0.2695909004682447,0.04471817557844707,0.41652890477293647,0.04571611304656349
3,ASD/ZCH0562.wav,ASD,PFO,PFO,1.0,82.0,accuracy,0.5,0.45114658062108576,0.003974019511201688,0.02204630046425357,0.5097257871614073,0.013107312242051705,0.3339360072747001,0.0011043708354041503,0.013487946115878445,0.6432719835695371,0.008199692204480304
3,PFO/ZCH0694.wav,PFO,PFO,PFO,0.0,41.0,accuracy,0.5,0.008246540430339415,0.12717215900392898,0.008992583107361582,0.8472999830880374,0.008288734370332614,0.006420701738064027,0.029876649616366747,0.00552425385378252,0.9528668874990915,0.005311507292695121
3,ASD/ZCH0595.wav,ASD,ASD,ASD,1.0,177.0,accuracy,0.5,0.3754274715601298,0.22667817586898403,0.05760674992850649,0.27410032144404073,0.06618728119833903,0.3948745891143925,0.12811976349094584,0.0539907259294346,0.35477608684270906,0.06823883462251817
3,PFO/ZCH0748.wav,PFO,PFO,PFO,1.0,46.0,accuracy,0.5,0.3279411567622546,0.06984850093400594,0.05810979629562826,0.48455312028907027,0.05954742571904098,0.2545210229874625,0.01984124072472473,0.037353814197769564,0.6490156400851833,0.03926828200486001
3,NORMAL/ZCH0504.wav,NORMAL,NORMAL,NORMAL,0.0,190.0,accuracy,0.5,0.017588157594669446,0.9450556740395704,0.012339552614316622,0.01834856350733991,0.006668052244103682,0.02681092371344068,0.9191361977002275,0.018895233708380088,0.023994504885594615,0.011163139992357216
3,NORMAL/ZCH0193.wav,NORMAL,NORMAL,NORMAL,1.0,1125.0,accuracy,0.5,0.0913916473018551,0.7774258080511672,0.044056381146318754,0.05490239436383375,0.03222376913682523,0.066863379735474,0.8398753140190772,0.03504327886763798,0.033417514168009345,0.024800513209801568
3,VSD/ZCH0782.wav,VSD,VSD,VSD,1.0,1095.0,accuracy,0.5,0.11577057758944925,0.09781184815905028,0.1699988395826914,0.1235676871478361,0.492851047520973,0.10851039110362812,0.13451326663615482,0.17337944993376075,0.09668315749988403,0.48691373482657235
3,NORMAL/ZCH0257.wav,NORMAL,NORMAL,NORMAL,1.0,2705.0,accuracy,0.5,0.01958075605332564,0.9547346656757414,0.012281081297819789,0.006764539453026382,0.006638957520086784,0.01057439284236659,0.976683928799473,0.006917923698478555,0.002599300555852752,0.0032244541038290607
3,NORMAL/ZCH0519.wav,NORMAL,NORMAL,NORMAL,1.0,1461.0,accuracy,0.5,0.01336221241023929,0.9391310179554402,0.025481556474220266,0.00896145705486391,0.013063756105236315,0.008661898217213887,0.9601560008426258,0.0177987530796829,0.004664043283801123,0.008719304576676402
3,NORMAL/ZCH0148.wav,NORMAL,NORMAL,NORMAL,0.0,1000.0,accuracy,0.5,0.019464210672515834,0.9454666941257839,0.01517097236843867,0.013417717428002627,0.006480405405258863,0.017344835920915364,0.9538527827735943,0.014547683781944922,0.008425478418431357,0.0058292191051139575
3,NORMAL/ZCH0493.wav,NORMAL,NORMAL,NORMAL,0.0,2645.0,accuracy,0.5,0.06023136172270182,0.866694052415742,0.041201526795896296,0.01344318430518297,0.018429874760476896,0.04395895181273206,0.9070749632547017,0.03168963136276173,0.00585370719470031,0.011422746375104272
3,NORMAL/ZCH0515.wav,NORMAL,NORMAL,NORMAL,0.0,232.0,accuracy,0.5,0.011363231955005963,0.9664771174148894,0.013841537667655248,0.004907828918279477,0.003410284044169908,0.01720713805544109,0.9497792666341607,0.021057336605393072,0.006315024922523969,0.0056412337824812316
3,VSD/ZCH0826.wav,VSD,VSD,VSD,0.0,1670.0,accuracy,0.5,0.04007831153762402,0.01792510282945549,0.04252846509601265,0.03226641622279469,0.8672017043141131,0.04158931110414838,0.023594653974451787,0.04719625500271055,0.021987426075732716,0.8656323538429566
3,NORMAL/ZCH0121.wav,NORMAL,NORMAL,NORMAL,0.0,1395.0,accuracy,0.5,0.015763829476264365,0.9515324387219558,0.019200668780999287,0.007976417321467769,0.005526645699312862,0.013101139847642107,0.9608109014063563,0.017112292462385333,0.0044728386366195754,0.004502827646996508
3,NORMAL/ZCH0108.wav,NORMAL,NORMAL,NORMAL,0.0,248.0,accuracy,0.5,0.011226363296835599,0.9319452707800471,0.023041089485166505,0.027120970105750427,0.006666306332200429,0.01667738456580944,0.9040198534097149,0.03438881031332215,0.034116980511744784,0.010796971199408596
3,NORMAL/ZCH0327.wav,NORMAL,NORMAL,NORMAL,1.0,359.0,accuracy,0.5,0.03647537339751949,0.9292321546998671,0.019068796470141716,0.00736330996853995,0.007860365463931783,0.04277937158117586,0.9151136085202618,0.02320333568401172,0.008566037277561812,0.010337646936988952
3,NORMAL/ZCH0483.wav,NORMAL,NORMAL,NORMAL,1.0,196.0,accuracy,0.5,0.013672854470418942,0.9532055795332379,0.018135176308688255,0.0099699995973369,0.005016390090318047,0.017199802339224895,0.9389092201205052,0.023840241946054823,0.01286341722402878,0.007187318370186212
3,NORMAL/ZCH0096.wav,NORMAL,NORMAL,NORMAL,0.0,1460.0,accuracy,0.5,0.014083882989287057,0.9208383820904009,0.016973437017818102,0.034252595821186185,0.013851702081307793,0.011742237041087438,0.9426799633211481,0.015165979526397024,0.019141816412204794,0.011270003699162633
3,ASD/ZCH0605.wav,ASD,NORMAL,NORMAL,0.0,545.0,accuracy,0.5,0.12525775165236913,0.8086473255127209,0.029715191788465833,0.023327081943536707,0.01305264910290745,0.13730127199255582,0.7954429366407032,0.03272971046407855,0.019154787067099485,0.015371293835562983
3,NORMAL/ZCH0476.wav,NORMAL,NORMAL,NORMAL,1.0,3405.0,accuracy,0.5,0.014705745633758904,0.9513720468486968,0.01843333239042441,0.010410374940452995,0.005078500186666831,0.00732077217065263,0.9775581500979456,0.009432835567215001,0.0034992156179320505,0.0021890265462547833
3,VSD/ZCH0852.wav,VSD,VSD,VSD,0.0,730.0,accuracy,0.5,0.05360352228355951,0.07104991299139135,0.1292624562646335,0.042270764641935854,0.7038133438184797,0.05231546091671136,0.0651397933582804,0.12664742613154373,0.030086646492775676,0.7258106731006889
3,ASD/ZCH0608.wav,ASD,ASD,ASD,1.0,2520.0,accuracy,0.5,0.44338139909772756,0.1831409983833105,0.05335505696066763,0.30546079999687636,0.014661745561417961,0.4137450738868279,0.31586960274282333,0.052141524182843076,0.2058118169568489,0.012431982230656793
3,NORMAL/ZCH0499.wav,NORMAL,NORMAL,NORMAL,0.0,2310.0,accuracy,0.5,0.17021049761957113,0.6574282933466283,0.037575706011648086,0.013789896136962146,0.12099560688519036,0.13859067306759373,0.7367618294811706,0.03237042192229698,0.006883468426910496,0.08539360710202819
3,VSD/ZCH0758.wav,VSD,VSD,VSD,0.0,605.0,accuracy,0.5,0.024203816379012737,0.03650206677337525,0.03896359023150877,0.0426701469122031,0.8576603797039002,0.02317034845216922,0.031850330532750194,0.037470272928084865,0.030323180899036038,0.8771858671879597
3,NORMAL/ZCH0407.wav,NORMAL,NORMAL,NORMAL,1.0,1215.0,accuracy,0.5,0.019004546247434608,0.954561202812982,0.013173904180488444,0.006477879293784286,0.006782467465310733,0.012825822525240926,0.9691436204765644,0.009642331300212281,0.0036011921546051534,0.004787033543377173
3,NORMAL/ZCH0143.wav,NORMAL,NORMAL,NORMAL,1.0,820.0,accuracy,0.5,0.02206840673028293,0.9495159808372399,0.016799781315360026,0.006851123731265174,0.004764707385852157,0.01624188484030751,0.9620768159942593,0.013563355343173709,0.004351404820068537,0.0037665390021908757
3,NORMAL/ZCH0171.wav,NORMAL,NORMAL,NORMAL,0.0,4390.0,accuracy,0.5,0.01882495445182375,0.950858130140048,0.017245282754216835,0.00591111574827545,0.007160516905635994,0.011200119024306709,0.9730965728682602,0.010575249074806467,0.0018516245960590015,0.0032764344365675446
3,PFO/ZCH0741.wav,PFO,PFO,PFO,0.0,1425.0,accuracy,0.5,0.1931618711632389,0.13117399627536563,0.16224070984602706,0.48336238976458235,0.03006103295078598,0.21905446301551817,0.18162489826927475,0.19724686418617113,0.368724054341186,0.03334972018784986
3,PFO/ZCH0747.wav,PFO,PFO,PFO,1.0,188.0,accuracy,0.5,0.07670943473739925,0.114684216049592,0.08233924260422054,0.6527556638053476,0.07351144280344066,0.07619266521030871,0.08884401701430973,0.08549956596698043,0.6662303264327409,0.08323342537566025
3,NORMAL/ZCH0442.wav,NORMAL,NORMAL,NORMAL,1.0,1610.0,accuracy,0.5,0.1259266847077449,0.821106414509094,0.02140586952161292,0.01730561086223085,0.014255420399317261,0.08356473725862316,0.8824488550051082,0.015248899243931451,0.009086280104732947,0.009651228387604082
3,NORMAL/ZCH0233.wav,NORMAL,NORMAL,NORMAL,1.0,1095.0,accuracy,0.5,0.053978811940214116,0.913068744675295,0.015902065259749167,0.008373233283988018,0.008677144840753794,0.0378239343410524,0.9387444487901868,0.01212482407326629,0.004897893628924899,0.00640889916656958
3,NORMAL/ZCH0220.wav,NORMAL,NORMAL,NORMAL,0.0,2430.0,accuracy,0.5,0.03887717636987699,0.9197958397958733,0.01567435451888501,0.012571188073703676,0.013081441241661034,0.028597731556413056,0.9453280034108673,0.012181852620834576,0.005613262837654475,0.008279149574230461
3,PDA/ZCH0683.wav,PDA,VSD,VSD,1.0,515.0,accuracy,0.5,0.0165275337712331,0.03909058196149746,0.03360422249040162,0.023011471598703075,0.8877661901781648,0.01483180646089192,0.038931754810794285,0.031119678756184696,0.01861237833480482,0.8965043816373242
3,VSD/ZCH0866.wav,VSD,VSD,VSD,1.0,880.0,accuracy,0.5,0.033032602720105705,0.02774274987503043,0.04194692743255448,0.03529433593056157,0.8619833840417478,0.03087451861251325,0.03623027549619476,0.04292958643315704,0.028252268904145523,0.8617133505539895
3,NORMAL/ZCH0508.wav,NORMAL,NORMAL,NORMAL,1.0,220.0,accuracy,0.5,0.023198176281408578,0.9270269472711488,0.024214299913954802,0.019182717479362555,0.006377859054125185,0.028655721867143682,0.907000374549691,0.03122188329054395,0.024171105522454692,0.008950914770166598
3,NORMAL/ZCH0243.wav,NORMAL,NORMAL,NORMAL,1.0,1855.0,accuracy,0.5,0.023036041774767133,0.947755384435975,0.014285449704850815,0.010337453681178246,0.004585670403228915,0.014052158987637812,0.969223851441243,0.00926496818125605,0.004818233068301371,0.0026407883215618794
3,VSD/ZCH0916.wav,VSD,VSD,VSD,1.0,51.0,accuracy,0.5,0.02231539838820416,0.03468381604683492,0.060829746848347806,0.04677961667572368,0.8353914220408893,0.025496089837935693,0.014559088080822161,0.05754614775721961,0.09206994514163884,0.8103287291823837
3,VSD/ZCH0857.wav,VSD,VSD,VSD,1.0,1275.0,accuracy,0.5,0.04690180428524734,0.02716854325694034,0.05906198155452351,0.04501892447836799,0.8218487464249209,0.044871659850427556,0.039574042598487964,0.06118274266003222,0.035250366144213265,0.819121188746839
3,NORMAL/ZCH0286.wav,NORMAL,NORMAL,NORMAL,0.0,2460.0,accuracy,0.5,0.028274206084382643,0.9419583066905437,0.015069529513078996,0.00945163287559821,0.005246324836396335,0.02055731325703599,0.9604335410846093,0.011572026301562713,0.00416125033403704,0.0032758690227548013
3,ASD/ZCH0621.wav,ASD,NORMAL,NORMAL,1.0,395.0,accuracy,0.5,0.24725558916781518,0.6550229332211512,0.03380538675692786,0.04296906867911282,0.020947022174992877,0.23696308392516108,0.6687672759689253,0.033585855383423985,0.037867494596636735,0.022816290125852935
3,NORMAL/ZCH0198.wav,NORMAL,NORMAL,NORMAL,0.0,695.0,accuracy,0.5,0.049376397393058116,0.8005683960003354,0.013390593085475777,0.11893364738970998,0.01773096613142086,0.05398084407542144,0.8154920712110565,0.014699265232978482,0.09528324597357403,0.020544573506969473
3,VSD/ZCH0801.wav,VSD,VSD,VSD,0.0,455.0,accuracy,0.5,0.012485450299813183,0.043756590567818394,0.034061330843928705,0.024856785314161963,0.8848398429742779,0.011747055548114702,0.036030928485034655,0.03221171885327529,0.01777481323183521,0.9022354838817401
3,VSD/ZCH0808.wav,VSD,VSD,VSD,1.0,1155.0,accuracy,0.5,0.028111193082941,0.04385033464967759,0.059820833484393314,0.022227531325704323,0.8459901074572838,0.026398248865979503,0.06118931793640977,0.06102407620548004,0.01730746470954618,0.8340808922825845
3,PFO/ZCH0734.wav,PFO,ASD,ASD,1.0,365.0,accuracy,0.5,0.7575715378466112,0.022775452658995356,0.03304957222374342,0.1047364091004897,0.08186702817016024,0.7526427332493877,0.019043007239391632,0.034057846445895955,0.10309968380911472,0.09115672925620996
3,PFO/ZCH0692.wav,PFO,PFO,PFO,0.0,66.0,accuracy,0.5,0.2735010093965706,0.12743402148205651,0.07949101489339536,0.47167304563455204,0.04790090859342545,0.25096944825116085,0.03585857643176905,0.057567637861933654,0.6195991553735654,0.03600518208157102
3,VSD/ZCH0837.wav,VSD,VSD,VSD,1.0,395.0,accuracy,0.5,0.030820235252703936,0.02720143693791331,0.04507237418225521,0.03793274785972349,0.8589732057674041,0.02757544235032799,0.02592760000000795,0.04180544999280424,0.031208787659117526,0.8734827199977423
3,NORMAL/ZCH0377.wav,NORMAL,NORMAL,NORMAL,1.0,665.0,accuracy,0.5,0.03682448886731153,0.9065926466883452,0.03528544565116812,0.007769589567528556,0.013527829225646706,0.032096617255804906,0.9172474250771888,0.031572147516751685,0.00596841112276072,0.013115399027493924
3,ASD/ZCH0594.wav,ASD,NORMAL,ASD,0.0,189.0,accuracy,0.5,0.3759349811613016,0.554385548316744,0.018163415726358448,0.03860686378785654,0.012909191007739417,0.4728479366682479,0.4447012770219979,0.02294912721842503,0.04166716723605732,0.017834491855271906
3,NORMAL/ZCH0359.wav,NORMAL,NORMAL,NORMAL,1.0,1425.0,accuracy,0.5,0.03978156055803493,0.8715883971332881,0.019870594632072407,0.06257752724136895,0.006181920435235666,0.026814335167758347,0.9204521629322574,0.014445287762018592,0.03398827506087048,0.004299939077095325
3,VSD/ZCH0757.wav,VSD,VSD,VSD,1.0,1790.0,accuracy,0.5,0.055954719461011604,0.032257533615227284,0.08248414347430441,0.043895178786334074,0.7854084246631227,0.05460294264951035,0.05254481014978677,0.08602867756225831,0.0333221996735647,0.7735013699648798
3,NORMAL/ZCH0180.wav,NORMAL,NORMAL,NORMAL,0.0,2430.0,accuracy,0.5,0.022368855055359942,0.9581164596562349,0.009925218209586816,0.006477824672509591,0.003111642406308784,0.016231292154649288,0.9713636611032876,0.007609151103545496,0.002853255827325111,0.0019426398111924885
3,NORMAL/ZCH0224.wav,NORMAL,NORMAL,NORMAL,1.0,2220.0,accuracy,0.5,0.03502914779130034,0.909779553887385,0.016957703870040915,0.025820203492503663,0.012413390958770167,0.02065630750264323,0.950767642264391,0.010542314090456124,0.011268463677708927,0.0067652724648006365
3,NORMAL/ZCH0044.wav,NORMAL,NORMAL,NORMAL,1.0,455.0,accuracy,0.5,0.010579463925553464,0.9274174757338295,0.015584362018893011,0.03620199848428974,0.010216699837434371,0.009793299826674366,0.934091719163473,0.014920336758639937,0.030500030871371247,0.010694613379841606
3,ASD/ZCH0616.wav,ASD,PFO,PFO,1.0,238.0,accuracy,0.5,0.06929198942784472,0.005225062117093627,0.03743281781141687,0.7566474518606414,0.13140267878300343,0.06725284559589387,0.004050204308265659,0.03789197266503861,0.7461671876219853,0.1446377898088166
3,VSD/ZCH0793.wav,VSD,VSD,VSD,0.0,485.0,accuracy,0.5,0.014098782613387173,0.031170061206459113,0.06545945251216259,0.030796661771372254,0.8584750418966189,0.01332189914749325,0.025999180132079074,0.06216491084546168,0.022007603658788448,0.8765064062161776
3,NORMAL/ZCH0459.wav,NORMAL,NORMAL,NORMAL,0.0,1215.0,accuracy,0.5,0.01431858181176564,0.9530176431306207,0.01788245910570355,0.008573674090040938,0.006207641861869249,0.012253681889104771,0.9609862889997095,0.01643836732045345,0.005045652724612274,0.00527600906611982
3,VSD/ZCH0786.wav,VSD,VSD,VSD,0.0,455.0,accuracy,0.5,0.024639322188769946,0.025191452288692344,0.09730836967668671,0.023000912952798786,0.8298599428930522,0.02321528260338749,0.02077330462853846,0.0921558458463992,0.016471212310655833,0.847384354611019
3,VSD/ZCH0905.wav,VSD,VSD,VSD,0.0,2250.0,accuracy,0.5,0.011342040789215881,0.06461256375790547,0.03388212194356868,0.02532865664041367,0.8648346168688963,0.012553482113105712,0.09767776744355514,0.03970426418352489,0.01727288256593767,0.8327916036938766
4,ASD/ZCH0581.wav,ASD,PFO,PFO,1.0,665.0,calibration,0.5,0.01000698622290325,0.020184046810709746,0.06543479074953266,0.6252018690000664,0.27917230721678804,0.010635837231761721,0.02318095974797192,0.07156594784457967,0.5633659829273042,0.3312512722483825
4,ASD/ZCH0611.wav,ASD,ASD,ASD,0.0,2920.0,calibration,0.5,0.9670115183122897,0.016185527105762276,0.006847611819019759,0.004794620107855983,0.005160722655072302,0.957460827061226,0.026201923734767884,0.008611107646430666,0.0029518554939625234,0.0047742860636128944
4,NORMAL/ZCH0240.wav,NORMAL,NORMAL,NORMAL,1.0,790.0,calibration,0.5,0.009938977820434585,0.9671504250560365,0.011929405934204086,0.008489714073914266,0.0024914771154104023,0.007902056785338405,0.9742216604156159,0.01028455384199875,0.005454052565364431,0.0021376763916825287
4,ASD/ZCH0574.wav,ASD,NORMAL,NORMAL,0.0,5045.0,calibration,0.5,0.18755998414010955,0.498719440337776,0.23043653155607297,0.04678808231880055,0.036495961647241004,0.11595227791329227,0.6482475341396905,0.19951135700398867,0.01626347265411066,0.020025358288917983
4,VSD/ZCH0828.wav,VSD,VSD,VSD,0.0,120.0,calibration,0.5,0.040177716081551074,0.03311063566348845,0.05536451134116015,0.04083306784367219,0.8305140690701281,0.04372812653196405,0.015007963052384865,0.04810569497324573,0.047940782479654304,0.8452174329627511
4,VSD/ZCH0928.wav,VSD,VSD,VSD,0.0,161.0,calibration,0.5,0.10060101236608356,0.011437595816400782,0.08418165170036188,0.0149949517682761,0.7887847883488777,0.10867915917436112,0.005256199705890501,0.07315720552947486,0.017333175801852663,0.7955742597884209
4,NORMAL/ZCH0182.wav,NORMAL,NORMAL,NORMAL,0.0,1155.0,calibration,0.5,0.0058892780505755095,0.971689235486035,0.008465925630919753,0.010185009252752593,0.0037705515797171974,0.004936702887611275,0.97795267459701,0.007655454488610219,0.0060851142085638415,0.003370053818204635
4,NORMAL/ZCH0369.wav,NORMAL,NORMAL,NORMAL,0.0,2125.0,calibration,0.5,0.03190917666298394,0.9211645057181906,0.019131471492264504,0.012472743788002014,0.01532210233855887,0.022439539949585578,0.9452248298965417,0.01636090936390418,0.005705421889353887,0.010269298900614711
4,NORMAL/ZCH0292.wav,NORMAL,NORMAL,NORMAL,1.0,820.0,calibration,0.5,0.00531676440731228,0.9598071605341665,0.013449151394215342,0.013593153367111078,0.007833770297194695,0.004202944176138517,0.9689156933442676,0.011555156639390435,0.008648557486716186,0.006677648353487207
4,NORMAL/ZCH0357.wav,NORMAL,NORMAL,NORMAL,0.0,1730.0,calibration,0.5,0.036577704250681645,0.8988796937759949,0.010124248571082782,0.05091814125336522,0.0035002121488755993,0.028401414646998285,0.9328959746083753,0.008827626434491047,0.02702051415164055,0.002854470158494859
4,NORMAL/ZCH0091.wav,NORMAL,NORMAL,NORMAL,1.0,1790.0,calibration,0.5,0.027291203486560757,0.9104829924510757,0.016635726033493427,0.01574244402203907,0.029847634006831124,0.01801314076929287,0.9409908406875612,0.012699678617187436,0.007566622427491232,0.020729717498467283
4,ASD/ZCH0597.wav,ASD,NORMAL,PFO,0.0,51.0,calibration,0.5,0.12602578594343733,0.5831069390754064,0.05794303750707503,0.15402954446424447,0.0788946930098367,0.2104746339556029,0.26900783355849495,0.0681144324461211,0.35094011997001207,0.10146298006976892
4,NORMAL/ZCH0489.wav,NORMAL,NORMAL,NORMAL,1.0,3287.0,calibration,0.5,0.01944978278456,0.9408514603136534,0.015626731048911997,0.015592636041669525,0.008479389811205145,0.009984492816303751,0.9702972318356483,0.010558653479624047,0.005110649615539678,0.004048972252884319
4,VSD/ZCH0784.wav,VSD,VSD,VSD,0.0,605.0,calibration,0.5,0.023773519789177806,0.023305427153530733,0.03226738719001699,0.05470423699753284,0.8659494288697417,0.021886955570598266,0.019939791359597725,0.029264428730522887,0.03895557881058231,0.8899532455286989
4,NORMAL/ZCH0298.wav,NORMAL,VSD,VSD,1.0,1395.0,calibration,0.5,0.15056638793903432,0.1912609529827773,0.24783163903623312,0.13940681902592197,0.2709342010160333,0.13663473052216055,0.2524199901812594,0.2541907487687768,0.09549222195238435,0.2612623085754189
4,VSD/ZCH0819.wav,VSD,ASD,ASD,1.0,90.0,calibration,0.5,0.559508837011973,0.013522372099701512,0.030728052708470302,0.35887406179166564,0.03736667638818957,0.4786789222947482,0.0036906622706347376,0.01964211282831448,0.4734123839507922,0.02457591865551042
4,PDA/ZCH0655.wav,PDA,NORMAL,NORMAL,0.0,1245.0,calibration,0.5,0.31713417800912125,0.326609359710271,0.24083156590630905,0.02732040672946643,0.08810448964483229,0.290646581452556,0.36602156336598207,0.2397244243750666,0.01771921630429259,0.08588821450210271
4,NORMAL/ZCH0079.wav,NORMAL,NORMAL,NORMAL,0.0,2005.0,calibration,0.5,0.008592631339392637,0.942295916507833,0.016058180406308672,0.02363678042135509,0.00941649132511073,0.0061294707616207905,0.9625686626024916,0.01383131995781251,0.011049124470807739,0.006421422207267453
4,PFO/ZCH0711.wav,PFO,NORMAL,NORMAL,1.0,93.0,calibration,0.5,0.25299665282178563,0.6285700094805273,0.012824832394684689,0.08097416206012775,0.0246343432428746,0.3735211034273262,0.42860996902424886,0.015812164536807616,0.14800980470830863,0.03404695830330867
4,ASD/ZCH0588.wav,ASD,NORMAL,NORMAL,0.0,365.0,calibration,0.5,0.15474974944464734,0.5824856586604388,0.04490568503495937,0.07572942360431562,0.14212948325563887,0.1844250515648546,0.5037621266084389,0.051317751193709904,0.07973130119029438,0.1807637694427024
4,NORMAL/ZCH0317.wav,NORMAL,NORMAL,NORMAL,0.0,1030.0,calibration,0.5,0.20916584206525532,0.6076254529536007,0.02516464369281842,0.01650881398063831,0.14153524730768724,0.18848002412412157,0.6401393535604546,0.024221445740189976,0.01071323933067299,0.13644593724456094
4,PFO/ZCH0697.wav,PFO,ASD,ASD,1.0,339.0,calibration,0.5,0.4738932884896265,0.01397855829779944,0.2843052410901542,0.10226224611489002,0.12556066600752994,0.47155117904441424,0.011352597010639396,0.28240643542190275,0.1011156627062891,0.1335741258167546
4,NORMAL/ZCH0450.wav,NORMAL,NORMAL,NORMAL,0.0,1305.0,calibration,0.5,0.04373884778432219,0.788716528300192,0.05947726690930191,0.015195451091895337,0.09287190591428862,0.036635935742807116,0.8174378111426064,0.05434798268330808,0.008965661220139478,0.082612609211139
4,ASD/ZCH0564.wav,ASD,PFO,PFO,1.0,62.0,calibration,0.5,0.2781961306474841,0.1286404139732789,0.0970219714260332,0.4366669707721069,0.059474513181096894,0.249272832942321,0.036082401896835245,0.06460954614911345,0.6090233793456253,0.04101183966610505
4,VSD/ZCH0898.wav,VSD,PFO,PFO,0.0,95.0,calibration,0.5,0.00985859735767362,0.044615702509214226,0.10864630732174593,0.45104316815690404,0.38583622465446216,0.010218023027994686,0.01898775894746976,0.0894446763355803,0.5070387389527287,0.3743108027362266
4,NORMAL/ZCH0235.wav,NORMAL,NORMAL,NORMAL,0.0,1155.0,calibration,0.5,0.010230125670004876,0.9600244569548757,0.012879404895797204,0.011640242060286094,0.0052257704190359485,0.008592100180247841,0.9680909860357805,0.011669056929553898,0.006968073927565986,0.004679782926851865
4,NORMAL/ZCH0332.wav,NORMAL,NORMAL,NORMAL,0.0,515.0,calibration,0.5,0.0030503709587929658,0.9668591827972266,0.01597971331780849,0.010332684845531924,0.003778048080639965,0.00336686508777976,0.9658458158440167,0.017207937412337535,0.008912035164016828,0.004667346491849216
4,NORMAL/ZCH0102.wav,NORMAL,NORMAL,NORMAL,0.0,515.0,calibration,0.5,0.006148777202231827,0.9692704470182882,0.011036947492059903,0.01081474883442792,0.002729079452992151,0.006789289612290626,0.9686169598378838,0.011889711912523873,0.009331311062841602,0.003372727574460183
4,ASD/ZCH0567.wav,ASD,PDA,PDA,1.0,2825.0,calibration,0.5,0.04557124200767958,0.0193617107891557,0.44546562868116507,0.24800708123701876,0.24159433728498092,0.043546357358792066,0.03489312517412696,0.5485492910353946,0.15587967923691073,0.21713154719477562
4,NORMAL/ZCH0389.wav,NORMAL,NORMAL,NORMAL,1.0,2765.0,calibration,0.5,0.018785434621149955,0.9129199888873647,0.027912480176882123,0.015507756341425143,0.024874339973178138,0.01046293901407788,0.9508060197662054,0.01997750731866112,0.005704264066247027,0.013049269834808532
4,NORMAL/ZCH0262.wav,NORMAL,NORMAL,NORMAL,1.0,395.0,calibration,0.5,0.004346925734793323,0.9749567024820022,0.011215809312940129,0.0058769516983219255,0.003603610771942514,0.004391486682365111,0.9748813560178698,0.011371573146736374,0.005261346355655116,0.004094237797373497
4,VSD/ZCH0903.wav,VSD,VSD,VSD,0.0,117.0,calibration,0.5,0.01293527604611315,0.010574035734948018,0.05251698048793266,0.017867709013871396,0.9061059987171348,0.013970563596038542,0.004748366672810581,0.045255528788597565,0.020830408507113013,0.9151951324354403
4,VSD/ZCH0791.wav,VSD,VSD,VSD,0.0,183.0,calibration,0.5,0.014017633369205001,0.028863152545471785,0.020633693126530704,0.017047294317141033,0.9194382266416515,0.013282449256404136,0.018433106374105064,0.01825467172500119,0.01468041742454667,0.935349355219943
4,NORMAL/ZCH0380.wav,NORMAL,NORMAL,NORMAL,1.0,365.0,calibration,0.5,0.010427166280628305,0.9441430907317925,0.016085052662110997,0.022222499896934332,0.007122190428533889,0.012494674904282634,0.9327668791193805,0.019295352652382882,0.02632568847250993,0.009117404851443914
4,NORMAL/ZCH0253.wav,NORMAL,NORMAL,NORMAL,1.0,3040.0,calibration,0.5,0.015882103174699222,0.9447546655365556,0.01856774869704722,0.014610029140626802,0.006185453451071098,0.008397707331587805,0.9707533442360577,0.012778731859092082,0.005009957132779212,0.003060259440483242
4,NORMAL/ZCH0216.wav,NORMAL,NORMAL,NORMAL,0.0,3710.0,calibration,0.5,0.03714652384806699,0.9123939178045887,0.022096166789179767,0.01864503284071686,0.00971835871744778,0.02140588115928026,0.9502327303561228,0.016809693966008097,0.006419211085755552,0.005132483432833336
4,VSD/ZCH0854.wav,VSD,VSD,VSD,1.0,365.0,calibration,0.5,0.015718104370729527,0.013965535919010003,0.06044253046097023,0.07877460085158287,0.8310992283977073,0.01491998176408138,0.010929552134451957,0.05743575493633677,0.0739234962146693,0.8427912149504606
4,NORMAL/ZCH0069.wav,NORMAL,NORMAL,NORMAL,1.0,880.0,calibration,0.5,0.0069994684310715405,0.9651521683965653,0.014869893425088201,0.008484545365450001,0.004493924381825083,0.00544087960702081,0.9729105456524543,0.012619850835381108,0.005267760394501566,0.003760963510642256
4,VSD/ZCH0865.wav,VSD,VSD,VSD,1.0,1095.0,calibration,0.5,0.06059254680887341,0.029201944189668656,0.024485219692936697,0.042739937953019336,0.8429803513555019,0.05697672405012817,0.03747813272746786,0.02552415556032767,0.031296976440461366,0.848724011221615
4,VSD/ZCH0761.wav,VSD,VSD,VSD,1.0,730.0,calibration,0.5,0.019023531734625804,0.020681745208238827,0.023245267783726813,0.01970738305558759,0.9173420722178209,0.01721983864088854,0.02060451959377854,0.021768033438851926,0.014985516993055042,0.925422091333426
4,NORMAL/ZCH0221.wav,NORMAL,NORMAL,NORMAL,0.0,2585.0,calibration,0.5,0.022507579823499376,0.936763100588217,0.018958424432382954,0.013942231122575036,0.007828664033325503,0.014757860065728007,0.9591048145870418,0.015512160928194357,0.005789061693353152,0.004836102725682736
4,NORMAL/ZCH0035.wav,NORMAL,NORMAL,NORMAL,0.0,665.0,calibration,0.5,0.012087057999946086,0.9450278673697676,0.019905276705147548,0.015598717609030924,0.007381080316107631,0.012790535691441,0.9449426474583936,0.02087677806383735,0.012686023680994613,0.008704015105333434
4,VSD/ZCH0843.wav,VSD,VSD,VSD,0.0,200.0,calibration,0.5,0.15660285067204022,0.01583352458396175,0.20737385182095297,0.1864156169350472,0.43377415598799784,0.1572534364737858,0.01080052549417663,0.19497384988468705,0.16961112925365426,0.46736105889369634
4,NORMAL/ZCH0034.wav,NORMAL,NORMAL,NORMAL,0.0,1610.0,calibration,0.5,0.02361717128366774,0.9295932955103513,0.0167661581891068,0.018462564084639442,0.011560810932234874,0.01839075202545069,0.9476717756604174,0.014546930621735421,0.00990605177588357,0.009484489916513007
4,VSD/ZCH0924.wav,VSD,VSD,VSD,1.0,136.0,calibration,0.5,0.016955107338018013,0.015389749120624428,0.09307347037903597,0.023972709680153536,0.8506089634821681,0.018291841829005912,0.007866855011562129,0.08445271003819145,0.031610128717080715,0.8577784644041598
4,PFO/ZCH0713.wav,PFO,PFO,PFO,0.0,41.0,calibration,0.5,0.07294899670606589,0.00398555176455224,0.03205484155677366,0.8521506064561655,0.038860003516442795,0.05644820157662351,0.0008456558281061868,0.01741314523805405,0.9021261212960541,0.023166876061162262
4,NORMAL/ZCH0246.wav,NORMAL,NORMAL,NORMAL,0.0,1730.0,calibration,0.5,0.013400759002749112,0.9560903357781904,0.01296074257049446,0.012886704369085629,0.004661458279480396,0.010155259977019304,0.9684310347318109,0.011029330540257875,0.006674228226269134,0.0037101465246427625
4,ASD/ZCH0542.wav,ASD,ASD,ASD,0.0,134.0,calibration,0.5,0.881842744892126,0.006919584481089887,0.015818624091459368,0.02818945471397287,0.067229591821352,0.8902450504634042,0.0029310964129452555,0.012783303749448742,0.030610952350421397,0.06342959702378038
4,ASD/ZCH0631.wav,ASD,PFO,PFO,0.0,188.0,calibration,0.5,0.16667405393563545,0.21680066480956117,0.10709842721174145,0.3371126396649278,0.1723142143781341,0.18431615460469225,0.16196591914324582,0.11067193136080715,0.3385016169585892,0.2045443779326655
4,PFO/ZCH0705.wav,PFO,ASD,ASD,1.0,2490.0,calibration,0.5,0.5064384664751459,0.1383082126224567,0.17060030642375093,0.12848497171570492,0.056168042762941774,0.45586614448560525,0.22360929072793798,0.19473201360184508,0.07785396490050382,0.0479385862841078
4,NORMAL/ZCH0022.wav,NORMAL,NORMAL,NORMAL,0.0,1185.0,calibration,0.5,0.013351073260269374,0.9660099131253143,0.008878036774399068,0.006562049755884872,0.005198927084132367,0.011124315056716025,0.9723747856696242,0.007998196797349113,0.003887624635683939,0.0046150778406266885
4,NORMAL/ZCH0037.wav,NORMAL,NORMAL,NORMAL,0.0,635.0,calibration,0.5,0.012451778352406665,0.936666796710687,0.014129790412635491,0.01567434308113132,0.02107729144313951,0.013248938393446045,0.9340232866381404,0.014856119343598819,0.012858384813030555,0.025013270811784314
4,NORMAL/ZCH0248.wav,NORMAL,NORMAL,NORMAL,0.0,1335.0,calibration,0.5,0.06950192161584658,0.8093221810234326,0.043605475609442994,0.06425921472068948,0.013311207030588464,0.05871476734715537,0.8509252358620737,0.040274186954963334,0.03815292163797013,0.011932888197837332
4,NORMAL/ZCH0256.wav,NORMAL,NORMAL,NORMAL,1.0,1825.0,calibration,0.5,0.006538912809594439,0.9298473546381263,0.015479549336488346,0.04424267358780856,0.0038915096279824217,0.004286009900684439,0.9602188207421711,0.011757991274692696,0.02105549334740763,0.002681684735044246
4,NORMAL/ZCH0217.wav,NORMAL,NORMAL,NORMAL,1.0,1490.0,calibration,0.5,0.01572218767938242,0.94186456218667,0.018859327738260715,0.008874549642253296,0.014679372753433586,0.010806281591630464,0.9591997971293665,0.014735382622595035,0.00456259647752782,0.010695942178880197
4,NORMAL/ZCH0250.wav,NORMAL,NORMAL,NORMAL,0.0,545.0,calibration,0.5,0.009263932038579774,0.9565413067225272,0.013629799314736867,0.011329057471111752,0.009235904453044407,0.010120723065772845,0.9543823237353587,0.014575575132403783,0.00963797903839653,0.01128339902806815
4,NORMAL/ZCH0324.wav,NORMAL,NORMAL,NORMAL,1.0,365.0,calibration,0.5,0.14234640943064308,0.8002775665305586,0.022069685286581833,0.03049430317947086,0.004812035572745654,0.16560851372969781,0.7676326196996384,0.025704185960848416,0.035073816036824,0.00598086457299128
4,VSD/ZCH0882.wav,VSD,VSD,VSD,0.0,181.0,calibration,0.5,0.0077906916270622855,0.025518997245391,0.022728142817873484,0.01935136851226313,0.9246107997974101,0.008464837194005318,0.011909352855630675,0.01993459037722243,0.022415044393110335,0.9372761751800313
4,NORMAL/ZCH0011.wav,NORMAL,NORMAL,NORMAL,1.0,1975.0,calibration,0.5,0.05781407508761667,0.8947952904746361,0.019473374758031542,0.009900018219713931,0.018017241460001717,0.036422561858827945,0.9331619173941735,0.015151695268217467,0.00436553547519346,0.010898290003587446
4,VSD/ZCH0823.wav,VSD,VSD,VSD,0.0,370.0,calibration,0.5,0.017119387266801643,0.022689901490180547,0.17410462126640314,0.088613162056517,0.6974729279200977,0.016176749905994683,0.018501985172457637,0.15775468351408833,0.06664211217876084,0.7409244692286986
4,NORMAL/ZCH0293.wav,NORMAL,NORMAL,NORMAL,0.0,4380.0,calibration,0.5,0.012397281451733789,0.9273718901119692,0.01781138844432056,0.035193836728507844,0.007225603263468656,0.006608608206554191,0.9661330584999407,0.012921930849865414,0.010862985163758387,0.0034734172798813385
4,NORMAL/ZCH0129.wav,NORMAL,NORMAL,NORMAL,1.0,1825.0,calibration,0.5,0.011291880386430024,0.937121610703096,0.02042836540885202,0.020460585607729242,0.010697557893892597,0.007344420134017919,0.9602805385639966,0.015397565438446949,0.009662416142569191,0.007315059720969206
4,NORMAL/ZCH0208.wav,NORMAL,NORMAL,NORMAL,1.0,2280.0,calibration,0.5,0.006048660488946522,0.9685791222369511,0.010328524957012383,0.008717021008977182,0.006326671308112747,0.003525774014638592,0.9819315581991553,0.0075548056317221775,0.003473319065626222,0.003514543088857652
4,PFO/ZCH0739.wav,PFO,PFO,PFO,0.0,149.0,calibration,0.5,0.12181438407908861,0.0159383337101329,0.05944268182306197,0.6345895952370744,0.16821500515064228,0.12013613579318898,0.0066467376592941095,0.04705813885264148,0.6712026798157641,0.15495630787911133
4,VSD/ZCH0910.wav,VSD,VSD,VSD,0.0,182.0,calibration,0.5,0.1680138375746682,0.06127641270249763,0.22029743787343295,0.12309328470303356,0.42731902714636766,0.18625359884186804,0.029190384474794946,0.19717120608734687,0.14544568800808375,0.4419391225879064
4,PDA/ZCH0654.wav,PDA,PDA,PDA,1.0,395.0,calibration,0.5,0.056645521472890585,0.006308980779405544,0.9124862319458313,0.007953982364024144,0.016605283437848416,0.056398258743908,0.006217222454363476,0.9117736132273173,0.007017786662771678,0.018593118911639655
4,NORMAL/ZCH0266.wav,NORMAL,NORMAL,NORMAL,1.0,365.0,calibration,0.5,0.038276237485221166,0.8946721543300924,0.030970311793112486,0.022761559993953406,0.01331973639762051,0.04537003798881408,0.874340224516985,0.03674997531678906,0.026672890949824037,0.016866871227587805
4,NORMAL/ZCH0056.wav,NORMAL,NORMAL,NORMAL,1.0,455.0,calibration,0.5,0.12361977961543233,0.7850066678429263,0.024545517722438497,0.027670130706202407,0.03915790411300053,0.12233915823128712,0.7856209655317019,0.024526823852233672,0.02400416987116162,0.0435088825136157
4,NORMAL/ZCH0466.wav,NORMAL,NORMAL,NORMAL,1.0,1885.0,calibration,0.5,0.01768850579642803,0.9407415613224683,0.01870201622147499,0.010948637197658057,0.011919279461970723,0.011100152338774547,0.96243344613401,0.014424329777057744,0.004844586181589426,0.007197485568568141
4,VSD/ZCH0861.wav,VSD,VSD,VSD,1.0,970.0,calibration,0.5,0.019485013457782512,0.012154768129820784,0.08021449638915489,0.03374460507640575,0.854401116946836,0.018241704641414662,0.015086360668251466,0.08252932228434419,0.024957265189189715,0.8591853472168001
4,PFO/ZCH0698.wav,PFO,NORMAL,NORMAL,0.0,186.0,calibration,0.5,0.057977429214714805,0.5256593949679499,0.03724757991986188,0.32553582333773917,0.05357977255973437,0.07240198563543039,0.44305562895722056,0.04345130669728983,0.36926302579747317,0.07182805291258619
4,VSD/ZCH0934.wav,VSD,VSD,VSD,1.0,1000.0,calibration,0.5,0.02741363037638562,0.02250604478533514,0.06942802237560255,0.005910509085078022,0.8747417933775987,0.025443034140295955,0.027891627407101473,0.07096633681981732,0.004318372640490014,0.8713806289922952
4,NORMAL/ZCH0031.wav,NORMAL,NORMAL,NORMAL,1.0,605.0,calibration,0.5,0.01468493979514218,0.9207197172817595,0.014485587092833409,0.039283039344069,0.010826716486195903,0.013950954803443903,0.9285356176219424,0.01408872363192522,0.031923582866732865,0.01150112107595564
4,NORMAL/ZCH0196.wav,NORMAL,NORMAL,NORMAL,1.0,1030.0,calibration,0.5,0.010183935994949192,0.9545027612162429,0.011260250883346003,0.015047765015883303,0.009005286889578532,0.007670981801985826,0.9668015843635502,0.009360770499024474,0.008891803749460395,0.007274859585979123
4,NORMAL/ZCH0174.wav,NORMAL,NORMAL,PFO,0.0,130.0,calibration,0.5,0.007654442578778432,0.6555531535259647,0.024615131487734664,0.2859223372243523,0.026254935183169993,0.012069947005411231,0.43282685127600135,0.031047093799067307,0.48535871236862443,0.03869739555089549
4,PFO/ZCH0690.wav,PFO,PFO,PFO,0.0,95.0,calibration,0.5,0.16571124423149325,0.04482398463815608,0.012386368739856407,0.7724549569571288,0.004623445433365448,0.15993894454641272,0.0177642523802785,0.00949585406402714,0.8086241305630082,0.004176818446273367
4,NORMAL/ZCH0367.wav,NORMAL,NORMAL,NORMAL,1.0,2735.0,calibration,0.5,0.03360623677518775,0.9380469893972355,0.01683924868902659,0.006866610696679417,0.0046409144418708284,0.018559888615803426,0.9645810962550116,0.011933561606224758,0.0025095755050252647,0.0024158780179350083
4,ASD/ZCH0538.wav,ASD,PDA,PDA,0.0,1460.0,calibration,0.5,0.24929462858809873,0.03323284214436246,0.34875933633219103,0.2832796043069343,0.08543358862841355,0.25862068453694687,0.04393128576248831,0.3990611795814934,0.20464583211542994,0.09374101800364153
4,VSD/ZCH0869.wav,VSD,VSD,VSD,1.0,2095.0,calibration,0.5,0.02433664630224499,0.020529581004818567,0.02484388541750264,0.02759601358658851,0.9026938736888452,0.025007322428039318,0.03562073556099985,0.03173007801508456,0.019659718437162053,0.8879821455587142
4,NORMAL/ZCH0491.wav,NORMAL,NORMAL,NORMAL,1.0,2735.0,calibration,0.5,0.011723714358220267,0.918984549896105,0.024199629414012526,0.027595933377242778,0.017496172954419433,0.006554700903972211,0.9566532045078686,0.017361540274674497,0.010210219928870716,0.009220334384613928
4,NORMAL/ZCH0382.wav,NORMAL,NORMAL,NORMAL,1.0,365.0,calibration,0.5,0.015518429958559886,0.9462352680808046,0.013054941421753872,0.018742913631562327,0.006448446907319352,0.018603842337579894,0.9352562879647278,0.015667560091774654,0.022213660861141425,0.008258648744776179
4,NORMAL/ZCH0153.wav,NORMAL,NORMAL,NORMAL,0.0,1460.0,calibration,0.5,0.04366282068070797,0.894515545212197,0.024779247961759433,0.023746511036725114,0.013295875108610536,0.03517131449704255,0.918165135415337,0.022015483960507745,0.013320296212670994,0.011327769914441628
4,NORMAL/ZCH0310.wav,NORMAL,NORMAL,NORMAL,1.0,1975.0,calibration,0.5,0.008561162575042433,0.9528935024330945,0.016624068677397696,0.01442873973126131,0.007492526583203888,0.005272359613367312,0.9714334544149971,0.012644239189469123,0.006219640751163778,0.00443030603100269
4,VSD/ZCH0827.wav,VSD,VSD,VSD,1.0,219.0,calibration,0.5,0.0113875791548631,0.014148114314287452,0.03795514923128726,0.07296773691483352,0.8635414203847287,0.010736703832143318,0.010339133407981753,0.035213295692929324,0.07018008474174363,0.873530782325202
4,NORMAL/ZCH0211.wav,NORMAL,NORMAL,NORMAL,1.0,2585.0,calibration,0.5,0.017781540596571714,0.9428511293206201,0.010266369062028347,0.024274005644671956,0.004826955376107923,0.01005042881326504,0.9708021412709225,0.0073925539608906375,0.009173947407860972,0.0025809285470609496
4,VSD/ZCH0930.wav,VSD,VSD,VSD,0.0,485.0,calibration,0.5,0.01011769979614859,0.02427854459691327,0.15107891164994236,0.022644860686765498,0.7918799832702302,0.009336639264432562,0.02008928386632214,0.13555906433534598,0.016387933574676605,0.8186270789592227
4,NORMAL/ZCH0071.wav,NORMAL,NORMAL,NORMAL,1.0,163.0,calibration,0.5,0.0100462016407211,0.9598553336703929,0.014140763093242317,0.012456872232171779,0.0035008293634719847,0.020017003782500778,0.9195628002820165,0.02379391442753817,0.030111914965147025,0.006514366542797248
4,NORMAL/ZCH0361.wav,NORMAL,NORMAL,NORMAL,0.0,3010.0,calibration,0.5,0.006864797924477731,0.9627496410729598,0.015257901782941109,0.008821924378817618,0.006305734840803846,0.004209737100715778,0.9768988429148415,0.011938456320993832,0.0033479375514415275,0.0036050261120072176
4,NORMAL/ZCH0004.wav,NORMAL,NORMAL,NORMAL,1.0,2155.0,calibration,0.5,0.018206155214565273,0.9471530062598912,0.0163712744330502,0.00881235575771802,0.009457208334775266,0.010910507875838502,0.9677950562166429,0.012232436820369473,0.003644353392637676,0.0054176456945114835
4,NORMAL/ZCH0355.wav,NORMAL,NORMAL,NORMAL,0.0,365.0,calibration,0.5,0.0069422062242288935,0.9600652753922396,0.017588496477251407,0.009560513332803729,0.005843508573476418,0.009442627875993561,0.9476466764791598,0.022940369684416446,0.011488169037029055,0.008482156923401022
4,NORMAL/ZCH0078.wav,NORMAL,NORMAL,NORMAL,1.0,2065.0,calibration,0.5,0.013214078654941577,0.9258900540961649,0.025837587122882498,0.01145107899259406,0.023607201133417067,0.00809876837348234,0.9535112785248102,0.019651442014034376,0.004877259938389818,0.013861251149283282
4,PFO/ZCH0740.wav,PFO,ASD,PFO,1.0,47.0,calibration,0.5,0.343001082615826,0.26306622420677134,0.06864666984043041,0.27284404269743373,0.052441980639538435,0.36384252067922973,0.08638119549527776,0.05394569090167813,0.4529930042355396,0.0428375886882748
4,VSD/ZCH0780.wav,VSD,VSD,VSD,0.0,271.0,calibration,0.5,0.01867711028291194,0.025374746958562906,0.048934578493281054,0.02698899913773601,0.880024565127508,0.01780606903618739,0.016940704051483794,0.04416251492758317,0.023043995102205377,0.8980467168825402
4,NORMAL/ZCH0376.wav,NORMAL,NORMAL,NORMAL,1.0,455.0,calibration,0.5,0.013593796034931847,0.9654203757388955,0.010325725382116539,0.008867814627506871,0.0017922882165492863,0.013457938228682633,0.9665324467505347,0.010321669387154087,0.007695774705226577,0.001992170928402033
4,VSD/ZCH0768.wav,VSD,VSD,VSD,0.0,128.0,calibration,0.5,0.005467242422749772,0.010111332078134142,0.06908787259763795,0.031113148399978256,0.8842204045015,0.0059105194376554765,0.004572124008780468,0.05972007989029605,0.036224401128785035,0.8935728755344831
4,VSD/ZCH0851.wav,VSD,VSD,VSD,0.0,790.0,calibration,0.5,0.017289603207643375,0.028095559049208414,0.06331320217278062,0.047183779663275666,0.8441178559070919,0.016335759374494458,0.029346187482870344,0.06259084664537692,0.03281036814223868,0.8589168383550196
4,NORMAL/ZCH0368.wav,NORMAL,NORMAL,NORMAL,1.0,3770.0,calibration,0.5,0.014764109866511794,0.9512692023121407,0.01440523428408667,0.0159265101891266,0.003634943348134267,0.007096151953305756,0.9772421831629289,0.009307227770384206,0.004747892500219238,0.0016065446131620204
4,NORMAL/ZCH0433.wav,NORMAL,NORMAL,NORMAL,1.0,204.0,calibration,0.5,0.02927455604033907,0.9245061845251161,0.011278617545969776,0.00974587065944354,0.02519477122913128,0.0371121758966966,0.90191278521754,0.01404152512033529,0.012649465317703792,0.034284048447724244
4,PFO/ZCH0721.wav,PFO,PFO,PFO,1.0,485.0,calibration,0.5,0.04392153531526025,0.13068011437029345,0.09347330033078181,0.720525929328403,0.011399120655261444,0.048095068779970385,0.1461993537761458,0.10364871303553813,0.6880539931308457,0.014002871277499895
4,NORMAL/ZCH0076.wav,NORMAL,NORMAL,NORMAL,0.0,2280.0,calibration,0.5,0.0934343639017172,0.7898398624475407,0.03410694773887889,0.023007538061305607,0.05961128785055769,0.06738191979102519,0.8509324399565742,0.03018030520343463,0.010692952847586711,0.040812382201379345
4,NORMAL/ZCH0186.wav,NORMAL,NORMAL,NORMAL,0.0,1580.0,calibration,0.5,0.007177829744028443,0.9561769013703129,0.01002745691941637,0.01881624012841224,0.007801571837829941,0.005587104302829229,0.9692181148560878,0.00867931236092449,0.010112698927384265,0.006402769552774285
4,NORMAL/ZCH0042.wav,NORMAL,NORMAL,NORMAL,0.0,790.0,calibration,0.5,0.03403212564532257,0.8705904908941662,0.01806943882045952,0.0663603086085026,0.010947636031549197,0.03162813412786348,0.8944542326667075,0.017570794786870285,0.04538966400574924,0.010957174412809566
4,NORMAL/ZCH0175.wav,NORMAL,NORMAL,PFO,1.0,159.0,calibration,0.5,0.011811514275975073,0.642072798392696,0.016177535090015755,0.32109383456166996,0.00884431767964317,0.016141225260399537,0.4209932414191984,0.01865883861912193,0.5329176967987627,0.011288997902517488
4,NORMAL/ZCH0430.wav,NORMAL,NORMAL,NORMAL,0.0,1155.0,calibration,0.5,0.023421574114242727,0.94421128111733,0.008716547025865592,0.019085651218546704,0.004564946524015012,0.019765709221186138,0.9567115638411231,0.007935282612527371,0.011479835901247019,0.0041076084239164215
4,VSD/ZCH0907.wav,VSD,VSD,VSD,0.0,2005.0,calibration,0.5,0.026120131212545243,0.030979537548458645,0.053928717736125134,0.02960078696525606,0.859370826537615,0.02674785082431884,0.045429303617951514,0.06668131086971088,0.019863672313672465,0.8412778623743463
4,PDA/ZCH0660.wav,PDA,PDA,PDA,0.0,193.0,calibration,0.5,0.3027372298910015,0.0069032949531271336,0.6628982922796548,0.014949099161908536,0.012512083714308042,0.317212306787862,0.004897953316999514,0.6496089438233543,0.014210329654971196,0.014070466416812956
4,NORMAL/ZCH0095.wav,NORMAL,NORMAL,NORMAL,1.0,395.0,calibration,0.5,0.009243503829914977,0.9627595006522958,0.013540989338324018,0.01030194451084212,0.0041540616686230915,0.009341110642950177,0.9629789409959814,0.013733235568215187,0.009225640317054008,0.004721072475799357
4,VSD/ZCH0889.wav,VSD,VSD,VSD,0.0,219.0,calibration,0.5,0.011526938552056897,0.034818479380111206,0.05482578732118655,0.08645133051979832,0.812377464226847,0.011125987048490618,0.02302459174826613,0.04970037623984203,0.0753623238002296,0.8407867211631717
4,ASD/ZCH0651.wav,ASD,ASD,ASD,0.0,365.0,calibration,0.5,0.6381708973881457,0.3203634458776022,0.019113031200171878,0.00900544638797018,0.013347179146110194,0.7003768505944263,0.25514558735566073,0.020114103869255443,0.008731206793398418,0.015632251387259086
4,NORMAL/ZCH0077.wav,NORMAL,NORMAL,NORMAL,0.0,2950.0,calibration,0.5,0.009545612217117064,0.9499872847202144,0.013381348484233092,0.016515824153644536,0.010569930424790945,0.005943182573801556,0.9709309866016168,0.01059774733325261,0.0063837510269074684,0.006144332464421557
4,NORMAL/ZCH0457.wav,NORMAL,NORMAL,NORMAL,1.0,1395.0,calibration,0.5,0.1437417412629806,0.7005419944940507,0.030336569540509978,0.010964007356820136,0.11441568734563859,0.10834461239667179,0.7679323279164637,0.02584406392085259,0.006237989586964498,0.09164100617904739
4,NORMAL/ZCH0288.wav,NORMAL,NORMAL,NORMAL,1.0,357.0,calibration,0.5,0.006167487365897919,0.9505070689306243,0.011110679048958272,0.019202564163654654,0.013012200490864954,0.007417674109113538,0.9396259144238873,0.01336586305208229,0.0228677941741538,0.01672275424076305
4,ASD/ZCH0565.wav,ASD,PFO,PFO,0.0,150.0,calibration,0.5,0.2217495634951435,0.09454312594840118,0.0672853765765685,0.592880457762376,0.023541476217510713,0.22779040631549172,0.04108779069767273,0.05549239286300849,0.6530423483338891,0.022587061789937992
4,VSD/ZCH0787.wav,VSD,VSD,VSD,0.0,1305.0,calibration,0.5,0.01453892063211942,0.024940613099495135,0.05886111890735772,0.04007020762610628,0.8615891397349215,0.013809234053632087,0.02931152269934922,0.06098996899026488,0.026809443213333072,0.8690798310434208
4,NORMAL/ZCH0122.wav,NORMAL,NORMAL,NORMAL,1.0,515.0,calibration,0.5,0.17066947165460056,0.6682482706543911,0.04984329126508127,0.0711426800959952,0.04009628632993199,0.16773008314423832,0.6776884461514926,0.04974447837668092,0.06066712170487236,0.04416987062271584
4,NORMAL/ZCH0111.wav,NORMAL,NORMAL,NORMAL,1.0,455.0,calibration,0.5,0.1888835492004143,0.7056865610785322,0.02679248050447873,0.014804775706519061,0.0638326335100557,0.18623658251543188,0.7036308979249529,0.026673215550280238,0.012795894448941624,0.07066340956039341
4,PDA/ZCH0667.wav,PDA,ASD,ASD,0.0,880.0,calibration,0.5,0.3470395825070784,0.07904277222712959,0.2126468508349144,0.25572291397221225,0.10554788045866537,0.3612552717844973,0.09297082158754556,0.23348129486453598,0.19426310912697178,0.11802950263644946
4,NORMAL/ZCH0023.wav,NORMAL,NORMAL,NORMAL,1.0,2035.0,calibration,0.5,0.02225234585359357,0.9182419895688758,0.020617334675689367,0.026261914858969518,0.012626415042871684,0.013791348154590821,0.9515361990750131,0.015831981644549575,0.011337977158424314,0.007502493967422155
4,ASD/ZCH0550.wav,ASD,ASD,ASD,1.0,3585.0,calibration,0.5,0.3449368263760777,0.1617894209754855,0.16253734056531474,0.24650250760176207,0.08423390448136,0.3047411136102284,0.2984731594861485,0.19150068302923123,0.13655206550286336,0.06873297837152852
4,NORMAL/ZCH0296.wav,NORMAL,NORMAL,NORMAL,0.0,1670.0,calibration,0.5,0.03712366433421785,0.8687475430859359,0.030984067526528426,0.013924804450961017,0.04921992060235675,0.02894830807115573,0.8962012394338305,0.02702627883525086,0.00745099229264723,0.04037318136711582
4,NORMAL/ZCH0351.wav,NORMAL,NORMAL,NORMAL,1.0,1700.0,calibration,0.5,0.008788735881226807,0.9620885836942026,0.012732835638920009,0.013990868397812845,0.002398976387837686,0.0057869177265028725,0.9761385145452259,0.009647894776478464,0.006760848480352913,0.001665824471439973
4,NORMAL/ZCH0419.wav,NORMAL,NORMAL,NORMAL,1.0,262.0,calibration,0.5,0.009726757121567757,0.9518991207030592,0.014967277181920013,0.012161353374912,0.011245491618541102,0.012139314684762783,0.9390116915022146,0.018481058797471084,0.01532965327816477,0.015038281737386671
4,VSD/ZCH0841.wav,VSD,VSD,VSD,1.0,161.0,calibration,0.5,0.029524274836813493,0.027226458552834565,0.028316549126808886,0.043221523747550554,0.8717111937359925,0.03164030412862978,0.01401434333673794,0.025619498389355077,0.05622451414684158,0.8725013399984356
4,PDA/ZCH0666.wav,PDA,ASD,ASD,0.0,194.0,calibration,0.5,0.926182515940519,0.0022547926562480744,0.02542845218745001,0.02674111285234762,0.01939312636343533,0.9293762715782078,0.0015327655830154148,0.023867547662413554,0.02433900297362357,0.020884412202739573
4,NORMAL/ZCH0151.wav,NORMAL,NORMAL,NORMAL,1.0,790.0,calibration,0.5,0.017942011229484973,0.9508112017887701,0.009519257219201398,0.019139896320960408,0.0025876334415830607,0.014340200614072702,0.9628169381284053,0.008250027176570952,0.012360940456157559,0.002231893624793543
4,ASD/ZCH0549.wav,ASD,NORMAL,NORMAL,0.0,1550.0,calibration,0.5,0.09830663170968576,0.5791932618008182,0.16161138361397373,0.13519115397443066,0.025697568901091608,0.08559329556862505,0.6531984845069805,0.15615541726244878,0.08144368385916449,0.023609118802781083
4,NORMAL/ZCH0458.wav,NORMAL,NORMAL,NORMAL,0.0,287.0,calibration,0.5,0.0800869429639012,0.8523520987530138,0.00937639745614601,0.01652581170503732,0.041658749121901775,0.10692108357917479,0.8019891494507211,0.011877348585476044,0.01971118050266478,0.05950123788196343
4,NORMAL/ZCH0024.wav,NORMAL,NORMAL,NORMAL,0.0,1155.0,calibration,0.5,0.008202951810278306,0.9630571419844849,0.01304995895067639,0.011440089132714238,0.004249858121846221,0.006885957489040637,0.970647967309475,0.011817481235279762,0.006844724301780497,0.0038038696644241607
4,NORMAL/ZCH0418.wav,NORMAL,NORMAL,NORMAL,1.0,455.0,calibration,0.5,0.07717879853570257,0.4957572689863196,0.02756541974268014,0.22494550268362556,0.17455301005167217,0.07721629479186697,0.5015823335722172,0.0278462775142545,0.19728143462507441,0.19607365949658698
4,ASD/ZCH0559.wav,ASD,ASD,ASD,0.0,730.0,calibration,0.5,0.7536532522953366,0.19037281297218497,0.017724768152792617,0.013720583837743805,0.024528582741942157,0.7596538192118147,0.18446767588492147,0.017819463256094334,0.010558297085301944,0.027500744561867567
4,PFO/ZCH0725.wav,PFO,PFO,PFO,0.0,57.0,calibration,0.5,0.3114858772961138,0.03794801505343467,0.04187770129244378,0.5382698549391026,0.0704185514189051,0.27350121501039176,0.009243043299376062,0.025921204769050132,0.643734810399507,0.047599726521674976
4,NORMAL/ZCH0192.wav,NORMAL,NORMAL,NORMAL,0.0,1490.0,calibration,0.5,0.022421303930478947,0.9535516881241923,0.01166367716330204,0.006870747594930048,0.005492583187096653,0.0176870017745372,0.9637985095605338,0.010169239377408561,0.003766150028616628,0.004579099258903902
4,ASD/ZCH0598.wav,ASD,ASD,ASD,0.0,200.0,calibration,0.5,0.8567794850780635,0.038569601027978906,0.015854267465929026,0.05881310141622895,0.02998354501179963,0.8713429295014838,0.026645998734874478,0.015096912020477393,0.05419580928411006,0.03271835045905427
4,NORMAL/ZCH0394.wav,NORMAL,NORMAL,NORMAL,0.0,1030.0,calibration,0.5,0.02044423845969423,0.925225931383896,0.011217941952604463,0.03588370486621931,0.007228183337585967,0.017813003672394884,0.9424927530847425,0.01044032742266976,0.02251613600520634,0.006737779814986591
4,NORMAL/ZCH0185.wav,NORMAL,NORMAL,NORMAL,1.0,1460.0,calibration,0.5,0.056558915599997206,0.8342093232444521,0.017167618962287173,0.08688039073620289,0.005183751457060777,0.041116452643724835,0.893346693129013,0.014161640484342847,0.04737731054692882,0.0039979031959903235
4,NORMAL/ZCH0202.wav,NORMAL,NORMAL,NORMAL,0.0,1700.0,calibration,0.5,0.014492643359196304,0.9598299559326791,0.010647299535396202,0.009488501290700335,0.005541599882028122,0.011020003334265347,0.970536168388302,0.00907388843141551,0.0049408685069233646,0.004429071339093807
4,NORMAL/ZCH0254.wav,NORMAL,NORMAL,NORMAL,0.0,730.0,calibration,0.5,0.020583560956452977,0.9364133390701426,0.014627865551657297,0.020843245255190386,0.007531989166556662,0.021448726242896583,0.9380366107248778,0.015203089899236522,0.01658148693608523,0.00873008619690397
4,NORMAL/ZCH0109.wav,NORMAL,NORMAL,NORMAL,1.0,910.0,calibration,0.5,0.04848014597873512,0.817946975650939,0.05529439308696775,0.05354839045158493,0.024730094831773217,0.03888090202592707,0.857084056718947,0.04852419535315357,0.034173995536703396,0.02133685036526898
4,VSD/ZCH0775.wav,VSD,VSD,VSD,0.0,1030.0,calibration,0.5,0.03753249992449812,0.01706590944404431,0.2962206934970881,0.05203975044483829,0.5971411466895313,0.035737711600712874,0.018998210177049942,0.301279340999188,0.03568492762876431,0.608299809594285
4,NORMAL/ZCH0279.wav,NORMAL,NORMAL,NORMAL,0.0,3525.0,calibration,0.5,0.012340323640258728,0.9345641180077066,0.017402993651917435,0.028438394870425307,0.007254169829691991,0.0072154474622779935,0.9655387924225661,0.013316450127422722,0.010024530345084265,0.0039047796426489
4,NORMAL/ZCH0118.wav,NORMAL,NORMAL,NORMAL,1.0,485.0,calibration,0.5,0.0062424939214134785,0.9777180690875079,0.00798789960887823,0.007070286511572571,0.0009812508706276252,0.006117043664914811,0.9788361578513514,0.007926278911750963,0.006041855493198498,0.001078664078784365
4,NORMAL/ZCH0401.wav,NORMAL,NORMAL,NORMAL,1.0,1885.0,calibration,0.5,0.0058892780505755095,0.971689235486035,0.008465925630919753,0.010185009252752593,0.0037705515797171974,0.0036551417675725253,0.9831779804530183,0.00645782153203379,0.004457203112692505,0.002251853134682847
4,NORMAL/ZCH0274.wav,NORMAL,NORMAL,NORMAL,1.0,206.0,calibration,0.5,0.05243296550132696,0.8875896280977433,0.020592335496110396,0.03311483835823069,0.006270232546588704,0.0657902624545465,0.8578642853675735,0.025381171218660646,0.04251986526835057,0.008444415690868678
4,NORMAL/ZCH0065.wav,NORMAL,NORMAL,NORMAL,1.0,170.0,calibration,0.5,0.015164690102511138,0.917577691827645,0.02463028416491348,0.037136117363493,0.005491216541437336,0.02867293175497217,0.8372366348459535,0.0393680542918705,0.08502814051933787,0.009694238587866007
4,NORMAL/ZCH0032.wav,NORMAL,NORMAL,NORMAL,0.0,1305.0,calibration,0.5,0.0301614056014149,0.91043282063806,0.019655312522414974,0.02972138331818109,0.010029077919929144,0.024932589900844317,0.9312312729649612,0.017725081655268787,0.017306673977745792,0.00880438150117989
4,VSD/ZCH0807.wav,VSD,VSD,PDA,0.0,2490.0,calibration,0.5,0.11429843261014143,0.006817813161377557,0.36708195864791804,0.041022696701759995,0.470779098878803,0.1087287499633021,0.009991240877500435,0.4335104011755869,0.024844841434775815,0.42292476654883465
4,NORMAL/ZCH0311.wav,NORMAL,NORMAL,NORMAL,1.0,365.0,calibration,0.5,0.003823418556302173,0.953018445319896,0.007559606556893506,0.03303512741679617,0.0025634021501121543,0.004592544983697318,0.9437990098917961,0.009090177006705242,0.03922886335940859,0.0032894047583928924
4,VSD/ZCH0897.wav,VSD,VSD,VSD,0.0,395.0,calibration,0.5,0.008932200186588017,0.013968147321149881,0.058685238688297975,0.03935563738319032,0.8790587764207738,0.008148100218267318,0.011092150827860239,0.05149583040729997,0.028476985947306136,0.9007869325992663
4,VSD/ZCH0835.wav,VSD,VSD,VSD,0.0,1095.0,calibration,0.5,0.017988021303976254,0.027601966315078292,0.04093660258949913,0.02126309788260191,0.8922103119088445,0.016925938935487533,0.030793656731962632,0.04135931676993738,0.014330353530339115,0.8965907340322734
4,VSD/ZCH0919.wav,VSD,VSD,VSD,0.0,71.0,calibration,0.5,0.006993090159168707,0.02130196723444794,0.014390945136537266,0.03293244594262714,0.924381551527219,0.008977003824310114,0.00765667232803984,0.0130663070605161,0.05737417746927678,0.9129258393178572
4,NORMAL/ZCH0290.wav,NORMAL,NORMAL,NORMAL,0.0,2555.0,calibration,0.5,0.025233477248743738,0.9283420191061077,0.015074132923061537,0.0099986788114648,0.02135169191062227,0.016667287386198135,0.9534414390354308,0.012404835253050148,0.004189309633241242,0.01329712869207965
4,PFO/ZCH0738.wav,PFO,ASD,ASD,1.0,40.0,calibration,0.5,0.507421178118884,0.1404560230788746,0.07538424526856784,0.11251704278838211,0.16422151074529145,0.5579085477766272,0.04753909205592138,0.061305398504132705,0.19415926114035498,0.13908770052296382
4,PDA/ZCH0680.wav,PDA,VSD,VSD,0.0,42.0,calibration,0.5,0.0941546568759489,0.011043375399965735,0.38287934621087805,0.005098705753678673,0.5068239157595287,0.1233236925483276,0.003969273955319137,0.3521579223263145,0.009133931156653653,0.5114151800133852
4,ASD/ZCH0633.wav,ASD,PFO,PFO,0.0,123.0,calibration,0.5,0.022722074019406117,0.005196112452559552,0.012168812051905484,0.8829298075664803,0.07698319390964864,0.021467390240226213,0.002047839191789253,0.009183801548447003,0.8992988148650851,0.0680021541544524
4,NORMAL/ZCH0135.wav,NORMAL,NORMAL,NORMAL,1.0,1885.0,calibration,0.5,0.0031581265537999506,0.9546157326911813,0.01672277288799483,0.021230451003994275,0.004272916863029717,0.0019749584131041765,0.973239211650879,0.01285304831807852,0.009361522301852873,0.002571259316085549
4,NORMAL/ZCH0307.wav,NORMAL,NORMAL,NORMAL,1.0,1155.0,calibration,0.5,0.02934491749754041,0.9319386576143005,0.01758767282382085,0.014973664732392946,0.006155087331945264,0.02163859140319755,0.9505320359385576,0.014435207025879793,0.008541969803901126,0.004852195828464004
4,VSD/ZCH0887.wav,VSD,PFO,PFO,0.0,300.0,calibration,0.5,0.17882748652303743,0.02100474637719791,0.2031065639539073,0.5020031163076516,0.09505808683820577,0.1910461586819247,0.015895666264408605,0.206256640562595,0.4782020060472719,0.1085995284437998
4,NORMAL/ZCH0268.wav,NORMAL,NORMAL,NORMAL,1.0,2035.0,calibration,0.5,0.012865725409591409,0.9401574256202961,0.023502606357400795,0.015079466710455727,0.00839477590225601,0.007881069282359482,0.9629166435074071,0.01783769484522606,0.006434504634348641,0.004930087730658725
4,NORMAL/ZCH0101.wav,NORMAL,NORMAL,NORMAL,1.0,2370.0,calibration,0.5,0.016197853698242722,0.9607592408647536,0.00959520829900789,0.006918074701761392,0.006529622436234444,0.009343210497468607,0.9773888021839382,0.006976761189001375,0.002709640750149188,0.00358158537944271
4,ASD/ZCH0585.wav,ASD,PDA,VSD,0.0,202.0,calibration,0.5,0.22908271174434325,0.007241949870593894,0.3852318711812017,0.017988416926291325,0.36045505027756986,0.22957684819464425,0.004934608034059276,0.3615945128083777,0.01632860883760341,0.38756542212531536
4,NORMAL/ZCH0533.wav,NORMAL,NORMAL,NORMAL,0.0,605.0,calibration,0.5,0.013644857158262354,0.9005876482879629,0.00893683231377751,0.06473866496460834,0.012091997275388984,0.01478366750775998,0.9067986214370692,0.009538524113816439,0.054254249257038374,0.01462493768431605
4,ASD/ZCH0536.wav,ASD,ASD,ASD,1.0,395.0,calibration,0.5,0.8874264797810405,0.0319726321129349,0.03432616376818109,0.010711333399576226,0.03556339093826729,0.8847639604012656,0.03155081028366912,0.03434637390475933,0.00946354822219276,0.03987530718811318
4,NORMAL/ZCH0348.wav,NORMAL,NORMAL,NORMAL,0.0,1975.0,calibration,0.5,0.00421674670098658,0.9576692309260735,0.010123825409918958,0.02485523998258651,0.0031349569804344584,0.0030106682165244605,0.9744849968943327,0.008711954925624826,0.011651000477499384,0.002141379486018667
4,ASD/ZCH0640.wav,ASD,ASD,ASD,1.0,2980.0,calibration,0.5,0.44348073427931667,0.17365804889191444,0.2754874639574228,0.02813307835120027,0.07924067452014583,0.36104468822673275,0.272478994429189,0.2911152266471186,0.014911554615063684,0.060449536081896134
4,NORMAL/ZCH0374.wav,NORMAL,NORMAL,NORMAL,0.0,1760.0,calibration,0.5,0.011093977200826484,0.9541250386144701,0.019962634499365358,0.006316666539774535,0.008501683145563326,0.008350230323358836,0.9647861321909784,0.016905110967241243,0.00324287013229052,0.006715656386131077
4,PFO/ZCH0749.wav,PFO,PFO,PFO,0.0,52.0,calibration,0.5,0.036118366180834666,0.31293592341924137,0.021209733617147886,0.6105418380330323,0.019194138749743905,0.03666729016181034,0.08781964067033446,0.015159818744439876,0.8453488701899918,0.015004380233423528
4,NORMAL/ZCH0438.wav,NORMAL,NORMAL,NORMAL,0.0,2191.0,calibration,0.5,0.07226793434710548,0.8210197093496191,0.03357944219418579,0.04559115085515354,0.027541763253936192,0.05239955703699664,0.8774602945235839,0.029722403457531712,0.021416860070574407,0.019000884911313378
4,NORMAL/ZCH0469.wav,NORMAL,NORMAL,PFO,1.0,91.0,calibration,0.5,0.03550027322140917,0.47758687832589625,0.018465641698692307,0.46155428440762786,0.006892922346374498,0.03865013076240415,0.1659829247879201,0.01502370975388361,0.7745743124320171,0.0057689222637750176
4,NORMAL/ZCH0461.wav,NORMAL,NORMAL,NORMAL,1.0,575.0,calibration,0.5,0.010572170912358955,0.9492855496290453,0.014206463914049085,0.01662686247118705,0.009308953073359532,0.010085406825970417,0.9525079343768151,0.013837941420254159,0.013630886633256609,0.009937830743703682
4,NORMAL/ZCH0086.wav,NORMAL,NORMAL,NORMAL,1.0,1030.0,calibration,0.5,0.026914281085751522,0.9376712594808225,0.019257130819714748,0.009228060668870478,0.006929267944840534,0.02033225997479053,0.9525293099428237,0.01605545769201622,0.005468848445721136,0.00561412394464851
4,VSD/ZCH0811.wav,VSD,VSD,VSD,0.0,515.0,calibration,0.5,0.016937660376908296,0.025431874061338452,0.03440065585601954,0.023721220759394212,0.8995085889463396,0.015414209106050193,0.020946801142707753,0.03054367752023029,0.016869239823085296,0.9162260724079265
4,VSD/ZCH0766.wav,VSD,VSD,VSD,1.0,269.0,calibration,0.5,0.020095889739521165,0.018477447901983517,0.026488747876704015,0.02060315215419515,0.9143347623275961,0.018935843007832943,0.013803972810532639,0.024715348310599756,0.019577616309234127,0.9229672195618005
4,NORMAL/ZCH0531.wav,NORMAL,NORMAL,NORMAL,1.0,175.0,calibration,0.5,0.020577233930297957,0.9163369348911055,0.020042734888621277,0.03147328402255702,0.011569812267418366,0.03884389083061659,0.8369085633419983,0.03200656319644674,0.07185181759013244,0.02038916504080612
4,ASD/ZCH0637.wav,ASD,ASD,ASD,0.0,605.0,calibration,0.5,0.7432158460381558,0.0161730773358155,0.03937714266656823,0.07371047009518839,0.12752346386427207,0.7458962526587504,0.015084391654077042,0.03893068485326291,0.05722021323041706,0.14286845760349262
4,NORMAL/ZCH0013.wav,NORMAL,NORMAL,NORMAL,0.0,1215.0,calibration,0.5,0.055940601282548345,0.8498632716654086,0.025462558398932807,0.04835320147685803,0.020380367176252166,0.04771032845821394,0.8809996097794148,0.023533702066415012,0.02925270096806924,0.018503658727886955
4,PFO/ZCH0754.wav,PFO,NORMAL,NORMAL,1.0,1305.0,calibration,0.5,0.025180423491924887,0.9301937821841694,0.007747474050342746,0.02960398692612627,0.007274333347436774,0.01808255971124172,0.9539097331318273,0.006253053653506513,0.016191109243665458,0.005563544259758961
4,PFO/ZCH0737.wav,PFO,ASD,ASD,1.0,1095.0,calibration,0.5,0.4127044731705667,0.008223240863144755,0.04829232923290124,0.40046286515948926,0.13031709157389804,0.44431743611749597,0.01208328729430815,0.05763700992571527,0.3357427612398147,0.1502195054226659
4,VSD/ZCH0804.wav,VSD,VSD,VSD,0.0,277.0,calibration,0.5,0.015303997914704265,0.0276832268284616,0.022386505032886778,0.030870858896952236,0.9037554113269952,0.014564726803932745,0.018494147593768107,0.020185608537230827,0.026287950823147065,0.9204675662419213
4,VSD/ZCH0792.wav,VSD,VSD,VSD,1.0,695.0,calibration,0.5,0.022791065782354,0.018869329710320723,0.04782791287774237,0.030253558185087556,0.8802581334444953,0.020715991034132332,0.018693139991735892,0.044846933737376554,0.023214031128599467,0.8925299041081558
4,ASD/ZCH0636.wav,ASD,ASD,ASD,0.0,352.0,calibration,0.5,0.5471266319732015,0.3786110137819417,0.01589137599381175,0.04761150603594555,0.010759472215099536,0.6151391588175328,0.3074671059509516,0.017103616333331628,0.04737522126530457,0.012914897632879353
4,NORMAL/ZCH0036.wav,NORMAL,NORMAL,NORMAL,1.0,730.0,calibration,0.5,0.028053101355960113,0.9174638595812901,0.014853231970514849,0.034215474277350756,0.005414332814884318,0.02578468824674838,0.9281268765284042,0.014123706359456268,0.026418515510765402,0.005546213354625889
4,ASD/ZCH0548.wav,ASD,PFO,PDA,0.0,3100.0,calibration,0.5,0.09007148063618776,0.055866347753191666,0.2905827957800183,0.4833669232033685,0.08011245262723374,0.097027156232961,0.10076053761263823,0.401212352943573,0.3207230621781859,0.0802768910326419
4,NORMAL/ZCH0170.wav,NORMAL,NORMAL,NORMAL,0.0,342.0,calibration,0.5,0.004982098896411434,0.9654449981651689,0.016948209286385598,0.0073109391359346375,0.005313754516099364,0.006842178583813484,0.9542135487193877,0.0222522220912815,0.008898504863775306,0.0077935457417419255
4,NORMAL/ZCH0033.wav,NORMAL,NORMAL,NORMAL,0.0,575.0,calibration,0.5,0.020457758529487204,0.9204841527519267,0.02225365665282443,0.030389237175335634,0.006415194890426055,0.02220848996112361,0.9206845970708252,0.023723612704033482,0.025602343365749652,0.007780956898268158
4,NORMAL/ZCH0387.wav,NORMAL,NORMAL,NORMAL,1.0,1030.0,calibration,0.5,0.024955628489920494,0.9051368265294294,0.031081412539193855,0.02123522459275775,0.017590907848698552,0.019022232301452564,0.927752380495381,0.026147005390767933,0.01269791468331189,0.014380467129086354
4,NORMAL/ZCH0165.wav,NORMAL,NORMAL,NORMAL,1.0,820.0,calibration,0.5,0.0037524210374650286,0.9585791974527468,0.018995806042370767,0.01335496917746242,0.005317606289955112,0.0029663393818139348,0.9676829182207259,0.016320811603324117,0.008497074381211651,0.004532856412924499
